ISO-10303-21;
HEADER;
/* Generated by software containing ST-Developer
 * from STEP Tools, Inc. (www.steptools.com) 
 */

FILE_DESCRIPTION(
/* description */ (''),
/* implementation_level */ '2;1');

FILE_NAME(
/* name */ 'MiniArm Cover v1.step',
/* time_stamp */ '2026-08-03T03:55:48+08:00',
/* author */ (''),
/* organization */ (''),
/* preprocessor_version */ 'ST-DEVELOPER v20.1',
/* originating_system */ 'Autodesk Translation Framework v15.8.0.0',
/* authorisation */ '');

FILE_SCHEMA (('AUTOMOTIVE_DESIGN { 1 0 10303 214 3 1 1 }'));
ENDSEC;

DATA;
#10=MECHANICAL_DESIGN_GEOMETRIC_PRESENTATION_REPRESENTATION('',(#13),#3244);
#11=SHAPE_REPRESENTATION_RELATIONSHIP('SRR','None',#3251,#12);
#12=ADVANCED_BREP_SHAPE_REPRESENTATION('',(#14),#3243);
#13=STYLED_ITEM('',(#3260),#14);
#14=MANIFOLD_SOLID_BREP('mainattacher',#1888);
#15=LINE('',#2707,#170);
#16=LINE('',#2710,#171);
#17=LINE('',#2720,#172);
#18=LINE('',#2723,#173);
#19=LINE('',#2733,#174);
#20=LINE('',#2736,#175);
#21=LINE('',#2746,#176);
#22=LINE('',#2749,#177);
#23=LINE('',#2755,#178);
#24=LINE('',#2761,#179);
#25=LINE('',#2767,#180);
#26=LINE('',#2773,#181);
#27=LINE('',#2779,#182);
#28=LINE('',#2798,#183);
#29=LINE('',#2802,#184);
#30=LINE('',#2805,#185);
#31=LINE('',#2811,#186);
#32=LINE('',#2815,#187);
#33=LINE('',#2818,#188);
#34=LINE('',#2824,#189);
#35=LINE('',#2828,#190);
#36=LINE('',#2831,#191);
#37=LINE('',#2835,#192);
#38=LINE('',#2837,#193);
#39=LINE('',#2839,#194);
#40=LINE('',#2840,#195);
#41=LINE('',#2844,#196);
#42=LINE('',#2846,#197);
#43=LINE('',#2848,#198);
#44=LINE('',#2849,#199);
#45=LINE('',#2863,#200);
#46=LINE('',#2872,#201);
#47=LINE('',#2876,#202);
#48=LINE('',#2880,#203);
#49=LINE('',#2893,#204);
#50=LINE('',#2897,#205);
#51=LINE('',#2900,#206);
#52=LINE('',#2904,#207);
#53=LINE('',#2908,#208);
#54=LINE('',#2912,#209);
#55=LINE('',#2916,#210);
#56=LINE('',#2920,#211);
#57=LINE('',#2922,#212);
#58=LINE('',#2924,#213);
#59=LINE('',#2925,#214);
#60=LINE('',#2929,#215);
#61=LINE('',#2930,#216);
#62=LINE('',#2931,#217);
#63=LINE('',#2934,#218);
#64=LINE('',#2936,#219);
#65=LINE('',#2937,#220);
#66=LINE('',#2942,#221);
#67=LINE('',#2946,#222);
#68=LINE('',#2948,#223);
#69=LINE('',#2949,#224);
#70=LINE('',#2954,#225);
#71=LINE('',#2960,#226);
#72=LINE('',#2964,#227);
#73=LINE('',#2966,#228);
#74=LINE('',#2967,#229);
#75=LINE('',#2972,#230);
#76=LINE('',#2978,#231);
#77=LINE('',#2982,#232);
#78=LINE('',#2984,#233);
#79=LINE('',#2985,#234);
#80=LINE('',#2990,#235);
#81=LINE('',#2994,#236);
#82=LINE('',#2996,#237);
#83=LINE('',#2997,#238);
#84=LINE('',#3000,#239);
#85=LINE('',#3002,#240);
#86=LINE('',#3003,#241);
#87=LINE('',#3006,#242);
#88=LINE('',#3008,#243);
#89=LINE('',#3009,#244);
#90=LINE('',#3014,#245);
#91=LINE('',#3018,#246);
#92=LINE('',#3020,#247);
#93=LINE('',#3021,#248);
#94=LINE('',#3029,#249);
#95=LINE('',#3030,#250);
#96=LINE('',#3033,#251);
#97=LINE('',#3034,#252);
#98=LINE('',#3038,#253);
#99=LINE('',#3041,#254);
#100=LINE('',#3042,#255);
#101=LINE('',#3046,#256);
#102=LINE('',#3048,#257);
#103=LINE('',#3053,#258);
#104=LINE('',#3054,#259);
#105=LINE('',#3057,#260);
#106=LINE('',#3058,#261);
#107=LINE('',#3062,#262);
#108=LINE('',#3065,#263);
#109=LINE('',#3066,#264);
#110=LINE('',#3070,#265);
#111=LINE('',#3072,#266);
#112=LINE('',#3077,#267);
#113=LINE('',#3078,#268);
#114=LINE('',#3081,#269);
#115=LINE('',#3082,#270);
#116=LINE('',#3086,#271);
#117=LINE('',#3089,#272);
#118=LINE('',#3090,#273);
#119=LINE('',#3094,#274);
#120=LINE('',#3096,#275);
#121=LINE('',#3100,#276);
#122=LINE('',#3101,#277);
#123=LINE('',#3102,#278);
#124=LINE('',#3105,#279);
#125=LINE('',#3106,#280);
#126=LINE('',#3109,#281);
#127=LINE('',#3110,#282);
#128=LINE('',#3112,#283);
#129=LINE('',#3115,#284);
#130=LINE('',#3117,#285);
#131=LINE('',#3118,#286);
#132=LINE('',#3121,#287);
#133=LINE('',#3122,#288);
#134=LINE('',#3125,#289);
#135=LINE('',#3126,#290);
#136=LINE('',#3128,#291);
#137=LINE('',#3133,#292);
#138=LINE('',#3134,#293);
#139=LINE('',#3138,#294);
#140=LINE('',#3142,#295);
#141=LINE('',#3145,#296);
#142=LINE('',#3146,#297);
#143=LINE('',#3150,#298);
#144=LINE('',#3154,#299);
#145=LINE('',#3158,#300);
#146=LINE('',#3165,#301);
#147=LINE('',#3166,#302);
#148=LINE('',#3169,#303);
#149=LINE('',#3170,#304);
#150=LINE('',#3174,#305);
#151=LINE('',#3177,#306);
#152=LINE('',#3182,#307);
#153=LINE('',#3185,#308);
#154=LINE('',#3186,#309);
#155=LINE('',#3190,#310);
#156=LINE('',#3192,#311);
#157=LINE('',#3196,#312);
#158=LINE('',#3197,#313);
#159=LINE('',#3198,#314);
#160=LINE('',#3202,#315);
#161=LINE('',#3205,#316);
#162=LINE('',#3206,#317);
#163=LINE('',#3210,#318);
#164=LINE('',#3214,#319);
#165=LINE('',#3218,#320);
#166=LINE('',#3221,#321);
#167=LINE('',#3222,#322);
#168=LINE('',#3233,#323);
#169=LINE('',#3238,#324);
#170=VECTOR('',#2127,2.6);
#171=VECTOR('',#2130,1.35);
#172=VECTOR('',#2143,2.6);
#173=VECTOR('',#2146,1.35);
#174=VECTOR('',#2159,2.6);
#175=VECTOR('',#2162,1.35);
#176=VECTOR('',#2175,2.6);
#177=VECTOR('',#2178,1.35);
#178=VECTOR('',#2185,36.25);
#179=VECTOR('',#2192,0.9);
#180=VECTOR('',#2199,0.9);
#181=VECTOR('',#2206,0.9);
#182=VECTOR('',#2213,0.9);
#183=VECTOR('',#2236,10.);
#184=VECTOR('',#2239,10.);
#185=VECTOR('',#2242,10.);
#186=VECTOR('',#2247,10.);
#187=VECTOR('',#2250,10.);
#188=VECTOR('',#2253,10.);
#189=VECTOR('',#2258,10.);
#190=VECTOR('',#2261,10.);
#191=VECTOR('',#2264,10.);
#192=VECTOR('',#2267,10.);
#193=VECTOR('',#2268,10.);
#194=VECTOR('',#2269,10.);
#195=VECTOR('',#2270,10.);
#196=VECTOR('',#2273,10.);
#197=VECTOR('',#2274,10.);
#198=VECTOR('',#2275,10.);
#199=VECTOR('',#2276,10.);
#200=VECTOR('',#2289,10.);
#201=VECTOR('',#2298,10.);
#202=VECTOR('',#2301,10.);
#203=VECTOR('',#2304,10.);
#204=VECTOR('',#2317,10.);
#205=VECTOR('',#2320,10.);
#206=VECTOR('',#2323,10.);
#207=VECTOR('',#2328,1.9);
#208=VECTOR('',#2333,1.9);
#209=VECTOR('',#2338,1.9);
#210=VECTOR('',#2343,1.9);
#211=VECTOR('',#2346,10.);
#212=VECTOR('',#2347,10.);
#213=VECTOR('',#2348,10.);
#214=VECTOR('',#2349,10.);
#215=VECTOR('',#2352,10.);
#216=VECTOR('',#2353,10.);
#217=VECTOR('',#2354,10.);
#218=VECTOR('',#2357,10.);
#219=VECTOR('',#2358,10.);
#220=VECTOR('',#2359,10.);
#221=VECTOR('',#2364,10.);
#222=VECTOR('',#2369,10.);
#223=VECTOR('',#2370,10.);
#224=VECTOR('',#2371,10.);
#225=VECTOR('',#2376,10.);
#226=VECTOR('',#2383,5.);
#227=VECTOR('',#2388,10.);
#228=VECTOR('',#2389,5.);
#229=VECTOR('',#2390,10.);
#230=VECTOR('',#2395,10.);
#231=VECTOR('',#2402,10.);
#232=VECTOR('',#2407,10.);
#233=VECTOR('',#2408,10.);
#234=VECTOR('',#2409,10.);
#235=VECTOR('',#2414,10.);
#236=VECTOR('',#2419,10.);
#237=VECTOR('',#2420,10.);
#238=VECTOR('',#2421,10.);
#239=VECTOR('',#2424,10.);
#240=VECTOR('',#2425,10.);
#241=VECTOR('',#2426,10.);
#242=VECTOR('',#2429,10.);
#243=VECTOR('',#2430,10.);
#244=VECTOR('',#2431,10.);
#245=VECTOR('',#2436,10.);
#246=VECTOR('',#2441,10.);
#247=VECTOR('',#2442,10.);
#248=VECTOR('',#2443,10.);
#249=VECTOR('',#2454,10.);
#250=VECTOR('',#2455,10.);
#251=VECTOR('',#2458,10.);
#252=VECTOR('',#2459,10.);
#253=VECTOR('',#2464,10.);
#254=VECTOR('',#2467,10.);
#255=VECTOR('',#2468,10.);
#256=VECTOR('',#2473,10.);
#257=VECTOR('',#2476,10.);
#258=VECTOR('',#2481,10.);
#259=VECTOR('',#2482,10.);
#260=VECTOR('',#2485,10.);
#261=VECTOR('',#2486,10.);
#262=VECTOR('',#2491,10.);
#263=VECTOR('',#2494,10.);
#264=VECTOR('',#2495,10.);
#265=VECTOR('',#2500,10.);
#266=VECTOR('',#2503,10.);
#267=VECTOR('',#2508,10.);
#268=VECTOR('',#2509,10.);
#269=VECTOR('',#2512,10.);
#270=VECTOR('',#2513,10.);
#271=VECTOR('',#2518,10.);
#272=VECTOR('',#2521,10.);
#273=VECTOR('',#2522,10.);
#274=VECTOR('',#2527,10.);
#275=VECTOR('',#2530,10.);
#276=VECTOR('',#2533,10.);
#277=VECTOR('',#2534,10.);
#278=VECTOR('',#2535,10.);
#279=VECTOR('',#2538,10.);
#280=VECTOR('',#2539,10.);
#281=VECTOR('',#2542,10.);
#282=VECTOR('',#2543,10.);
#283=VECTOR('',#2546,10.);
#284=VECTOR('',#2549,10.);
#285=VECTOR('',#2550,10.);
#286=VECTOR('',#2551,10.);
#287=VECTOR('',#2554,10.);
#288=VECTOR('',#2555,10.);
#289=VECTOR('',#2558,10.);
#290=VECTOR('',#2559,10.);
#291=VECTOR('',#2562,10.);
#292=VECTOR('',#2567,10.);
#293=VECTOR('',#2568,10.);
#294=VECTOR('',#2573,10.);
#295=VECTOR('',#2578,10.);
#296=VECTOR('',#2581,10.);
#297=VECTOR('',#2582,10.);
#298=VECTOR('',#2587,10.);
#299=VECTOR('',#2592,10.);
#300=VECTOR('',#2597,10.);
#301=VECTOR('',#2606,10.);
#302=VECTOR('',#2607,10.);
#303=VECTOR('',#2610,10.);
#304=VECTOR('',#2611,10.);
#305=VECTOR('',#2616,10.);
#306=VECTOR('',#2619,10.);
#307=VECTOR('',#2626,10.);
#308=VECTOR('',#2629,10.);
#309=VECTOR('',#2630,10.);
#310=VECTOR('',#2635,10.);
#311=VECTOR('',#2638,10.);
#312=VECTOR('',#2641,10.);
#313=VECTOR('',#2642,10.);
#314=VECTOR('',#2643,10.);
#315=VECTOR('',#2648,10.);
#316=VECTOR('',#2651,10.);
#317=VECTOR('',#2652,10.);
#318=VECTOR('',#2657,10.);
#319=VECTOR('',#2662,10.);
#320=VECTOR('',#2667,10.);
#321=VECTOR('',#2670,10.);
#322=VECTOR('',#2671,10.);
#323=VECTOR('',#2686,36.75);
#324=VECTOR('',#2693,34.);
#325=CYLINDRICAL_SURFACE('',#1905,2.6);
#326=CYLINDRICAL_SURFACE('',#1907,1.35);
#327=CYLINDRICAL_SURFACE('',#1912,2.6);
#328=CYLINDRICAL_SURFACE('',#1914,1.35);
#329=CYLINDRICAL_SURFACE('',#1919,2.6);
#330=CYLINDRICAL_SURFACE('',#1921,1.35);
#331=CYLINDRICAL_SURFACE('',#1926,2.6);
#332=CYLINDRICAL_SURFACE('',#1928,1.35);
#333=CYLINDRICAL_SURFACE('',#1930,36.25);
#334=CYLINDRICAL_SURFACE('',#1933,0.9);
#335=CYLINDRICAL_SURFACE('',#1936,0.9);
#336=CYLINDRICAL_SURFACE('',#1939,0.9);
#337=CYLINDRICAL_SURFACE('',#1942,0.9);
#338=CYLINDRICAL_SURFACE('',#1987,1.9);
#339=CYLINDRICAL_SURFACE('',#1989,1.9);
#340=CYLINDRICAL_SURFACE('',#1991,1.9);
#341=CYLINDRICAL_SURFACE('',#1993,1.9);
#342=CYLINDRICAL_SURFACE('',#1998,5.);
#343=CYLINDRICAL_SURFACE('',#2002,5.);
#344=CYLINDRICAL_SURFACE('',#2005,5.);
#345=CYLINDRICAL_SURFACE('',#2009,5.);
#346=CYLINDRICAL_SURFACE('',#2012,5.);
#347=CYLINDRICAL_SURFACE('',#2016,5.);
#348=CYLINDRICAL_SURFACE('',#2022,39.5);
#349=CYLINDRICAL_SURFACE('',#2026,39.5);
#350=CYLINDRICAL_SURFACE('',#2029,2.);
#351=CYLINDRICAL_SURFACE('',#2032,2.);
#352=CYLINDRICAL_SURFACE('',#2035,3.00000000000061);
#353=CYLINDRICAL_SURFACE('',#2038,2.00000000000002);
#354=CYLINDRICAL_SURFACE('',#2041,2.);
#355=CYLINDRICAL_SURFACE('',#2044,3.);
#356=CYLINDRICAL_SURFACE('',#2047,2.);
#357=CYLINDRICAL_SURFACE('',#2050,1.99999999999999);
#358=CYLINDRICAL_SURFACE('',#2053,2.);
#359=CYLINDRICAL_SURFACE('',#2064,6.);
#360=CYLINDRICAL_SURFACE('',#2066,52.644324568236);
#361=CYLINDRICAL_SURFACE('',#2068,34.9999999999999);
#362=CYLINDRICAL_SURFACE('',#2071,34.9999999999999);
#363=CYLINDRICAL_SURFACE('',#2073,52.644324568236);
#364=CYLINDRICAL_SURFACE('',#2075,6.00000000000001);
#365=CYLINDRICAL_SURFACE('',#2077,39.1458103646133);
#366=CYLINDRICAL_SURFACE('',#2079,5.);
#367=CYLINDRICAL_SURFACE('',#2082,3.);
#368=CYLINDRICAL_SURFACE('',#2084,38.9101534964939);
#369=CYLINDRICAL_SURFACE('',#2086,3.);
#370=CYLINDRICAL_SURFACE('',#2089,5.);
#371=CYLINDRICAL_SURFACE('',#2093,5.);
#372=CYLINDRICAL_SURFACE('',#2096,3.);
#373=CYLINDRICAL_SURFACE('',#2098,38.9101534964939);
#374=CYLINDRICAL_SURFACE('',#2100,3.);
#375=CYLINDRICAL_SURFACE('',#2103,5.);
#376=CYLINDRICAL_SURFACE('',#2109,36.75);
#377=CYLINDRICAL_SURFACE('',#2111,34.);
#378=FACE_BOUND('',#522,.T.);
#379=FACE_BOUND('',#526,.T.);
#380=FACE_BOUND('',#530,.T.);
#381=FACE_BOUND('',#534,.T.);
#382=FACE_BOUND('',#543,.T.);
#383=FACE_BOUND('',#545,.T.);
#384=FACE_BOUND('',#547,.T.);
#385=FACE_BOUND('',#549,.T.);
#386=FACE_BOUND('',#554,.T.);
#387=FACE_BOUND('',#555,.T.);
#388=FACE_BOUND('',#557,.T.);
#389=FACE_BOUND('',#558,.T.);
#390=FACE_BOUND('',#635,.T.);
#391=FACE_BOUND('',#636,.T.);
#392=FACE_BOUND('',#637,.T.);
#393=FACE_BOUND('',#638,.T.);
#394=FACE_BOUND('',#639,.T.);
#395=FACE_BOUND('',#640,.T.);
#396=FACE_BOUND('',#641,.T.);
#397=FACE_BOUND('',#642,.T.);
#398=FACE_BOUND('',#643,.T.);
#399=FACE_BOUND('',#645,.T.);
#400=FACE_BOUND('',#646,.T.);
#401=FACE_BOUND('',#647,.T.);
#402=FACE_BOUND('',#648,.T.);
#403=FACE_BOUND('',#649,.T.);
#404=FACE_BOUND('',#650,.T.);
#405=FACE_BOUND('',#651,.T.);
#406=FACE_BOUND('',#652,.T.);
#407=FACE_BOUND('',#653,.T.);
#408=FACE_BOUND('',#654,.T.);
#409=FACE_BOUND('',#655,.T.);
#410=FACE_BOUND('',#656,.T.);
#411=FACE_BOUND('',#657,.T.);
#412=FACE_BOUND('',#661,.T.);
#413=FACE_BOUND('',#663,.T.);
#414=FACE_OUTER_BOUND('',#521,.T.);
#415=FACE_OUTER_BOUND('',#523,.T.);
#416=FACE_OUTER_BOUND('',#524,.T.);
#417=FACE_OUTER_BOUND('',#525,.T.);
#418=FACE_OUTER_BOUND('',#527,.T.);
#419=FACE_OUTER_BOUND('',#528,.T.);
#420=FACE_OUTER_BOUND('',#529,.T.);
#421=FACE_OUTER_BOUND('',#531,.T.);
#422=FACE_OUTER_BOUND('',#532,.T.);
#423=FACE_OUTER_BOUND('',#533,.T.);
#424=FACE_OUTER_BOUND('',#535,.T.);
#425=FACE_OUTER_BOUND('',#536,.T.);
#426=FACE_OUTER_BOUND('',#537,.T.);
#427=FACE_OUTER_BOUND('',#538,.T.);
#428=FACE_OUTER_BOUND('',#539,.T.);
#429=FACE_OUTER_BOUND('',#540,.T.);
#430=FACE_OUTER_BOUND('',#541,.T.);
#431=FACE_OUTER_BOUND('',#542,.T.);
#432=FACE_OUTER_BOUND('',#544,.T.);
#433=FACE_OUTER_BOUND('',#546,.T.);
#434=FACE_OUTER_BOUND('',#548,.T.);
#435=FACE_OUTER_BOUND('',#550,.T.);
#436=FACE_OUTER_BOUND('',#551,.T.);
#437=FACE_OUTER_BOUND('',#552,.T.);
#438=FACE_OUTER_BOUND('',#553,.T.);
#439=FACE_OUTER_BOUND('',#556,.T.);
#440=FACE_OUTER_BOUND('',#559,.T.);
#441=FACE_OUTER_BOUND('',#560,.T.);
#442=FACE_OUTER_BOUND('',#561,.T.);
#443=FACE_OUTER_BOUND('',#562,.T.);
#444=FACE_OUTER_BOUND('',#563,.T.);
#445=FACE_OUTER_BOUND('',#564,.T.);
#446=FACE_OUTER_BOUND('',#565,.T.);
#447=FACE_OUTER_BOUND('',#566,.T.);
#448=FACE_OUTER_BOUND('',#567,.T.);
#449=FACE_OUTER_BOUND('',#568,.T.);
#450=FACE_OUTER_BOUND('',#569,.T.);
#451=FACE_OUTER_BOUND('',#570,.T.);
#452=FACE_OUTER_BOUND('',#571,.T.);
#453=FACE_OUTER_BOUND('',#572,.T.);
#454=FACE_OUTER_BOUND('',#573,.T.);
#455=FACE_OUTER_BOUND('',#574,.T.);
#456=FACE_OUTER_BOUND('',#575,.T.);
#457=FACE_OUTER_BOUND('',#576,.T.);
#458=FACE_OUTER_BOUND('',#577,.T.);
#459=FACE_OUTER_BOUND('',#578,.T.);
#460=FACE_OUTER_BOUND('',#579,.T.);
#461=FACE_OUTER_BOUND('',#580,.T.);
#462=FACE_OUTER_BOUND('',#581,.T.);
#463=FACE_OUTER_BOUND('',#582,.T.);
#464=FACE_OUTER_BOUND('',#583,.T.);
#465=FACE_OUTER_BOUND('',#584,.T.);
#466=FACE_OUTER_BOUND('',#585,.T.);
#467=FACE_OUTER_BOUND('',#586,.T.);
#468=FACE_OUTER_BOUND('',#587,.T.);
#469=FACE_OUTER_BOUND('',#588,.T.);
#470=FACE_OUTER_BOUND('',#589,.T.);
#471=FACE_OUTER_BOUND('',#590,.T.);
#472=FACE_OUTER_BOUND('',#591,.T.);
#473=FACE_OUTER_BOUND('',#592,.T.);
#474=FACE_OUTER_BOUND('',#593,.T.);
#475=FACE_OUTER_BOUND('',#594,.T.);
#476=FACE_OUTER_BOUND('',#595,.T.);
#477=FACE_OUTER_BOUND('',#596,.T.);
#478=FACE_OUTER_BOUND('',#597,.T.);
#479=FACE_OUTER_BOUND('',#598,.T.);
#480=FACE_OUTER_BOUND('',#599,.T.);
#481=FACE_OUTER_BOUND('',#600,.T.);
#482=FACE_OUTER_BOUND('',#601,.T.);
#483=FACE_OUTER_BOUND('',#602,.T.);
#484=FACE_OUTER_BOUND('',#603,.T.);
#485=FACE_OUTER_BOUND('',#604,.T.);
#486=FACE_OUTER_BOUND('',#605,.T.);
#487=FACE_OUTER_BOUND('',#606,.T.);
#488=FACE_OUTER_BOUND('',#607,.T.);
#489=FACE_OUTER_BOUND('',#608,.T.);
#490=FACE_OUTER_BOUND('',#609,.T.);
#491=FACE_OUTER_BOUND('',#610,.T.);
#492=FACE_OUTER_BOUND('',#611,.T.);
#493=FACE_OUTER_BOUND('',#612,.T.);
#494=FACE_OUTER_BOUND('',#613,.T.);
#495=FACE_OUTER_BOUND('',#614,.T.);
#496=FACE_OUTER_BOUND('',#615,.T.);
#497=FACE_OUTER_BOUND('',#616,.T.);
#498=FACE_OUTER_BOUND('',#617,.T.);
#499=FACE_OUTER_BOUND('',#618,.T.);
#500=FACE_OUTER_BOUND('',#619,.T.);
#501=FACE_OUTER_BOUND('',#620,.T.);
#502=FACE_OUTER_BOUND('',#621,.T.);
#503=FACE_OUTER_BOUND('',#622,.T.);
#504=FACE_OUTER_BOUND('',#623,.T.);
#505=FACE_OUTER_BOUND('',#624,.T.);
#506=FACE_OUTER_BOUND('',#625,.T.);
#507=FACE_OUTER_BOUND('',#626,.T.);
#508=FACE_OUTER_BOUND('',#627,.T.);
#509=FACE_OUTER_BOUND('',#628,.T.);
#510=FACE_OUTER_BOUND('',#629,.T.);
#511=FACE_OUTER_BOUND('',#630,.T.);
#512=FACE_OUTER_BOUND('',#631,.T.);
#513=FACE_OUTER_BOUND('',#632,.T.);
#514=FACE_OUTER_BOUND('',#633,.T.);
#515=FACE_OUTER_BOUND('',#634,.T.);
#516=FACE_OUTER_BOUND('',#644,.T.);
#517=FACE_OUTER_BOUND('',#658,.T.);
#518=FACE_OUTER_BOUND('',#659,.T.);
#519=FACE_OUTER_BOUND('',#660,.T.);
#520=FACE_OUTER_BOUND('',#662,.T.);
#521=EDGE_LOOP('',(#1205));
#522=EDGE_LOOP('',(#1206));
#523=EDGE_LOOP('',(#1207,#1208,#1209,#1210));
#524=EDGE_LOOP('',(#1211,#1212,#1213,#1214));
#525=EDGE_LOOP('',(#1215));
#526=EDGE_LOOP('',(#1216));
#527=EDGE_LOOP('',(#1217,#1218,#1219,#1220));
#528=EDGE_LOOP('',(#1221,#1222,#1223,#1224));
#529=EDGE_LOOP('',(#1225));
#530=EDGE_LOOP('',(#1226));
#531=EDGE_LOOP('',(#1227,#1228,#1229,#1230));
#532=EDGE_LOOP('',(#1231,#1232,#1233,#1234));
#533=EDGE_LOOP('',(#1235));
#534=EDGE_LOOP('',(#1236));
#535=EDGE_LOOP('',(#1237,#1238,#1239,#1240));
#536=EDGE_LOOP('',(#1241,#1242,#1243,#1244));
#537=EDGE_LOOP('',(#1245,#1246,#1247,#1248));
#538=EDGE_LOOP('',(#1249,#1250,#1251,#1252));
#539=EDGE_LOOP('',(#1253,#1254,#1255,#1256));
#540=EDGE_LOOP('',(#1257,#1258,#1259,#1260));
#541=EDGE_LOOP('',(#1261,#1262,#1263,#1264));
#542=EDGE_LOOP('',(#1265));
#543=EDGE_LOOP('',(#1266));
#544=EDGE_LOOP('',(#1267));
#545=EDGE_LOOP('',(#1268));
#546=EDGE_LOOP('',(#1269));
#547=EDGE_LOOP('',(#1270));
#548=EDGE_LOOP('',(#1271));
#549=EDGE_LOOP('',(#1272));
#550=EDGE_LOOP('',(#1273,#1274,#1275,#1276,#1277,#1278));
#551=EDGE_LOOP('',(#1279,#1280,#1281,#1282,#1283,#1284));
#552=EDGE_LOOP('',(#1285,#1286,#1287,#1288,#1289,#1290));
#553=EDGE_LOOP('',(#1291,#1292,#1293,#1294));
#554=EDGE_LOOP('',(#1295));
#555=EDGE_LOOP('',(#1296));
#556=EDGE_LOOP('',(#1297,#1298,#1299,#1300));
#557=EDGE_LOOP('',(#1301));
#558=EDGE_LOOP('',(#1302));
#559=EDGE_LOOP('',(#1303,#1304,#1305,#1306,#1307,#1308,#1309,#1310));
#560=EDGE_LOOP('',(#1311,#1312,#1313,#1314,#1315,#1316,#1317,#1318));
#561=EDGE_LOOP('',(#1319,#1320,#1321,#1322,#1323,#1324,#1325,#1326));
#562=EDGE_LOOP('',(#1327,#1328,#1329,#1330));
#563=EDGE_LOOP('',(#1331,#1332,#1333,#1334));
#564=EDGE_LOOP('',(#1335,#1336,#1337,#1338));
#565=EDGE_LOOP('',(#1339,#1340,#1341,#1342));
#566=EDGE_LOOP('',(#1343,#1344,#1345,#1346));
#567=EDGE_LOOP('',(#1347,#1348,#1349,#1350));
#568=EDGE_LOOP('',(#1351,#1352,#1353,#1354));
#569=EDGE_LOOP('',(#1355,#1356,#1357,#1358));
#570=EDGE_LOOP('',(#1359,#1360,#1361,#1362));
#571=EDGE_LOOP('',(#1363,#1364,#1365,#1366));
#572=EDGE_LOOP('',(#1367,#1368,#1369,#1370));
#573=EDGE_LOOP('',(#1371,#1372,#1373,#1374));
#574=EDGE_LOOP('',(#1375,#1376,#1377,#1378));
#575=EDGE_LOOP('',(#1379,#1380,#1381,#1382));
#576=EDGE_LOOP('',(#1383,#1384,#1385,#1386));
#577=EDGE_LOOP('',(#1387,#1388,#1389,#1390));
#578=EDGE_LOOP('',(#1391,#1392,#1393,#1394));
#579=EDGE_LOOP('',(#1395,#1396,#1397,#1398));
#580=EDGE_LOOP('',(#1399,#1400,#1401,#1402));
#581=EDGE_LOOP('',(#1403,#1404,#1405,#1406));
#582=EDGE_LOOP('',(#1407,#1408,#1409,#1410));
#583=EDGE_LOOP('',(#1411,#1412,#1413,#1414));
#584=EDGE_LOOP('',(#1415,#1416,#1417,#1418));
#585=EDGE_LOOP('',(#1419,#1420,#1421,#1422));
#586=EDGE_LOOP('',(#1423,#1424,#1425,#1426));
#587=EDGE_LOOP('',(#1427,#1428,#1429,#1430));
#588=EDGE_LOOP('',(#1431,#1432,#1433,#1434));
#589=EDGE_LOOP('',(#1435,#1436,#1437,#1438));
#590=EDGE_LOOP('',(#1439,#1440,#1441,#1442));
#591=EDGE_LOOP('',(#1443,#1444,#1445,#1446));
#592=EDGE_LOOP('',(#1447,#1448,#1449,#1450));
#593=EDGE_LOOP('',(#1451,#1452,#1453,#1454));
#594=EDGE_LOOP('',(#1455,#1456,#1457,#1458));
#595=EDGE_LOOP('',(#1459,#1460,#1461,#1462));
#596=EDGE_LOOP('',(#1463,#1464,#1465,#1466));
#597=EDGE_LOOP('',(#1467,#1468,#1469,#1470));
#598=EDGE_LOOP('',(#1471,#1472,#1473,#1474));
#599=EDGE_LOOP('',(#1475,#1476,#1477,#1478));
#600=EDGE_LOOP('',(#1479,#1480,#1481,#1482));
#601=EDGE_LOOP('',(#1483,#1484,#1485,#1486));
#602=EDGE_LOOP('',(#1487,#1488,#1489,#1490));
#603=EDGE_LOOP('',(#1491,#1492,#1493,#1494));
#604=EDGE_LOOP('',(#1495,#1496,#1497,#1498));
#605=EDGE_LOOP('',(#1499,#1500,#1501,#1502));
#606=EDGE_LOOP('',(#1503,#1504,#1505,#1506));
#607=EDGE_LOOP('',(#1507,#1508,#1509,#1510));
#608=EDGE_LOOP('',(#1511,#1512,#1513,#1514));
#609=EDGE_LOOP('',(#1515,#1516,#1517,#1518));
#610=EDGE_LOOP('',(#1519,#1520,#1521,#1522));
#611=EDGE_LOOP('',(#1523,#1524,#1525,#1526));
#612=EDGE_LOOP('',(#1527,#1528,#1529,#1530));
#613=EDGE_LOOP('',(#1531,#1532,#1533,#1534));
#614=EDGE_LOOP('',(#1535,#1536,#1537,#1538));
#615=EDGE_LOOP('',(#1539,#1540,#1541,#1542));
#616=EDGE_LOOP('',(#1543,#1544,#1545,#1546));
#617=EDGE_LOOP('',(#1547,#1548,#1549,#1550));
#618=EDGE_LOOP('',(#1551,#1552,#1553,#1554));
#619=EDGE_LOOP('',(#1555,#1556,#1557,#1558));
#620=EDGE_LOOP('',(#1559,#1560,#1561,#1562));
#621=EDGE_LOOP('',(#1563,#1564,#1565,#1566));
#622=EDGE_LOOP('',(#1567,#1568,#1569,#1570));
#623=EDGE_LOOP('',(#1571,#1572,#1573,#1574));
#624=EDGE_LOOP('',(#1575,#1576,#1577,#1578));
#625=EDGE_LOOP('',(#1579,#1580,#1581,#1582));
#626=EDGE_LOOP('',(#1583,#1584,#1585,#1586));
#627=EDGE_LOOP('',(#1587,#1588,#1589,#1590));
#628=EDGE_LOOP('',(#1591,#1592,#1593,#1594));
#629=EDGE_LOOP('',(#1595,#1596,#1597,#1598));
#630=EDGE_LOOP('',(#1599,#1600,#1601,#1602));
#631=EDGE_LOOP('',(#1603,#1604,#1605,#1606));
#632=EDGE_LOOP('',(#1607,#1608,#1609,#1610));
#633=EDGE_LOOP('',(#1611,#1612,#1613,#1614));
#634=EDGE_LOOP('',(#1615,#1616,#1617,#1618,#1619,#1620,#1621,#1622,#1623,
#1624,#1625,#1626,#1627,#1628,#1629,#1630,#1631,#1632));
#635=EDGE_LOOP('',(#1633));
#636=EDGE_LOOP('',(#1634));
#637=EDGE_LOOP('',(#1635));
#638=EDGE_LOOP('',(#1636));
#639=EDGE_LOOP('',(#1637));
#640=EDGE_LOOP('',(#1638));
#641=EDGE_LOOP('',(#1639));
#642=EDGE_LOOP('',(#1640));
#643=EDGE_LOOP('',(#1641));
#644=EDGE_LOOP('',(#1642,#1643,#1644,#1645,#1646,#1647,#1648,#1649,#1650,
#1651,#1652,#1653,#1654,#1655,#1656,#1657,#1658,#1659));
#645=EDGE_LOOP('',(#1660,#1661,#1662,#1663,#1664,#1665));
#646=EDGE_LOOP('',(#1666,#1667,#1668,#1669,#1670,#1671));
#647=EDGE_LOOP('',(#1672,#1673,#1674,#1675,#1676,#1677));
#648=EDGE_LOOP('',(#1678,#1679,#1680,#1681));
#649=EDGE_LOOP('',(#1682,#1683,#1684,#1685));
#650=EDGE_LOOP('',(#1686));
#651=EDGE_LOOP('',(#1687,#1688,#1689,#1690,#1691,#1692,#1693,#1694));
#652=EDGE_LOOP('',(#1695,#1696,#1697,#1698,#1699,#1700,#1701,#1702));
#653=EDGE_LOOP('',(#1703,#1704,#1705,#1706,#1707,#1708,#1709,#1710));
#654=EDGE_LOOP('',(#1711));
#655=EDGE_LOOP('',(#1712));
#656=EDGE_LOOP('',(#1713));
#657=EDGE_LOOP('',(#1714));
#658=EDGE_LOOP('',(#1715,#1716,#1717,#1718));
#659=EDGE_LOOP('',(#1719,#1720,#1721,#1722));
#660=EDGE_LOOP('',(#1723));
#661=EDGE_LOOP('',(#1724));
#662=EDGE_LOOP('',(#1725));
#663=EDGE_LOOP('',(#1726));
#664=CIRCLE('',#1903,2.6);
#665=CIRCLE('',#1904,1.35);
#666=CIRCLE('',#1906,2.6);
#667=CIRCLE('',#1908,1.35);
#668=CIRCLE('',#1910,2.6);
#669=CIRCLE('',#1911,1.35);
#670=CIRCLE('',#1913,2.6);
#671=CIRCLE('',#1915,1.35);
#672=CIRCLE('',#1917,2.6);
#673=CIRCLE('',#1918,1.35);
#674=CIRCLE('',#1920,2.6);
#675=CIRCLE('',#1922,1.35);
#676=CIRCLE('',#1924,2.6);
#677=CIRCLE('',#1925,1.35);
#678=CIRCLE('',#1927,2.6);
#679=CIRCLE('',#1929,1.35);
#680=CIRCLE('',#1931,36.25);
#681=CIRCLE('',#1932,36.25);
#682=CIRCLE('',#1934,0.9);
#683=CIRCLE('',#1935,0.9);
#684=CIRCLE('',#1937,0.9);
#685=CIRCLE('',#1938,0.9);
#686=CIRCLE('',#1940,0.9);
#687=CIRCLE('',#1941,0.9);
#688=CIRCLE('',#1943,0.9);
#689=CIRCLE('',#1944,0.9);
#690=CIRCLE('',#1946,1.9);
#691=CIRCLE('',#1948,1.9);
#692=CIRCLE('',#1950,1.9);
#693=CIRCLE('',#1952,1.9);
#694=CIRCLE('',#1954,3.00000000000061);
#695=CIRCLE('',#1955,2.);
#696=CIRCLE('',#1956,2.);
#697=CIRCLE('',#1958,3.);
#698=CIRCLE('',#1959,2.00000000000002);
#699=CIRCLE('',#1960,2.);
#700=CIRCLE('',#1962,2.);
#701=CIRCLE('',#1963,2.);
#702=CIRCLE('',#1964,1.99999999999999);
#703=CIRCLE('',#1968,6.00000000000001);
#704=CIRCLE('',#1969,39.1458103646133);
#705=CIRCLE('',#1970,6.);
#706=CIRCLE('',#1971,52.644324568236);
#707=CIRCLE('',#1972,34.9999999999999);
#708=CIRCLE('',#1973,34.9999999999999);
#709=CIRCLE('',#1974,52.644324568236);
#710=CIRCLE('',#1976,3.);
#711=CIRCLE('',#1977,5.);
#712=CIRCLE('',#1978,5.);
#713=CIRCLE('',#1979,3.);
#714=CIRCLE('',#1980,38.9101534964939);
#715=CIRCLE('',#1982,3.);
#716=CIRCLE('',#1983,38.9101534964939);
#717=CIRCLE('',#1984,3.);
#718=CIRCLE('',#1985,5.);
#719=CIRCLE('',#1986,5.);
#720=CIRCLE('',#1988,1.9);
#721=CIRCLE('',#1990,1.9);
#722=CIRCLE('',#1992,1.9);
#723=CIRCLE('',#1994,1.9);
#724=CIRCLE('',#1999,5.);
#725=CIRCLE('',#2000,5.);
#726=CIRCLE('',#2003,5.);
#727=CIRCLE('',#2004,5.);
#728=CIRCLE('',#2006,5.);
#729=CIRCLE('',#2007,5.);
#730=CIRCLE('',#2010,5.);
#731=CIRCLE('',#2011,5.);
#732=CIRCLE('',#2013,5.);
#733=CIRCLE('',#2014,5.);
#734=CIRCLE('',#2017,5.);
#735=CIRCLE('',#2018,5.);
#736=CIRCLE('',#2023,39.5);
#737=CIRCLE('',#2024,39.5);
#738=CIRCLE('',#2027,39.5);
#739=CIRCLE('',#2028,39.5);
#740=CIRCLE('',#2030,2.);
#741=CIRCLE('',#2033,2.);
#742=CIRCLE('',#2036,3.00000000000061);
#743=CIRCLE('',#2039,2.00000000000002);
#744=CIRCLE('',#2042,2.);
#745=CIRCLE('',#2045,3.);
#746=CIRCLE('',#2048,2.);
#747=CIRCLE('',#2051,1.99999999999999);
#748=CIRCLE('',#2054,2.);
#749=CIRCLE('',#2065,6.);
#750=CIRCLE('',#2067,52.644324568236);
#751=CIRCLE('',#2069,34.9999999999999);
#752=CIRCLE('',#2072,34.9999999999999);
#753=CIRCLE('',#2074,52.644324568236);
#754=CIRCLE('',#2076,6.00000000000001);
#755=CIRCLE('',#2078,39.1458103646133);
#756=CIRCLE('',#2080,5.);
#757=CIRCLE('',#2083,3.);
#758=CIRCLE('',#2085,38.9101534964939);
#759=CIRCLE('',#2087,3.);
#760=CIRCLE('',#2090,5.);
#761=CIRCLE('',#2094,5.);
#762=CIRCLE('',#2097,3.);
#763=CIRCLE('',#2099,38.9101534964939);
#764=CIRCLE('',#2101,3.);
#765=CIRCLE('',#2104,5.);
#766=CIRCLE('',#2106,36.75);
#767=CIRCLE('',#2108,34.);
#768=CIRCLE('',#2110,36.75);
#769=CIRCLE('',#2112,34.);
#770=VERTEX_POINT('',#2700);
#771=VERTEX_POINT('',#2702);
#772=VERTEX_POINT('',#2705);
#773=VERTEX_POINT('',#2709);
#774=VERTEX_POINT('',#2713);
#775=VERTEX_POINT('',#2715);
#776=VERTEX_POINT('',#2718);
#777=VERTEX_POINT('',#2722);
#778=VERTEX_POINT('',#2726);
#779=VERTEX_POINT('',#2728);
#780=VERTEX_POINT('',#2731);
#781=VERTEX_POINT('',#2735);
#782=VERTEX_POINT('',#2739);
#783=VERTEX_POINT('',#2741);
#784=VERTEX_POINT('',#2744);
#785=VERTEX_POINT('',#2748);
#786=VERTEX_POINT('',#2752);
#787=VERTEX_POINT('',#2754);
#788=VERTEX_POINT('',#2758);
#789=VERTEX_POINT('',#2760);
#790=VERTEX_POINT('',#2764);
#791=VERTEX_POINT('',#2766);
#792=VERTEX_POINT('',#2770);
#793=VERTEX_POINT('',#2772);
#794=VERTEX_POINT('',#2776);
#795=VERTEX_POINT('',#2778);
#796=VERTEX_POINT('',#2782);
#797=VERTEX_POINT('',#2785);
#798=VERTEX_POINT('',#2788);
#799=VERTEX_POINT('',#2791);
#800=VERTEX_POINT('',#2794);
#801=VERTEX_POINT('',#2795);
#802=VERTEX_POINT('',#2797);
#803=VERTEX_POINT('',#2799);
#804=VERTEX_POINT('',#2801);
#805=VERTEX_POINT('',#2803);
#806=VERTEX_POINT('',#2807);
#807=VERTEX_POINT('',#2808);
#808=VERTEX_POINT('',#2810);
#809=VERTEX_POINT('',#2812);
#810=VERTEX_POINT('',#2814);
#811=VERTEX_POINT('',#2816);
#812=VERTEX_POINT('',#2820);
#813=VERTEX_POINT('',#2821);
#814=VERTEX_POINT('',#2823);
#815=VERTEX_POINT('',#2825);
#816=VERTEX_POINT('',#2827);
#817=VERTEX_POINT('',#2829);
#818=VERTEX_POINT('',#2833);
#819=VERTEX_POINT('',#2834);
#820=VERTEX_POINT('',#2836);
#821=VERTEX_POINT('',#2838);
#822=VERTEX_POINT('',#2842);
#823=VERTEX_POINT('',#2843);
#824=VERTEX_POINT('',#2845);
#825=VERTEX_POINT('',#2847);
#826=VERTEX_POINT('',#2851);
#827=VERTEX_POINT('',#2852);
#828=VERTEX_POINT('',#2854);
#829=VERTEX_POINT('',#2856);
#830=VERTEX_POINT('',#2858);
#831=VERTEX_POINT('',#2860);
#832=VERTEX_POINT('',#2862);
#833=VERTEX_POINT('',#2864);
#834=VERTEX_POINT('',#2868);
#835=VERTEX_POINT('',#2869);
#836=VERTEX_POINT('',#2871);
#837=VERTEX_POINT('',#2873);
#838=VERTEX_POINT('',#2875);
#839=VERTEX_POINT('',#2877);
#840=VERTEX_POINT('',#2879);
#841=VERTEX_POINT('',#2881);
#842=VERTEX_POINT('',#2885);
#843=VERTEX_POINT('',#2886);
#844=VERTEX_POINT('',#2888);
#845=VERTEX_POINT('',#2890);
#846=VERTEX_POINT('',#2892);
#847=VERTEX_POINT('',#2894);
#848=VERTEX_POINT('',#2896);
#849=VERTEX_POINT('',#2898);
#850=VERTEX_POINT('',#2902);
#851=VERTEX_POINT('',#2906);
#852=VERTEX_POINT('',#2910);
#853=VERTEX_POINT('',#2914);
#854=VERTEX_POINT('',#2918);
#855=VERTEX_POINT('',#2919);
#856=VERTEX_POINT('',#2921);
#857=VERTEX_POINT('',#2923);
#858=VERTEX_POINT('',#2927);
#859=VERTEX_POINT('',#2928);
#860=VERTEX_POINT('',#2933);
#861=VERTEX_POINT('',#2935);
#862=VERTEX_POINT('',#2939);
#863=VERTEX_POINT('',#2941);
#864=VERTEX_POINT('',#2945);
#865=VERTEX_POINT('',#2947);
#866=VERTEX_POINT('',#2951);
#867=VERTEX_POINT('',#2953);
#868=VERTEX_POINT('',#2957);
#869=VERTEX_POINT('',#2959);
#870=VERTEX_POINT('',#2963);
#871=VERTEX_POINT('',#2965);
#872=VERTEX_POINT('',#2969);
#873=VERTEX_POINT('',#2971);
#874=VERTEX_POINT('',#2975);
#875=VERTEX_POINT('',#2977);
#876=VERTEX_POINT('',#2981);
#877=VERTEX_POINT('',#2983);
#878=VERTEX_POINT('',#2987);
#879=VERTEX_POINT('',#2989);
#880=VERTEX_POINT('',#2993);
#881=VERTEX_POINT('',#2995);
#882=VERTEX_POINT('',#2999);
#883=VERTEX_POINT('',#3001);
#884=VERTEX_POINT('',#3005);
#885=VERTEX_POINT('',#3007);
#886=VERTEX_POINT('',#3011);
#887=VERTEX_POINT('',#3013);
#888=VERTEX_POINT('',#3017);
#889=VERTEX_POINT('',#3019);
#890=VERTEX_POINT('',#3026);
#891=VERTEX_POINT('',#3027);
#892=VERTEX_POINT('',#3032);
#893=VERTEX_POINT('',#3036);
#894=VERTEX_POINT('',#3040);
#895=VERTEX_POINT('',#3044);
#896=VERTEX_POINT('',#3050);
#897=VERTEX_POINT('',#3051);
#898=VERTEX_POINT('',#3056);
#899=VERTEX_POINT('',#3060);
#900=VERTEX_POINT('',#3064);
#901=VERTEX_POINT('',#3068);
#902=VERTEX_POINT('',#3074);
#903=VERTEX_POINT('',#3075);
#904=VERTEX_POINT('',#3080);
#905=VERTEX_POINT('',#3084);
#906=VERTEX_POINT('',#3088);
#907=VERTEX_POINT('',#3092);
#908=VERTEX_POINT('',#3098);
#909=VERTEX_POINT('',#3099);
#910=VERTEX_POINT('',#3104);
#911=VERTEX_POINT('',#3108);
#912=VERTEX_POINT('',#3114);
#913=VERTEX_POINT('',#3116);
#914=VERTEX_POINT('',#3120);
#915=VERTEX_POINT('',#3124);
#916=VERTEX_POINT('',#3130);
#917=VERTEX_POINT('',#3131);
#918=VERTEX_POINT('',#3136);
#919=VERTEX_POINT('',#3140);
#920=VERTEX_POINT('',#3144);
#921=VERTEX_POINT('',#3148);
#922=VERTEX_POINT('',#3152);
#923=VERTEX_POINT('',#3156);
#924=VERTEX_POINT('',#3162);
#925=VERTEX_POINT('',#3163);
#926=VERTEX_POINT('',#3168);
#927=VERTEX_POINT('',#3172);
#928=VERTEX_POINT('',#3176);
#929=VERTEX_POINT('',#3180);
#930=VERTEX_POINT('',#3184);
#931=VERTEX_POINT('',#3188);
#932=VERTEX_POINT('',#3194);
#933=VERTEX_POINT('',#3195);
#934=VERTEX_POINT('',#3200);
#935=VERTEX_POINT('',#3204);
#936=VERTEX_POINT('',#3208);
#937=VERTEX_POINT('',#3212);
#938=VERTEX_POINT('',#3216);
#939=VERTEX_POINT('',#3220);
#940=VERTEX_POINT('',#3226);
#941=VERTEX_POINT('',#3229);
#942=VERTEX_POINT('',#3232);
#943=VERTEX_POINT('',#3236);
#944=EDGE_CURVE('',#770,#770,#664,.T.);
#945=EDGE_CURVE('',#771,#771,#665,.T.);
#946=EDGE_CURVE('',#772,#772,#666,.T.);
#947=EDGE_CURVE('',#772,#770,#15,.T.);
#948=EDGE_CURVE('',#771,#773,#16,.T.);
#949=EDGE_CURVE('',#773,#773,#667,.T.);
#950=EDGE_CURVE('',#774,#774,#668,.T.);
#951=EDGE_CURVE('',#775,#775,#669,.T.);
#952=EDGE_CURVE('',#776,#776,#670,.T.);
#953=EDGE_CURVE('',#776,#774,#17,.T.);
#954=EDGE_CURVE('',#775,#777,#18,.T.);
#955=EDGE_CURVE('',#777,#777,#671,.T.);
#956=EDGE_CURVE('',#778,#778,#672,.T.);
#957=EDGE_CURVE('',#779,#779,#673,.T.);
#958=EDGE_CURVE('',#780,#780,#674,.T.);
#959=EDGE_CURVE('',#780,#778,#19,.T.);
#960=EDGE_CURVE('',#779,#781,#20,.T.);
#961=EDGE_CURVE('',#781,#781,#675,.T.);
#962=EDGE_CURVE('',#782,#782,#676,.T.);
#963=EDGE_CURVE('',#783,#783,#677,.T.);
#964=EDGE_CURVE('',#784,#784,#678,.T.);
#965=EDGE_CURVE('',#784,#782,#21,.T.);
#966=EDGE_CURVE('',#783,#785,#22,.T.);
#967=EDGE_CURVE('',#785,#785,#679,.T.);
#968=EDGE_CURVE('',#786,#786,#680,.T.);
#969=EDGE_CURVE('',#786,#787,#23,.T.);
#970=EDGE_CURVE('',#787,#787,#681,.T.);
#971=EDGE_CURVE('',#788,#788,#682,.T.);
#972=EDGE_CURVE('',#788,#789,#24,.T.);
#973=EDGE_CURVE('',#789,#789,#683,.T.);
#974=EDGE_CURVE('',#790,#790,#684,.T.);
#975=EDGE_CURVE('',#790,#791,#25,.T.);
#976=EDGE_CURVE('',#791,#791,#685,.T.);
#977=EDGE_CURVE('',#792,#792,#686,.T.);
#978=EDGE_CURVE('',#792,#793,#26,.T.);
#979=EDGE_CURVE('',#793,#793,#687,.T.);
#980=EDGE_CURVE('',#794,#794,#688,.T.);
#981=EDGE_CURVE('',#794,#795,#27,.T.);
#982=EDGE_CURVE('',#795,#795,#689,.T.);
#983=EDGE_CURVE('',#796,#796,#690,.T.);
#984=EDGE_CURVE('',#797,#797,#691,.T.);
#985=EDGE_CURVE('',#798,#798,#692,.T.);
#986=EDGE_CURVE('',#799,#799,#693,.T.);
#987=EDGE_CURVE('',#800,#801,#694,.T.);
#988=EDGE_CURVE('',#802,#800,#28,.T.);
#989=EDGE_CURVE('',#803,#802,#695,.T.);
#990=EDGE_CURVE('',#804,#803,#29,.T.);
#991=EDGE_CURVE('',#805,#804,#696,.T.);
#992=EDGE_CURVE('',#801,#805,#30,.T.);
#993=EDGE_CURVE('',#806,#807,#697,.T.);
#994=EDGE_CURVE('',#808,#806,#31,.T.);
#995=EDGE_CURVE('',#809,#808,#698,.T.);
#996=EDGE_CURVE('',#810,#809,#32,.T.);
#997=EDGE_CURVE('',#811,#810,#699,.T.);
#998=EDGE_CURVE('',#807,#811,#33,.T.);
#999=EDGE_CURVE('',#812,#813,#700,.T.);
#1000=EDGE_CURVE('',#814,#812,#34,.T.);
#1001=EDGE_CURVE('',#815,#814,#701,.T.);
#1002=EDGE_CURVE('',#816,#815,#35,.T.);
#1003=EDGE_CURVE('',#817,#816,#702,.T.);
#1004=EDGE_CURVE('',#813,#817,#36,.T.);
#1005=EDGE_CURVE('',#818,#819,#37,.T.);
#1006=EDGE_CURVE('',#820,#818,#38,.T.);
#1007=EDGE_CURVE('',#821,#820,#39,.T.);
#1008=EDGE_CURVE('',#819,#821,#40,.T.);
#1009=EDGE_CURVE('',#822,#823,#41,.T.);
#1010=EDGE_CURVE('',#824,#822,#42,.T.);
#1011=EDGE_CURVE('',#825,#824,#43,.T.);
#1012=EDGE_CURVE('',#823,#825,#44,.T.);
#1013=EDGE_CURVE('',#826,#827,#703,.T.);
#1014=EDGE_CURVE('',#828,#826,#704,.T.);
#1015=EDGE_CURVE('',#829,#828,#705,.T.);
#1016=EDGE_CURVE('',#830,#829,#706,.T.);
#1017=EDGE_CURVE('',#831,#830,#707,.T.);
#1018=EDGE_CURVE('',#832,#831,#45,.T.);
#1019=EDGE_CURVE('',#833,#832,#708,.T.);
#1020=EDGE_CURVE('',#827,#833,#709,.T.);
#1021=EDGE_CURVE('',#834,#835,#710,.T.);
#1022=EDGE_CURVE('',#836,#835,#46,.T.);
#1023=EDGE_CURVE('',#837,#836,#711,.T.);
#1024=EDGE_CURVE('',#838,#837,#47,.T.);
#1025=EDGE_CURVE('',#839,#838,#712,.T.);
#1026=EDGE_CURVE('',#840,#839,#48,.T.);
#1027=EDGE_CURVE('',#840,#841,#713,.T.);
#1028=EDGE_CURVE('',#834,#841,#714,.T.);
#1029=EDGE_CURVE('',#842,#843,#715,.T.);
#1030=EDGE_CURVE('',#844,#843,#716,.T.);
#1031=EDGE_CURVE('',#844,#845,#717,.T.);
#1032=EDGE_CURVE('',#846,#845,#49,.T.);
#1033=EDGE_CURVE('',#847,#846,#718,.T.);
#1034=EDGE_CURVE('',#848,#847,#50,.T.);
#1035=EDGE_CURVE('',#849,#848,#719,.T.);
#1036=EDGE_CURVE('',#842,#849,#51,.T.);
#1037=EDGE_CURVE('',#850,#850,#720,.T.);
#1038=EDGE_CURVE('',#850,#796,#52,.T.);
#1039=EDGE_CURVE('',#851,#851,#721,.T.);
#1040=EDGE_CURVE('',#851,#797,#53,.T.);
#1041=EDGE_CURVE('',#852,#852,#722,.T.);
#1042=EDGE_CURVE('',#852,#798,#54,.T.);
#1043=EDGE_CURVE('',#853,#853,#723,.T.);
#1044=EDGE_CURVE('',#853,#799,#55,.T.);
#1045=EDGE_CURVE('',#854,#855,#56,.T.);
#1046=EDGE_CURVE('',#855,#856,#57,.T.);
#1047=EDGE_CURVE('',#856,#857,#58,.T.);
#1048=EDGE_CURVE('',#854,#857,#59,.F.);
#1049=EDGE_CURVE('',#858,#859,#60,.T.);
#1050=EDGE_CURVE('',#859,#856,#61,.T.);
#1051=EDGE_CURVE('',#858,#855,#62,.T.);
#1052=EDGE_CURVE('',#860,#858,#63,.T.);
#1053=EDGE_CURVE('',#860,#861,#64,.T.);
#1054=EDGE_CURVE('',#859,#861,#65,.T.);
#1055=EDGE_CURVE('',#860,#862,#724,.T.);
#1056=EDGE_CURVE('',#862,#863,#66,.T.);
#1057=EDGE_CURVE('',#861,#863,#725,.T.);
#1058=EDGE_CURVE('',#864,#862,#67,.T.);
#1059=EDGE_CURVE('',#865,#864,#68,.T.);
#1060=EDGE_CURVE('',#863,#865,#69,.T.);
#1061=EDGE_CURVE('',#864,#866,#726,.T.);
#1062=EDGE_CURVE('',#866,#867,#70,.T.);
#1063=EDGE_CURVE('',#865,#867,#727,.T.);
#1064=EDGE_CURVE('',#866,#868,#728,.T.);
#1065=EDGE_CURVE('',#868,#869,#71,.T.);
#1066=EDGE_CURVE('',#867,#869,#729,.T.);
#1067=EDGE_CURVE('',#870,#868,#72,.T.);
#1068=EDGE_CURVE('',#871,#870,#73,.T.);
#1069=EDGE_CURVE('',#869,#871,#74,.T.);
#1070=EDGE_CURVE('',#870,#872,#730,.T.);
#1071=EDGE_CURVE('',#873,#872,#75,.T.);
#1072=EDGE_CURVE('',#871,#873,#731,.T.);
#1073=EDGE_CURVE('',#872,#874,#732,.T.);
#1074=EDGE_CURVE('',#874,#875,#76,.T.);
#1075=EDGE_CURVE('',#873,#875,#733,.T.);
#1076=EDGE_CURVE('',#876,#874,#77,.T.);
#1077=EDGE_CURVE('',#876,#877,#78,.T.);
#1078=EDGE_CURVE('',#875,#877,#79,.T.);
#1079=EDGE_CURVE('',#876,#878,#734,.T.);
#1080=EDGE_CURVE('',#878,#879,#80,.T.);
#1081=EDGE_CURVE('',#877,#879,#735,.T.);
#1082=EDGE_CURVE('',#880,#878,#81,.T.);
#1083=EDGE_CURVE('',#880,#881,#82,.T.);
#1084=EDGE_CURVE('',#879,#881,#83,.T.);
#1085=EDGE_CURVE('',#880,#882,#84,.T.);
#1086=EDGE_CURVE('',#883,#882,#85,.T.);
#1087=EDGE_CURVE('',#881,#883,#86,.T.);
#1088=EDGE_CURVE('',#882,#884,#87,.T.);
#1089=EDGE_CURVE('',#884,#885,#88,.T.);
#1090=EDGE_CURVE('',#885,#883,#89,.T.);
#1091=EDGE_CURVE('',#884,#886,#736,.F.);
#1092=EDGE_CURVE('',#886,#887,#90,.F.);
#1093=EDGE_CURVE('',#885,#887,#737,.F.);
#1094=EDGE_CURVE('',#886,#888,#91,.T.);
#1095=EDGE_CURVE('',#888,#889,#92,.T.);
#1096=EDGE_CURVE('',#889,#887,#93,.T.);
#1097=EDGE_CURVE('',#888,#854,#738,.F.);
#1098=EDGE_CURVE('',#889,#857,#739,.F.);
#1099=EDGE_CURVE('',#890,#891,#740,.T.);
#1100=EDGE_CURVE('',#890,#803,#94,.T.);
#1101=EDGE_CURVE('',#891,#802,#95,.T.);
#1102=EDGE_CURVE('',#892,#890,#96,.T.);
#1103=EDGE_CURVE('',#892,#804,#97,.T.);
#1104=EDGE_CURVE('',#893,#892,#741,.T.);
#1105=EDGE_CURVE('',#893,#805,#98,.T.);
#1106=EDGE_CURVE('',#894,#893,#99,.T.);
#1107=EDGE_CURVE('',#894,#801,#100,.T.);
#1108=EDGE_CURVE('',#895,#894,#742,.T.);
#1109=EDGE_CURVE('',#895,#800,#101,.T.);
#1110=EDGE_CURVE('',#891,#895,#102,.T.);
#1111=EDGE_CURVE('',#896,#897,#743,.T.);
#1112=EDGE_CURVE('',#896,#809,#103,.T.);
#1113=EDGE_CURVE('',#897,#808,#104,.T.);
#1114=EDGE_CURVE('',#898,#896,#105,.T.);
#1115=EDGE_CURVE('',#898,#810,#106,.T.);
#1116=EDGE_CURVE('',#899,#898,#744,.T.);
#1117=EDGE_CURVE('',#899,#811,#107,.T.);
#1118=EDGE_CURVE('',#900,#899,#108,.T.);
#1119=EDGE_CURVE('',#900,#807,#109,.T.);
#1120=EDGE_CURVE('',#901,#900,#745,.T.);
#1121=EDGE_CURVE('',#901,#806,#110,.T.);
#1122=EDGE_CURVE('',#897,#901,#111,.T.);
#1123=EDGE_CURVE('',#902,#903,#746,.T.);
#1124=EDGE_CURVE('',#902,#815,#112,.T.);
#1125=EDGE_CURVE('',#903,#814,#113,.T.);
#1126=EDGE_CURVE('',#904,#902,#114,.T.);
#1127=EDGE_CURVE('',#904,#816,#115,.T.);
#1128=EDGE_CURVE('',#905,#904,#747,.T.);
#1129=EDGE_CURVE('',#905,#817,#116,.T.);
#1130=EDGE_CURVE('',#906,#905,#117,.T.);
#1131=EDGE_CURVE('',#906,#813,#118,.T.);
#1132=EDGE_CURVE('',#907,#906,#748,.T.);
#1133=EDGE_CURVE('',#907,#812,#119,.T.);
#1134=EDGE_CURVE('',#903,#907,#120,.T.);
#1135=EDGE_CURVE('',#908,#909,#121,.T.);
#1136=EDGE_CURVE('',#908,#820,#122,.T.);
#1137=EDGE_CURVE('',#909,#818,#123,.T.);
#1138=EDGE_CURVE('',#910,#908,#124,.T.);
#1139=EDGE_CURVE('',#910,#821,#125,.T.);
#1140=EDGE_CURVE('',#911,#910,#126,.T.);
#1141=EDGE_CURVE('',#819,#911,#127,.T.);
#1142=EDGE_CURVE('',#909,#911,#128,.T.);
#1143=EDGE_CURVE('',#823,#912,#129,.T.);
#1144=EDGE_CURVE('',#913,#912,#130,.T.);
#1145=EDGE_CURVE('',#913,#822,#131,.T.);
#1146=EDGE_CURVE('',#914,#913,#132,.T.);
#1147=EDGE_CURVE('',#914,#824,#133,.T.);
#1148=EDGE_CURVE('',#915,#914,#134,.T.);
#1149=EDGE_CURVE('',#915,#825,#135,.T.);
#1150=EDGE_CURVE('',#912,#915,#136,.T.);
#1151=EDGE_CURVE('',#916,#917,#749,.T.);
#1152=EDGE_CURVE('',#916,#829,#137,.T.);
#1153=EDGE_CURVE('',#917,#828,#138,.T.);
#1154=EDGE_CURVE('',#918,#916,#750,.T.);
#1155=EDGE_CURVE('',#918,#830,#139,.T.);
#1156=EDGE_CURVE('',#919,#918,#751,.T.);
#1157=EDGE_CURVE('',#919,#831,#140,.T.);
#1158=EDGE_CURVE('',#920,#919,#141,.T.);
#1159=EDGE_CURVE('',#920,#832,#142,.T.);
#1160=EDGE_CURVE('',#921,#920,#752,.T.);
#1161=EDGE_CURVE('',#921,#833,#143,.T.);
#1162=EDGE_CURVE('',#922,#921,#753,.T.);
#1163=EDGE_CURVE('',#922,#827,#144,.T.);
#1164=EDGE_CURVE('',#923,#922,#754,.T.);
#1165=EDGE_CURVE('',#923,#826,#145,.T.);
#1166=EDGE_CURVE('',#917,#923,#755,.T.);
#1167=EDGE_CURVE('',#924,#925,#756,.T.);
#1168=EDGE_CURVE('',#924,#839,#146,.T.);
#1169=EDGE_CURVE('',#925,#838,#147,.T.);
#1170=EDGE_CURVE('',#840,#926,#148,.T.);
#1171=EDGE_CURVE('',#926,#924,#149,.T.);
#1172=EDGE_CURVE('',#926,#927,#757,.T.);
#1173=EDGE_CURVE('',#927,#841,#150,.T.);
#1174=EDGE_CURVE('',#834,#928,#151,.T.);
#1175=EDGE_CURVE('',#928,#927,#758,.T.);
#1176=EDGE_CURVE('',#928,#929,#759,.T.);
#1177=EDGE_CURVE('',#929,#835,#152,.T.);
#1178=EDGE_CURVE('',#930,#929,#153,.T.);
#1179=EDGE_CURVE('',#930,#836,#154,.T.);
#1180=EDGE_CURVE('',#931,#930,#760,.T.);
#1181=EDGE_CURVE('',#931,#837,#155,.T.);
#1182=EDGE_CURVE('',#925,#931,#156,.T.);
#1183=EDGE_CURVE('',#932,#933,#157,.T.);
#1184=EDGE_CURVE('',#932,#848,#158,.T.);
#1185=EDGE_CURVE('',#933,#847,#159,.T.);
#1186=EDGE_CURVE('',#934,#932,#761,.T.);
#1187=EDGE_CURVE('',#934,#849,#160,.T.);
#1188=EDGE_CURVE('',#842,#935,#161,.T.);
#1189=EDGE_CURVE('',#935,#934,#162,.T.);
#1190=EDGE_CURVE('',#935,#936,#762,.T.);
#1191=EDGE_CURVE('',#936,#843,#163,.T.);
#1192=EDGE_CURVE('',#937,#936,#763,.T.);
#1193=EDGE_CURVE('',#844,#937,#164,.T.);
#1194=EDGE_CURVE('',#937,#938,#764,.T.);
#1195=EDGE_CURVE('',#938,#845,#165,.T.);
#1196=EDGE_CURVE('',#939,#938,#166,.T.);
#1197=EDGE_CURVE('',#939,#846,#167,.T.);
#1198=EDGE_CURVE('',#933,#939,#765,.T.);
#1199=EDGE_CURVE('',#940,#940,#766,.T.);
#1200=EDGE_CURVE('',#941,#941,#767,.T.);
#1201=EDGE_CURVE('',#940,#942,#168,.T.);
#1202=EDGE_CURVE('',#942,#942,#768,.T.);
#1203=EDGE_CURVE('',#943,#943,#769,.T.);
#1204=EDGE_CURVE('',#943,#941,#169,.T.);
#1205=ORIENTED_EDGE('',*,*,#944,.F.);
#1206=ORIENTED_EDGE('',*,*,#945,.T.);
#1207=ORIENTED_EDGE('',*,*,#946,.F.);
#1208=ORIENTED_EDGE('',*,*,#947,.T.);
#1209=ORIENTED_EDGE('',*,*,#944,.T.);
#1210=ORIENTED_EDGE('',*,*,#947,.F.);
#1211=ORIENTED_EDGE('',*,*,#945,.F.);
#1212=ORIENTED_EDGE('',*,*,#948,.T.);
#1213=ORIENTED_EDGE('',*,*,#949,.F.);
#1214=ORIENTED_EDGE('',*,*,#948,.F.);
#1215=ORIENTED_EDGE('',*,*,#950,.F.);
#1216=ORIENTED_EDGE('',*,*,#951,.T.);
#1217=ORIENTED_EDGE('',*,*,#952,.F.);
#1218=ORIENTED_EDGE('',*,*,#953,.T.);
#1219=ORIENTED_EDGE('',*,*,#950,.T.);
#1220=ORIENTED_EDGE('',*,*,#953,.F.);
#1221=ORIENTED_EDGE('',*,*,#951,.F.);
#1222=ORIENTED_EDGE('',*,*,#954,.T.);
#1223=ORIENTED_EDGE('',*,*,#955,.F.);
#1224=ORIENTED_EDGE('',*,*,#954,.F.);
#1225=ORIENTED_EDGE('',*,*,#956,.F.);
#1226=ORIENTED_EDGE('',*,*,#957,.T.);
#1227=ORIENTED_EDGE('',*,*,#958,.F.);
#1228=ORIENTED_EDGE('',*,*,#959,.T.);
#1229=ORIENTED_EDGE('',*,*,#956,.T.);
#1230=ORIENTED_EDGE('',*,*,#959,.F.);
#1231=ORIENTED_EDGE('',*,*,#957,.F.);
#1232=ORIENTED_EDGE('',*,*,#960,.T.);
#1233=ORIENTED_EDGE('',*,*,#961,.F.);
#1234=ORIENTED_EDGE('',*,*,#960,.F.);
#1235=ORIENTED_EDGE('',*,*,#962,.F.);
#1236=ORIENTED_EDGE('',*,*,#963,.T.);
#1237=ORIENTED_EDGE('',*,*,#964,.F.);
#1238=ORIENTED_EDGE('',*,*,#965,.T.);
#1239=ORIENTED_EDGE('',*,*,#962,.T.);
#1240=ORIENTED_EDGE('',*,*,#965,.F.);
#1241=ORIENTED_EDGE('',*,*,#963,.F.);
#1242=ORIENTED_EDGE('',*,*,#966,.T.);
#1243=ORIENTED_EDGE('',*,*,#967,.F.);
#1244=ORIENTED_EDGE('',*,*,#966,.F.);
#1245=ORIENTED_EDGE('',*,*,#968,.T.);
#1246=ORIENTED_EDGE('',*,*,#969,.T.);
#1247=ORIENTED_EDGE('',*,*,#970,.T.);
#1248=ORIENTED_EDGE('',*,*,#969,.F.);
#1249=ORIENTED_EDGE('',*,*,#971,.F.);
#1250=ORIENTED_EDGE('',*,*,#972,.T.);
#1251=ORIENTED_EDGE('',*,*,#973,.F.);
#1252=ORIENTED_EDGE('',*,*,#972,.F.);
#1253=ORIENTED_EDGE('',*,*,#974,.F.);
#1254=ORIENTED_EDGE('',*,*,#975,.T.);
#1255=ORIENTED_EDGE('',*,*,#976,.F.);
#1256=ORIENTED_EDGE('',*,*,#975,.F.);
#1257=ORIENTED_EDGE('',*,*,#977,.F.);
#1258=ORIENTED_EDGE('',*,*,#978,.T.);
#1259=ORIENTED_EDGE('',*,*,#979,.F.);
#1260=ORIENTED_EDGE('',*,*,#978,.F.);
#1261=ORIENTED_EDGE('',*,*,#980,.F.);
#1262=ORIENTED_EDGE('',*,*,#981,.T.);
#1263=ORIENTED_EDGE('',*,*,#982,.F.);
#1264=ORIENTED_EDGE('',*,*,#981,.F.);
#1265=ORIENTED_EDGE('',*,*,#983,.F.);
#1266=ORIENTED_EDGE('',*,*,#980,.T.);
#1267=ORIENTED_EDGE('',*,*,#984,.F.);
#1268=ORIENTED_EDGE('',*,*,#974,.T.);
#1269=ORIENTED_EDGE('',*,*,#985,.F.);
#1270=ORIENTED_EDGE('',*,*,#971,.T.);
#1271=ORIENTED_EDGE('',*,*,#986,.F.);
#1272=ORIENTED_EDGE('',*,*,#977,.T.);
#1273=ORIENTED_EDGE('',*,*,#987,.F.);
#1274=ORIENTED_EDGE('',*,*,#988,.F.);
#1275=ORIENTED_EDGE('',*,*,#989,.F.);
#1276=ORIENTED_EDGE('',*,*,#990,.F.);
#1277=ORIENTED_EDGE('',*,*,#991,.F.);
#1278=ORIENTED_EDGE('',*,*,#992,.F.);
#1279=ORIENTED_EDGE('',*,*,#993,.F.);
#1280=ORIENTED_EDGE('',*,*,#994,.F.);
#1281=ORIENTED_EDGE('',*,*,#995,.F.);
#1282=ORIENTED_EDGE('',*,*,#996,.F.);
#1283=ORIENTED_EDGE('',*,*,#997,.F.);
#1284=ORIENTED_EDGE('',*,*,#998,.F.);
#1285=ORIENTED_EDGE('',*,*,#999,.F.);
#1286=ORIENTED_EDGE('',*,*,#1000,.F.);
#1287=ORIENTED_EDGE('',*,*,#1001,.F.);
#1288=ORIENTED_EDGE('',*,*,#1002,.F.);
#1289=ORIENTED_EDGE('',*,*,#1003,.F.);
#1290=ORIENTED_EDGE('',*,*,#1004,.F.);
#1291=ORIENTED_EDGE('',*,*,#1005,.F.);
#1292=ORIENTED_EDGE('',*,*,#1006,.F.);
#1293=ORIENTED_EDGE('',*,*,#1007,.F.);
#1294=ORIENTED_EDGE('',*,*,#1008,.F.);
#1295=ORIENTED_EDGE('',*,*,#976,.T.);
#1296=ORIENTED_EDGE('',*,*,#973,.T.);
#1297=ORIENTED_EDGE('',*,*,#1009,.F.);
#1298=ORIENTED_EDGE('',*,*,#1010,.F.);
#1299=ORIENTED_EDGE('',*,*,#1011,.F.);
#1300=ORIENTED_EDGE('',*,*,#1012,.F.);
#1301=ORIENTED_EDGE('',*,*,#982,.T.);
#1302=ORIENTED_EDGE('',*,*,#979,.T.);
#1303=ORIENTED_EDGE('',*,*,#1013,.F.);
#1304=ORIENTED_EDGE('',*,*,#1014,.F.);
#1305=ORIENTED_EDGE('',*,*,#1015,.F.);
#1306=ORIENTED_EDGE('',*,*,#1016,.F.);
#1307=ORIENTED_EDGE('',*,*,#1017,.F.);
#1308=ORIENTED_EDGE('',*,*,#1018,.F.);
#1309=ORIENTED_EDGE('',*,*,#1019,.F.);
#1310=ORIENTED_EDGE('',*,*,#1020,.F.);
#1311=ORIENTED_EDGE('',*,*,#1021,.T.);
#1312=ORIENTED_EDGE('',*,*,#1022,.F.);
#1313=ORIENTED_EDGE('',*,*,#1023,.F.);
#1314=ORIENTED_EDGE('',*,*,#1024,.F.);
#1315=ORIENTED_EDGE('',*,*,#1025,.F.);
#1316=ORIENTED_EDGE('',*,*,#1026,.F.);
#1317=ORIENTED_EDGE('',*,*,#1027,.T.);
#1318=ORIENTED_EDGE('',*,*,#1028,.F.);
#1319=ORIENTED_EDGE('',*,*,#1029,.T.);
#1320=ORIENTED_EDGE('',*,*,#1030,.F.);
#1321=ORIENTED_EDGE('',*,*,#1031,.T.);
#1322=ORIENTED_EDGE('',*,*,#1032,.F.);
#1323=ORIENTED_EDGE('',*,*,#1033,.F.);
#1324=ORIENTED_EDGE('',*,*,#1034,.F.);
#1325=ORIENTED_EDGE('',*,*,#1035,.F.);
#1326=ORIENTED_EDGE('',*,*,#1036,.F.);
#1327=ORIENTED_EDGE('',*,*,#1037,.F.);
#1328=ORIENTED_EDGE('',*,*,#1038,.T.);
#1329=ORIENTED_EDGE('',*,*,#983,.T.);
#1330=ORIENTED_EDGE('',*,*,#1038,.F.);
#1331=ORIENTED_EDGE('',*,*,#1039,.F.);
#1332=ORIENTED_EDGE('',*,*,#1040,.T.);
#1333=ORIENTED_EDGE('',*,*,#984,.T.);
#1334=ORIENTED_EDGE('',*,*,#1040,.F.);
#1335=ORIENTED_EDGE('',*,*,#1041,.F.);
#1336=ORIENTED_EDGE('',*,*,#1042,.T.);
#1337=ORIENTED_EDGE('',*,*,#985,.T.);
#1338=ORIENTED_EDGE('',*,*,#1042,.F.);
#1339=ORIENTED_EDGE('',*,*,#1043,.F.);
#1340=ORIENTED_EDGE('',*,*,#1044,.T.);
#1341=ORIENTED_EDGE('',*,*,#986,.T.);
#1342=ORIENTED_EDGE('',*,*,#1044,.F.);
#1343=ORIENTED_EDGE('',*,*,#1045,.T.);
#1344=ORIENTED_EDGE('',*,*,#1046,.T.);
#1345=ORIENTED_EDGE('',*,*,#1047,.T.);
#1346=ORIENTED_EDGE('',*,*,#1048,.F.);
#1347=ORIENTED_EDGE('',*,*,#1049,.T.);
#1348=ORIENTED_EDGE('',*,*,#1050,.T.);
#1349=ORIENTED_EDGE('',*,*,#1046,.F.);
#1350=ORIENTED_EDGE('',*,*,#1051,.F.);
#1351=ORIENTED_EDGE('',*,*,#1049,.F.);
#1352=ORIENTED_EDGE('',*,*,#1052,.F.);
#1353=ORIENTED_EDGE('',*,*,#1053,.T.);
#1354=ORIENTED_EDGE('',*,*,#1054,.F.);
#1355=ORIENTED_EDGE('',*,*,#1053,.F.);
#1356=ORIENTED_EDGE('',*,*,#1055,.T.);
#1357=ORIENTED_EDGE('',*,*,#1056,.T.);
#1358=ORIENTED_EDGE('',*,*,#1057,.F.);
#1359=ORIENTED_EDGE('',*,*,#1056,.F.);
#1360=ORIENTED_EDGE('',*,*,#1058,.F.);
#1361=ORIENTED_EDGE('',*,*,#1059,.F.);
#1362=ORIENTED_EDGE('',*,*,#1060,.F.);
#1363=ORIENTED_EDGE('',*,*,#1059,.T.);
#1364=ORIENTED_EDGE('',*,*,#1061,.T.);
#1365=ORIENTED_EDGE('',*,*,#1062,.T.);
#1366=ORIENTED_EDGE('',*,*,#1063,.F.);
#1367=ORIENTED_EDGE('',*,*,#1062,.F.);
#1368=ORIENTED_EDGE('',*,*,#1064,.T.);
#1369=ORIENTED_EDGE('',*,*,#1065,.T.);
#1370=ORIENTED_EDGE('',*,*,#1066,.F.);
#1371=ORIENTED_EDGE('',*,*,#1065,.F.);
#1372=ORIENTED_EDGE('',*,*,#1067,.F.);
#1373=ORIENTED_EDGE('',*,*,#1068,.F.);
#1374=ORIENTED_EDGE('',*,*,#1069,.F.);
#1375=ORIENTED_EDGE('',*,*,#1068,.T.);
#1376=ORIENTED_EDGE('',*,*,#1070,.T.);
#1377=ORIENTED_EDGE('',*,*,#1071,.F.);
#1378=ORIENTED_EDGE('',*,*,#1072,.F.);
#1379=ORIENTED_EDGE('',*,*,#1071,.T.);
#1380=ORIENTED_EDGE('',*,*,#1073,.T.);
#1381=ORIENTED_EDGE('',*,*,#1074,.T.);
#1382=ORIENTED_EDGE('',*,*,#1075,.F.);
#1383=ORIENTED_EDGE('',*,*,#1074,.F.);
#1384=ORIENTED_EDGE('',*,*,#1076,.F.);
#1385=ORIENTED_EDGE('',*,*,#1077,.T.);
#1386=ORIENTED_EDGE('',*,*,#1078,.F.);
#1387=ORIENTED_EDGE('',*,*,#1077,.F.);
#1388=ORIENTED_EDGE('',*,*,#1079,.T.);
#1389=ORIENTED_EDGE('',*,*,#1080,.T.);
#1390=ORIENTED_EDGE('',*,*,#1081,.F.);
#1391=ORIENTED_EDGE('',*,*,#1080,.F.);
#1392=ORIENTED_EDGE('',*,*,#1082,.F.);
#1393=ORIENTED_EDGE('',*,*,#1083,.T.);
#1394=ORIENTED_EDGE('',*,*,#1084,.F.);
#1395=ORIENTED_EDGE('',*,*,#1083,.F.);
#1396=ORIENTED_EDGE('',*,*,#1085,.T.);
#1397=ORIENTED_EDGE('',*,*,#1086,.F.);
#1398=ORIENTED_EDGE('',*,*,#1087,.F.);
#1399=ORIENTED_EDGE('',*,*,#1088,.T.);
#1400=ORIENTED_EDGE('',*,*,#1089,.T.);
#1401=ORIENTED_EDGE('',*,*,#1090,.T.);
#1402=ORIENTED_EDGE('',*,*,#1086,.T.);
#1403=ORIENTED_EDGE('',*,*,#1091,.T.);
#1404=ORIENTED_EDGE('',*,*,#1092,.T.);
#1405=ORIENTED_EDGE('',*,*,#1093,.F.);
#1406=ORIENTED_EDGE('',*,*,#1089,.F.);
#1407=ORIENTED_EDGE('',*,*,#1094,.T.);
#1408=ORIENTED_EDGE('',*,*,#1095,.T.);
#1409=ORIENTED_EDGE('',*,*,#1096,.T.);
#1410=ORIENTED_EDGE('',*,*,#1092,.F.);
#1411=ORIENTED_EDGE('',*,*,#1097,.T.);
#1412=ORIENTED_EDGE('',*,*,#1048,.T.);
#1413=ORIENTED_EDGE('',*,*,#1098,.F.);
#1414=ORIENTED_EDGE('',*,*,#1095,.F.);
#1415=ORIENTED_EDGE('',*,*,#1099,.F.);
#1416=ORIENTED_EDGE('',*,*,#1100,.T.);
#1417=ORIENTED_EDGE('',*,*,#989,.T.);
#1418=ORIENTED_EDGE('',*,*,#1101,.F.);
#1419=ORIENTED_EDGE('',*,*,#1102,.F.);
#1420=ORIENTED_EDGE('',*,*,#1103,.T.);
#1421=ORIENTED_EDGE('',*,*,#990,.T.);
#1422=ORIENTED_EDGE('',*,*,#1100,.F.);
#1423=ORIENTED_EDGE('',*,*,#1104,.F.);
#1424=ORIENTED_EDGE('',*,*,#1105,.T.);
#1425=ORIENTED_EDGE('',*,*,#991,.T.);
#1426=ORIENTED_EDGE('',*,*,#1103,.F.);
#1427=ORIENTED_EDGE('',*,*,#1106,.F.);
#1428=ORIENTED_EDGE('',*,*,#1107,.T.);
#1429=ORIENTED_EDGE('',*,*,#992,.T.);
#1430=ORIENTED_EDGE('',*,*,#1105,.F.);
#1431=ORIENTED_EDGE('',*,*,#1108,.F.);
#1432=ORIENTED_EDGE('',*,*,#1109,.T.);
#1433=ORIENTED_EDGE('',*,*,#987,.T.);
#1434=ORIENTED_EDGE('',*,*,#1107,.F.);
#1435=ORIENTED_EDGE('',*,*,#1110,.F.);
#1436=ORIENTED_EDGE('',*,*,#1101,.T.);
#1437=ORIENTED_EDGE('',*,*,#988,.T.);
#1438=ORIENTED_EDGE('',*,*,#1109,.F.);
#1439=ORIENTED_EDGE('',*,*,#1111,.F.);
#1440=ORIENTED_EDGE('',*,*,#1112,.T.);
#1441=ORIENTED_EDGE('',*,*,#995,.T.);
#1442=ORIENTED_EDGE('',*,*,#1113,.F.);
#1443=ORIENTED_EDGE('',*,*,#1114,.F.);
#1444=ORIENTED_EDGE('',*,*,#1115,.T.);
#1445=ORIENTED_EDGE('',*,*,#996,.T.);
#1446=ORIENTED_EDGE('',*,*,#1112,.F.);
#1447=ORIENTED_EDGE('',*,*,#1116,.F.);
#1448=ORIENTED_EDGE('',*,*,#1117,.T.);
#1449=ORIENTED_EDGE('',*,*,#997,.T.);
#1450=ORIENTED_EDGE('',*,*,#1115,.F.);
#1451=ORIENTED_EDGE('',*,*,#1118,.F.);
#1452=ORIENTED_EDGE('',*,*,#1119,.T.);
#1453=ORIENTED_EDGE('',*,*,#998,.T.);
#1454=ORIENTED_EDGE('',*,*,#1117,.F.);
#1455=ORIENTED_EDGE('',*,*,#1120,.F.);
#1456=ORIENTED_EDGE('',*,*,#1121,.T.);
#1457=ORIENTED_EDGE('',*,*,#993,.T.);
#1458=ORIENTED_EDGE('',*,*,#1119,.F.);
#1459=ORIENTED_EDGE('',*,*,#1122,.F.);
#1460=ORIENTED_EDGE('',*,*,#1113,.T.);
#1461=ORIENTED_EDGE('',*,*,#994,.T.);
#1462=ORIENTED_EDGE('',*,*,#1121,.F.);
#1463=ORIENTED_EDGE('',*,*,#1123,.F.);
#1464=ORIENTED_EDGE('',*,*,#1124,.T.);
#1465=ORIENTED_EDGE('',*,*,#1001,.T.);
#1466=ORIENTED_EDGE('',*,*,#1125,.F.);
#1467=ORIENTED_EDGE('',*,*,#1126,.F.);
#1468=ORIENTED_EDGE('',*,*,#1127,.T.);
#1469=ORIENTED_EDGE('',*,*,#1002,.T.);
#1470=ORIENTED_EDGE('',*,*,#1124,.F.);
#1471=ORIENTED_EDGE('',*,*,#1128,.F.);
#1472=ORIENTED_EDGE('',*,*,#1129,.T.);
#1473=ORIENTED_EDGE('',*,*,#1003,.T.);
#1474=ORIENTED_EDGE('',*,*,#1127,.F.);
#1475=ORIENTED_EDGE('',*,*,#1130,.F.);
#1476=ORIENTED_EDGE('',*,*,#1131,.T.);
#1477=ORIENTED_EDGE('',*,*,#1004,.T.);
#1478=ORIENTED_EDGE('',*,*,#1129,.F.);
#1479=ORIENTED_EDGE('',*,*,#1132,.F.);
#1480=ORIENTED_EDGE('',*,*,#1133,.T.);
#1481=ORIENTED_EDGE('',*,*,#999,.T.);
#1482=ORIENTED_EDGE('',*,*,#1131,.F.);
#1483=ORIENTED_EDGE('',*,*,#1134,.F.);
#1484=ORIENTED_EDGE('',*,*,#1125,.T.);
#1485=ORIENTED_EDGE('',*,*,#1000,.T.);
#1486=ORIENTED_EDGE('',*,*,#1133,.F.);
#1487=ORIENTED_EDGE('',*,*,#1135,.F.);
#1488=ORIENTED_EDGE('',*,*,#1136,.T.);
#1489=ORIENTED_EDGE('',*,*,#1006,.T.);
#1490=ORIENTED_EDGE('',*,*,#1137,.F.);
#1491=ORIENTED_EDGE('',*,*,#1138,.F.);
#1492=ORIENTED_EDGE('',*,*,#1139,.T.);
#1493=ORIENTED_EDGE('',*,*,#1007,.T.);
#1494=ORIENTED_EDGE('',*,*,#1136,.F.);
#1495=ORIENTED_EDGE('',*,*,#1140,.F.);
#1496=ORIENTED_EDGE('',*,*,#1141,.F.);
#1497=ORIENTED_EDGE('',*,*,#1008,.T.);
#1498=ORIENTED_EDGE('',*,*,#1139,.F.);
#1499=ORIENTED_EDGE('',*,*,#1137,.T.);
#1500=ORIENTED_EDGE('',*,*,#1005,.T.);
#1501=ORIENTED_EDGE('',*,*,#1141,.T.);
#1502=ORIENTED_EDGE('',*,*,#1142,.F.);
#1503=ORIENTED_EDGE('',*,*,#1143,.T.);
#1504=ORIENTED_EDGE('',*,*,#1144,.F.);
#1505=ORIENTED_EDGE('',*,*,#1145,.T.);
#1506=ORIENTED_EDGE('',*,*,#1009,.T.);
#1507=ORIENTED_EDGE('',*,*,#1146,.F.);
#1508=ORIENTED_EDGE('',*,*,#1147,.T.);
#1509=ORIENTED_EDGE('',*,*,#1010,.T.);
#1510=ORIENTED_EDGE('',*,*,#1145,.F.);
#1511=ORIENTED_EDGE('',*,*,#1148,.F.);
#1512=ORIENTED_EDGE('',*,*,#1149,.T.);
#1513=ORIENTED_EDGE('',*,*,#1011,.T.);
#1514=ORIENTED_EDGE('',*,*,#1147,.F.);
#1515=ORIENTED_EDGE('',*,*,#1150,.F.);
#1516=ORIENTED_EDGE('',*,*,#1143,.F.);
#1517=ORIENTED_EDGE('',*,*,#1012,.T.);
#1518=ORIENTED_EDGE('',*,*,#1149,.F.);
#1519=ORIENTED_EDGE('',*,*,#1151,.F.);
#1520=ORIENTED_EDGE('',*,*,#1152,.T.);
#1521=ORIENTED_EDGE('',*,*,#1015,.T.);
#1522=ORIENTED_EDGE('',*,*,#1153,.F.);
#1523=ORIENTED_EDGE('',*,*,#1154,.F.);
#1524=ORIENTED_EDGE('',*,*,#1155,.T.);
#1525=ORIENTED_EDGE('',*,*,#1016,.T.);
#1526=ORIENTED_EDGE('',*,*,#1152,.F.);
#1527=ORIENTED_EDGE('',*,*,#1156,.F.);
#1528=ORIENTED_EDGE('',*,*,#1157,.T.);
#1529=ORIENTED_EDGE('',*,*,#1017,.T.);
#1530=ORIENTED_EDGE('',*,*,#1155,.F.);
#1531=ORIENTED_EDGE('',*,*,#1158,.F.);
#1532=ORIENTED_EDGE('',*,*,#1159,.T.);
#1533=ORIENTED_EDGE('',*,*,#1018,.T.);
#1534=ORIENTED_EDGE('',*,*,#1157,.F.);
#1535=ORIENTED_EDGE('',*,*,#1160,.F.);
#1536=ORIENTED_EDGE('',*,*,#1161,.T.);
#1537=ORIENTED_EDGE('',*,*,#1019,.T.);
#1538=ORIENTED_EDGE('',*,*,#1159,.F.);
#1539=ORIENTED_EDGE('',*,*,#1162,.F.);
#1540=ORIENTED_EDGE('',*,*,#1163,.T.);
#1541=ORIENTED_EDGE('',*,*,#1020,.T.);
#1542=ORIENTED_EDGE('',*,*,#1161,.F.);
#1543=ORIENTED_EDGE('',*,*,#1164,.F.);
#1544=ORIENTED_EDGE('',*,*,#1165,.T.);
#1545=ORIENTED_EDGE('',*,*,#1013,.T.);
#1546=ORIENTED_EDGE('',*,*,#1163,.F.);
#1547=ORIENTED_EDGE('',*,*,#1166,.F.);
#1548=ORIENTED_EDGE('',*,*,#1153,.T.);
#1549=ORIENTED_EDGE('',*,*,#1014,.T.);
#1550=ORIENTED_EDGE('',*,*,#1165,.F.);
#1551=ORIENTED_EDGE('',*,*,#1167,.F.);
#1552=ORIENTED_EDGE('',*,*,#1168,.T.);
#1553=ORIENTED_EDGE('',*,*,#1025,.T.);
#1554=ORIENTED_EDGE('',*,*,#1169,.F.);
#1555=ORIENTED_EDGE('',*,*,#1170,.F.);
#1556=ORIENTED_EDGE('',*,*,#1026,.T.);
#1557=ORIENTED_EDGE('',*,*,#1168,.F.);
#1558=ORIENTED_EDGE('',*,*,#1171,.F.);
#1559=ORIENTED_EDGE('',*,*,#1027,.F.);
#1560=ORIENTED_EDGE('',*,*,#1170,.T.);
#1561=ORIENTED_EDGE('',*,*,#1172,.T.);
#1562=ORIENTED_EDGE('',*,*,#1173,.T.);
#1563=ORIENTED_EDGE('',*,*,#1174,.F.);
#1564=ORIENTED_EDGE('',*,*,#1028,.T.);
#1565=ORIENTED_EDGE('',*,*,#1173,.F.);
#1566=ORIENTED_EDGE('',*,*,#1175,.F.);
#1567=ORIENTED_EDGE('',*,*,#1021,.F.);
#1568=ORIENTED_EDGE('',*,*,#1174,.T.);
#1569=ORIENTED_EDGE('',*,*,#1176,.T.);
#1570=ORIENTED_EDGE('',*,*,#1177,.T.);
#1571=ORIENTED_EDGE('',*,*,#1177,.F.);
#1572=ORIENTED_EDGE('',*,*,#1178,.F.);
#1573=ORIENTED_EDGE('',*,*,#1179,.T.);
#1574=ORIENTED_EDGE('',*,*,#1022,.T.);
#1575=ORIENTED_EDGE('',*,*,#1180,.F.);
#1576=ORIENTED_EDGE('',*,*,#1181,.T.);
#1577=ORIENTED_EDGE('',*,*,#1023,.T.);
#1578=ORIENTED_EDGE('',*,*,#1179,.F.);
#1579=ORIENTED_EDGE('',*,*,#1182,.F.);
#1580=ORIENTED_EDGE('',*,*,#1169,.T.);
#1581=ORIENTED_EDGE('',*,*,#1024,.T.);
#1582=ORIENTED_EDGE('',*,*,#1181,.F.);
#1583=ORIENTED_EDGE('',*,*,#1183,.F.);
#1584=ORIENTED_EDGE('',*,*,#1184,.T.);
#1585=ORIENTED_EDGE('',*,*,#1034,.T.);
#1586=ORIENTED_EDGE('',*,*,#1185,.F.);
#1587=ORIENTED_EDGE('',*,*,#1186,.F.);
#1588=ORIENTED_EDGE('',*,*,#1187,.T.);
#1589=ORIENTED_EDGE('',*,*,#1035,.T.);
#1590=ORIENTED_EDGE('',*,*,#1184,.F.);
#1591=ORIENTED_EDGE('',*,*,#1188,.F.);
#1592=ORIENTED_EDGE('',*,*,#1036,.T.);
#1593=ORIENTED_EDGE('',*,*,#1187,.F.);
#1594=ORIENTED_EDGE('',*,*,#1189,.F.);
#1595=ORIENTED_EDGE('',*,*,#1029,.F.);
#1596=ORIENTED_EDGE('',*,*,#1188,.T.);
#1597=ORIENTED_EDGE('',*,*,#1190,.T.);
#1598=ORIENTED_EDGE('',*,*,#1191,.T.);
#1599=ORIENTED_EDGE('',*,*,#1191,.F.);
#1600=ORIENTED_EDGE('',*,*,#1192,.F.);
#1601=ORIENTED_EDGE('',*,*,#1193,.F.);
#1602=ORIENTED_EDGE('',*,*,#1030,.T.);
#1603=ORIENTED_EDGE('',*,*,#1031,.F.);
#1604=ORIENTED_EDGE('',*,*,#1193,.T.);
#1605=ORIENTED_EDGE('',*,*,#1194,.T.);
#1606=ORIENTED_EDGE('',*,*,#1195,.T.);
#1607=ORIENTED_EDGE('',*,*,#1195,.F.);
#1608=ORIENTED_EDGE('',*,*,#1196,.F.);
#1609=ORIENTED_EDGE('',*,*,#1197,.T.);
#1610=ORIENTED_EDGE('',*,*,#1032,.T.);
#1611=ORIENTED_EDGE('',*,*,#1198,.F.);
#1612=ORIENTED_EDGE('',*,*,#1185,.T.);
#1613=ORIENTED_EDGE('',*,*,#1033,.T.);
#1614=ORIENTED_EDGE('',*,*,#1197,.F.);
#1615=ORIENTED_EDGE('',*,*,#1098,.T.);
#1616=ORIENTED_EDGE('',*,*,#1047,.F.);
#1617=ORIENTED_EDGE('',*,*,#1050,.F.);
#1618=ORIENTED_EDGE('',*,*,#1054,.T.);
#1619=ORIENTED_EDGE('',*,*,#1057,.T.);
#1620=ORIENTED_EDGE('',*,*,#1060,.T.);
#1621=ORIENTED_EDGE('',*,*,#1063,.T.);
#1622=ORIENTED_EDGE('',*,*,#1066,.T.);
#1623=ORIENTED_EDGE('',*,*,#1069,.T.);
#1624=ORIENTED_EDGE('',*,*,#1072,.T.);
#1625=ORIENTED_EDGE('',*,*,#1075,.T.);
#1626=ORIENTED_EDGE('',*,*,#1078,.T.);
#1627=ORIENTED_EDGE('',*,*,#1081,.T.);
#1628=ORIENTED_EDGE('',*,*,#1084,.T.);
#1629=ORIENTED_EDGE('',*,*,#1087,.T.);
#1630=ORIENTED_EDGE('',*,*,#1090,.F.);
#1631=ORIENTED_EDGE('',*,*,#1093,.T.);
#1632=ORIENTED_EDGE('',*,*,#1096,.F.);
#1633=ORIENTED_EDGE('',*,*,#1199,.T.);
#1634=ORIENTED_EDGE('',*,*,#1037,.T.);
#1635=ORIENTED_EDGE('',*,*,#1039,.T.);
#1636=ORIENTED_EDGE('',*,*,#1041,.T.);
#1637=ORIENTED_EDGE('',*,*,#1043,.T.);
#1638=ORIENTED_EDGE('',*,*,#964,.T.);
#1639=ORIENTED_EDGE('',*,*,#958,.T.);
#1640=ORIENTED_EDGE('',*,*,#952,.T.);
#1641=ORIENTED_EDGE('',*,*,#946,.T.);
#1642=ORIENTED_EDGE('',*,*,#1097,.F.);
#1643=ORIENTED_EDGE('',*,*,#1094,.F.);
#1644=ORIENTED_EDGE('',*,*,#1091,.F.);
#1645=ORIENTED_EDGE('',*,*,#1088,.F.);
#1646=ORIENTED_EDGE('',*,*,#1085,.F.);
#1647=ORIENTED_EDGE('',*,*,#1082,.T.);
#1648=ORIENTED_EDGE('',*,*,#1079,.F.);
#1649=ORIENTED_EDGE('',*,*,#1076,.T.);
#1650=ORIENTED_EDGE('',*,*,#1073,.F.);
#1651=ORIENTED_EDGE('',*,*,#1070,.F.);
#1652=ORIENTED_EDGE('',*,*,#1067,.T.);
#1653=ORIENTED_EDGE('',*,*,#1064,.F.);
#1654=ORIENTED_EDGE('',*,*,#1061,.F.);
#1655=ORIENTED_EDGE('',*,*,#1058,.T.);
#1656=ORIENTED_EDGE('',*,*,#1055,.F.);
#1657=ORIENTED_EDGE('',*,*,#1052,.T.);
#1658=ORIENTED_EDGE('',*,*,#1051,.T.);
#1659=ORIENTED_EDGE('',*,*,#1045,.F.);
#1660=ORIENTED_EDGE('',*,*,#1110,.T.);
#1661=ORIENTED_EDGE('',*,*,#1108,.T.);
#1662=ORIENTED_EDGE('',*,*,#1106,.T.);
#1663=ORIENTED_EDGE('',*,*,#1104,.T.);
#1664=ORIENTED_EDGE('',*,*,#1102,.T.);
#1665=ORIENTED_EDGE('',*,*,#1099,.T.);
#1666=ORIENTED_EDGE('',*,*,#1122,.T.);
#1667=ORIENTED_EDGE('',*,*,#1120,.T.);
#1668=ORIENTED_EDGE('',*,*,#1118,.T.);
#1669=ORIENTED_EDGE('',*,*,#1116,.T.);
#1670=ORIENTED_EDGE('',*,*,#1114,.T.);
#1671=ORIENTED_EDGE('',*,*,#1111,.T.);
#1672=ORIENTED_EDGE('',*,*,#1134,.T.);
#1673=ORIENTED_EDGE('',*,*,#1132,.T.);
#1674=ORIENTED_EDGE('',*,*,#1130,.T.);
#1675=ORIENTED_EDGE('',*,*,#1128,.T.);
#1676=ORIENTED_EDGE('',*,*,#1126,.T.);
#1677=ORIENTED_EDGE('',*,*,#1123,.T.);
#1678=ORIENTED_EDGE('',*,*,#1142,.T.);
#1679=ORIENTED_EDGE('',*,*,#1140,.T.);
#1680=ORIENTED_EDGE('',*,*,#1138,.T.);
#1681=ORIENTED_EDGE('',*,*,#1135,.T.);
#1682=ORIENTED_EDGE('',*,*,#1150,.T.);
#1683=ORIENTED_EDGE('',*,*,#1148,.T.);
#1684=ORIENTED_EDGE('',*,*,#1146,.T.);
#1685=ORIENTED_EDGE('',*,*,#1144,.T.);
#1686=ORIENTED_EDGE('',*,*,#1200,.T.);
#1687=ORIENTED_EDGE('',*,*,#1166,.T.);
#1688=ORIENTED_EDGE('',*,*,#1164,.T.);
#1689=ORIENTED_EDGE('',*,*,#1162,.T.);
#1690=ORIENTED_EDGE('',*,*,#1160,.T.);
#1691=ORIENTED_EDGE('',*,*,#1158,.T.);
#1692=ORIENTED_EDGE('',*,*,#1156,.T.);
#1693=ORIENTED_EDGE('',*,*,#1154,.T.);
#1694=ORIENTED_EDGE('',*,*,#1151,.T.);
#1695=ORIENTED_EDGE('',*,*,#1182,.T.);
#1696=ORIENTED_EDGE('',*,*,#1180,.T.);
#1697=ORIENTED_EDGE('',*,*,#1178,.T.);
#1698=ORIENTED_EDGE('',*,*,#1176,.F.);
#1699=ORIENTED_EDGE('',*,*,#1175,.T.);
#1700=ORIENTED_EDGE('',*,*,#1172,.F.);
#1701=ORIENTED_EDGE('',*,*,#1171,.T.);
#1702=ORIENTED_EDGE('',*,*,#1167,.T.);
#1703=ORIENTED_EDGE('',*,*,#1198,.T.);
#1704=ORIENTED_EDGE('',*,*,#1196,.T.);
#1705=ORIENTED_EDGE('',*,*,#1194,.F.);
#1706=ORIENTED_EDGE('',*,*,#1192,.T.);
#1707=ORIENTED_EDGE('',*,*,#1190,.F.);
#1708=ORIENTED_EDGE('',*,*,#1189,.T.);
#1709=ORIENTED_EDGE('',*,*,#1186,.T.);
#1710=ORIENTED_EDGE('',*,*,#1183,.T.);
#1711=ORIENTED_EDGE('',*,*,#967,.T.);
#1712=ORIENTED_EDGE('',*,*,#961,.T.);
#1713=ORIENTED_EDGE('',*,*,#955,.T.);
#1714=ORIENTED_EDGE('',*,*,#949,.T.);
#1715=ORIENTED_EDGE('',*,*,#1199,.F.);
#1716=ORIENTED_EDGE('',*,*,#1201,.T.);
#1717=ORIENTED_EDGE('',*,*,#1202,.T.);
#1718=ORIENTED_EDGE('',*,*,#1201,.F.);
#1719=ORIENTED_EDGE('',*,*,#1203,.T.);
#1720=ORIENTED_EDGE('',*,*,#1204,.T.);
#1721=ORIENTED_EDGE('',*,*,#1200,.F.);
#1722=ORIENTED_EDGE('',*,*,#1204,.F.);
#1723=ORIENTED_EDGE('',*,*,#1202,.F.);
#1724=ORIENTED_EDGE('',*,*,#970,.F.);
#1725=ORIENTED_EDGE('',*,*,#968,.F.);
#1726=ORIENTED_EDGE('',*,*,#1203,.F.);
#1727=PLANE('',#1902);
#1728=PLANE('',#1909);
#1729=PLANE('',#1916);
#1730=PLANE('',#1923);
#1731=PLANE('',#1945);
#1732=PLANE('',#1947);
#1733=PLANE('',#1949);
#1734=PLANE('',#1951);
#1735=PLANE('',#1953);
#1736=PLANE('',#1957);
#1737=PLANE('',#1961);
#1738=PLANE('',#1965);
#1739=PLANE('',#1966);
#1740=PLANE('',#1967);
#1741=PLANE('',#1975);
#1742=PLANE('',#1981);
#1743=PLANE('',#1995);
#1744=PLANE('',#1996);
#1745=PLANE('',#1997);
#1746=PLANE('',#2001);
#1747=PLANE('',#2008);
#1748=PLANE('',#2015);
#1749=PLANE('',#2019);
#1750=PLANE('',#2020);
#1751=PLANE('',#2021);
#1752=PLANE('',#2025);
#1753=PLANE('',#2031);
#1754=PLANE('',#2034);
#1755=PLANE('',#2037);
#1756=PLANE('',#2040);
#1757=PLANE('',#2043);
#1758=PLANE('',#2046);
#1759=PLANE('',#2049);
#1760=PLANE('',#2052);
#1761=PLANE('',#2055);
#1762=PLANE('',#2056);
#1763=PLANE('',#2057);
#1764=PLANE('',#2058);
#1765=PLANE('',#2059);
#1766=PLANE('',#2060);
#1767=PLANE('',#2061);
#1768=PLANE('',#2062);
#1769=PLANE('',#2063);
#1770=PLANE('',#2070);
#1771=PLANE('',#2081);
#1772=PLANE('',#2088);
#1773=PLANE('',#2091);
#1774=PLANE('',#2092);
#1775=PLANE('',#2095);
#1776=PLANE('',#2102);
#1777=PLANE('',#2105);
#1778=PLANE('',#2107);
#1779=PLANE('',#2113);
#1780=PLANE('',#2114);
#1781=ADVANCED_FACE('',(#414,#378),#1727,.F.);
#1782=ADVANCED_FACE('',(#415),#325,.F.);
#1783=ADVANCED_FACE('',(#416),#326,.F.);
#1784=ADVANCED_FACE('',(#417,#379),#1728,.F.);
#1785=ADVANCED_FACE('',(#418),#327,.F.);
#1786=ADVANCED_FACE('',(#419),#328,.F.);
#1787=ADVANCED_FACE('',(#420,#380),#1729,.F.);
#1788=ADVANCED_FACE('',(#421),#329,.F.);
#1789=ADVANCED_FACE('',(#422),#330,.F.);
#1790=ADVANCED_FACE('',(#423,#381),#1730,.F.);
#1791=ADVANCED_FACE('',(#424),#331,.F.);
#1792=ADVANCED_FACE('',(#425),#332,.F.);
#1793=ADVANCED_FACE('',(#426),#333,.T.);
#1794=ADVANCED_FACE('',(#427),#334,.F.);
#1795=ADVANCED_FACE('',(#428),#335,.F.);
#1796=ADVANCED_FACE('',(#429),#336,.F.);
#1797=ADVANCED_FACE('',(#430),#337,.F.);
#1798=ADVANCED_FACE('',(#431,#382),#1731,.F.);
#1799=ADVANCED_FACE('',(#432,#383),#1732,.F.);
#1800=ADVANCED_FACE('',(#433,#384),#1733,.F.);
#1801=ADVANCED_FACE('',(#434,#385),#1734,.F.);
#1802=ADVANCED_FACE('',(#435),#1735,.T.);
#1803=ADVANCED_FACE('',(#436),#1736,.T.);
#1804=ADVANCED_FACE('',(#437),#1737,.T.);
#1805=ADVANCED_FACE('',(#438,#386,#387),#1738,.F.);
#1806=ADVANCED_FACE('',(#439,#388,#389),#1739,.F.);
#1807=ADVANCED_FACE('',(#440),#1740,.T.);
#1808=ADVANCED_FACE('',(#441),#1741,.T.);
#1809=ADVANCED_FACE('',(#442),#1742,.T.);
#1810=ADVANCED_FACE('',(#443),#338,.F.);
#1811=ADVANCED_FACE('',(#444),#339,.F.);
#1812=ADVANCED_FACE('',(#445),#340,.F.);
#1813=ADVANCED_FACE('',(#446),#341,.F.);
#1814=ADVANCED_FACE('',(#447),#1743,.T.);
#1815=ADVANCED_FACE('',(#448),#1744,.T.);
#1816=ADVANCED_FACE('',(#449),#1745,.T.);
#1817=ADVANCED_FACE('',(#450),#342,.T.);
#1818=ADVANCED_FACE('',(#451),#1746,.T.);
#1819=ADVANCED_FACE('',(#452),#343,.T.);
#1820=ADVANCED_FACE('',(#453),#344,.F.);
#1821=ADVANCED_FACE('',(#454),#1747,.T.);
#1822=ADVANCED_FACE('',(#455),#345,.F.);
#1823=ADVANCED_FACE('',(#456),#346,.T.);
#1824=ADVANCED_FACE('',(#457),#1748,.T.);
#1825=ADVANCED_FACE('',(#458),#347,.T.);
#1826=ADVANCED_FACE('',(#459),#1749,.T.);
#1827=ADVANCED_FACE('',(#460),#1750,.T.);
#1828=ADVANCED_FACE('',(#461),#1751,.T.);
#1829=ADVANCED_FACE('',(#462),#348,.T.);
#1830=ADVANCED_FACE('',(#463),#1752,.T.);
#1831=ADVANCED_FACE('',(#464),#349,.T.);
#1832=ADVANCED_FACE('',(#465),#350,.F.);
#1833=ADVANCED_FACE('',(#466),#1753,.F.);
#1834=ADVANCED_FACE('',(#467),#351,.F.);
#1835=ADVANCED_FACE('',(#468),#1754,.F.);
#1836=ADVANCED_FACE('',(#469),#352,.F.);
#1837=ADVANCED_FACE('',(#470),#1755,.F.);
#1838=ADVANCED_FACE('',(#471),#353,.F.);
#1839=ADVANCED_FACE('',(#472),#1756,.F.);
#1840=ADVANCED_FACE('',(#473),#354,.F.);
#1841=ADVANCED_FACE('',(#474),#1757,.F.);
#1842=ADVANCED_FACE('',(#475),#355,.F.);
#1843=ADVANCED_FACE('',(#476),#1758,.F.);
#1844=ADVANCED_FACE('',(#477),#356,.F.);
#1845=ADVANCED_FACE('',(#478),#1759,.F.);
#1846=ADVANCED_FACE('',(#479),#357,.F.);
#1847=ADVANCED_FACE('',(#480),#1760,.F.);
#1848=ADVANCED_FACE('',(#481),#358,.F.);
#1849=ADVANCED_FACE('',(#482),#1761,.F.);
#1850=ADVANCED_FACE('',(#483),#1762,.F.);
#1851=ADVANCED_FACE('',(#484),#1763,.F.);
#1852=ADVANCED_FACE('',(#485),#1764,.F.);
#1853=ADVANCED_FACE('',(#486),#1765,.T.);
#1854=ADVANCED_FACE('',(#487),#1766,.T.);
#1855=ADVANCED_FACE('',(#488),#1767,.F.);
#1856=ADVANCED_FACE('',(#489),#1768,.F.);
#1857=ADVANCED_FACE('',(#490),#1769,.F.);
#1858=ADVANCED_FACE('',(#491),#359,.F.);
#1859=ADVANCED_FACE('',(#492),#360,.F.);
#1860=ADVANCED_FACE('',(#493),#361,.F.);
#1861=ADVANCED_FACE('',(#494),#1770,.F.);
#1862=ADVANCED_FACE('',(#495),#362,.F.);
#1863=ADVANCED_FACE('',(#496),#363,.F.);
#1864=ADVANCED_FACE('',(#497),#364,.F.);
#1865=ADVANCED_FACE('',(#498),#365,.T.);
#1866=ADVANCED_FACE('',(#499),#366,.F.);
#1867=ADVANCED_FACE('',(#500),#1771,.F.);
#1868=ADVANCED_FACE('',(#501),#367,.F.);
#1869=ADVANCED_FACE('',(#502),#368,.T.);
#1870=ADVANCED_FACE('',(#503),#369,.F.);
#1871=ADVANCED_FACE('',(#504),#1772,.F.);
#1872=ADVANCED_FACE('',(#505),#370,.F.);
#1873=ADVANCED_FACE('',(#506),#1773,.F.);
#1874=ADVANCED_FACE('',(#507),#1774,.F.);
#1875=ADVANCED_FACE('',(#508),#371,.F.);
#1876=ADVANCED_FACE('',(#509),#1775,.F.);
#1877=ADVANCED_FACE('',(#510),#372,.F.);
#1878=ADVANCED_FACE('',(#511),#373,.T.);
#1879=ADVANCED_FACE('',(#512),#374,.F.);
#1880=ADVANCED_FACE('',(#513),#1776,.F.);
#1881=ADVANCED_FACE('',(#514),#375,.F.);
#1882=ADVANCED_FACE('',(#515,#390,#391,#392,#393,#394,#395,#396,#397,#398),
#1777,.T.);
#1883=ADVANCED_FACE('',(#516,#399,#400,#401,#402,#403,#404,#405,#406,#407,
#408,#409,#410,#411),#1778,.F.);
#1884=ADVANCED_FACE('',(#517),#376,.F.);
#1885=ADVANCED_FACE('',(#518),#377,.F.);
#1886=ADVANCED_FACE('',(#519,#412),#1779,.T.);
#1887=ADVANCED_FACE('',(#520,#413),#1780,.T.);
#1888=CLOSED_SHELL('',(#1781,#1782,#1783,#1784,#1785,#1786,#1787,#1788,
#1789,#1790,#1791,#1792,#1793,#1794,#1795,#1796,#1797,#1798,#1799,#1800,
#1801,#1802,#1803,#1804,#1805,#1806,#1807,#1808,#1809,#1810,#1811,#1812,
#1813,#1814,#1815,#1816,#1817,#1818,#1819,#1820,#1821,#1822,#1823,#1824,
#1825,#1826,#1827,#1828,#1829,#1830,#1831,#1832,#1833,#1834,#1835,#1836,
#1837,#1838,#1839,#1840,#1841,#1842,#1843,#1844,#1845,#1846,#1847,#1848,
#1849,#1850,#1851,#1852,#1853,#1854,#1855,#1856,#1857,#1858,#1859,#1860,
#1861,#1862,#1863,#1864,#1865,#1866,#1867,#1868,#1869,#1870,#1871,#1872,
#1873,#1874,#1875,#1876,#1877,#1878,#1879,#1880,#1881,#1882,#1883,#1884,
#1885,#1886,#1887));
#1889=DERIVED_UNIT_ELEMENT(#1891,1.);
#1890=DERIVED_UNIT_ELEMENT(#3246,-3.);
#1891=(
MASS_UNIT()
NAMED_UNIT(*)
SI_UNIT(.KILO.,.GRAM.)
);
#1892=DERIVED_UNIT((#1889,#1890));
#1893=MEASURE_REPRESENTATION_ITEM('density measure',
POSITIVE_RATIO_MEASURE(7850.),#1892);
#1894=PROPERTY_DEFINITION_REPRESENTATION(#1899,#1896);
#1895=PROPERTY_DEFINITION_REPRESENTATION(#1900,#1897);
#1896=REPRESENTATION('material name',(#1898),#3243);
#1897=REPRESENTATION('density',(#1893),#3243);
#1898=DESCRIPTIVE_REPRESENTATION_ITEM('Steel','Steel');
#1899=PROPERTY_DEFINITION('material property','material name',#3253);
#1900=PROPERTY_DEFINITION('material property','density of part',#3253);
#1901=AXIS2_PLACEMENT_3D('',#2698,#2115,#2116);
#1902=AXIS2_PLACEMENT_3D('',#2699,#2117,#2118);
#1903=AXIS2_PLACEMENT_3D('',#2701,#2119,#2120);
#1904=AXIS2_PLACEMENT_3D('',#2703,#2121,#2122);
#1905=AXIS2_PLACEMENT_3D('',#2704,#2123,#2124);
#1906=AXIS2_PLACEMENT_3D('',#2706,#2125,#2126);
#1907=AXIS2_PLACEMENT_3D('',#2708,#2128,#2129);
#1908=AXIS2_PLACEMENT_3D('',#2711,#2131,#2132);
#1909=AXIS2_PLACEMENT_3D('',#2712,#2133,#2134);
#1910=AXIS2_PLACEMENT_3D('',#2714,#2135,#2136);
#1911=AXIS2_PLACEMENT_3D('',#2716,#2137,#2138);
#1912=AXIS2_PLACEMENT_3D('',#2717,#2139,#2140);
#1913=AXIS2_PLACEMENT_3D('',#2719,#2141,#2142);
#1914=AXIS2_PLACEMENT_3D('',#2721,#2144,#2145);
#1915=AXIS2_PLACEMENT_3D('',#2724,#2147,#2148);
#1916=AXIS2_PLACEMENT_3D('',#2725,#2149,#2150);
#1917=AXIS2_PLACEMENT_3D('',#2727,#2151,#2152);
#1918=AXIS2_PLACEMENT_3D('',#2729,#2153,#2154);
#1919=AXIS2_PLACEMENT_3D('',#2730,#2155,#2156);
#1920=AXIS2_PLACEMENT_3D('',#2732,#2157,#2158);
#1921=AXIS2_PLACEMENT_3D('',#2734,#2160,#2161);
#1922=AXIS2_PLACEMENT_3D('',#2737,#2163,#2164);
#1923=AXIS2_PLACEMENT_3D('',#2738,#2165,#2166);
#1924=AXIS2_PLACEMENT_3D('',#2740,#2167,#2168);
#1925=AXIS2_PLACEMENT_3D('',#2742,#2169,#2170);
#1926=AXIS2_PLACEMENT_3D('',#2743,#2171,#2172);
#1927=AXIS2_PLACEMENT_3D('',#2745,#2173,#2174);
#1928=AXIS2_PLACEMENT_3D('',#2747,#2176,#2177);
#1929=AXIS2_PLACEMENT_3D('',#2750,#2179,#2180);
#1930=AXIS2_PLACEMENT_3D('',#2751,#2181,#2182);
#1931=AXIS2_PLACEMENT_3D('',#2753,#2183,#2184);
#1932=AXIS2_PLACEMENT_3D('',#2756,#2186,#2187);
#1933=AXIS2_PLACEMENT_3D('',#2757,#2188,#2189);
#1934=AXIS2_PLACEMENT_3D('',#2759,#2190,#2191);
#1935=AXIS2_PLACEMENT_3D('',#2762,#2193,#2194);
#1936=AXIS2_PLACEMENT_3D('',#2763,#2195,#2196);
#1937=AXIS2_PLACEMENT_3D('',#2765,#2197,#2198);
#1938=AXIS2_PLACEMENT_3D('',#2768,#2200,#2201);
#1939=AXIS2_PLACEMENT_3D('',#2769,#2202,#2203);
#1940=AXIS2_PLACEMENT_3D('',#2771,#2204,#2205);
#1941=AXIS2_PLACEMENT_3D('',#2774,#2207,#2208);
#1942=AXIS2_PLACEMENT_3D('',#2775,#2209,#2210);
#1943=AXIS2_PLACEMENT_3D('',#2777,#2211,#2212);
#1944=AXIS2_PLACEMENT_3D('',#2780,#2214,#2215);
#1945=AXIS2_PLACEMENT_3D('',#2781,#2216,#2217);
#1946=AXIS2_PLACEMENT_3D('',#2783,#2218,#2219);
#1947=AXIS2_PLACEMENT_3D('',#2784,#2220,#2221);
#1948=AXIS2_PLACEMENT_3D('',#2786,#2222,#2223);
#1949=AXIS2_PLACEMENT_3D('',#2787,#2224,#2225);
#1950=AXIS2_PLACEMENT_3D('',#2789,#2226,#2227);
#1951=AXIS2_PLACEMENT_3D('',#2790,#2228,#2229);
#1952=AXIS2_PLACEMENT_3D('',#2792,#2230,#2231);
#1953=AXIS2_PLACEMENT_3D('',#2793,#2232,#2233);
#1954=AXIS2_PLACEMENT_3D('',#2796,#2234,#2235);
#1955=AXIS2_PLACEMENT_3D('',#2800,#2237,#2238);
#1956=AXIS2_PLACEMENT_3D('',#2804,#2240,#2241);
#1957=AXIS2_PLACEMENT_3D('',#2806,#2243,#2244);
#1958=AXIS2_PLACEMENT_3D('',#2809,#2245,#2246);
#1959=AXIS2_PLACEMENT_3D('',#2813,#2248,#2249);
#1960=AXIS2_PLACEMENT_3D('',#2817,#2251,#2252);
#1961=AXIS2_PLACEMENT_3D('',#2819,#2254,#2255);
#1962=AXIS2_PLACEMENT_3D('',#2822,#2256,#2257);
#1963=AXIS2_PLACEMENT_3D('',#2826,#2259,#2260);
#1964=AXIS2_PLACEMENT_3D('',#2830,#2262,#2263);
#1965=AXIS2_PLACEMENT_3D('',#2832,#2265,#2266);
#1966=AXIS2_PLACEMENT_3D('',#2841,#2271,#2272);
#1967=AXIS2_PLACEMENT_3D('',#2850,#2277,#2278);
#1968=AXIS2_PLACEMENT_3D('',#2853,#2279,#2280);
#1969=AXIS2_PLACEMENT_3D('',#2855,#2281,#2282);
#1970=AXIS2_PLACEMENT_3D('',#2857,#2283,#2284);
#1971=AXIS2_PLACEMENT_3D('',#2859,#2285,#2286);
#1972=AXIS2_PLACEMENT_3D('',#2861,#2287,#2288);
#1973=AXIS2_PLACEMENT_3D('',#2865,#2290,#2291);
#1974=AXIS2_PLACEMENT_3D('',#2866,#2292,#2293);
#1975=AXIS2_PLACEMENT_3D('',#2867,#2294,#2295);
#1976=AXIS2_PLACEMENT_3D('',#2870,#2296,#2297);
#1977=AXIS2_PLACEMENT_3D('',#2874,#2299,#2300);
#1978=AXIS2_PLACEMENT_3D('',#2878,#2302,#2303);
#1979=AXIS2_PLACEMENT_3D('',#2882,#2305,#2306);
#1980=AXIS2_PLACEMENT_3D('',#2883,#2307,#2308);
#1981=AXIS2_PLACEMENT_3D('',#2884,#2309,#2310);
#1982=AXIS2_PLACEMENT_3D('',#2887,#2311,#2312);
#1983=AXIS2_PLACEMENT_3D('',#2889,#2313,#2314);
#1984=AXIS2_PLACEMENT_3D('',#2891,#2315,#2316);
#1985=AXIS2_PLACEMENT_3D('',#2895,#2318,#2319);
#1986=AXIS2_PLACEMENT_3D('',#2899,#2321,#2322);
#1987=AXIS2_PLACEMENT_3D('',#2901,#2324,#2325);
#1988=AXIS2_PLACEMENT_3D('',#2903,#2326,#2327);
#1989=AXIS2_PLACEMENT_3D('',#2905,#2329,#2330);
#1990=AXIS2_PLACEMENT_3D('',#2907,#2331,#2332);
#1991=AXIS2_PLACEMENT_3D('',#2909,#2334,#2335);
#1992=AXIS2_PLACEMENT_3D('',#2911,#2336,#2337);
#1993=AXIS2_PLACEMENT_3D('',#2913,#2339,#2340);
#1994=AXIS2_PLACEMENT_3D('',#2915,#2341,#2342);
#1995=AXIS2_PLACEMENT_3D('',#2917,#2344,#2345);
#1996=AXIS2_PLACEMENT_3D('',#2926,#2350,#2351);
#1997=AXIS2_PLACEMENT_3D('',#2932,#2355,#2356);
#1998=AXIS2_PLACEMENT_3D('',#2938,#2360,#2361);
#1999=AXIS2_PLACEMENT_3D('',#2940,#2362,#2363);
#2000=AXIS2_PLACEMENT_3D('',#2943,#2365,#2366);
#2001=AXIS2_PLACEMENT_3D('',#2944,#2367,#2368);
#2002=AXIS2_PLACEMENT_3D('',#2950,#2372,#2373);
#2003=AXIS2_PLACEMENT_3D('',#2952,#2374,#2375);
#2004=AXIS2_PLACEMENT_3D('',#2955,#2377,#2378);
#2005=AXIS2_PLACEMENT_3D('',#2956,#2379,#2380);
#2006=AXIS2_PLACEMENT_3D('',#2958,#2381,#2382);
#2007=AXIS2_PLACEMENT_3D('',#2961,#2384,#2385);
#2008=AXIS2_PLACEMENT_3D('',#2962,#2386,#2387);
#2009=AXIS2_PLACEMENT_3D('',#2968,#2391,#2392);
#2010=AXIS2_PLACEMENT_3D('',#2970,#2393,#2394);
#2011=AXIS2_PLACEMENT_3D('',#2973,#2396,#2397);
#2012=AXIS2_PLACEMENT_3D('',#2974,#2398,#2399);
#2013=AXIS2_PLACEMENT_3D('',#2976,#2400,#2401);
#2014=AXIS2_PLACEMENT_3D('',#2979,#2403,#2404);
#2015=AXIS2_PLACEMENT_3D('',#2980,#2405,#2406);
#2016=AXIS2_PLACEMENT_3D('',#2986,#2410,#2411);
#2017=AXIS2_PLACEMENT_3D('',#2988,#2412,#2413);
#2018=AXIS2_PLACEMENT_3D('',#2991,#2415,#2416);
#2019=AXIS2_PLACEMENT_3D('',#2992,#2417,#2418);
#2020=AXIS2_PLACEMENT_3D('',#2998,#2422,#2423);
#2021=AXIS2_PLACEMENT_3D('',#3004,#2427,#2428);
#2022=AXIS2_PLACEMENT_3D('',#3010,#2432,#2433);
#2023=AXIS2_PLACEMENT_3D('',#3012,#2434,#2435);
#2024=AXIS2_PLACEMENT_3D('',#3015,#2437,#2438);
#2025=AXIS2_PLACEMENT_3D('',#3016,#2439,#2440);
#2026=AXIS2_PLACEMENT_3D('',#3022,#2444,#2445);
#2027=AXIS2_PLACEMENT_3D('',#3023,#2446,#2447);
#2028=AXIS2_PLACEMENT_3D('',#3024,#2448,#2449);
#2029=AXIS2_PLACEMENT_3D('',#3025,#2450,#2451);
#2030=AXIS2_PLACEMENT_3D('',#3028,#2452,#2453);
#2031=AXIS2_PLACEMENT_3D('',#3031,#2456,#2457);
#2032=AXIS2_PLACEMENT_3D('',#3035,#2460,#2461);
#2033=AXIS2_PLACEMENT_3D('',#3037,#2462,#2463);
#2034=AXIS2_PLACEMENT_3D('',#3039,#2465,#2466);
#2035=AXIS2_PLACEMENT_3D('',#3043,#2469,#2470);
#2036=AXIS2_PLACEMENT_3D('',#3045,#2471,#2472);
#2037=AXIS2_PLACEMENT_3D('',#3047,#2474,#2475);
#2038=AXIS2_PLACEMENT_3D('',#3049,#2477,#2478);
#2039=AXIS2_PLACEMENT_3D('',#3052,#2479,#2480);
#2040=AXIS2_PLACEMENT_3D('',#3055,#2483,#2484);
#2041=AXIS2_PLACEMENT_3D('',#3059,#2487,#2488);
#2042=AXIS2_PLACEMENT_3D('',#3061,#2489,#2490);
#2043=AXIS2_PLACEMENT_3D('',#3063,#2492,#2493);
#2044=AXIS2_PLACEMENT_3D('',#3067,#2496,#2497);
#2045=AXIS2_PLACEMENT_3D('',#3069,#2498,#2499);
#2046=AXIS2_PLACEMENT_3D('',#3071,#2501,#2502);
#2047=AXIS2_PLACEMENT_3D('',#3073,#2504,#2505);
#2048=AXIS2_PLACEMENT_3D('',#3076,#2506,#2507);
#2049=AXIS2_PLACEMENT_3D('',#3079,#2510,#2511);
#2050=AXIS2_PLACEMENT_3D('',#3083,#2514,#2515);
#2051=AXIS2_PLACEMENT_3D('',#3085,#2516,#2517);
#2052=AXIS2_PLACEMENT_3D('',#3087,#2519,#2520);
#2053=AXIS2_PLACEMENT_3D('',#3091,#2523,#2524);
#2054=AXIS2_PLACEMENT_3D('',#3093,#2525,#2526);
#2055=AXIS2_PLACEMENT_3D('',#3095,#2528,#2529);
#2056=AXIS2_PLACEMENT_3D('',#3097,#2531,#2532);
#2057=AXIS2_PLACEMENT_3D('',#3103,#2536,#2537);
#2058=AXIS2_PLACEMENT_3D('',#3107,#2540,#2541);
#2059=AXIS2_PLACEMENT_3D('',#3111,#2544,#2545);
#2060=AXIS2_PLACEMENT_3D('',#3113,#2547,#2548);
#2061=AXIS2_PLACEMENT_3D('',#3119,#2552,#2553);
#2062=AXIS2_PLACEMENT_3D('',#3123,#2556,#2557);
#2063=AXIS2_PLACEMENT_3D('',#3127,#2560,#2561);
#2064=AXIS2_PLACEMENT_3D('',#3129,#2563,#2564);
#2065=AXIS2_PLACEMENT_3D('',#3132,#2565,#2566);
#2066=AXIS2_PLACEMENT_3D('',#3135,#2569,#2570);
#2067=AXIS2_PLACEMENT_3D('',#3137,#2571,#2572);
#2068=AXIS2_PLACEMENT_3D('',#3139,#2574,#2575);
#2069=AXIS2_PLACEMENT_3D('',#3141,#2576,#2577);
#2070=AXIS2_PLACEMENT_3D('',#3143,#2579,#2580);
#2071=AXIS2_PLACEMENT_3D('',#3147,#2583,#2584);
#2072=AXIS2_PLACEMENT_3D('',#3149,#2585,#2586);
#2073=AXIS2_PLACEMENT_3D('',#3151,#2588,#2589);
#2074=AXIS2_PLACEMENT_3D('',#3153,#2590,#2591);
#2075=AXIS2_PLACEMENT_3D('',#3155,#2593,#2594);
#2076=AXIS2_PLACEMENT_3D('',#3157,#2595,#2596);
#2077=AXIS2_PLACEMENT_3D('',#3159,#2598,#2599);
#2078=AXIS2_PLACEMENT_3D('',#3160,#2600,#2601);
#2079=AXIS2_PLACEMENT_3D('',#3161,#2602,#2603);
#2080=AXIS2_PLACEMENT_3D('',#3164,#2604,#2605);
#2081=AXIS2_PLACEMENT_3D('',#3167,#2608,#2609);
#2082=AXIS2_PLACEMENT_3D('',#3171,#2612,#2613);
#2083=AXIS2_PLACEMENT_3D('',#3173,#2614,#2615);
#2084=AXIS2_PLACEMENT_3D('',#3175,#2617,#2618);
#2085=AXIS2_PLACEMENT_3D('',#3178,#2620,#2621);
#2086=AXIS2_PLACEMENT_3D('',#3179,#2622,#2623);
#2087=AXIS2_PLACEMENT_3D('',#3181,#2624,#2625);
#2088=AXIS2_PLACEMENT_3D('',#3183,#2627,#2628);
#2089=AXIS2_PLACEMENT_3D('',#3187,#2631,#2632);
#2090=AXIS2_PLACEMENT_3D('',#3189,#2633,#2634);
#2091=AXIS2_PLACEMENT_3D('',#3191,#2636,#2637);
#2092=AXIS2_PLACEMENT_3D('',#3193,#2639,#2640);
#2093=AXIS2_PLACEMENT_3D('',#3199,#2644,#2645);
#2094=AXIS2_PLACEMENT_3D('',#3201,#2646,#2647);
#2095=AXIS2_PLACEMENT_3D('',#3203,#2649,#2650);
#2096=AXIS2_PLACEMENT_3D('',#3207,#2653,#2654);
#2097=AXIS2_PLACEMENT_3D('',#3209,#2655,#2656);
#2098=AXIS2_PLACEMENT_3D('',#3211,#2658,#2659);
#2099=AXIS2_PLACEMENT_3D('',#3213,#2660,#2661);
#2100=AXIS2_PLACEMENT_3D('',#3215,#2663,#2664);
#2101=AXIS2_PLACEMENT_3D('',#3217,#2665,#2666);
#2102=AXIS2_PLACEMENT_3D('',#3219,#2668,#2669);
#2103=AXIS2_PLACEMENT_3D('',#3223,#2672,#2673);
#2104=AXIS2_PLACEMENT_3D('',#3224,#2674,#2675);
#2105=AXIS2_PLACEMENT_3D('',#3225,#2676,#2677);
#2106=AXIS2_PLACEMENT_3D('',#3227,#2678,#2679);
#2107=AXIS2_PLACEMENT_3D('',#3228,#2680,#2681);
#2108=AXIS2_PLACEMENT_3D('',#3230,#2682,#2683);
#2109=AXIS2_PLACEMENT_3D('',#3231,#2684,#2685);
#2110=AXIS2_PLACEMENT_3D('',#3234,#2687,#2688);
#2111=AXIS2_PLACEMENT_3D('',#3235,#2689,#2690);
#2112=AXIS2_PLACEMENT_3D('',#3237,#2691,#2692);
#2113=AXIS2_PLACEMENT_3D('',#3239,#2694,#2695);
#2114=AXIS2_PLACEMENT_3D('',#3240,#2696,#2697);
#2115=DIRECTION('axis',(0.,0.,1.));
#2116=DIRECTION('refdir',(1.,0.,0.));
#2117=DIRECTION('center_axis',(0.,0.,-1.));
#2118=DIRECTION('ref_axis',(1.,0.,0.));
#2119=DIRECTION('center_axis',(0.,0.,-1.));
#2120=DIRECTION('ref_axis',(1.,0.,0.));
#2121=DIRECTION('center_axis',(0.,0.,-1.));
#2122=DIRECTION('ref_axis',(1.,0.,0.));
#2123=DIRECTION('center_axis',(0.,0.,-1.));
#2124=DIRECTION('ref_axis',(1.,0.,0.));
#2125=DIRECTION('center_axis',(0.,0.,-1.));
#2126=DIRECTION('ref_axis',(1.,0.,0.));
#2127=DIRECTION('',(0.,0.,-1.));
#2128=DIRECTION('center_axis',(0.,0.,-1.));
#2129=DIRECTION('ref_axis',(1.,0.,0.));
#2130=DIRECTION('',(0.,0.,-1.));
#2131=DIRECTION('center_axis',(0.,0.,1.));
#2132=DIRECTION('ref_axis',(1.,0.,0.));
#2133=DIRECTION('center_axis',(0.,0.,-1.));
#2134=DIRECTION('ref_axis',(1.,0.,0.));
#2135=DIRECTION('center_axis',(0.,0.,-1.));
#2136=DIRECTION('ref_axis',(1.,0.,0.));
#2137=DIRECTION('center_axis',(0.,0.,-1.));
#2138=DIRECTION('ref_axis',(1.,0.,0.));
#2139=DIRECTION('center_axis',(0.,0.,-1.));
#2140=DIRECTION('ref_axis',(1.,0.,0.));
#2141=DIRECTION('center_axis',(0.,0.,-1.));
#2142=DIRECTION('ref_axis',(1.,0.,0.));
#2143=DIRECTION('',(0.,0.,-1.));
#2144=DIRECTION('center_axis',(0.,0.,-1.));
#2145=DIRECTION('ref_axis',(1.,0.,0.));
#2146=DIRECTION('',(0.,0.,-1.));
#2147=DIRECTION('center_axis',(0.,0.,1.));
#2148=DIRECTION('ref_axis',(1.,0.,0.));
#2149=DIRECTION('center_axis',(0.,0.,-1.));
#2150=DIRECTION('ref_axis',(1.,0.,0.));
#2151=DIRECTION('center_axis',(0.,0.,-1.));
#2152=DIRECTION('ref_axis',(1.,0.,0.));
#2153=DIRECTION('center_axis',(0.,0.,-1.));
#2154=DIRECTION('ref_axis',(1.,0.,0.));
#2155=DIRECTION('center_axis',(0.,0.,-1.));
#2156=DIRECTION('ref_axis',(1.,0.,0.));
#2157=DIRECTION('center_axis',(0.,0.,-1.));
#2158=DIRECTION('ref_axis',(1.,0.,0.));
#2159=DIRECTION('',(0.,0.,-1.));
#2160=DIRECTION('center_axis',(0.,0.,-1.));
#2161=DIRECTION('ref_axis',(1.,0.,0.));
#2162=DIRECTION('',(0.,0.,-1.));
#2163=DIRECTION('center_axis',(0.,0.,1.));
#2164=DIRECTION('ref_axis',(1.,0.,0.));
#2165=DIRECTION('center_axis',(0.,0.,-1.));
#2166=DIRECTION('ref_axis',(1.,0.,0.));
#2167=DIRECTION('center_axis',(0.,0.,-1.));
#2168=DIRECTION('ref_axis',(1.,0.,0.));
#2169=DIRECTION('center_axis',(0.,0.,-1.));
#2170=DIRECTION('ref_axis',(1.,0.,0.));
#2171=DIRECTION('center_axis',(0.,0.,-1.));
#2172=DIRECTION('ref_axis',(1.,0.,0.));
#2173=DIRECTION('center_axis',(0.,0.,-1.));
#2174=DIRECTION('ref_axis',(1.,0.,0.));
#2175=DIRECTION('',(0.,0.,-1.));
#2176=DIRECTION('center_axis',(0.,0.,-1.));
#2177=DIRECTION('ref_axis',(1.,0.,0.));
#2178=DIRECTION('',(0.,0.,-1.));
#2179=DIRECTION('center_axis',(0.,0.,1.));
#2180=DIRECTION('ref_axis',(1.,0.,0.));
#2181=DIRECTION('center_axis',(0.,0.,-1.));
#2182=DIRECTION('ref_axis',(-1.,0.,0.));
#2183=DIRECTION('center_axis',(0.,0.,-1.));
#2184=DIRECTION('ref_axis',(-1.,0.,0.));
#2185=DIRECTION('',(0.,0.,-1.));
#2186=DIRECTION('center_axis',(0.,0.,1.));
#2187=DIRECTION('ref_axis',(-1.,0.,0.));
#2188=DIRECTION('center_axis',(0.,0.,-1.));
#2189=DIRECTION('ref_axis',(1.,0.,0.));
#2190=DIRECTION('center_axis',(0.,0.,-1.));
#2191=DIRECTION('ref_axis',(1.,0.,0.));
#2192=DIRECTION('',(0.,0.,-1.));
#2193=DIRECTION('center_axis',(0.,0.,1.));
#2194=DIRECTION('ref_axis',(1.,0.,0.));
#2195=DIRECTION('center_axis',(0.,0.,-1.));
#2196=DIRECTION('ref_axis',(1.,0.,0.));
#2197=DIRECTION('center_axis',(0.,0.,-1.));
#2198=DIRECTION('ref_axis',(1.,0.,0.));
#2199=DIRECTION('',(0.,0.,-1.));
#2200=DIRECTION('center_axis',(0.,0.,1.));
#2201=DIRECTION('ref_axis',(1.,0.,0.));
#2202=DIRECTION('center_axis',(0.,0.,-1.));
#2203=DIRECTION('ref_axis',(1.,0.,0.));
#2204=DIRECTION('center_axis',(0.,0.,-1.));
#2205=DIRECTION('ref_axis',(1.,0.,0.));
#2206=DIRECTION('',(0.,0.,-1.));
#2207=DIRECTION('center_axis',(0.,0.,1.));
#2208=DIRECTION('ref_axis',(1.,0.,0.));
#2209=DIRECTION('center_axis',(0.,0.,-1.));
#2210=DIRECTION('ref_axis',(1.,0.,0.));
#2211=DIRECTION('center_axis',(0.,0.,-1.));
#2212=DIRECTION('ref_axis',(1.,0.,0.));
#2213=DIRECTION('',(0.,0.,-1.));
#2214=DIRECTION('center_axis',(0.,0.,1.));
#2215=DIRECTION('ref_axis',(1.,0.,0.));
#2216=DIRECTION('center_axis',(0.,0.,-1.));
#2217=DIRECTION('ref_axis',(1.,0.,0.));
#2218=DIRECTION('center_axis',(0.,0.,-1.));
#2219=DIRECTION('ref_axis',(1.,0.,0.));
#2220=DIRECTION('center_axis',(0.,0.,-1.));
#2221=DIRECTION('ref_axis',(1.,0.,0.));
#2222=DIRECTION('center_axis',(0.,0.,-1.));
#2223=DIRECTION('ref_axis',(1.,0.,0.));
#2224=DIRECTION('center_axis',(0.,0.,-1.));
#2225=DIRECTION('ref_axis',(1.,0.,0.));
#2226=DIRECTION('center_axis',(0.,0.,-1.));
#2227=DIRECTION('ref_axis',(1.,0.,0.));
#2228=DIRECTION('center_axis',(0.,0.,-1.));
#2229=DIRECTION('ref_axis',(1.,0.,0.));
#2230=DIRECTION('center_axis',(0.,0.,-1.));
#2231=DIRECTION('ref_axis',(1.,0.,0.));
#2232=DIRECTION('center_axis',(0.,0.,-1.));
#2233=DIRECTION('ref_axis',(1.,0.,0.));
#2234=DIRECTION('center_axis',(0.,0.,1.));
#2235=DIRECTION('ref_axis',(0.487864101128327,0.872919594710905,0.));
#2236=DIRECTION('',(1.,-9.65411325761006E-17,0.));
#2237=DIRECTION('center_axis',(0.,0.,1.));
#2238=DIRECTION('ref_axis',(0.,-1.,0.));
#2239=DIRECTION('',(0.,-1.,0.));
#2240=DIRECTION('center_axis',(0.,0.,1.));
#2241=DIRECTION('ref_axis',(-1.,0.,0.));
#2242=DIRECTION('',(-0.872919594710904,0.487864101128327,0.));
#2243=DIRECTION('center_axis',(0.,0.,-1.));
#2244=DIRECTION('ref_axis',(1.,0.,0.));
#2245=DIRECTION('center_axis',(0.,0.,1.));
#2246=DIRECTION('ref_axis',(0.,-1.,0.));
#2247=DIRECTION('',(-0.872919594710883,-0.487864101128365,0.));
#2248=DIRECTION('center_axis',(0.,0.,1.));
#2249=DIRECTION('ref_axis',(-0.487864101128369,0.872919594710881,0.));
#2250=DIRECTION('',(0.,1.,0.));
#2251=DIRECTION('center_axis',(0.,0.,1.));
#2252=DIRECTION('ref_axis',(1.,0.,0.));
#2253=DIRECTION('',(1.,4.82705662880503E-17,0.));
#2254=DIRECTION('center_axis',(0.,0.,-1.));
#2255=DIRECTION('ref_axis',(1.,0.,0.));
#2256=DIRECTION('center_axis',(0.,0.,1.));
#2257=DIRECTION('ref_axis',(0.499999999999999,-0.866025403784439,0.));
#2258=DIRECTION('',(0.866025403784439,-0.5,0.));
#2259=DIRECTION('center_axis',(0.,0.,1.));
#2260=DIRECTION('ref_axis',(-0.500000000000002,-0.866025403784437,0.));
#2261=DIRECTION('',(-1.,0.,0.));
#2262=DIRECTION('center_axis',(0.,0.,1.));
#2263=DIRECTION('ref_axis',(-1.11022302462516E-15,1.,0.));
#2264=DIRECTION('',(0.866025403784439,0.5,0.));
#2265=DIRECTION('center_axis',(0.,0.,1.));
#2266=DIRECTION('ref_axis',(1.,0.,0.));
#2267=DIRECTION('',(-1.,0.,0.));
#2268=DIRECTION('',(0.,1.,0.));
#2269=DIRECTION('',(1.,0.,0.));
#2270=DIRECTION('',(0.,-1.,0.));
#2271=DIRECTION('center_axis',(0.,0.,1.));
#2272=DIRECTION('ref_axis',(1.,0.,0.));
#2273=DIRECTION('',(-1.,0.,0.));
#2274=DIRECTION('',(0.,1.,0.));
#2275=DIRECTION('',(1.,0.,0.));
#2276=DIRECTION('',(0.,-1.,0.));
#2277=DIRECTION('center_axis',(0.,0.,-1.));
#2278=DIRECTION('ref_axis',(1.,0.,0.));
#2279=DIRECTION('center_axis',(0.,0.,1.));
#2280=DIRECTION('ref_axis',(1.,0.,0.));
#2281=DIRECTION('center_axis',(0.,0.,-1.));
#2282=DIRECTION('ref_axis',(-0.784290750035799,0.620393439204738,0.));
#2283=DIRECTION('center_axis',(0.,0.,1.));
#2284=DIRECTION('ref_axis',(1.,0.,0.));
#2285=DIRECTION('center_axis',(0.,0.,1.));
#2286=DIRECTION('ref_axis',(-0.762930180825271,0.646480888492397,0.));
#2287=DIRECTION('center_axis',(0.,0.,1.));
#2288=DIRECTION('ref_axis',(-0.702368460109693,0.711813561435252,0.));
#2289=DIRECTION('',(-1.,0.,0.));
#2290=DIRECTION('center_axis',(0.,0.,1.));
#2291=DIRECTION('ref_axis',(-8.88178419700127E-16,1.,0.));
#2292=DIRECTION('center_axis',(0.,0.,1.));
#2293=DIRECTION('ref_axis',(0.702368460109691,0.711813561435255,0.));
#2294=DIRECTION('center_axis',(0.,0.,-1.));
#2295=DIRECTION('ref_axis',(1.,0.,0.));
#2296=DIRECTION('center_axis',(0.,0.,-1.));
#2297=DIRECTION('ref_axis',(0.869758626777393,-0.493477386661541,0.));
#2298=DIRECTION('',(1.,-9.17189047622828E-16,0.));
#2299=DIRECTION('center_axis',(0.,0.,1.));
#2300=DIRECTION('ref_axis',(0.,-1.,0.));
#2301=DIRECTION('',(0.,-1.,0.));
#2302=DIRECTION('center_axis',(0.,0.,1.));
#2303=DIRECTION('ref_axis',(-1.,0.,0.));
#2304=DIRECTION('',(-1.,0.,0.));
#2305=DIRECTION('center_axis',(0.,0.,-1.));
#2306=DIRECTION('ref_axis',(0.760456052170931,0.649389399910872,0.));
#2307=DIRECTION('center_axis',(0.,0.,-1.));
#2308=DIRECTION('ref_axis',(1.,0.,0.));
#2309=DIRECTION('center_axis',(0.,0.,-1.));
#2310=DIRECTION('ref_axis',(1.,0.,0.));
#2311=DIRECTION('center_axis',(0.,0.,-1.));
#2312=DIRECTION('ref_axis',(-0.86216747493087,-0.506623376060883,0.));
#2313=DIRECTION('center_axis',(0.,0.,-1.));
#2314=DIRECTION('ref_axis',(1.,0.,0.));
#2315=DIRECTION('center_axis',(0.,0.,-1.));
#2316=DIRECTION('ref_axis',(-0.758075883512981,0.652166355185557,0.));
#2317=DIRECTION('',(-1.,0.,0.));
#2318=DIRECTION('center_axis',(0.,0.,1.));
#2319=DIRECTION('ref_axis',(0.,1.,0.));
#2320=DIRECTION('',(0.,1.,0.));
#2321=DIRECTION('center_axis',(0.,0.,1.));
#2322=DIRECTION('ref_axis',(1.,0.,0.));
#2323=DIRECTION('',(1.,0.,0.));
#2324=DIRECTION('center_axis',(0.,0.,-1.));
#2325=DIRECTION('ref_axis',(1.,0.,0.));
#2326=DIRECTION('center_axis',(0.,0.,-1.));
#2327=DIRECTION('ref_axis',(1.,0.,0.));
#2328=DIRECTION('',(0.,0.,-1.));
#2329=DIRECTION('center_axis',(0.,0.,-1.));
#2330=DIRECTION('ref_axis',(1.,0.,0.));
#2331=DIRECTION('center_axis',(0.,0.,-1.));
#2332=DIRECTION('ref_axis',(1.,0.,0.));
#2333=DIRECTION('',(0.,0.,-1.));
#2334=DIRECTION('center_axis',(0.,0.,-1.));
#2335=DIRECTION('ref_axis',(1.,0.,0.));
#2336=DIRECTION('center_axis',(0.,0.,-1.));
#2337=DIRECTION('ref_axis',(1.,0.,0.));
#2338=DIRECTION('',(0.,0.,-1.));
#2339=DIRECTION('center_axis',(0.,0.,-1.));
#2340=DIRECTION('ref_axis',(1.,0.,0.));
#2341=DIRECTION('center_axis',(0.,0.,-1.));
#2342=DIRECTION('ref_axis',(1.,0.,0.));
#2343=DIRECTION('',(0.,0.,-1.));
#2344=DIRECTION('center_axis',(-1.,0.,0.));
#2345=DIRECTION('ref_axis',(0.,0.,1.));
#2346=DIRECTION('',(0.,-1.,0.));
#2347=DIRECTION('',(0.,0.,1.));
#2348=DIRECTION('',(0.,1.,0.));
#2349=DIRECTION('',(0.,0.,-1.));
#2350=DIRECTION('center_axis',(0.,-1.,0.));
#2351=DIRECTION('ref_axis',(0.,0.,1.));
#2352=DIRECTION('',(0.,0.,1.));
#2353=DIRECTION('',(-1.,0.,0.));
#2354=DIRECTION('',(-1.,0.,0.));
#2355=DIRECTION('center_axis',(-1.,0.,0.));
#2356=DIRECTION('ref_axis',(0.,-1.,0.));
#2357=DIRECTION('',(0.,1.,0.));
#2358=DIRECTION('',(0.,0.,1.));
#2359=DIRECTION('',(0.,-1.,0.));
#2360=DIRECTION('center_axis',(0.,0.,1.));
#2361=DIRECTION('ref_axis',(-1.,2.22044604925031E-16,0.));
#2362=DIRECTION('center_axis',(0.,0.,1.));
#2363=DIRECTION('ref_axis',(-1.,2.22044604925031E-16,0.));
#2364=DIRECTION('',(0.,0.,1.));
#2365=DIRECTION('center_axis',(0.,0.,1.));
#2366=DIRECTION('ref_axis',(-1.,2.22044604925031E-16,0.));
#2367=DIRECTION('center_axis',(0.,-1.,0.));
#2368=DIRECTION('ref_axis',(1.,0.,0.));
#2369=DIRECTION('',(-1.,0.,0.));
#2370=DIRECTION('',(0.,0.,-1.));
#2371=DIRECTION('',(1.,0.,0.));
#2372=DIRECTION('center_axis',(0.,0.,-1.));
#2373=DIRECTION('ref_axis',(0.337497557201016,-0.941326404008379,0.));
#2374=DIRECTION('center_axis',(0.,0.,1.));
#2375=DIRECTION('ref_axis',(0.337497557201016,-0.941326404008379,0.));
#2376=DIRECTION('',(0.,0.,1.));
#2377=DIRECTION('center_axis',(0.,0.,1.));
#2378=DIRECTION('ref_axis',(0.337497557201016,-0.941326404008379,0.));
#2379=DIRECTION('center_axis',(0.,0.,-1.));
#2380=DIRECTION('ref_axis',(-0.838837694935393,0.544381595533388,0.));
#2381=DIRECTION('center_axis',(0.,0.,-1.));
#2382=DIRECTION('ref_axis',(-0.838837694935393,0.544381595533388,0.));
#2383=DIRECTION('',(0.,0.,1.));
#2384=DIRECTION('center_axis',(0.,0.,-1.));
#2385=DIRECTION('ref_axis',(-0.838837694935393,0.544381595533388,0.));
#2386=DIRECTION('center_axis',(0.,-1.,0.));
#2387=DIRECTION('ref_axis',(1.,0.,0.));
#2388=DIRECTION('',(-1.,0.,0.));
#2389=DIRECTION('',(0.,0.,-1.));
#2390=DIRECTION('',(1.,0.,0.));
#2391=DIRECTION('center_axis',(0.,0.,1.));
#2392=DIRECTION('ref_axis',(0.838837694935393,0.544381595533388,0.));
#2393=DIRECTION('center_axis',(0.,0.,-1.));
#2394=DIRECTION('ref_axis',(0.838837694935393,0.544381595533388,0.));
#2395=DIRECTION('',(0.,0.,-1.));
#2396=DIRECTION('center_axis',(0.,0.,-1.));
#2397=DIRECTION('ref_axis',(0.838837694935393,0.544381595533388,0.));
#2398=DIRECTION('center_axis',(0.,0.,1.));
#2399=DIRECTION('ref_axis',(-0.337497557201016,-0.941326404008379,0.));
#2400=DIRECTION('center_axis',(0.,0.,1.));
#2401=DIRECTION('ref_axis',(-0.337497557201016,-0.941326404008379,0.));
#2402=DIRECTION('',(0.,0.,1.));
#2403=DIRECTION('center_axis',(0.,0.,1.));
#2404=DIRECTION('ref_axis',(-0.337497557201016,-0.941326404008379,0.));
#2405=DIRECTION('center_axis',(0.,-1.,0.));
#2406=DIRECTION('ref_axis',(1.,0.,0.));
#2407=DIRECTION('',(-1.,0.,0.));
#2408=DIRECTION('',(0.,0.,1.));
#2409=DIRECTION('',(1.,0.,0.));
#2410=DIRECTION('center_axis',(0.,0.,1.));
#2411=DIRECTION('ref_axis',(0.,-1.,0.));
#2412=DIRECTION('center_axis',(0.,0.,1.));
#2413=DIRECTION('ref_axis',(0.,-1.,0.));
#2414=DIRECTION('',(0.,0.,1.));
#2415=DIRECTION('center_axis',(0.,0.,1.));
#2416=DIRECTION('ref_axis',(0.,-1.,0.));
#2417=DIRECTION('center_axis',(1.,-3.55271362197871E-16,0.));
#2418=DIRECTION('ref_axis',(3.55271362197871E-16,1.,0.));
#2419=DIRECTION('',(-3.55271362197871E-16,-1.,0.));
#2420=DIRECTION('',(0.,0.,1.));
#2421=DIRECTION('',(3.55271362197871E-16,1.,0.));
#2422=DIRECTION('center_axis',(0.,-1.,0.));
#2423=DIRECTION('ref_axis',(0.,0.,-1.));
#2424=DIRECTION('',(1.,0.,0.));
#2425=DIRECTION('',(0.,0.,-1.));
#2426=DIRECTION('',(1.,0.,0.));
#2427=DIRECTION('center_axis',(1.,0.,0.));
#2428=DIRECTION('ref_axis',(0.,0.,-1.));
#2429=DIRECTION('',(-1.83129571072191E-16,1.,0.));
#2430=DIRECTION('',(0.,0.,1.));
#2431=DIRECTION('',(1.83129571072191E-16,-1.,0.));
#2432=DIRECTION('center_axis',(0.,0.,1.));
#2433=DIRECTION('ref_axis',(1.,0.,0.));
#2434=DIRECTION('center_axis',(0.,0.,-1.));
#2435=DIRECTION('ref_axis',(1.,0.,0.));
#2436=DIRECTION('',(0.,0.,-1.));
#2437=DIRECTION('center_axis',(0.,0.,-1.));
#2438=DIRECTION('ref_axis',(1.,0.,0.));
#2439=DIRECTION('center_axis',(0.,1.,0.));
#2440=DIRECTION('ref_axis',(0.,0.,1.));
#2441=DIRECTION('',(-1.,0.,0.));
#2442=DIRECTION('',(0.,0.,1.));
#2443=DIRECTION('',(1.,0.,0.));
#2444=DIRECTION('center_axis',(0.,0.,1.));
#2445=DIRECTION('ref_axis',(-5.9211894646675E-17,1.,0.));
#2446=DIRECTION('center_axis',(0.,0.,-1.));
#2447=DIRECTION('ref_axis',(-5.9211894646675E-17,1.,0.));
#2448=DIRECTION('center_axis',(0.,0.,-1.));
#2449=DIRECTION('ref_axis',(-5.9211894646675E-17,1.,0.));
#2450=DIRECTION('center_axis',(0.,0.,1.));
#2451=DIRECTION('ref_axis',(0.,-1.,0.));
#2452=DIRECTION('center_axis',(0.,0.,1.));
#2453=DIRECTION('ref_axis',(0.,-1.,0.));
#2454=DIRECTION('',(0.,0.,1.));
#2455=DIRECTION('',(0.,0.,1.));
#2456=DIRECTION('center_axis',(-1.,0.,0.));
#2457=DIRECTION('ref_axis',(0.,-1.,0.));
#2458=DIRECTION('',(0.,-1.,0.));
#2459=DIRECTION('',(0.,0.,1.));
#2460=DIRECTION('center_axis',(0.,0.,1.));
#2461=DIRECTION('ref_axis',(-1.,0.,0.));
#2462=DIRECTION('center_axis',(0.,0.,1.));
#2463=DIRECTION('ref_axis',(-1.,0.,0.));
#2464=DIRECTION('',(0.,0.,1.));
#2465=DIRECTION('center_axis',(0.487864101128327,0.872919594710904,0.));
#2466=DIRECTION('ref_axis',(-0.872919594710904,0.487864101128327,0.));
#2467=DIRECTION('',(-0.872919594710904,0.487864101128327,0.));
#2468=DIRECTION('',(0.,0.,1.));
#2469=DIRECTION('center_axis',(0.,0.,1.));
#2470=DIRECTION('ref_axis',(0.487864101128327,0.872919594710905,0.));
#2471=DIRECTION('center_axis',(0.,0.,1.));
#2472=DIRECTION('ref_axis',(0.487864101128327,0.872919594710905,0.));
#2473=DIRECTION('',(0.,0.,1.));
#2474=DIRECTION('center_axis',(-9.65411325761006E-17,-1.,0.));
#2475=DIRECTION('ref_axis',(1.,-9.65411325761006E-17,0.));
#2476=DIRECTION('',(1.,-9.65411325761006E-17,0.));
#2477=DIRECTION('center_axis',(0.,0.,1.));
#2478=DIRECTION('ref_axis',(-0.487864101128369,0.872919594710881,0.));
#2479=DIRECTION('center_axis',(0.,0.,1.));
#2480=DIRECTION('ref_axis',(-0.487864101128369,0.872919594710881,0.));
#2481=DIRECTION('',(0.,0.,1.));
#2482=DIRECTION('',(0.,0.,1.));
#2483=DIRECTION('center_axis',(1.,0.,0.));
#2484=DIRECTION('ref_axis',(0.,1.,0.));
#2485=DIRECTION('',(0.,1.,0.));
#2486=DIRECTION('',(0.,0.,1.));
#2487=DIRECTION('center_axis',(0.,0.,1.));
#2488=DIRECTION('ref_axis',(1.,0.,0.));
#2489=DIRECTION('center_axis',(0.,0.,1.));
#2490=DIRECTION('ref_axis',(1.,0.,0.));
#2491=DIRECTION('',(0.,0.,1.));
#2492=DIRECTION('center_axis',(4.82705662880503E-17,-1.,0.));
#2493=DIRECTION('ref_axis',(1.,4.82705662880503E-17,0.));
#2494=DIRECTION('',(1.,4.82705662880503E-17,0.));
#2495=DIRECTION('',(0.,0.,1.));
#2496=DIRECTION('center_axis',(0.,0.,1.));
#2497=DIRECTION('ref_axis',(0.,-1.,0.));
#2498=DIRECTION('center_axis',(0.,0.,1.));
#2499=DIRECTION('ref_axis',(0.,-1.,0.));
#2500=DIRECTION('',(0.,0.,1.));
#2501=DIRECTION('center_axis',(-0.487864101128365,0.872919594710883,0.));
#2502=DIRECTION('ref_axis',(-0.872919594710883,-0.487864101128365,0.));
#2503=DIRECTION('',(-0.872919594710883,-0.487864101128365,0.));
#2504=DIRECTION('center_axis',(0.,0.,1.));
#2505=DIRECTION('ref_axis',(-0.500000000000002,-0.866025403784437,0.));
#2506=DIRECTION('center_axis',(0.,0.,1.));
#2507=DIRECTION('ref_axis',(-0.500000000000002,-0.866025403784437,0.));
#2508=DIRECTION('',(0.,0.,1.));
#2509=DIRECTION('',(0.,0.,1.));
#2510=DIRECTION('center_axis',(0.,1.,0.));
#2511=DIRECTION('ref_axis',(-1.,0.,0.));
#2512=DIRECTION('',(-1.,0.,0.));
#2513=DIRECTION('',(0.,0.,1.));
#2514=DIRECTION('center_axis',(0.,0.,1.));
#2515=DIRECTION('ref_axis',(-1.11022302462516E-15,1.,0.));
#2516=DIRECTION('center_axis',(0.,0.,1.));
#2517=DIRECTION('ref_axis',(-1.11022302462516E-15,1.,0.));
#2518=DIRECTION('',(0.,0.,1.));
#2519=DIRECTION('center_axis',(0.5,-0.866025403784439,0.));
#2520=DIRECTION('ref_axis',(0.866025403784439,0.5,0.));
#2521=DIRECTION('',(0.866025403784439,0.5,0.));
#2522=DIRECTION('',(0.,0.,1.));
#2523=DIRECTION('center_axis',(0.,0.,1.));
#2524=DIRECTION('ref_axis',(0.499999999999999,-0.866025403784439,0.));
#2525=DIRECTION('center_axis',(0.,0.,1.));
#2526=DIRECTION('ref_axis',(0.499999999999999,-0.866025403784439,0.));
#2527=DIRECTION('',(0.,0.,1.));
#2528=DIRECTION('center_axis',(-0.5,-0.866025403784439,0.));
#2529=DIRECTION('ref_axis',(0.866025403784439,-0.5,0.));
#2530=DIRECTION('',(0.866025403784439,-0.5,0.));
#2531=DIRECTION('center_axis',(1.,0.,0.));
#2532=DIRECTION('ref_axis',(0.,1.,0.));
#2533=DIRECTION('',(0.,1.,0.));
#2534=DIRECTION('',(0.,0.,1.));
#2535=DIRECTION('',(0.,0.,1.));
#2536=DIRECTION('center_axis',(0.,-1.,0.));
#2537=DIRECTION('ref_axis',(1.,0.,0.));
#2538=DIRECTION('',(1.,0.,0.));
#2539=DIRECTION('',(0.,0.,1.));
#2540=DIRECTION('center_axis',(-1.,0.,0.));
#2541=DIRECTION('ref_axis',(0.,-1.,0.));
#2542=DIRECTION('',(0.,-1.,0.));
#2543=DIRECTION('',(0.,0.,-1.));
#2544=DIRECTION('center_axis',(0.,-1.,0.));
#2545=DIRECTION('ref_axis',(1.,0.,0.));
#2546=DIRECTION('',(-1.,0.,0.));
#2547=DIRECTION('center_axis',(0.,-1.,0.));
#2548=DIRECTION('ref_axis',(1.,0.,0.));
#2549=DIRECTION('',(0.,0.,-1.));
#2550=DIRECTION('',(-1.,0.,0.));
#2551=DIRECTION('',(0.,0.,1.));
#2552=DIRECTION('center_axis',(1.,0.,0.));
#2553=DIRECTION('ref_axis',(0.,1.,0.));
#2554=DIRECTION('',(0.,1.,0.));
#2555=DIRECTION('',(0.,0.,1.));
#2556=DIRECTION('center_axis',(0.,-1.,0.));
#2557=DIRECTION('ref_axis',(1.,0.,0.));
#2558=DIRECTION('',(1.,0.,0.));
#2559=DIRECTION('',(0.,0.,1.));
#2560=DIRECTION('center_axis',(-1.,0.,0.));
#2561=DIRECTION('ref_axis',(0.,-1.,0.));
#2562=DIRECTION('',(0.,-1.,0.));
#2563=DIRECTION('center_axis',(0.,0.,1.));
#2564=DIRECTION('ref_axis',(-0.653831259186561,-0.756640393126429,0.));
#2565=DIRECTION('center_axis',(0.,0.,1.));
#2566=DIRECTION('ref_axis',(1.,0.,0.));
#2567=DIRECTION('',(0.,0.,1.));
#2568=DIRECTION('',(0.,0.,1.));
#2569=DIRECTION('center_axis',(0.,0.,1.));
#2570=DIRECTION('ref_axis',(-0.762930180825271,0.646480888492397,0.));
#2571=DIRECTION('center_axis',(0.,0.,1.));
#2572=DIRECTION('ref_axis',(-0.762930180825271,0.646480888492397,0.));
#2573=DIRECTION('',(0.,0.,1.));
#2574=DIRECTION('center_axis',(0.,0.,1.));
#2575=DIRECTION('ref_axis',(-0.702368460109693,0.711813561435252,0.));
#2576=DIRECTION('center_axis',(0.,0.,1.));
#2577=DIRECTION('ref_axis',(-0.702368460109693,0.711813561435252,0.));
#2578=DIRECTION('',(0.,0.,1.));
#2579=DIRECTION('center_axis',(0.,1.,0.));
#2580=DIRECTION('ref_axis',(-1.,0.,0.));
#2581=DIRECTION('',(-1.,0.,0.));
#2582=DIRECTION('',(0.,0.,1.));
#2583=DIRECTION('center_axis',(0.,0.,1.));
#2584=DIRECTION('ref_axis',(-8.88178419700127E-16,1.,0.));
#2585=DIRECTION('center_axis',(0.,0.,1.));
#2586=DIRECTION('ref_axis',(-8.88178419700127E-16,1.,0.));
#2587=DIRECTION('',(0.,0.,1.));
#2588=DIRECTION('center_axis',(0.,0.,1.));
#2589=DIRECTION('ref_axis',(0.702368460109691,0.711813561435255,0.));
#2590=DIRECTION('center_axis',(0.,0.,1.));
#2591=DIRECTION('ref_axis',(0.702368460109691,0.711813561435255,0.));
#2592=DIRECTION('',(0.,0.,1.));
#2593=DIRECTION('center_axis',(0.,0.,1.));
#2594=DIRECTION('ref_axis',(1.,0.,0.));
#2595=DIRECTION('center_axis',(0.,0.,1.));
#2596=DIRECTION('ref_axis',(1.,0.,0.));
#2597=DIRECTION('',(0.,0.,1.));
#2598=DIRECTION('center_axis',(0.,0.,1.));
#2599=DIRECTION('ref_axis',(-0.784290750035799,0.620393439204738,0.));
#2600=DIRECTION('center_axis',(0.,0.,-1.));
#2601=DIRECTION('ref_axis',(-0.784290750035799,0.620393439204738,0.));
#2602=DIRECTION('center_axis',(0.,0.,1.));
#2603=DIRECTION('ref_axis',(-1.,0.,0.));
#2604=DIRECTION('center_axis',(0.,0.,1.));
#2605=DIRECTION('ref_axis',(-1.,0.,0.));
#2606=DIRECTION('',(0.,0.,1.));
#2607=DIRECTION('',(0.,0.,1.));
#2608=DIRECTION('center_axis',(0.,1.,0.));
#2609=DIRECTION('ref_axis',(-1.,0.,0.));
#2610=DIRECTION('',(0.,0.,-1.));
#2611=DIRECTION('',(-1.,0.,0.));
#2612=DIRECTION('center_axis',(0.,0.,1.));
#2613=DIRECTION('ref_axis',(0.760456052170931,0.649389399910872,0.));
#2614=DIRECTION('center_axis',(0.,0.,-1.));
#2615=DIRECTION('ref_axis',(0.760456052170931,0.649389399910872,0.));
#2616=DIRECTION('',(0.,0.,1.));
#2617=DIRECTION('center_axis',(0.,0.,1.));
#2618=DIRECTION('ref_axis',(-0.981872195654469,-0.189544167414014,0.));
#2619=DIRECTION('',(0.,0.,-1.));
#2620=DIRECTION('center_axis',(0.,0.,-1.));
#2621=DIRECTION('ref_axis',(1.,0.,0.));
#2622=DIRECTION('center_axis',(0.,0.,1.));
#2623=DIRECTION('ref_axis',(0.869758626777393,-0.493477386661541,0.));
#2624=DIRECTION('center_axis',(0.,0.,-1.));
#2625=DIRECTION('ref_axis',(0.869758626777393,-0.493477386661541,0.));
#2626=DIRECTION('',(0.,0.,1.));
#2627=DIRECTION('center_axis',(-9.17189047622828E-16,-1.,0.));
#2628=DIRECTION('ref_axis',(1.,-9.17189047622828E-16,0.));
#2629=DIRECTION('',(1.,-9.17189047622828E-16,0.));
#2630=DIRECTION('',(0.,0.,1.));
#2631=DIRECTION('center_axis',(0.,0.,1.));
#2632=DIRECTION('ref_axis',(0.,-1.,0.));
#2633=DIRECTION('center_axis',(0.,0.,1.));
#2634=DIRECTION('ref_axis',(0.,-1.,0.));
#2635=DIRECTION('',(0.,0.,1.));
#2636=DIRECTION('center_axis',(-1.,0.,0.));
#2637=DIRECTION('ref_axis',(0.,-1.,0.));
#2638=DIRECTION('',(0.,-1.,0.));
#2639=DIRECTION('center_axis',(1.,0.,0.));
#2640=DIRECTION('ref_axis',(0.,1.,0.));
#2641=DIRECTION('',(0.,1.,0.));
#2642=DIRECTION('',(0.,0.,1.));
#2643=DIRECTION('',(0.,0.,1.));
#2644=DIRECTION('center_axis',(0.,0.,1.));
#2645=DIRECTION('ref_axis',(1.,0.,0.));
#2646=DIRECTION('center_axis',(0.,0.,1.));
#2647=DIRECTION('ref_axis',(1.,0.,0.));
#2648=DIRECTION('',(0.,0.,1.));
#2649=DIRECTION('center_axis',(0.,-1.,0.));
#2650=DIRECTION('ref_axis',(1.,0.,0.));
#2651=DIRECTION('',(0.,0.,-1.));
#2652=DIRECTION('',(1.,0.,0.));
#2653=DIRECTION('center_axis',(0.,0.,1.));
#2654=DIRECTION('ref_axis',(-0.86216747493087,-0.506623376060883,0.));
#2655=DIRECTION('center_axis',(0.,0.,-1.));
#2656=DIRECTION('ref_axis',(-0.86216747493087,-0.506623376060883,0.));
#2657=DIRECTION('',(0.,0.,1.));
#2658=DIRECTION('center_axis',(0.,0.,1.));
#2659=DIRECTION('ref_axis',(1.,0.,0.));
#2660=DIRECTION('center_axis',(0.,0.,-1.));
#2661=DIRECTION('ref_axis',(1.,0.,0.));
#2662=DIRECTION('',(0.,0.,-1.));
#2663=DIRECTION('center_axis',(0.,0.,1.));
#2664=DIRECTION('ref_axis',(-0.758075883512981,0.652166355185557,0.));
#2665=DIRECTION('center_axis',(0.,0.,-1.));
#2666=DIRECTION('ref_axis',(-0.758075883512981,0.652166355185557,0.));
#2667=DIRECTION('',(0.,0.,1.));
#2668=DIRECTION('center_axis',(0.,1.,0.));
#2669=DIRECTION('ref_axis',(-1.,0.,0.));
#2670=DIRECTION('',(-1.,0.,0.));
#2671=DIRECTION('',(0.,0.,1.));
#2672=DIRECTION('center_axis',(0.,0.,1.));
#2673=DIRECTION('ref_axis',(0.,1.,0.));
#2674=DIRECTION('center_axis',(0.,0.,1.));
#2675=DIRECTION('ref_axis',(0.,1.,0.));
#2676=DIRECTION('center_axis',(0.,0.,1.));
#2677=DIRECTION('ref_axis',(1.,0.,0.));
#2678=DIRECTION('center_axis',(0.,0.,-1.));
#2679=DIRECTION('ref_axis',(-1.,0.,0.));
#2680=DIRECTION('center_axis',(0.,0.,1.));
#2681=DIRECTION('ref_axis',(-1.,0.,0.));
#2682=DIRECTION('center_axis',(0.,0.,1.));
#2683=DIRECTION('ref_axis',(-1.,0.,0.));
#2684=DIRECTION('center_axis',(0.,0.,-1.));
#2685=DIRECTION('ref_axis',(-1.,0.,0.));
#2686=DIRECTION('',(0.,0.,-1.));
#2687=DIRECTION('center_axis',(0.,0.,-1.));
#2688=DIRECTION('ref_axis',(-1.,0.,0.));
#2689=DIRECTION('center_axis',(0.,0.,-1.));
#2690=DIRECTION('ref_axis',(-1.,0.,0.));
#2691=DIRECTION('center_axis',(0.,0.,1.));
#2692=DIRECTION('ref_axis',(-1.,0.,0.));
#2693=DIRECTION('',(0.,0.,-1.));
#2694=DIRECTION('center_axis',(0.,0.,1.));
#2695=DIRECTION('ref_axis',(-1.,0.,0.));
#2696=DIRECTION('center_axis',(0.,0.,1.));
#2697=DIRECTION('ref_axis',(-1.,0.,0.));
#2698=CARTESIAN_POINT('',(0.,0.,0.));
#2699=CARTESIAN_POINT('Origin',(40.0000005960464,25.000000372529,39.8));
#2700=CARTESIAN_POINT('',(37.4000005960465,25.000000372529,39.8));
#2701=CARTESIAN_POINT('Origin',(40.0000005960464,25.000000372529,39.8));
#2702=CARTESIAN_POINT('',(38.6500005960465,25.000000372529,39.8));
#2703=CARTESIAN_POINT('Origin',(40.0000005960464,25.000000372529,39.8));
#2704=CARTESIAN_POINT('Origin',(40.0000005960464,25.000000372529,41.15));
#2705=CARTESIAN_POINT('',(37.4000005960465,25.000000372529,42.5));
#2706=CARTESIAN_POINT('Origin',(40.0000005960464,25.000000372529,42.5));
#2707=CARTESIAN_POINT('',(37.4000005960465,25.000000372529,41.15));
#2708=CARTESIAN_POINT('Origin',(40.0000005960464,25.000000372529,38.5));
#2709=CARTESIAN_POINT('',(38.6500005960465,25.000000372529,39.));
#2710=CARTESIAN_POINT('',(38.6500005960465,25.000000372529,38.5));
#2711=CARTESIAN_POINT('Origin',(40.0000005960464,25.000000372529,39.));
#2712=CARTESIAN_POINT('Origin',(-43.0000006407499,73.0000010877848,39.8));
#2713=CARTESIAN_POINT('',(-45.6000006407499,73.0000010877848,39.8));
#2714=CARTESIAN_POINT('Origin',(-43.0000006407499,73.0000010877848,39.8));
#2715=CARTESIAN_POINT('',(-44.3500006407499,73.0000010877848,39.8));
#2716=CARTESIAN_POINT('Origin',(-43.0000006407499,73.0000010877848,39.8));
#2717=CARTESIAN_POINT('Origin',(-43.0000006407499,73.0000010877848,41.15));
#2718=CARTESIAN_POINT('',(-45.6000006407499,73.0000010877848,42.5));
#2719=CARTESIAN_POINT('Origin',(-43.0000006407499,73.0000010877848,42.5));
#2720=CARTESIAN_POINT('',(-45.6000006407499,73.0000010877848,41.15));
#2721=CARTESIAN_POINT('Origin',(-43.0000006407499,73.0000010877848,38.5));
#2722=CARTESIAN_POINT('',(-44.3500006407499,73.0000010877848,39.));
#2723=CARTESIAN_POINT('',(-44.3500006407499,73.0000010877848,38.5));
#2724=CARTESIAN_POINT('Origin',(-43.0000006407499,73.0000010877848,39.));
#2725=CARTESIAN_POINT('Origin',(43.0000006407499,73.0000010877848,39.8));
#2726=CARTESIAN_POINT('',(40.4000006407499,73.0000010877848,39.8));
#2727=CARTESIAN_POINT('Origin',(43.0000006407499,73.0000010877848,39.8));
#2728=CARTESIAN_POINT('',(41.6500006407499,73.0000010877848,39.8));
#2729=CARTESIAN_POINT('Origin',(43.0000006407499,73.0000010877848,39.8));
#2730=CARTESIAN_POINT('Origin',(43.0000006407499,73.0000010877848,41.15));
#2731=CARTESIAN_POINT('',(40.4000006407499,73.0000010877848,42.5));
#2732=CARTESIAN_POINT('Origin',(43.0000006407499,73.0000010877848,42.5));
#2733=CARTESIAN_POINT('',(40.4000006407499,73.0000010877848,41.15));
#2734=CARTESIAN_POINT('Origin',(43.0000006407499,73.0000010877848,38.5));
#2735=CARTESIAN_POINT('',(41.6500006407499,73.0000010877848,39.));
#2736=CARTESIAN_POINT('',(41.6500006407499,73.0000010877848,38.5));
#2737=CARTESIAN_POINT('Origin',(43.0000006407499,73.0000010877848,39.));
#2738=CARTESIAN_POINT('Origin',(-40.0000005960464,25.000000372529,39.8));
#2739=CARTESIAN_POINT('',(-42.6000005960464,25.000000372529,39.8));
#2740=CARTESIAN_POINT('Origin',(-40.0000005960464,25.000000372529,39.8));
#2741=CARTESIAN_POINT('',(-41.3500005960464,25.000000372529,39.8));
#2742=CARTESIAN_POINT('Origin',(-40.0000005960464,25.000000372529,39.8));
#2743=CARTESIAN_POINT('Origin',(-40.0000005960464,25.000000372529,41.15));
#2744=CARTESIAN_POINT('',(-42.6000005960464,25.000000372529,42.5));
#2745=CARTESIAN_POINT('Origin',(-40.0000005960464,25.000000372529,42.5));
#2746=CARTESIAN_POINT('',(-42.6000005960464,25.000000372529,41.15));
#2747=CARTESIAN_POINT('Origin',(-40.0000005960464,25.000000372529,38.5));
#2748=CARTESIAN_POINT('',(-41.3500005960464,25.000000372529,39.));
#2749=CARTESIAN_POINT('',(-41.3500005960464,25.000000372529,38.5));
#2750=CARTESIAN_POINT('Origin',(-40.0000005960464,25.000000372529,39.));
#2751=CARTESIAN_POINT('Origin',(0.,56.000000834465,42.5));
#2752=CARTESIAN_POINT('',(36.25,56.000000834465,40.2));
#2753=CARTESIAN_POINT('Origin',(0.,56.000000834465,40.2));
#2754=CARTESIAN_POINT('',(36.25,56.000000834465,40.));
#2755=CARTESIAN_POINT('',(36.25,56.000000834465,42.5));
#2756=CARTESIAN_POINT('Origin',(0.,56.000000834465,40.));
#2757=CARTESIAN_POINT('Origin',(-41.0999990798364,-5.55380198818664,40.));
#2758=CARTESIAN_POINT('',(-41.9999990798364,-5.55380198818664,40.5));
#2759=CARTESIAN_POINT('Origin',(-41.0999990798364,-5.55380198818664,40.5));
#2760=CARTESIAN_POINT('',(-41.9999990798364,-5.55380198818664,40.));
#2761=CARTESIAN_POINT('',(-41.9999990798364,-5.55380198818664,40.));
#2762=CARTESIAN_POINT('Origin',(-41.0999990798364,-5.55380198818664,40.));
#2763=CARTESIAN_POINT('Origin',(-41.0999990752334,10.4707174508902,40.));
#2764=CARTESIAN_POINT('',(-41.9999990752334,10.4707174508902,40.5));
#2765=CARTESIAN_POINT('Origin',(-41.0999990752334,10.4707174508902,40.5));
#2766=CARTESIAN_POINT('',(-41.9999990752334,10.4707174508902,40.));
#2767=CARTESIAN_POINT('',(-41.9999990752334,10.4707174508902,40.));
#2768=CARTESIAN_POINT('Origin',(-41.0999990752334,10.4707174508902,40.));
#2769=CARTESIAN_POINT('Origin',(41.1250003491796,10.470717427271,40.));
#2770=CARTESIAN_POINT('',(40.2250003491796,10.470717427271,40.5));
#2771=CARTESIAN_POINT('Origin',(41.1250003491796,10.470717427271,40.5));
#2772=CARTESIAN_POINT('',(40.2250003491796,10.470717427271,40.));
#2773=CARTESIAN_POINT('',(40.2250003491796,10.470717427271,40.));
#2774=CARTESIAN_POINT('Origin',(41.1250003491796,10.470717427271,40.));
#2775=CARTESIAN_POINT('Origin',(41.1250003445765,-5.55380201180581,40.));
#2776=CARTESIAN_POINT('',(40.2250003445765,-5.55380201180581,40.5));
#2777=CARTESIAN_POINT('Origin',(41.1250003445765,-5.55380201180581,40.5));
#2778=CARTESIAN_POINT('',(40.2250003445765,-5.55380201180581,40.));
#2779=CARTESIAN_POINT('',(40.2250003445765,-5.55380201180581,40.));
#2780=CARTESIAN_POINT('Origin',(41.1250003445765,-5.55380201180581,40.));
#2781=CARTESIAN_POINT('Origin',(41.1250003445765,-5.55380201180581,40.5));
#2782=CARTESIAN_POINT('',(39.2250003445765,-5.55380201180581,40.5));
#2783=CARTESIAN_POINT('Origin',(41.1250003445765,-5.55380201180581,40.5));
#2784=CARTESIAN_POINT('Origin',(-41.0999990752334,10.4707174508902,40.5));
#2785=CARTESIAN_POINT('',(-42.9999990752334,10.4707174508902,40.5));
#2786=CARTESIAN_POINT('Origin',(-41.0999990752334,10.4707174508902,40.5));
#2787=CARTESIAN_POINT('Origin',(-41.0999990798364,-5.55380198818664,40.5));
#2788=CARTESIAN_POINT('',(-42.9999990798364,-5.55380198818664,40.5));
#2789=CARTESIAN_POINT('Origin',(-41.0999990798364,-5.55380198818664,40.5));
#2790=CARTESIAN_POINT('Origin',(41.1250003491796,10.470717427271,40.5));
#2791=CARTESIAN_POINT('',(39.2250003491796,10.470717427271,40.5));
#2792=CARTESIAN_POINT('Origin',(41.1250003491796,10.470717427271,40.5));
#2793=CARTESIAN_POINT('Origin',(-18.3897030870455,1.77809183110149,41.));
#2794=CARTESIAN_POINT('',(-7.38970308704583,-7.72190816889851,41.));
#2795=CARTESIAN_POINT('',(-5.92611078366055,-2.10314938476465,41.));
#2796=CARTESIAN_POINT('Origin',(-7.38970308704583,-4.7219081688979,41.));
#2797=CARTESIAN_POINT('',(-30.3897030870458,-7.72190816889851,41.));
#2798=CARTESIAN_POINT('',(-30.3897030870458,-7.72190816889851,41.));
#2799=CARTESIAN_POINT('',(-32.3897030870458,-5.7219081688985,41.));
#2800=CARTESIAN_POINT('Origin',(-30.3897030870458,-5.7219081688985,41.));
#2801=CARTESIAN_POINT('',(-32.3897030870458,9.2780918311015,41.));
#2802=CARTESIAN_POINT('',(-32.3897030870458,9.2780918311015,41.));
#2803=CARTESIAN_POINT('',(-29.4139748847892,11.0239310205233,41.));
#2804=CARTESIAN_POINT('Origin',(-30.3897030870458,9.2780918311015,41.));
#2805=CARTESIAN_POINT('',(-5.92611078366055,-2.10314938476465,41.));
#2806=CARTESIAN_POINT('Origin',(18.3897028194991,1.68929050661589,41.));
#2807=CARTESIAN_POINT('',(5.92611051611402,-2.19195070925147,41.));
#2808=CARTESIAN_POINT('',(7.38970281949911,-7.81070949338412,41.));
#2809=CARTESIAN_POINT('Origin',(7.38970281949911,-4.81070949338412,41.));
#2810=CARTESIAN_POINT('',(29.4139746172424,10.9351296960377,41.));
#2811=CARTESIAN_POINT('',(5.92611051611402,-2.19195070925147,41.));
#2812=CARTESIAN_POINT('',(32.3897028194991,9.18929050661588,41.));
#2813=CARTESIAN_POINT('Origin',(30.3897028194991,9.18929050661588,41.));
#2814=CARTESIAN_POINT('',(32.3897028194991,-5.81070949338411,41.));
#2815=CARTESIAN_POINT('',(32.3897028194991,9.18929050661588,41.));
#2816=CARTESIAN_POINT('',(30.3897028194991,-7.81070949338412,41.));
#2817=CARTESIAN_POINT('Origin',(30.3897028194991,-5.81070949338411,41.));
#2818=CARTESIAN_POINT('',(30.3897028194991,-7.81070949338412,41.));
#2819=CARTESIAN_POINT('Origin',(1.55431223447522E-14,7.15470064268738,41.));
#2820=CARTESIAN_POINT('',(-1.,0.577350269189626,41.));
#2821=CARTESIAN_POINT('',(0.999999999999999,0.577350269189625,41.));
#2822=CARTESIAN_POINT('Origin',(1.38777878078145E-16,2.3094010767585,41.));
#2823=CARTESIAN_POINT('',(-17.7846100521605,10.2679494010474,41.));
#2824=CARTESIAN_POINT('',(-0.999999999999999,0.577350269189625,41.));
#2825=CARTESIAN_POINT('',(-16.7846100521605,14.0000002086163,41.));
#2826=CARTESIAN_POINT('Origin',(-16.7846100521605,12.0000002086163,41.));
#2827=CARTESIAN_POINT('',(16.7846100521605,14.0000002086163,41.));
#2828=CARTESIAN_POINT('',(-16.7846100521605,14.0000002086163,41.));
#2829=CARTESIAN_POINT('',(17.7846100521605,10.2679494010474,41.));
#2830=CARTESIAN_POINT('Origin',(16.7846100521605,12.0000002086163,41.));
#2831=CARTESIAN_POINT('',(17.7846100521605,10.2679494010474,41.));
#2832=CARTESIAN_POINT('Origin',(-41.1250006106105,2.50000020861626,40.));
#2833=CARTESIAN_POINT('',(-37.3897030870458,16.0000002086163,40.));
#2834=CARTESIAN_POINT('',(-44.8602981341752,16.0000002086163,40.));
#2835=CARTESIAN_POINT('',(1.77764862800898,16.0000002086163,40.));
#2836=CARTESIAN_POINT('',(-37.3897030870458,-10.9999997913837,40.));
#2837=CARTESIAN_POINT('',(-37.3897030870458,16.0000002086163,40.));
#2838=CARTESIAN_POINT('',(-44.8602981341752,-10.9999997913837,40.));
#2839=CARTESIAN_POINT('',(-37.3897030870458,-10.9999997913837,40.));
#2840=CARTESIAN_POINT('',(-44.8602981341752,-10.9999997913837,40.));
#2841=CARTESIAN_POINT('Origin',(41.1250003430638,2.50000020861626,40.));
#2842=CARTESIAN_POINT('',(44.8602978666285,16.0000002086163,40.));
#2843=CARTESIAN_POINT('',(37.3897028194991,16.0000002086163,40.));
#2844=CARTESIAN_POINT('',(42.9026491048461,16.0000002086163,40.));
#2845=CARTESIAN_POINT('',(44.8602978666285,-10.9999997913837,40.));
#2846=CARTESIAN_POINT('',(44.8602978666285,16.0000002086163,40.));
#2847=CARTESIAN_POINT('',(37.3897028194991,-10.9999997913837,40.));
#2848=CARTESIAN_POINT('',(44.8602978666285,-10.9999997913837,40.));
#2849=CARTESIAN_POINT('',(37.3897028194991,-10.9999997913837,40.));
#2850=CARTESIAN_POINT('Origin',(35.4120759884074,83.766615215611,41.));
#2851=CARTESIAN_POINT('',(30.6904658566197,80.0643999647915,41.));
#2852=CARTESIAN_POINT('',(39.7906770797737,87.8687917699158,41.));
#2853=CARTESIAN_POINT('Origin',(35.4120759884074,83.766615215611,41.));
#2854=CARTESIAN_POINT('',(-30.7016489650779,80.0501478937934,41.));
#2855=CARTESIAN_POINT('Origin',(4.80065438157595E-5,55.7643439712345,41.));
#2856=CARTESIAN_POINT('',(-39.7716802344711,87.8877812260888,41.));
#2857=CARTESIAN_POINT('Origin',(-35.4175161818627,83.7596756795977,41.));
#2858=CARTESIAN_POINT('',(-36.9744442752283,90.8710540922931,41.));
#2859=CARTESIAN_POINT('Origin',(0.00126890527853973,53.3981099320236,41.));
#2860=CARTESIAN_POINT('',(-12.391548171389,100.957579442059,41.));
#2861=CARTESIAN_POINT('Origin',(-12.3915481713891,65.9575794420593,41.));
#2862=CARTESIAN_POINT('',(12.3940859819461,100.957579442059,41.));
#2863=CARTESIAN_POINT('',(12.3940859819461,100.957579442059,41.));
#2864=CARTESIAN_POINT('',(36.9769820857853,90.8710540922931,41.));
#2865=CARTESIAN_POINT('Origin',(12.3940859819461,65.9575794420593,41.));
#2866=CARTESIAN_POINT('Origin',(0.00126890527853973,53.3981099320236,41.));
#2867=CARTESIAN_POINT('Origin',(-39.9925021764252,48.5321704970259,41.));
#2868=CARTESIAN_POINT('',(-33.400959349886,36.0406431386878,41.));
#2869=CARTESIAN_POINT('',(-35.9761966348966,31.5017627255656,41.));
#2870=CARTESIAN_POINT('Origin',(-35.9761966348966,34.5017627255656,41.));
#2871=CARTESIAN_POINT('',(-44.7552776805765,31.5017627255656,41.));
#2872=CARTESIAN_POINT('',(-44.7552776805765,31.5017627255656,41.));
#2873=CARTESIAN_POINT('',(-49.7552776805765,36.5017627255656,41.));
#2874=CARTESIAN_POINT('Origin',(-44.7552776805765,36.5017627255656,41.));
#2875=CARTESIAN_POINT('',(-49.7552776805765,60.5625782684862,41.));
#2876=CARTESIAN_POINT('',(-49.7552776805765,60.5625782684862,41.));
#2877=CARTESIAN_POINT('',(-44.7552776805765,65.5625782684862,41.));
#2878=CARTESIAN_POINT('Origin',(-44.7552776805765,60.5625782684862,41.));
#2879=CARTESIAN_POINT('',(-41.3931581728449,65.5625782684862,41.));
#2880=CARTESIAN_POINT('',(-37.7168020640545,65.5625782684862,41.));
#2881=CARTESIAN_POINT('',(-38.4301655765777,62.0928178247858,41.));
#2882=CARTESIAN_POINT('Origin',(-41.3931581728449,62.5625782684862,41.));
#2883=CARTESIAN_POINT('Origin',(0.,56.000000834465,41.));
#2884=CARTESIAN_POINT('Origin',(40.5477215244363,48.9316979746648,41.));
#2885=CARTESIAN_POINT('',(36.6122236751838,32.6037746232762,41.));
#2886=CARTESIAN_POINT('',(33.9914584939077,37.0637711522482,41.));
#2887=CARTESIAN_POINT('Origin',(36.6122236751838,35.6037746232762,41.));
#2888=CARTESIAN_POINT('',(38.4737049898563,61.8115470550695,41.));
#2889=CARTESIAN_POINT('Origin',(0.,56.000000834465,41.));
#2890=CARTESIAN_POINT('',(41.4400545052847,65.2596213260534,41.));
#2891=CARTESIAN_POINT('Origin',(41.4400545052847,62.2596213260534,41.));
#2892=CARTESIAN_POINT('',(45.0049839947577,65.2596213260534,41.));
#2893=CARTESIAN_POINT('',(45.0049839947577,65.2596213260534,41.));
#2894=CARTESIAN_POINT('',(50.0049839947577,60.2596213260534,41.));
#2895=CARTESIAN_POINT('Origin',(45.0049839947577,60.2596213260534,41.));
#2896=CARTESIAN_POINT('',(50.0049839947577,37.6037746232762,41.));
#2897=CARTESIAN_POINT('',(50.0049839947577,60.2596213260534,41.));
#2898=CARTESIAN_POINT('',(45.0049839947577,32.6037746232762,41.));
#2899=CARTESIAN_POINT('Origin',(45.0049839947577,37.6037746232762,41.));
#2900=CARTESIAN_POINT('',(45.0049839947577,32.6037746232762,41.));
#2901=CARTESIAN_POINT('Origin',(41.1250003445765,-5.55380201180581,41.5));
#2902=CARTESIAN_POINT('',(39.2250003445765,-5.55380201180581,42.5));
#2903=CARTESIAN_POINT('Origin',(41.1250003445765,-5.55380201180581,42.5));
#2904=CARTESIAN_POINT('',(39.2250003445765,-5.55380201180581,41.5));
#2905=CARTESIAN_POINT('Origin',(-41.0999990752334,10.4707174508902,41.5));
#2906=CARTESIAN_POINT('',(-42.9999990752334,10.4707174508902,42.5));
#2907=CARTESIAN_POINT('Origin',(-41.0999990752334,10.4707174508902,42.5));
#2908=CARTESIAN_POINT('',(-42.9999990752334,10.4707174508902,41.5));
#2909=CARTESIAN_POINT('Origin',(-41.0999990798364,-5.55380198818664,41.5));
#2910=CARTESIAN_POINT('',(-42.9999990798364,-5.55380198818664,42.5));
#2911=CARTESIAN_POINT('Origin',(-41.0999990798364,-5.55380198818664,42.5));
#2912=CARTESIAN_POINT('',(-42.9999990798364,-5.55380198818664,41.5));
#2913=CARTESIAN_POINT('Origin',(41.1250003491796,10.470717427271,41.5));
#2914=CARTESIAN_POINT('',(39.2250003491796,10.470717427271,42.5));
#2915=CARTESIAN_POINT('Origin',(41.1250003491796,10.470717427271,42.5));
#2916=CARTESIAN_POINT('',(39.2250003491796,10.470717427271,41.5));
#2917=CARTESIAN_POINT('Origin',(-52.2052776805765,64.5000002091908,39.));
#2918=CARTESIAN_POINT('',(-52.2052776805765,64.5000002091908,39.));
#2919=CARTESIAN_POINT('',(-52.2052776805765,16.0000002091908,39.));
#2920=CARTESIAN_POINT('',(-52.2052776805765,16.0000002091908,39.));
#2921=CARTESIAN_POINT('',(-52.2052776805764,16.0000002091908,42.5));
#2922=CARTESIAN_POINT('',(-52.2052776805765,16.0000002086163,39.));
#2923=CARTESIAN_POINT('',(-52.2052776805765,64.5000002091908,42.5));
#2924=CARTESIAN_POINT('',(-52.2052776805765,16.0000002091908,42.5));
#2925=CARTESIAN_POINT('',(-52.2052776805765,64.5000002091908,39.));
#2926=CARTESIAN_POINT('Origin',(-50.2052776805765,16.0000002086163,39.));
#2927=CARTESIAN_POINT('',(-51.7502971805009,16.0000002384186,39.));
#2928=CARTESIAN_POINT('',(-51.7502971805009,16.0000002384186,42.5));
#2929=CARTESIAN_POINT('',(-51.7502971805009,16.0000002384186,41.8));
#2930=CARTESIAN_POINT('',(-50.2052776805764,16.0000002091908,42.5));
#2931=CARTESIAN_POINT('',(-50.2052776805765,16.0000002091908,39.));
#2932=CARTESIAN_POINT('Origin',(-51.7502971805009,16.0000002384186,39.));
#2933=CARTESIAN_POINT('',(-51.7502971805009,-9.00000019123157,39.));
#2934=CARTESIAN_POINT('',(-51.7502971805009,-9.00000019123157,39.));
#2935=CARTESIAN_POINT('',(-51.7502971805009,-9.00000019123157,42.5));
#2936=CARTESIAN_POINT('',(-51.7502971805009,-9.00000019123157,41.8));
#2937=CARTESIAN_POINT('',(-51.7502971805009,9.29500022351742,42.5));
#2938=CARTESIAN_POINT('Origin',(-46.7502971805009,-9.00000019123157,39.));
#2939=CARTESIAN_POINT('',(-46.7502971805009,-14.0000001912316,39.));
#2940=CARTESIAN_POINT('Origin',(-46.7502971805009,-9.00000019123157,39.));
#2941=CARTESIAN_POINT('',(-46.7502971805009,-14.0000001912316,42.5));
#2942=CARTESIAN_POINT('',(-46.7502971805009,-14.0000001912316,41.8));
#2943=CARTESIAN_POINT('Origin',(-46.7502971805009,-9.00000019123157,42.5));
#2944=CARTESIAN_POINT('Origin',(-46.7502971805009,-14.0000001912316,39.));
#2945=CARTESIAN_POINT('',(-32.1597180178979,-14.0000001912316,39.));
#2946=CARTESIAN_POINT('',(-29.999999254942,-14.0000001912316,39.));
#2947=CARTESIAN_POINT('',(-32.1597180178979,-14.0000001912316,42.5));
#2948=CARTESIAN_POINT('',(-32.1597180178979,-14.0000001912316,39.));
#2949=CARTESIAN_POINT('',(-2.81264841871855,-14.0000001912316,42.5));
#2950=CARTESIAN_POINT('Origin',(-32.1597180178979,-9.00000019123157,39.));
#2951=CARTESIAN_POINT('',(-28.9827643990814,-12.860954180065,39.));
#2952=CARTESIAN_POINT('Origin',(-32.1597180178979,-9.00000019123157,39.));
#2953=CARTESIAN_POINT('',(-28.9827643990814,-12.860954180065,42.5));
#2954=CARTESIAN_POINT('',(-28.9827643990814,-12.860954180065,39.));
#2955=CARTESIAN_POINT('Origin',(-32.1597180178979,-9.00000019123157,42.5));
#2956=CARTESIAN_POINT('Origin',(-25.805810780265,-16.7219081688985,39.));
#2957=CARTESIAN_POINT('',(-25.805810780265,-11.7219081688985,39.));
#2958=CARTESIAN_POINT('Origin',(-25.805810780265,-16.7219081688985,39.));
#2959=CARTESIAN_POINT('',(-25.805810780265,-11.7219081688985,42.5));
#2960=CARTESIAN_POINT('',(-25.805810780265,-11.7219081688985,39.));
#2961=CARTESIAN_POINT('Origin',(-25.805810780265,-16.7219081688985,42.5));
#2962=CARTESIAN_POINT('Origin',(-29.9999992549419,-11.7219081688985,39.));
#2963=CARTESIAN_POINT('',(26.0555143448222,-11.7219081688985,39.));
#2964=CARTESIAN_POINT('',(30.2497028194991,-11.7219081688985,39.));
#2965=CARTESIAN_POINT('',(26.0555143448222,-11.7219081688985,42.5));
#2966=CARTESIAN_POINT('',(26.0555143448222,-11.7219081688985,39.));
#2967=CARTESIAN_POINT('',(5.56250054406093,-11.7219081688985,42.5));
#2968=CARTESIAN_POINT('Origin',(26.0555143448222,-16.7219081688985,39.));
#2969=CARTESIAN_POINT('',(29.2324679636386,-12.860954180065,39.));
#2970=CARTESIAN_POINT('Origin',(26.0555143448222,-16.7219081688985,39.));
#2971=CARTESIAN_POINT('',(29.2324679636386,-12.860954180065,42.5));
#2972=CARTESIAN_POINT('',(29.2324679636386,-12.860954180065,39.));
#2973=CARTESIAN_POINT('Origin',(26.0555143448222,-16.7219081688985,42.5));
#2974=CARTESIAN_POINT('Origin',(32.4094215824551,-9.00000019123157,39.));
#2975=CARTESIAN_POINT('',(32.4094215824551,-14.0000001912316,39.));
#2976=CARTESIAN_POINT('Origin',(32.4094215824551,-9.00000019123157,39.));
#2977=CARTESIAN_POINT('',(32.4094215824551,-14.0000001912316,42.5));
#2978=CARTESIAN_POINT('',(32.4094215824551,-14.0000001912316,39.));
#2979=CARTESIAN_POINT('Origin',(32.4094215824551,-9.00000019123157,42.5));
#2980=CARTESIAN_POINT('Origin',(30.2497028194991,-14.0000001912316,39.));
#2981=CARTESIAN_POINT('',(47.0000007450581,-14.0000001912316,39.));
#2982=CARTESIAN_POINT('',(47.0000007450581,-14.0000001912316,39.));
#2983=CARTESIAN_POINT('',(47.0000007450581,-14.0000001912316,42.5));
#2984=CARTESIAN_POINT('',(47.0000007450581,-14.0000001912316,39.));
#2985=CARTESIAN_POINT('',(35.6873515812815,-14.0000001912316,42.5));
#2986=CARTESIAN_POINT('Origin',(47.0000007450581,-9.00000019123157,39.));
#2987=CARTESIAN_POINT('',(52.0000007450581,-9.00000019123157,39.));
#2988=CARTESIAN_POINT('Origin',(47.0000007450581,-9.00000019123157,39.));
#2989=CARTESIAN_POINT('',(52.0000007450581,-9.00000019123157,42.5));
#2990=CARTESIAN_POINT('',(52.0000007450581,-9.00000019123157,41.8));
#2991=CARTESIAN_POINT('Origin',(47.0000007450581,-9.00000019123157,42.5));
#2992=CARTESIAN_POINT('Origin',(52.0000007450581,-9.00000019123157,39.));
#2993=CARTESIAN_POINT('',(52.0000007450581,16.0000002086163,39.));
#2994=CARTESIAN_POINT('',(52.0000007450581,16.0000002086163,39.));
#2995=CARTESIAN_POINT('',(52.0000007450581,16.0000002086163,42.5));
#2996=CARTESIAN_POINT('',(52.0000007450581,16.0000002086163,41.8));
#2997=CARTESIAN_POINT('',(52.0000007450581,-3.20499999130766,42.5));
#2998=CARTESIAN_POINT('Origin',(50.4549839947577,16.0000002086163,42.5));
#2999=CARTESIAN_POINT('',(52.4549839947577,16.0000002091908,39.));
#3000=CARTESIAN_POINT('',(50.4549839947577,16.0000002091908,39.));
#3001=CARTESIAN_POINT('',(52.4549839947577,16.0000002091908,42.5));
#3002=CARTESIAN_POINT('',(52.4549839947577,16.0000002086163,39.));
#3003=CARTESIAN_POINT('',(50.4549839947577,16.0000002091908,42.5));
#3004=CARTESIAN_POINT('Origin',(52.4549839947577,16.0000002091908,39.));
#3005=CARTESIAN_POINT('',(52.4549839947577,64.5000002091907,39.));
#3006=CARTESIAN_POINT('',(52.4549839947577,64.5000002091907,39.));
#3007=CARTESIAN_POINT('',(52.4549839947577,64.5000002091907,42.5));
#3008=CARTESIAN_POINT('',(52.4549839947577,64.5000002091907,39.));
#3009=CARTESIAN_POINT('',(52.4549839947577,64.5000002091907,42.5));
#3010=CARTESIAN_POINT('Origin',(12.9549839947576,64.5000002091907,39.));
#3011=CARTESIAN_POINT('',(12.9549839947576,104.000000209191,39.));
#3012=CARTESIAN_POINT('Origin',(12.9549839947576,64.5000002091907,39.));
#3013=CARTESIAN_POINT('',(12.9549839947576,104.000000209191,42.5));
#3014=CARTESIAN_POINT('',(12.9549839947576,104.000000209191,39.));
#3015=CARTESIAN_POINT('Origin',(12.9549839947576,64.5000002091907,42.5));
#3016=CARTESIAN_POINT('Origin',(12.9549839947576,104.000000209191,39.));
#3017=CARTESIAN_POINT('',(-12.7052776805765,104.000000209191,39.));
#3018=CARTESIAN_POINT('',(-12.7052776805765,104.000000209191,39.));
#3019=CARTESIAN_POINT('',(-12.7052776805765,104.000000209191,42.5));
#3020=CARTESIAN_POINT('',(-12.7052776805765,104.000000209191,39.));
#3021=CARTESIAN_POINT('',(-12.7052776805765,104.000000209191,42.5));
#3022=CARTESIAN_POINT('Origin',(-12.7052776805765,64.5000002091908,39.));
#3023=CARTESIAN_POINT('Origin',(-12.7052776805765,64.5000002091908,39.));
#3024=CARTESIAN_POINT('Origin',(-12.7052776805765,64.5000002091908,42.5));
#3025=CARTESIAN_POINT('Origin',(-30.3897030870458,-5.7219081688985,39.));
#3026=CARTESIAN_POINT('',(-32.3897030870458,-5.7219081688985,39.));
#3027=CARTESIAN_POINT('',(-30.3897030870458,-7.72190816889851,39.));
#3028=CARTESIAN_POINT('Origin',(-30.3897030870458,-5.7219081688985,39.));
#3029=CARTESIAN_POINT('',(-32.3897030870458,-5.7219081688985,39.));
#3030=CARTESIAN_POINT('',(-30.3897030870458,-7.72190816889851,39.));
#3031=CARTESIAN_POINT('Origin',(-32.3897030870458,9.2780918311015,39.));
#3032=CARTESIAN_POINT('',(-32.3897030870458,9.2780918311015,39.));
#3033=CARTESIAN_POINT('',(-32.3897030870458,5.93404601985888,39.));
#3034=CARTESIAN_POINT('',(-32.3897030870458,9.2780918311015,39.));
#3035=CARTESIAN_POINT('Origin',(-30.3897030870458,9.2780918311015,39.));
#3036=CARTESIAN_POINT('',(-29.4139748847892,11.0239310205233,39.));
#3037=CARTESIAN_POINT('Origin',(-30.3897030870458,9.2780918311015,39.));
#3038=CARTESIAN_POINT('',(-29.4139748847892,11.0239310205233,39.));
#3039=CARTESIAN_POINT('Origin',(-5.92611078366055,-2.10314938476465,39.));
#3040=CARTESIAN_POINT('',(-5.92611078366055,-2.10314938476465,39.));
#3041=CARTESIAN_POINT('',(11.000768071807,-11.56337526097,39.));
#3042=CARTESIAN_POINT('',(-5.92611078366055,-2.10314938476465,39.));
#3043=CARTESIAN_POINT('Origin',(-7.38970308704583,-4.7219081688979,39.));
#3044=CARTESIAN_POINT('',(-7.38970308704583,-7.72190816889851,39.));
#3045=CARTESIAN_POINT('Origin',(-7.38970308704583,-4.7219081688979,39.));
#3046=CARTESIAN_POINT('',(-7.38970308704583,-7.72190816889851,39.));
#3047=CARTESIAN_POINT('Origin',(-30.3897030870458,-7.72190816889851,39.));
#3048=CARTESIAN_POINT('',(5.36764862800898,-7.72190816889851,39.));
#3049=CARTESIAN_POINT('Origin',(30.3897028194991,9.18929050661588,39.));
#3050=CARTESIAN_POINT('',(32.3897028194991,9.18929050661589,39.));
#3051=CARTESIAN_POINT('',(29.4139746172424,10.9351296960377,39.));
#3052=CARTESIAN_POINT('Origin',(30.3897028194991,9.18929050661588,39.));
#3053=CARTESIAN_POINT('',(32.3897028194991,9.18929050661589,39.));
#3054=CARTESIAN_POINT('',(29.4139746172424,10.9351296960377,39.));
#3055=CARTESIAN_POINT('Origin',(32.3897028194991,-5.81070949338412,39.));
#3056=CARTESIAN_POINT('',(32.3897028194991,-5.81070949338411,39.));
#3057=CARTESIAN_POINT('',(32.3897028194991,-1.61035464238393,39.));
#3058=CARTESIAN_POINT('',(32.3897028194991,-5.81070949338411,39.));
#3059=CARTESIAN_POINT('Origin',(30.3897028194991,-5.81070949338411,39.));
#3060=CARTESIAN_POINT('',(30.3897028194991,-7.81070949338412,39.));
#3061=CARTESIAN_POINT('Origin',(30.3897028194991,-5.81070949338411,39.));
#3062=CARTESIAN_POINT('',(30.3897028194991,-7.81070949338412,39.));
#3063=CARTESIAN_POINT('Origin',(7.38970281949911,-7.81070949338412,39.));
#3064=CARTESIAN_POINT('',(7.38970281949911,-7.81070949338412,39.));
#3065=CARTESIAN_POINT('',(24.2573515812815,-7.81070949338412,39.));
#3066=CARTESIAN_POINT('',(7.38970281949911,-7.81070949338412,39.));
#3067=CARTESIAN_POINT('Origin',(7.38970281949911,-4.81070949338412,39.));
#3068=CARTESIAN_POINT('',(5.92611051611402,-2.19195070925147,39.));
#3069=CARTESIAN_POINT('Origin',(7.38970281949911,-4.81070949338412,39.));
#3070=CARTESIAN_POINT('',(5.92611051611402,-2.19195070925147,39.));
#3071=CARTESIAN_POINT('Origin',(29.4139746172424,10.9351296960377,39.));
#3072=CARTESIAN_POINT('',(32.0988547622998,12.4356764205498,39.));
#3073=CARTESIAN_POINT('Origin',(-16.7846100521605,12.0000002086163,39.));
#3074=CARTESIAN_POINT('',(-16.7846100521605,14.0000002086163,39.));
#3075=CARTESIAN_POINT('',(-17.7846100521605,10.2679494010474,39.));
#3076=CARTESIAN_POINT('Origin',(-16.7846100521605,12.0000002086163,39.));
#3077=CARTESIAN_POINT('',(-16.7846100521605,14.0000002086163,39.));
#3078=CARTESIAN_POINT('',(-17.7846100521605,10.2679494010474,39.));
#3079=CARTESIAN_POINT('Origin',(16.7846100521605,14.0000002086163,39.));
#3080=CARTESIAN_POINT('',(16.7846100521605,14.0000002086163,39.));
#3081=CARTESIAN_POINT('',(28.9548051976122,14.0000002086163,39.));
#3082=CARTESIAN_POINT('',(16.7846100521605,14.0000002086163,39.));
#3083=CARTESIAN_POINT('Origin',(16.7846100521605,12.0000002086163,39.));
#3084=CARTESIAN_POINT('',(17.7846100521605,10.2679494010474,39.));
#3085=CARTESIAN_POINT('Origin',(16.7846100521605,12.0000002086163,39.));
#3086=CARTESIAN_POINT('',(17.7846100521605,10.2679494010474,39.));
#3087=CARTESIAN_POINT('Origin',(0.999999999999999,0.577350269189625,39.));
#3088=CARTESIAN_POINT('',(0.999999999999999,0.577350269189625,39.));
#3089=CARTESIAN_POINT('',(16.4826266227661,9.51624891760609,39.));
#3090=CARTESIAN_POINT('',(0.999999999999999,0.577350269189625,39.));
#3091=CARTESIAN_POINT('Origin',(1.38777878078145E-16,2.3094010767585,39.));
#3092=CARTESIAN_POINT('',(-1.,0.577350269189626,39.));
#3093=CARTESIAN_POINT('Origin',(1.38777878078145E-16,2.3094010767585,39.));
#3094=CARTESIAN_POINT('',(-1.,0.577350269189626,39.));
#3095=CARTESIAN_POINT('Origin',(-17.7846100521605,10.2679494010474,39.));
#3096=CARTESIAN_POINT('',(5.96881860845151,-3.44609903033353,39.));
#3097=CARTESIAN_POINT('Origin',(-37.3897030870458,-10.9999997913837,39.));
#3098=CARTESIAN_POINT('',(-37.3897030870458,-10.9999997913837,39.));
#3099=CARTESIAN_POINT('',(-37.3897030870458,16.0000002086163,39.));
#3100=CARTESIAN_POINT('',(-37.3897030870458,-4.20499979138374,39.));
#3101=CARTESIAN_POINT('',(-37.3897030870458,-10.9999997913837,39.));
#3102=CARTESIAN_POINT('',(-37.3897030870458,16.0000002086163,39.));
#3103=CARTESIAN_POINT('Origin',(-44.8602981341752,-10.9999997913837,39.));
#3104=CARTESIAN_POINT('',(-44.8602981341752,-10.9999997913837,39.));
#3105=CARTESIAN_POINT('',(-1.8676488955557,-10.9999997913837,39.));
#3106=CARTESIAN_POINT('',(-44.8602981341752,-10.9999997913837,39.));
#3107=CARTESIAN_POINT('Origin',(-44.8602981341752,16.0000002086163,39.));
#3108=CARTESIAN_POINT('',(-44.8602981341752,16.0000002086163,39.));
#3109=CARTESIAN_POINT('',(-44.8602981341752,9.29500020861626,39.));
#3110=CARTESIAN_POINT('',(-44.8602981341752,16.0000002086163,39.));
#3111=CARTESIAN_POINT('Origin',(-50.2052776805764,16.0000002091908,39.));
#3112=CARTESIAN_POINT('',(50.4549839947577,16.0000002091908,39.));
#3113=CARTESIAN_POINT('Origin',(-50.2052776805764,16.0000002091908,39.));
#3114=CARTESIAN_POINT('',(37.3897028194991,16.0000002086163,39.));
#3115=CARTESIAN_POINT('',(37.3897028194991,16.0000002086163,39.));
#3116=CARTESIAN_POINT('',(44.8602978666285,16.0000002086163,39.));
#3117=CARTESIAN_POINT('',(50.4549839947577,16.0000002091908,39.));
#3118=CARTESIAN_POINT('',(44.8602978666285,16.0000002086163,39.));
#3119=CARTESIAN_POINT('Origin',(44.8602978666285,-10.9999997913837,39.));
#3120=CARTESIAN_POINT('',(44.8602978666285,-10.9999997913837,39.));
#3121=CARTESIAN_POINT('',(44.8602978666285,-4.20499979138374,39.));
#3122=CARTESIAN_POINT('',(44.8602978666285,-10.9999997913837,39.));
#3123=CARTESIAN_POINT('Origin',(37.3897028194991,-10.9999997913837,39.));
#3124=CARTESIAN_POINT('',(37.3897028194991,-10.9999997913837,39.));
#3125=CARTESIAN_POINT('',(39.2573515812815,-10.9999997913837,39.));
#3126=CARTESIAN_POINT('',(37.3897028194991,-10.9999997913837,39.));
#3127=CARTESIAN_POINT('Origin',(37.3897028194991,16.0000002086163,39.));
#3128=CARTESIAN_POINT('',(37.3897028194991,9.29500020861626,39.));
#3129=CARTESIAN_POINT('Origin',(-35.4175161818627,83.7596756795977,39.));
#3130=CARTESIAN_POINT('',(-39.7716802344711,87.8877812260888,39.));
#3131=CARTESIAN_POINT('',(-30.7016489650779,80.0501478937934,39.));
#3132=CARTESIAN_POINT('Origin',(-35.4175161818627,83.7596756795977,39.));
#3133=CARTESIAN_POINT('',(-39.7716802344711,87.8877812260888,39.));
#3134=CARTESIAN_POINT('',(-30.7016489650779,80.0501478937934,39.));
#3135=CARTESIAN_POINT('Origin',(0.00126890527853973,53.3981099320236,39.));
#3136=CARTESIAN_POINT('',(-36.9744442752283,90.8710540922931,39.));
#3137=CARTESIAN_POINT('Origin',(0.00126890527853973,53.3981099320236,39.));
#3138=CARTESIAN_POINT('',(-36.9744442752283,90.8710540922931,39.));
#3139=CARTESIAN_POINT('Origin',(-12.3915481713891,65.9575794420593,39.));
#3140=CARTESIAN_POINT('',(-12.391548171389,100.957579442059,39.));
#3141=CARTESIAN_POINT('Origin',(-12.3915481713891,65.9575794420593,39.));
#3142=CARTESIAN_POINT('',(-12.391548171389,100.957579442059,39.));
#3143=CARTESIAN_POINT('Origin',(12.3940859819461,100.957579442059,39.));
#3144=CARTESIAN_POINT('',(12.3940859819461,100.957579442059,39.));
#3145=CARTESIAN_POINT('',(26.7595431625049,100.957579442059,39.));
#3146=CARTESIAN_POINT('',(12.3940859819461,100.957579442059,39.));
#3147=CARTESIAN_POINT('Origin',(12.3940859819461,65.9575794420593,39.));
#3148=CARTESIAN_POINT('',(36.9769820857853,90.8710540922931,39.));
#3149=CARTESIAN_POINT('Origin',(12.3940859819461,65.9575794420593,39.));
#3150=CARTESIAN_POINT('',(36.9769820857853,90.8710540922931,39.));
#3151=CARTESIAN_POINT('Origin',(0.00126890527853973,53.3981099320236,39.));
#3152=CARTESIAN_POINT('',(39.7906770797737,87.8687917699158,39.));
#3153=CARTESIAN_POINT('Origin',(0.00126890527853973,53.3981099320236,39.));
#3154=CARTESIAN_POINT('',(39.7906770797737,87.8687917699158,39.));
#3155=CARTESIAN_POINT('Origin',(35.4120759884074,83.766615215611,39.));
#3156=CARTESIAN_POINT('',(30.6904658566197,80.0643999647915,39.));
#3157=CARTESIAN_POINT('Origin',(35.4120759884074,83.766615215611,39.));
#3158=CARTESIAN_POINT('',(30.6904658566197,80.0643999647915,39.));
#3159=CARTESIAN_POINT('Origin',(4.80065438157595E-5,55.7643439712345,39.));
#3160=CARTESIAN_POINT('Origin',(4.80065438157595E-5,55.7643439712345,39.));
#3161=CARTESIAN_POINT('Origin',(-44.7552776805765,60.5625782684862,39.));
#3162=CARTESIAN_POINT('',(-44.7552776805765,65.5625782684862,39.));
#3163=CARTESIAN_POINT('',(-49.7552776805765,60.5625782684862,39.));
#3164=CARTESIAN_POINT('Origin',(-44.7552776805765,60.5625782684862,39.));
#3165=CARTESIAN_POINT('',(-44.7552776805765,65.5625782684862,39.));
#3166=CARTESIAN_POINT('',(-49.7552776805765,60.5625782684862,39.));
#3167=CARTESIAN_POINT('Origin',(-37.7168020640545,65.5625782684862,39.));
#3168=CARTESIAN_POINT('',(-41.3931581728449,65.5625782684862,39.));
#3169=CARTESIAN_POINT('',(-41.3931581728449,65.5625782684862,39.));
#3170=CARTESIAN_POINT('',(1.70409913950466,65.5625782684862,39.));
#3171=CARTESIAN_POINT('Origin',(-41.3931581728449,62.5625782684862,39.));
#3172=CARTESIAN_POINT('',(-38.4301655765777,62.0928178247858,39.));
#3173=CARTESIAN_POINT('Origin',(-41.3931581728449,62.5625782684862,39.));
#3174=CARTESIAN_POINT('',(-38.4301655765777,62.0928178247858,39.));
#3175=CARTESIAN_POINT('Origin',(0.,56.000000834465,39.));
#3176=CARTESIAN_POINT('',(-33.400959349886,36.0406431386878,39.));
#3177=CARTESIAN_POINT('',(-33.400959349886,36.0406431386878,39.));
#3178=CARTESIAN_POINT('Origin',(0.,56.000000834465,39.));
#3179=CARTESIAN_POINT('Origin',(-35.9761966348966,34.5017627255656,39.));
#3180=CARTESIAN_POINT('',(-35.9761966348966,31.5017627255656,39.));
#3181=CARTESIAN_POINT('Origin',(-35.9761966348966,34.5017627255656,39.));
#3182=CARTESIAN_POINT('',(-35.9761966348966,31.5017627255656,39.));
#3183=CARTESIAN_POINT('Origin',(-44.7552776805765,31.5017627255656,39.));
#3184=CARTESIAN_POINT('',(-44.7552776805765,31.5017627255656,39.));
#3185=CARTESIAN_POINT('',(-1.81513866875632,31.5017627255656,39.));
#3186=CARTESIAN_POINT('',(-44.7552776805765,31.5017627255656,39.));
#3187=CARTESIAN_POINT('Origin',(-44.7552776805765,36.5017627255656,39.));
#3188=CARTESIAN_POINT('',(-49.7552776805765,36.5017627255656,39.));
#3189=CARTESIAN_POINT('Origin',(-44.7552776805765,36.5017627255656,39.));
#3190=CARTESIAN_POINT('',(-49.7552776805765,36.5017627255656,39.));
#3191=CARTESIAN_POINT('Origin',(-49.7552776805765,60.5625782684862,39.));
#3192=CARTESIAN_POINT('',(-49.7552776805765,31.5762892385512,39.));
#3193=CARTESIAN_POINT('Origin',(50.0049839947577,37.6037746232762,39.));
#3194=CARTESIAN_POINT('',(50.0049839947577,37.6037746232762,39.));
#3195=CARTESIAN_POINT('',(50.0049839947577,60.2596213260534,39.));
#3196=CARTESIAN_POINT('',(50.0049839947577,20.0968874159462,39.));
#3197=CARTESIAN_POINT('',(50.0049839947577,37.6037746232762,39.));
#3198=CARTESIAN_POINT('',(50.0049839947577,60.2596213260534,39.));
#3199=CARTESIAN_POINT('Origin',(45.0049839947577,37.6037746232762,39.));
#3200=CARTESIAN_POINT('',(45.0049839947577,32.6037746232762,39.));
#3201=CARTESIAN_POINT('Origin',(45.0049839947577,37.6037746232762,39.));
#3202=CARTESIAN_POINT('',(45.0049839947577,32.6037746232762,39.));
#3203=CARTESIAN_POINT('Origin',(31.0904590541149,32.6037746232762,39.));
#3204=CARTESIAN_POINT('',(36.6122236751838,32.6037746232762,39.));
#3205=CARTESIAN_POINT('',(36.6122236751838,32.6037746232762,39.));
#3206=CARTESIAN_POINT('',(36.1077296985894,32.6037746232762,39.));
#3207=CARTESIAN_POINT('Origin',(36.6122236751838,35.6037746232762,39.));
#3208=CARTESIAN_POINT('',(33.9914584939077,37.0637711522482,39.));
#3209=CARTESIAN_POINT('Origin',(36.6122236751838,35.6037746232762,39.));
#3210=CARTESIAN_POINT('',(33.9914584939077,37.0637711522482,39.));
#3211=CARTESIAN_POINT('Origin',(0.,56.000000834465,39.));
#3212=CARTESIAN_POINT('',(38.4737049898563,61.8115470550695,39.));
#3213=CARTESIAN_POINT('Origin',(0.,56.000000834465,39.));
#3214=CARTESIAN_POINT('',(38.4737049898563,61.8115470550695,39.));
#3215=CARTESIAN_POINT('Origin',(41.4400545052847,62.2596213260534,39.));
#3216=CARTESIAN_POINT('',(41.4400545052847,65.2596213260534,39.));
#3217=CARTESIAN_POINT('Origin',(41.4400545052847,62.2596213260534,39.));
#3218=CARTESIAN_POINT('',(41.4400545052847,65.2596213260534,39.));
#3219=CARTESIAN_POINT('Origin',(45.0049839947577,65.2596213260534,39.));
#3220=CARTESIAN_POINT('',(45.0049839947577,65.2596213260534,39.));
#3221=CARTESIAN_POINT('',(43.0649921689107,65.2596213260534,39.));
#3222=CARTESIAN_POINT('',(45.0049839947577,65.2596213260534,39.));
#3223=CARTESIAN_POINT('Origin',(45.0049839947577,60.2596213260534,39.));
#3224=CARTESIAN_POINT('Origin',(45.0049839947577,60.2596213260534,39.));
#3225=CARTESIAN_POINT('Origin',(41.1250003430638,2.59000020861626,42.5));
#3226=CARTESIAN_POINT('',(36.75,56.000000834465,42.5));
#3227=CARTESIAN_POINT('Origin',(0.,56.000000834465,42.5));
#3228=CARTESIAN_POINT('Origin',(41.1250003430638,2.59000020861626,39.));
#3229=CARTESIAN_POINT('',(34.,56.000000834465,39.));
#3230=CARTESIAN_POINT('Origin',(0.,56.000000834465,39.));
#3231=CARTESIAN_POINT('Origin',(0.,56.000000834465,42.5));
#3232=CARTESIAN_POINT('',(36.75,56.000000834465,40.));
#3233=CARTESIAN_POINT('',(36.75,56.000000834465,42.5));
#3234=CARTESIAN_POINT('Origin',(0.,56.000000834465,40.));
#3235=CARTESIAN_POINT('Origin',(0.,56.000000834465,42.5));
#3236=CARTESIAN_POINT('',(34.,56.000000834465,40.2));
#3237=CARTESIAN_POINT('Origin',(0.,56.000000834465,40.2));
#3238=CARTESIAN_POINT('',(34.,56.000000834465,42.5));
#3239=CARTESIAN_POINT('Origin',(0.,56.000000834465,40.));
#3240=CARTESIAN_POINT('Origin',(0.,56.000000834465,40.2));
#3241=UNCERTAINTY_MEASURE_WITH_UNIT(LENGTH_MEASURE(0.01),#3245,
'DISTANCE_ACCURACY_VALUE',
'Maximum model space distance between geometric entities at asserted c
onnectivities');
#3242=UNCERTAINTY_MEASURE_WITH_UNIT(LENGTH_MEASURE(0.01),#3245,
'DISTANCE_ACCURACY_VALUE',
'Maximum model space distance between geometric entities at asserted c
onnectivities');
#3243=(
GEOMETRIC_REPRESENTATION_CONTEXT(3)
GLOBAL_UNCERTAINTY_ASSIGNED_CONTEXT((#3241))
GLOBAL_UNIT_ASSIGNED_CONTEXT((#3245,#3247,#3248))
REPRESENTATION_CONTEXT('','3D')
);
#3244=(
GEOMETRIC_REPRESENTATION_CONTEXT(3)
GLOBAL_UNCERTAINTY_ASSIGNED_CONTEXT((#3242))
GLOBAL_UNIT_ASSIGNED_CONTEXT((#3245,#3247,#3248))
REPRESENTATION_CONTEXT('','3D')
);
#3245=(
LENGTH_UNIT()
NAMED_UNIT(*)
SI_UNIT(.MILLI.,.METRE.)
);
#3246=(
LENGTH_UNIT()
NAMED_UNIT(*)
SI_UNIT($,.METRE.)
);
#3247=(
NAMED_UNIT(*)
PLANE_ANGLE_UNIT()
SI_UNIT($,.RADIAN.)
);
#3248=(
NAMED_UNIT(*)
SI_UNIT($,.STERADIAN.)
SOLID_ANGLE_UNIT()
);
#3249=SHAPE_DEFINITION_REPRESENTATION(#3250,#3251);
#3250=PRODUCT_DEFINITION_SHAPE('',$,#3253);
#3251=SHAPE_REPRESENTATION('',(#1901),#3243);
#3252=PRODUCT_DEFINITION_CONTEXT('part definition',#3257,'design');
#3253=PRODUCT_DEFINITION('MiniArm Cover','MiniArm Cover v1',#3254,#3252);
#3254=PRODUCT_DEFINITION_FORMATION('',$,#3259);
#3255=PRODUCT_RELATED_PRODUCT_CATEGORY('MiniArm Cover v1',
'MiniArm Cover v1',(#3259));
#3256=APPLICATION_PROTOCOL_DEFINITION('international standard',
'automotive_design',2009,#3257);
#3257=APPLICATION_CONTEXT(
'Core Data for Automotive Mechanical Design Process');
#3258=PRODUCT_CONTEXT('part definition',#3257,'mechanical');
#3259=PRODUCT('MiniArm Cover','MiniArm Cover v1',$,(#3258));
#3260=PRESENTATION_STYLE_ASSIGNMENT((#3261));
#3261=SURFACE_STYLE_USAGE(.BOTH.,#3262);
#3262=SURFACE_SIDE_STYLE('',(#3263));
#3263=SURFACE_STYLE_FILL_AREA(#3264);
#3264=FILL_AREA_STYLE('Steel - Satin',(#3265));
#3265=FILL_AREA_STYLE_COLOUR('Steel - Satin',#3266);
#3266=COLOUR_RGB('Steel - Satin',0.627450980392157,0.627450980392157,0.627450980392157);
ENDSEC;
END-ISO-10303-21;
