ISO-10303-21;
HEADER;
/* Generated by software containing ST-Developer
 * from STEP Tools, Inc. (www.steptools.com) 
 */

FILE_DESCRIPTION(
/* description */ (''),
/* implementation_level */ '2;1');

FILE_NAME(
/* name */ 'MiniArm UpperArm Link v1.step',
/* time_stamp */ '2026-08-03T03:58:00+08:00',
/* author */ (''),
/* organization */ (''),
/* preprocessor_version */ 'ST-DEVELOPER v20.1',
/* originating_system */ 'Autodesk Translation Framework v15.8.0.0',
/* authorisation */ '');

FILE_SCHEMA (('AUTOMOTIVE_DESIGN { 1 0 10303 214 3 1 1 }'));
ENDSEC;

DATA;
#10=MECHANICAL_DESIGN_GEOMETRIC_PRESENTATION_REPRESENTATION('',(#13),#2856);
#11=SHAPE_REPRESENTATION_RELATIONSHIP('SRR','None',#2863,#12);
#12=ADVANCED_BREP_SHAPE_REPRESENTATION('',(#14),#2855);
#13=STYLED_ITEM('',(#2872),#14);
#14=MANIFOLD_SOLID_BREP('MiniArm UpperArm Link ',#1660);
#15=B_SPLINE_CURVE_WITH_KNOTS('',3,(#2756,#2757,#2758,#2759,#2760,#2761,
#2762,#2763,#2764,#2765),.UNSPECIFIED.,.F.,.F.,(4,2,2,2,4),(0.702090095631926,
0.797448769766993,0.974848625268593,1.15224848077019,1.24760715490526),
 .UNSPECIFIED.);
#16=ELLIPSE('',#1718,0.925299957833627,0.925);
#17=ELLIPSE('',#1724,2.50081069684764,2.5);
#18=CYLINDRICAL_SURFACE('',#1707,0.925);
#19=CYLINDRICAL_SURFACE('',#1710,0.925);
#20=CYLINDRICAL_SURFACE('',#1713,0.925);
#21=CYLINDRICAL_SURFACE('',#1717,0.925);
#22=CYLINDRICAL_SURFACE('',#1723,2.5);
#23=CYLINDRICAL_SURFACE('',#1725,2.5);
#24=CYLINDRICAL_SURFACE('',#1746,1.);
#25=CYLINDRICAL_SURFACE('',#1748,1.);
#26=CYLINDRICAL_SURFACE('',#1750,1.);
#27=CYLINDRICAL_SURFACE('',#1752,1.);
#28=CYLINDRICAL_SURFACE('',#1754,1.);
#29=CYLINDRICAL_SURFACE('',#1755,2.);
#30=CYLINDRICAL_SURFACE('',#1756,2.);
#31=CYLINDRICAL_SURFACE('',#1757,1.);
#32=CYLINDRICAL_SURFACE('',#1760,1.);
#33=CYLINDRICAL_SURFACE('',#1761,1.);
#34=CYLINDRICAL_SURFACE('',#1762,1.);
#35=CYLINDRICAL_SURFACE('',#1764,1.);
#36=CYLINDRICAL_SURFACE('',#1771,3.5);
#37=CYLINDRICAL_SURFACE('',#1774,3.5);
#38=CYLINDRICAL_SURFACE('',#1786,1.79999999999998);
#39=CYLINDRICAL_SURFACE('',#1788,2.75);
#40=CYLINDRICAL_SURFACE('',#1791,13.5);
#41=CYLINDRICAL_SURFACE('',#1792,1.80000000000002);
#42=CYLINDRICAL_SURFACE('',#1806,5.95);
#43=CYLINDRICAL_SURFACE('',#1811,5.95);
#44=CYLINDRICAL_SURFACE('',#1817,3.65);
#45=CYLINDRICAL_SURFACE('',#1826,13.5);
#46=CYLINDRICAL_SURFACE('',#1828,3.50000000000001);
#47=CYLINDRICAL_SURFACE('',#1829,2.475);
#48=CYLINDRICAL_SURFACE('',#1831,0.900000000000001);
#49=CYLINDRICAL_SURFACE('',#1832,0.899999999999999);
#50=CYLINDRICAL_SURFACE('',#1833,0.899999999999999);
#51=CYLINDRICAL_SURFACE('',#1835,3.5);
#52=CYLINDRICAL_SURFACE('',#1839,1.8);
#53=CYLINDRICAL_SURFACE('',#1841,2.75);
#54=CYLINDRICAL_SURFACE('',#1843,1.8);
#55=CYLINDRICAL_SURFACE('',#1845,1.);
#56=CYLINDRICAL_SURFACE('',#1847,1.);
#57=CYLINDRICAL_SURFACE('',#1850,0.95);
#58=CYLINDRICAL_SURFACE('',#1852,0.95);
#59=CONICAL_SURFACE('',#1705,0.4625,1.02974425867665);
#60=CONICAL_SURFACE('',#1708,0.4625,1.02974425867665);
#61=CONICAL_SURFACE('',#1711,0.4625,1.02974425867665);
#62=CONICAL_SURFACE('',#1715,0.4625,1.02974425867665);
#63=FACE_BOUND('',#179,.T.);
#64=FACE_BOUND('',#180,.T.);
#65=FACE_BOUND('',#181,.T.);
#66=FACE_BOUND('',#182,.T.);
#67=FACE_BOUND('',#183,.T.);
#68=FACE_BOUND('',#184,.T.);
#69=FACE_BOUND('',#185,.T.);
#70=FACE_BOUND('',#186,.T.);
#71=FACE_BOUND('',#187,.T.);
#72=FACE_BOUND('',#188,.T.);
#73=FACE_BOUND('',#189,.T.);
#74=FACE_BOUND('',#191,.T.);
#75=FACE_BOUND('',#192,.T.);
#76=FACE_BOUND('',#193,.T.);
#77=FACE_BOUND('',#203,.T.);
#78=FACE_BOUND('',#205,.T.);
#79=FACE_BOUND('',#209,.T.);
#80=FACE_BOUND('',#210,.T.);
#81=FACE_BOUND('',#211,.T.);
#82=FACE_BOUND('',#212,.T.);
#83=FACE_BOUND('',#213,.T.);
#84=FACE_BOUND('',#214,.T.);
#85=FACE_BOUND('',#215,.T.);
#86=FACE_BOUND('',#265,.T.);
#87=FACE_BOUND('',#290,.T.);
#88=FACE_BOUND('',#292,.T.);
#89=FACE_OUTER_BOUND('',#178,.T.);
#90=FACE_OUTER_BOUND('',#190,.T.);
#91=FACE_OUTER_BOUND('',#194,.T.);
#92=FACE_OUTER_BOUND('',#195,.T.);
#93=FACE_OUTER_BOUND('',#196,.T.);
#94=FACE_OUTER_BOUND('',#197,.T.);
#95=FACE_OUTER_BOUND('',#198,.T.);
#96=FACE_OUTER_BOUND('',#199,.T.);
#97=FACE_OUTER_BOUND('',#200,.T.);
#98=FACE_OUTER_BOUND('',#201,.T.);
#99=FACE_OUTER_BOUND('',#202,.T.);
#100=FACE_OUTER_BOUND('',#204,.T.);
#101=FACE_OUTER_BOUND('',#206,.T.);
#102=FACE_OUTER_BOUND('',#207,.T.);
#103=FACE_OUTER_BOUND('',#208,.T.);
#104=FACE_OUTER_BOUND('',#216,.T.);
#105=FACE_OUTER_BOUND('',#217,.T.);
#106=FACE_OUTER_BOUND('',#218,.T.);
#107=FACE_OUTER_BOUND('',#219,.T.);
#108=FACE_OUTER_BOUND('',#220,.T.);
#109=FACE_OUTER_BOUND('',#221,.T.);
#110=FACE_OUTER_BOUND('',#222,.T.);
#111=FACE_OUTER_BOUND('',#223,.T.);
#112=FACE_OUTER_BOUND('',#224,.T.);
#113=FACE_OUTER_BOUND('',#225,.T.);
#114=FACE_OUTER_BOUND('',#226,.T.);
#115=FACE_OUTER_BOUND('',#227,.T.);
#116=FACE_OUTER_BOUND('',#228,.T.);
#117=FACE_OUTER_BOUND('',#229,.T.);
#118=FACE_OUTER_BOUND('',#230,.T.);
#119=FACE_OUTER_BOUND('',#231,.T.);
#120=FACE_OUTER_BOUND('',#232,.T.);
#121=FACE_OUTER_BOUND('',#233,.T.);
#122=FACE_OUTER_BOUND('',#234,.T.);
#123=FACE_OUTER_BOUND('',#235,.T.);
#124=FACE_OUTER_BOUND('',#236,.T.);
#125=FACE_OUTER_BOUND('',#237,.T.);
#126=FACE_OUTER_BOUND('',#238,.T.);
#127=FACE_OUTER_BOUND('',#239,.T.);
#128=FACE_OUTER_BOUND('',#240,.T.);
#129=FACE_OUTER_BOUND('',#241,.T.);
#130=FACE_OUTER_BOUND('',#242,.T.);
#131=FACE_OUTER_BOUND('',#243,.T.);
#132=FACE_OUTER_BOUND('',#244,.T.);
#133=FACE_OUTER_BOUND('',#245,.T.);
#134=FACE_OUTER_BOUND('',#246,.T.);
#135=FACE_OUTER_BOUND('',#247,.T.);
#136=FACE_OUTER_BOUND('',#248,.T.);
#137=FACE_OUTER_BOUND('',#249,.T.);
#138=FACE_OUTER_BOUND('',#250,.T.);
#139=FACE_OUTER_BOUND('',#251,.T.);
#140=FACE_OUTER_BOUND('',#252,.T.);
#141=FACE_OUTER_BOUND('',#253,.T.);
#142=FACE_OUTER_BOUND('',#254,.T.);
#143=FACE_OUTER_BOUND('',#255,.T.);
#144=FACE_OUTER_BOUND('',#256,.T.);
#145=FACE_OUTER_BOUND('',#257,.T.);
#146=FACE_OUTER_BOUND('',#258,.T.);
#147=FACE_OUTER_BOUND('',#259,.T.);
#148=FACE_OUTER_BOUND('',#260,.T.);
#149=FACE_OUTER_BOUND('',#261,.T.);
#150=FACE_OUTER_BOUND('',#262,.T.);
#151=FACE_OUTER_BOUND('',#263,.T.);
#152=FACE_OUTER_BOUND('',#264,.T.);
#153=FACE_OUTER_BOUND('',#266,.T.);
#154=FACE_OUTER_BOUND('',#267,.T.);
#155=FACE_OUTER_BOUND('',#268,.T.);
#156=FACE_OUTER_BOUND('',#269,.T.);
#157=FACE_OUTER_BOUND('',#270,.T.);
#158=FACE_OUTER_BOUND('',#271,.T.);
#159=FACE_OUTER_BOUND('',#272,.T.);
#160=FACE_OUTER_BOUND('',#273,.T.);
#161=FACE_OUTER_BOUND('',#274,.T.);
#162=FACE_OUTER_BOUND('',#275,.T.);
#163=FACE_OUTER_BOUND('',#276,.T.);
#164=FACE_OUTER_BOUND('',#277,.T.);
#165=FACE_OUTER_BOUND('',#278,.T.);
#166=FACE_OUTER_BOUND('',#279,.T.);
#167=FACE_OUTER_BOUND('',#280,.T.);
#168=FACE_OUTER_BOUND('',#281,.T.);
#169=FACE_OUTER_BOUND('',#282,.T.);
#170=FACE_OUTER_BOUND('',#283,.T.);
#171=FACE_OUTER_BOUND('',#284,.T.);
#172=FACE_OUTER_BOUND('',#285,.T.);
#173=FACE_OUTER_BOUND('',#286,.T.);
#174=FACE_OUTER_BOUND('',#287,.T.);
#175=FACE_OUTER_BOUND('',#288,.T.);
#176=FACE_OUTER_BOUND('',#289,.T.);
#177=FACE_OUTER_BOUND('',#291,.T.);
#178=EDGE_LOOP('',(#1057,#1058,#1059,#1060));
#179=EDGE_LOOP('',(#1061));
#180=EDGE_LOOP('',(#1062,#1063,#1064,#1065,#1066,#1067));
#181=EDGE_LOOP('',(#1068,#1069,#1070,#1071,#1072,#1073));
#182=EDGE_LOOP('',(#1074,#1075,#1076,#1077));
#183=EDGE_LOOP('',(#1078));
#184=EDGE_LOOP('',(#1079));
#185=EDGE_LOOP('',(#1080));
#186=EDGE_LOOP('',(#1081));
#187=EDGE_LOOP('',(#1082,#1083,#1084,#1085,#1086,#1087));
#188=EDGE_LOOP('',(#1088,#1089,#1090,#1091,#1092,#1093));
#189=EDGE_LOOP('',(#1094));
#190=EDGE_LOOP('',(#1095,#1096,#1097,#1098));
#191=EDGE_LOOP('',(#1099));
#192=EDGE_LOOP('',(#1100));
#193=EDGE_LOOP('',(#1101));
#194=EDGE_LOOP('',(#1102,#1103,#1104));
#195=EDGE_LOOP('',(#1105,#1106,#1107,#1108));
#196=EDGE_LOOP('',(#1109,#1110,#1111));
#197=EDGE_LOOP('',(#1112,#1113,#1114,#1115));
#198=EDGE_LOOP('',(#1116,#1117,#1118));
#199=EDGE_LOOP('',(#1119,#1120,#1121,#1122));
#200=EDGE_LOOP('',(#1123,#1124,#1125));
#201=EDGE_LOOP('',(#1126,#1127,#1128,#1129));
#202=EDGE_LOOP('',(#1130));
#203=EDGE_LOOP('',(#1131));
#204=EDGE_LOOP('',(#1132));
#205=EDGE_LOOP('',(#1133));
#206=EDGE_LOOP('',(#1134,#1135,#1136,#1137));
#207=EDGE_LOOP('',(#1138,#1139,#1140,#1141));
#208=EDGE_LOOP('',(#1142,#1143,#1144,#1145));
#209=EDGE_LOOP('',(#1146));
#210=EDGE_LOOP('',(#1147));
#211=EDGE_LOOP('',(#1148,#1149,#1150,#1151,#1152,#1153,#1154,#1155,#1156,
#1157,#1158,#1159));
#212=EDGE_LOOP('',(#1160,#1161,#1162,#1163,#1164,#1165));
#213=EDGE_LOOP('',(#1166,#1167,#1168,#1169,#1170,#1171));
#214=EDGE_LOOP('',(#1172,#1173,#1174,#1175,#1176,#1177,#1178,#1179));
#215=EDGE_LOOP('',(#1180,#1181,#1182,#1183,#1184,#1185));
#216=EDGE_LOOP('',(#1186,#1187,#1188,#1189));
#217=EDGE_LOOP('',(#1190,#1191,#1192,#1193));
#218=EDGE_LOOP('',(#1194,#1195,#1196,#1197));
#219=EDGE_LOOP('',(#1198,#1199,#1200,#1201));
#220=EDGE_LOOP('',(#1202,#1203,#1204,#1205));
#221=EDGE_LOOP('',(#1206,#1207,#1208,#1209));
#222=EDGE_LOOP('',(#1210,#1211,#1212,#1213));
#223=EDGE_LOOP('',(#1214,#1215,#1216,#1217));
#224=EDGE_LOOP('',(#1218,#1219,#1220,#1221));
#225=EDGE_LOOP('',(#1222,#1223,#1224,#1225));
#226=EDGE_LOOP('',(#1226,#1227,#1228,#1229));
#227=EDGE_LOOP('',(#1230,#1231,#1232,#1233));
#228=EDGE_LOOP('',(#1234,#1235,#1236,#1237));
#229=EDGE_LOOP('',(#1238,#1239,#1240,#1241));
#230=EDGE_LOOP('',(#1242,#1243,#1244,#1245));
#231=EDGE_LOOP('',(#1246,#1247,#1248,#1249));
#232=EDGE_LOOP('',(#1250,#1251,#1252,#1253));
#233=EDGE_LOOP('',(#1254,#1255,#1256,#1257));
#234=EDGE_LOOP('',(#1258,#1259,#1260,#1261));
#235=EDGE_LOOP('',(#1262,#1263,#1264,#1265));
#236=EDGE_LOOP('',(#1266,#1267,#1268,#1269));
#237=EDGE_LOOP('',(#1270,#1271,#1272,#1273));
#238=EDGE_LOOP('',(#1274,#1275,#1276,#1277));
#239=EDGE_LOOP('',(#1278,#1279,#1280,#1281));
#240=EDGE_LOOP('',(#1282,#1283,#1284,#1285));
#241=EDGE_LOOP('',(#1286,#1287,#1288,#1289));
#242=EDGE_LOOP('',(#1290,#1291,#1292,#1293));
#243=EDGE_LOOP('',(#1294,#1295,#1296,#1297));
#244=EDGE_LOOP('',(#1298,#1299,#1300,#1301));
#245=EDGE_LOOP('',(#1302,#1303,#1304,#1305,#1306,#1307));
#246=EDGE_LOOP('',(#1308,#1309,#1310,#1311,#1312,#1313));
#247=EDGE_LOOP('',(#1314,#1315,#1316,#1317,#1318,#1319));
#248=EDGE_LOOP('',(#1320,#1321,#1322,#1323));
#249=EDGE_LOOP('',(#1324,#1325,#1326,#1327));
#250=EDGE_LOOP('',(#1328,#1329,#1330,#1331));
#251=EDGE_LOOP('',(#1332,#1333,#1334,#1335,#1336,#1337));
#252=EDGE_LOOP('',(#1338,#1339,#1340,#1341));
#253=EDGE_LOOP('',(#1342,#1343,#1344,#1345,#1346,#1347));
#254=EDGE_LOOP('',(#1348));
#255=EDGE_LOOP('',(#1349,#1350,#1351,#1352,#1353,#1354));
#256=EDGE_LOOP('',(#1355,#1356,#1357,#1358));
#257=EDGE_LOOP('',(#1359,#1360,#1361,#1362,#1363,#1364,#1365,#1366));
#258=EDGE_LOOP('',(#1367,#1368,#1369,#1370));
#259=EDGE_LOOP('',(#1371,#1372));
#260=EDGE_LOOP('',(#1373,#1374,#1375,#1376,#1377,#1378,#1379,#1380,#1381,
#1382));
#261=EDGE_LOOP('',(#1383));
#262=EDGE_LOOP('',(#1384,#1385,#1386,#1387));
#263=EDGE_LOOP('',(#1388,#1389,#1390,#1391,#1392,#1393,#1394,#1395));
#264=EDGE_LOOP('',(#1396,#1397,#1398,#1399,#1400,#1401,#1402,#1403));
#265=EDGE_LOOP('',(#1404,#1405,#1406,#1407,#1408));
#266=EDGE_LOOP('',(#1409,#1410,#1411,#1412));
#267=EDGE_LOOP('',(#1413,#1414,#1415,#1416));
#268=EDGE_LOOP('',(#1417,#1418,#1419,#1420));
#269=EDGE_LOOP('',(#1421,#1422,#1423,#1424));
#270=EDGE_LOOP('',(#1425,#1426,#1427,#1428));
#271=EDGE_LOOP('',(#1429,#1430,#1431,#1432));
#272=EDGE_LOOP('',(#1433,#1434,#1435,#1436));
#273=EDGE_LOOP('',(#1437,#1438,#1439,#1440));
#274=EDGE_LOOP('',(#1441,#1442,#1443,#1444));
#275=EDGE_LOOP('',(#1445,#1446,#1447,#1448));
#276=EDGE_LOOP('',(#1449,#1450,#1451,#1452));
#277=EDGE_LOOP('',(#1453,#1454,#1455,#1456));
#278=EDGE_LOOP('',(#1457,#1458,#1459,#1460));
#279=EDGE_LOOP('',(#1461,#1462,#1463,#1464));
#280=EDGE_LOOP('',(#1465,#1466,#1467,#1468,#1469,#1470));
#281=EDGE_LOOP('',(#1471,#1472,#1473,#1474,#1475,#1476));
#282=EDGE_LOOP('',(#1477,#1478,#1479,#1480,#1481,#1482));
#283=EDGE_LOOP('',(#1483,#1484,#1485,#1486,#1487,#1488,#1489,#1490,#1491,
#1492));
#284=EDGE_LOOP('',(#1493,#1494,#1495,#1496));
#285=EDGE_LOOP('',(#1497,#1498,#1499,#1500,#1501,#1502));
#286=EDGE_LOOP('',(#1503,#1504,#1505,#1506,#1507,#1508));
#287=EDGE_LOOP('',(#1509,#1510,#1511,#1512));
#288=EDGE_LOOP('',(#1513,#1514,#1515,#1516));
#289=EDGE_LOOP('',(#1517,#1518,#1519,#1520));
#290=EDGE_LOOP('',(#1521));
#291=EDGE_LOOP('',(#1522,#1523,#1524,#1525));
#292=EDGE_LOOP('',(#1526));
#293=CIRCLE('',#1675,13.5);
#294=CIRCLE('',#1676,13.5);
#295=CIRCLE('',#1677,0.925);
#296=CIRCLE('',#1678,1.);
#297=CIRCLE('',#1679,1.);
#298=CIRCLE('',#1680,1.);
#299=CIRCLE('',#1681,1.);
#300=CIRCLE('',#1682,1.);
#301=CIRCLE('',#1683,1.);
#302=CIRCLE('',#1684,2.75);
#303=CIRCLE('',#1685,1.79999999999998);
#304=CIRCLE('',#1686,5.95);
#305=CIRCLE('',#1687,1.80000000000002);
#306=CIRCLE('',#1688,0.899999999999999);
#307=CIRCLE('',#1689,0.899999999999999);
#308=CIRCLE('',#1690,0.900000000000001);
#309=CIRCLE('',#1691,3.65);
#310=CIRCLE('',#1692,1.);
#311=CIRCLE('',#1693,1.);
#312=CIRCLE('',#1694,1.);
#313=CIRCLE('',#1695,2.);
#314=CIRCLE('',#1696,1.);
#315=CIRCLE('',#1697,2.);
#316=CIRCLE('',#1698,0.925);
#317=CIRCLE('',#1700,3.65);
#318=CIRCLE('',#1701,2.475);
#319=CIRCLE('',#1702,0.899999999999999);
#320=CIRCLE('',#1703,0.899999999999999);
#321=CIRCLE('',#1704,0.900000000000001);
#322=CIRCLE('',#1706,0.925);
#323=CIRCLE('',#1709,0.925);
#324=CIRCLE('',#1712,0.925);
#325=CIRCLE('',#1714,0.925);
#326=CIRCLE('',#1716,0.925);
#327=CIRCLE('',#1720,2.5);
#328=CIRCLE('',#1722,2.5);
#329=CIRCLE('',#1726,2.5);
#330=CIRCLE('',#1728,13.5);
#331=CIRCLE('',#1729,13.5);
#332=CIRCLE('',#1730,2.);
#333=CIRCLE('',#1731,1.);
#334=CIRCLE('',#1732,2.);
#335=CIRCLE('',#1733,1.);
#336=CIRCLE('',#1734,1.);
#337=CIRCLE('',#1735,1.);
#338=CIRCLE('',#1736,1.);
#339=CIRCLE('',#1737,1.);
#340=CIRCLE('',#1738,1.);
#341=CIRCLE('',#1739,3.5);
#342=CIRCLE('',#1740,3.5);
#343=CIRCLE('',#1741,3.50000000000001);
#344=CIRCLE('',#1742,3.5);
#345=CIRCLE('',#1743,1.);
#346=CIRCLE('',#1744,1.);
#347=CIRCLE('',#1745,1.);
#348=CIRCLE('',#1772,3.5);
#349=CIRCLE('',#1775,3.5);
#350=CIRCLE('',#1779,1.);
#351=CIRCLE('',#1780,1.);
#352=CIRCLE('',#1782,1.);
#353=CIRCLE('',#1783,1.);
#354=CIRCLE('',#1787,1.79999999999998);
#355=CIRCLE('',#1789,2.75);
#356=CIRCLE('',#1790,2.75);
#357=CIRCLE('',#1793,1.80000000000002);
#358=CIRCLE('',#1794,1.80000000000002);
#359=CIRCLE('',#1796,0.95);
#360=CIRCLE('',#1798,2.75);
#361=CIRCLE('',#1799,1.8);
#362=CIRCLE('',#1800,5.95);
#363=CIRCLE('',#1801,5.95);
#364=CIRCLE('',#1803,1.8);
#365=CIRCLE('',#1804,5.95);
#366=CIRCLE('',#1805,5.95);
#367=CIRCLE('',#1807,5.95);
#368=CIRCLE('',#1810,5.95);
#369=CIRCLE('',#1812,5.95);
#370=CIRCLE('',#1813,5.95);
#371=CIRCLE('',#1815,0.95);
#372=CIRCLE('',#1818,3.65);
#373=CIRCLE('',#1819,3.65);
#374=CIRCLE('',#1821,3.50000000000001);
#375=CIRCLE('',#1822,3.5);
#376=CIRCLE('',#1823,2.475);
#377=CIRCLE('',#1837,1.8);
#378=CIRCLE('',#1838,2.75);
#379=CIRCLE('',#1840,1.8);
#380=CIRCLE('',#1842,2.75);
#381=CIRCLE('',#1844,1.8);
#382=CIRCLE('',#1851,0.95);
#383=CIRCLE('',#1853,0.95);
#384=LINE('',#2367,#525);
#385=LINE('',#2371,#526);
#386=LINE('',#2377,#527);
#387=LINE('',#2381,#528);
#388=LINE('',#2385,#529);
#389=LINE('',#2389,#530);
#390=LINE('',#2393,#531);
#391=LINE('',#2397,#532);
#392=LINE('',#2417,#533);
#393=LINE('',#2421,#534);
#394=LINE('',#2425,#535);
#395=LINE('',#2429,#536);
#396=LINE('',#2433,#537);
#397=LINE('',#2437,#538);
#398=LINE('',#2444,#539);
#399=LINE('',#2448,#540);
#400=LINE('',#2460,#541);
#401=LINE('',#2462,#542);
#402=LINE('',#2467,#543);
#403=LINE('',#2469,#544);
#404=LINE('',#2474,#545);
#405=LINE('',#2478,#546);
#406=LINE('',#2483,#547);
#407=LINE('',#2487,#548);
#408=LINE('',#2497,#549);
#409=LINE('',#2501,#550);
#410=LINE('',#2507,#551);
#411=LINE('',#2510,#552);
#412=LINE('',#2515,#553);
#413=LINE('',#2519,#554);
#414=LINE('',#2523,#555);
#415=LINE('',#2525,#556);
#416=LINE('',#2527,#557);
#417=LINE('',#2529,#558);
#418=LINE('',#2531,#559);
#419=LINE('',#2533,#560);
#420=LINE('',#2534,#561);
#421=LINE('',#2537,#562);
#422=LINE('',#2541,#563);
#423=LINE('',#2545,#564);
#424=LINE('',#2549,#565);
#425=LINE('',#2553,#566);
#426=LINE('',#2557,#567);
#427=LINE('',#2563,#568);
#428=LINE('',#2567,#569);
#429=LINE('',#2571,#570);
#430=LINE('',#2574,#571);
#431=LINE('',#2577,#572);
#432=LINE('',#2581,#573);
#433=LINE('',#2585,#574);
#434=LINE('',#2588,#575);
#435=LINE('',#2589,#576);
#436=LINE('',#2591,#577);
#437=LINE('',#2593,#578);
#438=LINE('',#2594,#579);
#439=LINE('',#2596,#580);
#440=LINE('',#2598,#581);
#441=LINE('',#2599,#582);
#442=LINE('',#2601,#583);
#443=LINE('',#2603,#584);
#444=LINE('',#2604,#585);
#445=LINE('',#2606,#586);
#446=LINE('',#2608,#587);
#447=LINE('',#2610,#588);
#448=LINE('',#2612,#589);
#449=LINE('',#2613,#590);
#450=LINE('',#2615,#591);
#451=LINE('',#2616,#592);
#452=LINE('',#2620,#593);
#453=LINE('',#2622,#594);
#454=LINE('',#2623,#595);
#455=LINE('',#2625,#596);
#456=LINE('',#2627,#597);
#457=LINE('',#2629,#598);
#458=LINE('',#2630,#599);
#459=LINE('',#2633,#600);
#460=LINE('',#2634,#601);
#461=LINE('',#2642,#602);
#462=LINE('',#2644,#603);
#463=LINE('',#2645,#604);
#464=LINE('',#2648,#605);
#465=LINE('',#2652,#606);
#466=LINE('',#2653,#607);
#467=LINE('',#2656,#608);
#468=LINE('',#2660,#609);
#469=LINE('',#2662,#610);
#470=LINE('',#2663,#611);
#471=LINE('',#2665,#612);
#472=LINE('',#2671,#613);
#473=LINE('',#2674,#614);
#474=LINE('',#2675,#615);
#475=LINE('',#2680,#616);
#476=LINE('',#2682,#617);
#477=LINE('',#2685,#618);
#478=LINE('',#2688,#619);
#479=LINE('',#2690,#620);
#480=LINE('',#2691,#621);
#481=LINE('',#2694,#622);
#482=LINE('',#2696,#623);
#483=LINE('',#2697,#624);
#484=LINE('',#2700,#625);
#485=LINE('',#2703,#626);
#486=LINE('',#2706,#627);
#487=LINE('',#2710,#628);
#488=LINE('',#2713,#629);
#489=LINE('',#2714,#630);
#490=LINE('',#2717,#631);
#491=LINE('',#2721,#632);
#492=LINE('',#2742,#633);
#493=LINE('',#2745,#634);
#494=LINE('',#2747,#635);
#495=LINE('',#2752,#636);
#496=LINE('',#2768,#637);
#497=LINE('',#2773,#638);
#498=LINE('',#2776,#639);
#499=LINE('',#2779,#640);
#500=LINE('',#2781,#641);
#501=LINE('',#2787,#642);
#502=LINE('',#2790,#643);
#503=LINE('',#2792,#644);
#504=LINE('',#2795,#645);
#505=LINE('',#2797,#646);
#506=LINE('',#2799,#647);
#507=LINE('',#2801,#648);
#508=LINE('',#2804,#649);
#509=LINE('',#2806,#650);
#510=LINE('',#2809,#651);
#511=LINE('',#2811,#652);
#512=LINE('',#2813,#653);
#513=LINE('',#2815,#654);
#514=LINE('',#2823,#655);
#515=LINE('',#2827,#656);
#516=LINE('',#2832,#657);
#517=LINE('',#2833,#658);
#518=LINE('',#2834,#659);
#519=LINE('',#2836,#660);
#520=LINE('',#2838,#661);
#521=LINE('',#2840,#662);
#522=LINE('',#2842,#663);
#523=LINE('',#2846,#664);
#524=LINE('',#2850,#665);
#525=VECTOR('',#1860,10.);
#526=VECTOR('',#1863,10.);
#527=VECTOR('',#1868,10.);
#528=VECTOR('',#1871,10.);
#529=VECTOR('',#1874,10.);
#530=VECTOR('',#1877,10.);
#531=VECTOR('',#1880,10.);
#532=VECTOR('',#1883,10.);
#533=VECTOR('',#1902,10.);
#534=VECTOR('',#1905,10.);
#535=VECTOR('',#1908,10.);
#536=VECTOR('',#1911,10.);
#537=VECTOR('',#1914,10.);
#538=VECTOR('',#1917,10.);
#539=VECTOR('',#1924,10.);
#540=VECTOR('',#1927,10.);
#541=VECTOR('',#1940,0.4625);
#542=VECTOR('',#1943,0.925);
#543=VECTOR('',#1948,0.4625);
#544=VECTOR('',#1951,0.925);
#545=VECTOR('',#1956,0.4625);
#546=VECTOR('',#1961,0.925);
#547=VECTOR('',#1966,0.4625);
#548=VECTOR('',#1971,0.925);
#549=VECTOR('',#1984,2.5);
#550=VECTOR('',#1989,2.5);
#551=VECTOR('',#1994,10.);
#552=VECTOR('',#1997,10.);
#553=VECTOR('',#2000,10.);
#554=VECTOR('',#2003,10.);
#555=VECTOR('',#2006,10.);
#556=VECTOR('',#2007,10.);
#557=VECTOR('',#2008,10.);
#558=VECTOR('',#2009,10.);
#559=VECTOR('',#2010,10.);
#560=VECTOR('',#2011,10.);
#561=VECTOR('',#2012,10.);
#562=VECTOR('',#2013,10.);
#563=VECTOR('',#2016,10.);
#564=VECTOR('',#2019,10.);
#565=VECTOR('',#2022,10.);
#566=VECTOR('',#2025,10.);
#567=VECTOR('',#2028,10.);
#568=VECTOR('',#2033,10.);
#569=VECTOR('',#2036,10.);
#570=VECTOR('',#2039,10.);
#571=VECTOR('',#2042,10.);
#572=VECTOR('',#2043,10.);
#573=VECTOR('',#2046,10.);
#574=VECTOR('',#2049,10.);
#575=VECTOR('',#2054,10.);
#576=VECTOR('',#2055,10.);
#577=VECTOR('',#2058,10.);
#578=VECTOR('',#2061,10.);
#579=VECTOR('',#2062,10.);
#580=VECTOR('',#2065,2.);
#581=VECTOR('',#2068,10.);
#582=VECTOR('',#2069,10.);
#583=VECTOR('',#2072,10.);
#584=VECTOR('',#2075,10.);
#585=VECTOR('',#2076,10.);
#586=VECTOR('',#2079,10.);
#587=VECTOR('',#2082,10.);
#588=VECTOR('',#2085,10.);
#589=VECTOR('',#2088,2.);
#590=VECTOR('',#2089,10.);
#591=VECTOR('',#2092,10.);
#592=VECTOR('',#2093,10.);
#593=VECTOR('',#2098,10.);
#594=VECTOR('',#2099,10.);
#595=VECTOR('',#2100,10.);
#596=VECTOR('',#2103,10.);
#597=VECTOR('',#2106,10.);
#598=VECTOR('',#2109,10.);
#599=VECTOR('',#2110,10.);
#600=VECTOR('',#2115,10.);
#601=VECTOR('',#2116,10.);
#602=VECTOR('',#2129,10.);
#603=VECTOR('',#2130,10.);
#604=VECTOR('',#2131,10.);
#605=VECTOR('',#2134,10.);
#606=VECTOR('',#2139,10.);
#607=VECTOR('',#2140,10.);
#608=VECTOR('',#2143,10.);
#609=VECTOR('',#2148,10.);
#610=VECTOR('',#2149,10.);
#611=VECTOR('',#2150,10.);
#612=VECTOR('',#2153,10.);
#613=VECTOR('',#2158,10.);
#614=VECTOR('',#2161,10.);
#615=VECTOR('',#2162,10.);
#616=VECTOR('',#2167,10.);
#617=VECTOR('',#2168,10.);
#618=VECTOR('',#2171,10.);
#619=VECTOR('',#2174,10.);
#620=VECTOR('',#2175,10.);
#621=VECTOR('',#2176,10.);
#622=VECTOR('',#2179,10.);
#623=VECTOR('',#2180,10.);
#624=VECTOR('',#2181,10.);
#625=VECTOR('',#2184,10.);
#626=VECTOR('',#2187,10.);
#627=VECTOR('',#2190,10.);
#628=VECTOR('',#2193,10.);
#629=VECTOR('',#2198,10.);
#630=VECTOR('',#2199,10.);
#631=VECTOR('',#2202,10.);
#632=VECTOR('',#2205,10.);
#633=VECTOR('',#2232,10.);
#634=VECTOR('',#2235,10.);
#635=VECTOR('',#2238,10.);
#636=VECTOR('',#2245,10.);
#637=VECTOR('',#2250,10.);
#638=VECTOR('',#2257,10.);
#639=VECTOR('',#2260,3.65);
#640=VECTOR('',#2263,10.);
#641=VECTOR('',#2264,10.);
#642=VECTOR('',#2271,10.);
#643=VECTOR('',#2274,10.);
#644=VECTOR('',#2275,10.);
#645=VECTOR('',#2278,10.);
#646=VECTOR('',#2281,10.);
#647=VECTOR('',#2284,10.);
#648=VECTOR('',#2287,10.);
#649=VECTOR('',#2292,10.);
#650=VECTOR('',#2295,10.);
#651=VECTOR('',#2300,0.900000000000001);
#652=VECTOR('',#2303,0.899999999999998);
#653=VECTOR('',#2306,0.899999999999999);
#654=VECTOR('',#2309,10.);
#655=VECTOR('',#2320,10.);
#656=VECTOR('',#2325,10.);
#657=VECTOR('',#2334,10.);
#658=VECTOR('',#2335,10.);
#659=VECTOR('',#2336,10.);
#660=VECTOR('',#2339,10.);
#661=VECTOR('',#2342,10.);
#662=VECTOR('',#2345,10.);
#663=VECTOR('',#2348,10.);
#664=VECTOR('',#2353,0.95);
#665=VECTOR('',#2358,0.95);
#666=VERTEX_POINT('',#2365);
#667=VERTEX_POINT('',#2366);
#668=VERTEX_POINT('',#2368);
#669=VERTEX_POINT('',#2370);
#670=VERTEX_POINT('',#2373);
#671=VERTEX_POINT('',#2375);
#672=VERTEX_POINT('',#2376);
#673=VERTEX_POINT('',#2378);
#674=VERTEX_POINT('',#2380);
#675=VERTEX_POINT('',#2382);
#676=VERTEX_POINT('',#2384);
#677=VERTEX_POINT('',#2387);
#678=VERTEX_POINT('',#2388);
#679=VERTEX_POINT('',#2390);
#680=VERTEX_POINT('',#2392);
#681=VERTEX_POINT('',#2394);
#682=VERTEX_POINT('',#2396);
#683=VERTEX_POINT('',#2399);
#684=VERTEX_POINT('',#2400);
#685=VERTEX_POINT('',#2402);
#686=VERTEX_POINT('',#2404);
#687=VERTEX_POINT('',#2407);
#688=VERTEX_POINT('',#2409);
#689=VERTEX_POINT('',#2411);
#690=VERTEX_POINT('',#2413);
#691=VERTEX_POINT('',#2415);
#692=VERTEX_POINT('',#2416);
#693=VERTEX_POINT('',#2418);
#694=VERTEX_POINT('',#2420);
#695=VERTEX_POINT('',#2422);
#696=VERTEX_POINT('',#2424);
#697=VERTEX_POINT('',#2427);
#698=VERTEX_POINT('',#2428);
#699=VERTEX_POINT('',#2430);
#700=VERTEX_POINT('',#2432);
#701=VERTEX_POINT('',#2434);
#702=VERTEX_POINT('',#2436);
#703=VERTEX_POINT('',#2439);
#704=VERTEX_POINT('',#2442);
#705=VERTEX_POINT('',#2443);
#706=VERTEX_POINT('',#2445);
#707=VERTEX_POINT('',#2447);
#708=VERTEX_POINT('',#2450);
#709=VERTEX_POINT('',#2452);
#710=VERTEX_POINT('',#2454);
#711=VERTEX_POINT('',#2457);
#712=VERTEX_POINT('',#2459);
#713=VERTEX_POINT('',#2464);
#714=VERTEX_POINT('',#2466);
#715=VERTEX_POINT('',#2471);
#716=VERTEX_POINT('',#2473);
#717=VERTEX_POINT('',#2476);
#718=VERTEX_POINT('',#2480);
#719=VERTEX_POINT('',#2482);
#720=VERTEX_POINT('',#2485);
#721=VERTEX_POINT('',#2489);
#722=VERTEX_POINT('',#2492);
#723=VERTEX_POINT('',#2495);
#724=VERTEX_POINT('',#2499);
#725=VERTEX_POINT('',#2503);
#726=VERTEX_POINT('',#2504);
#727=VERTEX_POINT('',#2506);
#728=VERTEX_POINT('',#2508);
#729=VERTEX_POINT('',#2511);
#730=VERTEX_POINT('',#2512);
#731=VERTEX_POINT('',#2514);
#732=VERTEX_POINT('',#2516);
#733=VERTEX_POINT('',#2518);
#734=VERTEX_POINT('',#2520);
#735=VERTEX_POINT('',#2522);
#736=VERTEX_POINT('',#2524);
#737=VERTEX_POINT('',#2526);
#738=VERTEX_POINT('',#2528);
#739=VERTEX_POINT('',#2530);
#740=VERTEX_POINT('',#2532);
#741=VERTEX_POINT('',#2535);
#742=VERTEX_POINT('',#2536);
#743=VERTEX_POINT('',#2538);
#744=VERTEX_POINT('',#2540);
#745=VERTEX_POINT('',#2542);
#746=VERTEX_POINT('',#2544);
#747=VERTEX_POINT('',#2547);
#748=VERTEX_POINT('',#2548);
#749=VERTEX_POINT('',#2550);
#750=VERTEX_POINT('',#2552);
#751=VERTEX_POINT('',#2554);
#752=VERTEX_POINT('',#2556);
#753=VERTEX_POINT('',#2559);
#754=VERTEX_POINT('',#2560);
#755=VERTEX_POINT('',#2562);
#756=VERTEX_POINT('',#2564);
#757=VERTEX_POINT('',#2566);
#758=VERTEX_POINT('',#2568);
#759=VERTEX_POINT('',#2570);
#760=VERTEX_POINT('',#2572);
#761=VERTEX_POINT('',#2575);
#762=VERTEX_POINT('',#2576);
#763=VERTEX_POINT('',#2578);
#764=VERTEX_POINT('',#2580);
#765=VERTEX_POINT('',#2582);
#766=VERTEX_POINT('',#2584);
#767=VERTEX_POINT('',#2619);
#768=VERTEX_POINT('',#2621);
#769=VERTEX_POINT('',#2641);
#770=VERTEX_POINT('',#2643);
#771=VERTEX_POINT('',#2647);
#772=VERTEX_POINT('',#2651);
#773=VERTEX_POINT('',#2655);
#774=VERTEX_POINT('',#2659);
#775=VERTEX_POINT('',#2661);
#776=VERTEX_POINT('',#2667);
#777=VERTEX_POINT('',#2668);
#778=VERTEX_POINT('',#2670);
#779=VERTEX_POINT('',#2672);
#780=VERTEX_POINT('',#2677);
#781=VERTEX_POINT('',#2678);
#782=VERTEX_POINT('',#2681);
#783=VERTEX_POINT('',#2683);
#784=VERTEX_POINT('',#2687);
#785=VERTEX_POINT('',#2689);
#786=VERTEX_POINT('',#2693);
#787=VERTEX_POINT('',#2695);
#788=VERTEX_POINT('',#2699);
#789=VERTEX_POINT('',#2701);
#790=VERTEX_POINT('',#2705);
#791=VERTEX_POINT('',#2707);
#792=VERTEX_POINT('',#2709);
#793=VERTEX_POINT('',#2716);
#794=VERTEX_POINT('',#2718);
#795=VERTEX_POINT('',#2720);
#796=VERTEX_POINT('',#2724);
#797=VERTEX_POINT('',#2727);
#798=VERTEX_POINT('',#2729);
#799=VERTEX_POINT('',#2731);
#800=VERTEX_POINT('',#2735);
#801=VERTEX_POINT('',#2737);
#802=VERTEX_POINT('',#2741);
#803=VERTEX_POINT('',#2743);
#804=VERTEX_POINT('',#2751);
#805=VERTEX_POINT('',#2753);
#806=VERTEX_POINT('',#2755);
#807=VERTEX_POINT('',#2766);
#808=VERTEX_POINT('',#2770);
#809=VERTEX_POINT('',#2775);
#810=VERTEX_POINT('',#2777);
#811=VERTEX_POINT('',#2780);
#812=VERTEX_POINT('',#2784);
#813=VERTEX_POINT('',#2786);
#814=VERTEX_POINT('',#2788);
#815=VERTEX_POINT('',#2791);
#816=VERTEX_POINT('',#2793);
#817=VERTEX_POINT('',#2818);
#818=VERTEX_POINT('',#2822);
#819=VERTEX_POINT('',#2826);
#820=VERTEX_POINT('',#2844);
#821=VERTEX_POINT('',#2848);
#822=EDGE_CURVE('',#666,#667,#384,.T.);
#823=EDGE_CURVE('',#668,#667,#293,.T.);
#824=EDGE_CURVE('',#668,#669,#385,.T.);
#825=EDGE_CURVE('',#669,#666,#294,.T.);
#826=EDGE_CURVE('',#670,#670,#295,.T.);
#827=EDGE_CURVE('',#671,#672,#386,.T.);
#828=EDGE_CURVE('',#673,#672,#296,.T.);
#829=EDGE_CURVE('',#674,#673,#387,.T.);
#830=EDGE_CURVE('',#675,#674,#297,.T.);
#831=EDGE_CURVE('',#676,#675,#388,.T.);
#832=EDGE_CURVE('',#671,#676,#298,.T.);
#833=EDGE_CURVE('',#677,#678,#389,.T.);
#834=EDGE_CURVE('',#679,#678,#299,.T.);
#835=EDGE_CURVE('',#679,#680,#390,.T.);
#836=EDGE_CURVE('',#681,#680,#300,.T.);
#837=EDGE_CURVE('',#681,#682,#391,.T.);
#838=EDGE_CURVE('',#677,#682,#301,.T.);
#839=EDGE_CURVE('',#683,#684,#302,.T.);
#840=EDGE_CURVE('',#685,#683,#303,.T.);
#841=EDGE_CURVE('',#686,#685,#304,.T.);
#842=EDGE_CURVE('',#684,#686,#305,.T.);
#843=EDGE_CURVE('',#687,#687,#306,.T.);
#844=EDGE_CURVE('',#688,#688,#307,.T.);
#845=EDGE_CURVE('',#689,#689,#308,.T.);
#846=EDGE_CURVE('',#690,#690,#309,.T.);
#847=EDGE_CURVE('',#691,#692,#392,.T.);
#848=EDGE_CURVE('',#693,#692,#310,.T.);
#849=EDGE_CURVE('',#694,#693,#393,.T.);
#850=EDGE_CURVE('',#695,#694,#311,.T.);
#851=EDGE_CURVE('',#695,#696,#394,.T.);
#852=EDGE_CURVE('',#691,#696,#312,.T.);
#853=EDGE_CURVE('',#697,#698,#395,.T.);
#854=EDGE_CURVE('',#698,#699,#313,.F.);
#855=EDGE_CURVE('',#700,#699,#396,.T.);
#856=EDGE_CURVE('',#701,#700,#314,.T.);
#857=EDGE_CURVE('',#701,#702,#397,.T.);
#858=EDGE_CURVE('',#697,#702,#315,.T.);
#859=EDGE_CURVE('',#703,#703,#316,.T.);
#860=EDGE_CURVE('',#704,#705,#398,.T.);
#861=EDGE_CURVE('',#706,#704,#317,.T.);
#862=EDGE_CURVE('',#707,#706,#399,.T.);
#863=EDGE_CURVE('',#705,#707,#318,.T.);
#864=EDGE_CURVE('',#708,#708,#319,.T.);
#865=EDGE_CURVE('',#709,#709,#320,.T.);
#866=EDGE_CURVE('',#710,#710,#321,.T.);
#867=EDGE_CURVE('',#711,#711,#322,.T.);
#868=EDGE_CURVE('',#711,#712,#400,.T.);
#869=EDGE_CURVE('',#670,#711,#401,.T.);
#870=EDGE_CURVE('',#713,#713,#323,.T.);
#871=EDGE_CURVE('',#713,#714,#402,.T.);
#872=EDGE_CURVE('',#703,#713,#403,.T.);
#873=EDGE_CURVE('',#715,#715,#324,.T.);
#874=EDGE_CURVE('',#715,#716,#404,.T.);
#875=EDGE_CURVE('',#717,#717,#325,.T.);
#876=EDGE_CURVE('',#717,#715,#405,.T.);
#877=EDGE_CURVE('',#718,#718,#326,.T.);
#878=EDGE_CURVE('',#718,#719,#406,.T.);
#879=EDGE_CURVE('',#720,#720,#16,.T.);
#880=EDGE_CURVE('',#720,#718,#407,.T.);
#881=EDGE_CURVE('',#721,#721,#327,.T.);
#882=EDGE_CURVE('',#722,#722,#328,.T.);
#883=EDGE_CURVE('',#723,#723,#17,.T.);
#884=EDGE_CURVE('',#723,#722,#408,.T.);
#885=EDGE_CURVE('',#724,#724,#329,.T.);
#886=EDGE_CURVE('',#724,#721,#409,.T.);
#887=EDGE_CURVE('',#725,#726,#330,.T.);
#888=EDGE_CURVE('',#726,#727,#410,.T.);
#889=EDGE_CURVE('',#727,#728,#331,.T.);
#890=EDGE_CURVE('',#728,#725,#411,.T.);
#891=EDGE_CURVE('',#729,#730,#332,.F.);
#892=EDGE_CURVE('',#731,#730,#412,.T.);
#893=EDGE_CURVE('',#732,#731,#333,.T.);
#894=EDGE_CURVE('',#732,#733,#413,.T.);
#895=EDGE_CURVE('',#734,#733,#334,.T.);
#896=EDGE_CURVE('',#735,#734,#414,.T.);
#897=EDGE_CURVE('',#735,#736,#415,.T.);
#898=EDGE_CURVE('',#737,#736,#416,.T.);
#899=EDGE_CURVE('',#738,#737,#417,.T.);
#900=EDGE_CURVE('',#739,#738,#418,.T.);
#901=EDGE_CURVE('',#739,#740,#419,.T.);
#902=EDGE_CURVE('',#729,#740,#420,.T.);
#903=EDGE_CURVE('',#741,#742,#421,.T.);
#904=EDGE_CURVE('',#743,#742,#335,.T.);
#905=EDGE_CURVE('',#743,#744,#422,.T.);
#906=EDGE_CURVE('',#745,#744,#336,.T.);
#907=EDGE_CURVE('',#746,#745,#423,.T.);
#908=EDGE_CURVE('',#741,#746,#337,.T.);
#909=EDGE_CURVE('',#747,#748,#424,.T.);
#910=EDGE_CURVE('',#749,#748,#338,.T.);
#911=EDGE_CURVE('',#749,#750,#425,.T.);
#912=EDGE_CURVE('',#751,#750,#339,.T.);
#913=EDGE_CURVE('',#751,#752,#426,.T.);
#914=EDGE_CURVE('',#747,#752,#340,.T.);
#915=EDGE_CURVE('',#753,#754,#341,.T.);
#916=EDGE_CURVE('',#755,#753,#427,.T.);
#917=EDGE_CURVE('',#756,#755,#342,.T.);
#918=EDGE_CURVE('',#757,#756,#428,.T.);
#919=EDGE_CURVE('',#758,#757,#343,.T.);
#920=EDGE_CURVE('',#759,#758,#429,.T.);
#921=EDGE_CURVE('',#760,#759,#344,.T.);
#922=EDGE_CURVE('',#754,#760,#430,.T.);
#923=EDGE_CURVE('',#761,#762,#431,.T.);
#924=EDGE_CURVE('',#763,#761,#345,.T.);
#925=EDGE_CURVE('',#763,#764,#432,.T.);
#926=EDGE_CURVE('',#765,#764,#346,.T.);
#927=EDGE_CURVE('',#766,#765,#433,.T.);
#928=EDGE_CURVE('',#762,#766,#347,.T.);
#929=EDGE_CURVE('',#692,#745,#434,.T.);
#930=EDGE_CURVE('',#744,#693,#435,.T.);
#931=EDGE_CURVE('',#746,#691,#436,.T.);
#932=EDGE_CURVE('',#700,#732,#437,.T.);
#933=EDGE_CURVE('',#731,#701,#438,.T.);
#934=EDGE_CURVE('',#733,#699,#439,.T.);
#935=EDGE_CURVE('',#766,#681,#440,.T.);
#936=EDGE_CURVE('',#680,#762,#441,.T.);
#937=EDGE_CURVE('',#682,#765,#442,.T.);
#938=EDGE_CURVE('',#748,#675,#443,.T.);
#939=EDGE_CURVE('',#674,#749,#444,.T.);
#940=EDGE_CURVE('',#676,#747,#445,.T.);
#941=EDGE_CURVE('',#764,#677,#446,.T.);
#942=EDGE_CURVE('',#698,#734,#447,.T.);
#943=EDGE_CURVE('',#702,#730,#448,.T.);
#944=EDGE_CURVE('',#697,#729,#449,.T.);
#945=EDGE_CURVE('',#750,#673,#450,.T.);
#946=EDGE_CURVE('',#672,#751,#451,.T.);
#947=EDGE_CURVE('',#740,#767,#452,.T.);
#948=EDGE_CURVE('',#768,#767,#453,.T.);
#949=EDGE_CURVE('',#729,#768,#454,.T.);
#950=EDGE_CURVE('',#752,#671,#455,.T.);
#951=EDGE_CURVE('',#696,#741,#456,.T.);
#952=EDGE_CURVE('',#694,#743,#457,.T.);
#953=EDGE_CURVE('',#742,#695,#458,.T.);
#954=EDGE_CURVE('',#761,#679,#459,.T.);
#955=EDGE_CURVE('',#678,#763,#460,.T.);
#956=EDGE_CURVE('',#769,#756,#461,.T.);
#957=EDGE_CURVE('',#769,#770,#462,.T.);
#958=EDGE_CURVE('',#757,#770,#463,.T.);
#959=EDGE_CURVE('',#771,#755,#464,.T.);
#960=EDGE_CURVE('',#771,#769,#348,.T.);
#961=EDGE_CURVE('',#772,#753,#465,.T.);
#962=EDGE_CURVE('',#772,#771,#466,.T.);
#963=EDGE_CURVE('',#754,#773,#467,.T.);
#964=EDGE_CURVE('',#773,#772,#349,.T.);
#965=EDGE_CURVE('',#734,#774,#468,.T.);
#966=EDGE_CURVE('',#775,#774,#469,.T.);
#967=EDGE_CURVE('',#735,#775,#470,.T.);
#968=EDGE_CURVE('',#774,#768,#471,.T.);
#969=EDGE_CURVE('',#776,#777,#350,.T.);
#970=EDGE_CURVE('',#778,#776,#472,.F.);
#971=EDGE_CURVE('',#779,#778,#351,.T.);
#972=EDGE_CURVE('',#779,#736,#473,.T.);
#973=EDGE_CURVE('',#777,#735,#474,.T.);
#974=EDGE_CURVE('',#780,#781,#352,.T.);
#975=EDGE_CURVE('',#780,#740,#475,.T.);
#976=EDGE_CURVE('',#782,#739,#476,.T.);
#977=EDGE_CURVE('',#783,#782,#353,.T.);
#978=EDGE_CURVE('',#781,#783,#477,.F.);
#979=EDGE_CURVE('',#736,#784,#478,.T.);
#980=EDGE_CURVE('',#785,#784,#479,.T.);
#981=EDGE_CURVE('',#737,#785,#480,.T.);
#982=EDGE_CURVE('',#738,#786,#481,.T.);
#983=EDGE_CURVE('',#787,#786,#482,.T.);
#984=EDGE_CURVE('',#739,#787,#483,.T.);
#985=EDGE_CURVE('',#683,#788,#484,.T.);
#986=EDGE_CURVE('',#789,#788,#354,.T.);
#987=EDGE_CURVE('',#685,#789,#485,.T.);
#988=EDGE_CURVE('',#684,#790,#486,.T.);
#989=EDGE_CURVE('',#791,#790,#355,.T.);
#990=EDGE_CURVE('',#792,#791,#487,.T.);
#991=EDGE_CURVE('',#788,#792,#356,.T.);
#992=EDGE_CURVE('',#667,#726,#488,.T.);
#993=EDGE_CURVE('',#668,#725,#489,.T.);
#994=EDGE_CURVE('',#686,#793,#490,.T.);
#995=EDGE_CURVE('',#794,#793,#357,.T.);
#996=EDGE_CURVE('',#795,#794,#491,.T.);
#997=EDGE_CURVE('',#790,#795,#358,.T.);
#998=EDGE_CURVE('',#796,#796,#359,.T.);
#999=EDGE_CURVE('',#797,#792,#360,.T.);
#1000=EDGE_CURVE('',#798,#797,#361,.T.);
#1001=EDGE_CURVE('',#799,#798,#362,.T.);
#1002=EDGE_CURVE('',#799,#789,#363,.T.);
#1003=EDGE_CURVE('',#794,#800,#364,.T.);
#1004=EDGE_CURVE('',#793,#801,#365,.T.);
#1005=EDGE_CURVE('',#800,#801,#366,.T.);
#1006=EDGE_CURVE('',#802,#799,#492,.T.);
#1007=EDGE_CURVE('',#803,#802,#367,.T.);
#1008=EDGE_CURVE('',#801,#803,#493,.T.);
#1009=EDGE_CURVE('',#786,#785,#494,.T.);
#1010=EDGE_CURVE('',#803,#802,#368,.T.);
#1011=EDGE_CURVE('',#804,#798,#495,.T.);
#1012=EDGE_CURVE('',#805,#804,#369,.F.);
#1013=EDGE_CURVE('',#805,#806,#15,.F.);
#1014=EDGE_CURVE('',#807,#806,#370,.F.);
#1015=EDGE_CURVE('',#800,#807,#496,.T.);
#1016=EDGE_CURVE('',#808,#808,#371,.T.);
#1017=EDGE_CURVE('',#669,#728,#497,.T.);
#1018=EDGE_CURVE('',#690,#809,#498,.T.);
#1019=EDGE_CURVE('',#809,#810,#372,.T.);
#1020=EDGE_CURVE('',#810,#706,#499,.T.);
#1021=EDGE_CURVE('',#704,#811,#500,.T.);
#1022=EDGE_CURVE('',#811,#809,#373,.T.);
#1023=EDGE_CURVE('',#770,#812,#374,.T.);
#1024=EDGE_CURVE('',#813,#773,#501,.T.);
#1025=EDGE_CURVE('',#814,#813,#375,.T.);
#1026=EDGE_CURVE('',#812,#814,#502,.T.);
#1027=EDGE_CURVE('',#815,#811,#503,.T.);
#1028=EDGE_CURVE('',#816,#815,#376,.T.);
#1029=EDGE_CURVE('',#810,#816,#504,.T.);
#1030=EDGE_CURVE('',#816,#707,#505,.T.);
#1031=EDGE_CURVE('',#760,#813,#506,.T.);
#1032=EDGE_CURVE('',#666,#727,#507,.T.);
#1033=EDGE_CURVE('',#812,#758,#508,.T.);
#1034=EDGE_CURVE('',#815,#705,#509,.T.);
#1035=EDGE_CURVE('',#710,#689,#510,.T.);
#1036=EDGE_CURVE('',#709,#687,#511,.T.);
#1037=EDGE_CURVE('',#708,#688,#512,.T.);
#1038=EDGE_CURVE('',#759,#814,#513,.T.);
#1039=EDGE_CURVE('',#817,#795,#377,.T.);
#1040=EDGE_CURVE('',#791,#817,#378,.T.);
#1041=EDGE_CURVE('',#797,#818,#514,.T.);
#1042=EDGE_CURVE('',#818,#804,#379,.T.);
#1043=EDGE_CURVE('',#819,#817,#515,.T.);
#1044=EDGE_CURVE('',#818,#819,#380,.F.);
#1045=EDGE_CURVE('',#807,#819,#381,.T.);
#1046=EDGE_CURVE('',#805,#783,#516,.T.);
#1047=EDGE_CURVE('',#782,#779,#517,.T.);
#1048=EDGE_CURVE('',#778,#806,#518,.T.);
#1049=EDGE_CURVE('',#781,#776,#519,.T.);
#1050=EDGE_CURVE('',#777,#780,#520,.T.);
#1051=EDGE_CURVE('',#767,#775,#521,.T.);
#1052=EDGE_CURVE('',#784,#787,#522,.T.);
#1053=EDGE_CURVE('',#820,#820,#382,.T.);
#1054=EDGE_CURVE('',#820,#808,#523,.T.);
#1055=EDGE_CURVE('',#821,#821,#383,.T.);
#1056=EDGE_CURVE('',#821,#796,#524,.T.);
#1057=ORIENTED_EDGE('',*,*,#822,.T.);
#1058=ORIENTED_EDGE('',*,*,#823,.F.);
#1059=ORIENTED_EDGE('',*,*,#824,.T.);
#1060=ORIENTED_EDGE('',*,*,#825,.T.);
#1061=ORIENTED_EDGE('',*,*,#826,.T.);
#1062=ORIENTED_EDGE('',*,*,#827,.T.);
#1063=ORIENTED_EDGE('',*,*,#828,.F.);
#1064=ORIENTED_EDGE('',*,*,#829,.F.);
#1065=ORIENTED_EDGE('',*,*,#830,.F.);
#1066=ORIENTED_EDGE('',*,*,#831,.F.);
#1067=ORIENTED_EDGE('',*,*,#832,.F.);
#1068=ORIENTED_EDGE('',*,*,#833,.T.);
#1069=ORIENTED_EDGE('',*,*,#834,.F.);
#1070=ORIENTED_EDGE('',*,*,#835,.T.);
#1071=ORIENTED_EDGE('',*,*,#836,.F.);
#1072=ORIENTED_EDGE('',*,*,#837,.T.);
#1073=ORIENTED_EDGE('',*,*,#838,.F.);
#1074=ORIENTED_EDGE('',*,*,#839,.F.);
#1075=ORIENTED_EDGE('',*,*,#840,.F.);
#1076=ORIENTED_EDGE('',*,*,#841,.F.);
#1077=ORIENTED_EDGE('',*,*,#842,.F.);
#1078=ORIENTED_EDGE('',*,*,#843,.F.);
#1079=ORIENTED_EDGE('',*,*,#844,.F.);
#1080=ORIENTED_EDGE('',*,*,#845,.F.);
#1081=ORIENTED_EDGE('',*,*,#846,.F.);
#1082=ORIENTED_EDGE('',*,*,#847,.T.);
#1083=ORIENTED_EDGE('',*,*,#848,.F.);
#1084=ORIENTED_EDGE('',*,*,#849,.F.);
#1085=ORIENTED_EDGE('',*,*,#850,.F.);
#1086=ORIENTED_EDGE('',*,*,#851,.T.);
#1087=ORIENTED_EDGE('',*,*,#852,.F.);
#1088=ORIENTED_EDGE('',*,*,#853,.T.);
#1089=ORIENTED_EDGE('',*,*,#854,.T.);
#1090=ORIENTED_EDGE('',*,*,#855,.F.);
#1091=ORIENTED_EDGE('',*,*,#856,.F.);
#1092=ORIENTED_EDGE('',*,*,#857,.T.);
#1093=ORIENTED_EDGE('',*,*,#858,.F.);
#1094=ORIENTED_EDGE('',*,*,#859,.T.);
#1095=ORIENTED_EDGE('',*,*,#860,.F.);
#1096=ORIENTED_EDGE('',*,*,#861,.F.);
#1097=ORIENTED_EDGE('',*,*,#862,.F.);
#1098=ORIENTED_EDGE('',*,*,#863,.F.);
#1099=ORIENTED_EDGE('',*,*,#864,.F.);
#1100=ORIENTED_EDGE('',*,*,#865,.F.);
#1101=ORIENTED_EDGE('',*,*,#866,.F.);
#1102=ORIENTED_EDGE('',*,*,#867,.F.);
#1103=ORIENTED_EDGE('',*,*,#868,.T.);
#1104=ORIENTED_EDGE('',*,*,#868,.F.);
#1105=ORIENTED_EDGE('',*,*,#826,.F.);
#1106=ORIENTED_EDGE('',*,*,#869,.T.);
#1107=ORIENTED_EDGE('',*,*,#867,.T.);
#1108=ORIENTED_EDGE('',*,*,#869,.F.);
#1109=ORIENTED_EDGE('',*,*,#870,.F.);
#1110=ORIENTED_EDGE('',*,*,#871,.T.);
#1111=ORIENTED_EDGE('',*,*,#871,.F.);
#1112=ORIENTED_EDGE('',*,*,#859,.F.);
#1113=ORIENTED_EDGE('',*,*,#872,.T.);
#1114=ORIENTED_EDGE('',*,*,#870,.T.);
#1115=ORIENTED_EDGE('',*,*,#872,.F.);
#1116=ORIENTED_EDGE('',*,*,#873,.F.);
#1117=ORIENTED_EDGE('',*,*,#874,.T.);
#1118=ORIENTED_EDGE('',*,*,#874,.F.);
#1119=ORIENTED_EDGE('',*,*,#875,.F.);
#1120=ORIENTED_EDGE('',*,*,#876,.T.);
#1121=ORIENTED_EDGE('',*,*,#873,.T.);
#1122=ORIENTED_EDGE('',*,*,#876,.F.);
#1123=ORIENTED_EDGE('',*,*,#877,.F.);
#1124=ORIENTED_EDGE('',*,*,#878,.T.);
#1125=ORIENTED_EDGE('',*,*,#878,.F.);
#1126=ORIENTED_EDGE('',*,*,#879,.F.);
#1127=ORIENTED_EDGE('',*,*,#880,.T.);
#1128=ORIENTED_EDGE('',*,*,#877,.T.);
#1129=ORIENTED_EDGE('',*,*,#880,.F.);
#1130=ORIENTED_EDGE('',*,*,#881,.F.);
#1131=ORIENTED_EDGE('',*,*,#875,.T.);
#1132=ORIENTED_EDGE('',*,*,#882,.F.);
#1133=ORIENTED_EDGE('',*,*,#879,.T.);
#1134=ORIENTED_EDGE('',*,*,#883,.F.);
#1135=ORIENTED_EDGE('',*,*,#884,.T.);
#1136=ORIENTED_EDGE('',*,*,#882,.T.);
#1137=ORIENTED_EDGE('',*,*,#884,.F.);
#1138=ORIENTED_EDGE('',*,*,#885,.F.);
#1139=ORIENTED_EDGE('',*,*,#886,.T.);
#1140=ORIENTED_EDGE('',*,*,#881,.T.);
#1141=ORIENTED_EDGE('',*,*,#886,.F.);
#1142=ORIENTED_EDGE('',*,*,#887,.T.);
#1143=ORIENTED_EDGE('',*,*,#888,.T.);
#1144=ORIENTED_EDGE('',*,*,#889,.T.);
#1145=ORIENTED_EDGE('',*,*,#890,.T.);
#1146=ORIENTED_EDGE('',*,*,#883,.T.);
#1147=ORIENTED_EDGE('',*,*,#885,.T.);
#1148=ORIENTED_EDGE('',*,*,#891,.T.);
#1149=ORIENTED_EDGE('',*,*,#892,.F.);
#1150=ORIENTED_EDGE('',*,*,#893,.F.);
#1151=ORIENTED_EDGE('',*,*,#894,.T.);
#1152=ORIENTED_EDGE('',*,*,#895,.F.);
#1153=ORIENTED_EDGE('',*,*,#896,.F.);
#1154=ORIENTED_EDGE('',*,*,#897,.T.);
#1155=ORIENTED_EDGE('',*,*,#898,.F.);
#1156=ORIENTED_EDGE('',*,*,#899,.F.);
#1157=ORIENTED_EDGE('',*,*,#900,.F.);
#1158=ORIENTED_EDGE('',*,*,#901,.T.);
#1159=ORIENTED_EDGE('',*,*,#902,.F.);
#1160=ORIENTED_EDGE('',*,*,#903,.T.);
#1161=ORIENTED_EDGE('',*,*,#904,.F.);
#1162=ORIENTED_EDGE('',*,*,#905,.T.);
#1163=ORIENTED_EDGE('',*,*,#906,.F.);
#1164=ORIENTED_EDGE('',*,*,#907,.F.);
#1165=ORIENTED_EDGE('',*,*,#908,.F.);
#1166=ORIENTED_EDGE('',*,*,#909,.T.);
#1167=ORIENTED_EDGE('',*,*,#910,.F.);
#1168=ORIENTED_EDGE('',*,*,#911,.T.);
#1169=ORIENTED_EDGE('',*,*,#912,.F.);
#1170=ORIENTED_EDGE('',*,*,#913,.T.);
#1171=ORIENTED_EDGE('',*,*,#914,.F.);
#1172=ORIENTED_EDGE('',*,*,#915,.F.);
#1173=ORIENTED_EDGE('',*,*,#916,.F.);
#1174=ORIENTED_EDGE('',*,*,#917,.F.);
#1175=ORIENTED_EDGE('',*,*,#918,.F.);
#1176=ORIENTED_EDGE('',*,*,#919,.F.);
#1177=ORIENTED_EDGE('',*,*,#920,.F.);
#1178=ORIENTED_EDGE('',*,*,#921,.F.);
#1179=ORIENTED_EDGE('',*,*,#922,.F.);
#1180=ORIENTED_EDGE('',*,*,#923,.F.);
#1181=ORIENTED_EDGE('',*,*,#924,.F.);
#1182=ORIENTED_EDGE('',*,*,#925,.T.);
#1183=ORIENTED_EDGE('',*,*,#926,.F.);
#1184=ORIENTED_EDGE('',*,*,#927,.F.);
#1185=ORIENTED_EDGE('',*,*,#928,.F.);
#1186=ORIENTED_EDGE('',*,*,#848,.T.);
#1187=ORIENTED_EDGE('',*,*,#929,.T.);
#1188=ORIENTED_EDGE('',*,*,#906,.T.);
#1189=ORIENTED_EDGE('',*,*,#930,.T.);
#1190=ORIENTED_EDGE('',*,*,#929,.F.);
#1191=ORIENTED_EDGE('',*,*,#847,.F.);
#1192=ORIENTED_EDGE('',*,*,#931,.F.);
#1193=ORIENTED_EDGE('',*,*,#907,.T.);
#1194=ORIENTED_EDGE('',*,*,#856,.T.);
#1195=ORIENTED_EDGE('',*,*,#932,.T.);
#1196=ORIENTED_EDGE('',*,*,#893,.T.);
#1197=ORIENTED_EDGE('',*,*,#933,.T.);
#1198=ORIENTED_EDGE('',*,*,#932,.F.);
#1199=ORIENTED_EDGE('',*,*,#855,.T.);
#1200=ORIENTED_EDGE('',*,*,#934,.F.);
#1201=ORIENTED_EDGE('',*,*,#894,.F.);
#1202=ORIENTED_EDGE('',*,*,#928,.T.);
#1203=ORIENTED_EDGE('',*,*,#935,.T.);
#1204=ORIENTED_EDGE('',*,*,#836,.T.);
#1205=ORIENTED_EDGE('',*,*,#936,.T.);
#1206=ORIENTED_EDGE('',*,*,#935,.F.);
#1207=ORIENTED_EDGE('',*,*,#927,.T.);
#1208=ORIENTED_EDGE('',*,*,#937,.F.);
#1209=ORIENTED_EDGE('',*,*,#837,.F.);
#1210=ORIENTED_EDGE('',*,*,#910,.T.);
#1211=ORIENTED_EDGE('',*,*,#938,.T.);
#1212=ORIENTED_EDGE('',*,*,#830,.T.);
#1213=ORIENTED_EDGE('',*,*,#939,.T.);
#1214=ORIENTED_EDGE('',*,*,#938,.F.);
#1215=ORIENTED_EDGE('',*,*,#909,.F.);
#1216=ORIENTED_EDGE('',*,*,#940,.F.);
#1217=ORIENTED_EDGE('',*,*,#831,.T.);
#1218=ORIENTED_EDGE('',*,*,#838,.T.);
#1219=ORIENTED_EDGE('',*,*,#937,.T.);
#1220=ORIENTED_EDGE('',*,*,#926,.T.);
#1221=ORIENTED_EDGE('',*,*,#941,.T.);
#1222=ORIENTED_EDGE('',*,*,#895,.T.);
#1223=ORIENTED_EDGE('',*,*,#934,.T.);
#1224=ORIENTED_EDGE('',*,*,#854,.F.);
#1225=ORIENTED_EDGE('',*,*,#942,.T.);
#1226=ORIENTED_EDGE('',*,*,#858,.T.);
#1227=ORIENTED_EDGE('',*,*,#943,.T.);
#1228=ORIENTED_EDGE('',*,*,#891,.F.);
#1229=ORIENTED_EDGE('',*,*,#944,.F.);
#1230=ORIENTED_EDGE('',*,*,#912,.T.);
#1231=ORIENTED_EDGE('',*,*,#945,.T.);
#1232=ORIENTED_EDGE('',*,*,#828,.T.);
#1233=ORIENTED_EDGE('',*,*,#946,.T.);
#1234=ORIENTED_EDGE('',*,*,#939,.F.);
#1235=ORIENTED_EDGE('',*,*,#829,.T.);
#1236=ORIENTED_EDGE('',*,*,#945,.F.);
#1237=ORIENTED_EDGE('',*,*,#911,.F.);
#1238=ORIENTED_EDGE('',*,*,#902,.T.);
#1239=ORIENTED_EDGE('',*,*,#947,.T.);
#1240=ORIENTED_EDGE('',*,*,#948,.F.);
#1241=ORIENTED_EDGE('',*,*,#949,.F.);
#1242=ORIENTED_EDGE('',*,*,#832,.T.);
#1243=ORIENTED_EDGE('',*,*,#940,.T.);
#1244=ORIENTED_EDGE('',*,*,#914,.T.);
#1245=ORIENTED_EDGE('',*,*,#950,.T.);
#1246=ORIENTED_EDGE('',*,*,#908,.T.);
#1247=ORIENTED_EDGE('',*,*,#931,.T.);
#1248=ORIENTED_EDGE('',*,*,#852,.T.);
#1249=ORIENTED_EDGE('',*,*,#951,.T.);
#1250=ORIENTED_EDGE('',*,*,#850,.T.);
#1251=ORIENTED_EDGE('',*,*,#952,.T.);
#1252=ORIENTED_EDGE('',*,*,#904,.T.);
#1253=ORIENTED_EDGE('',*,*,#953,.T.);
#1254=ORIENTED_EDGE('',*,*,#930,.F.);
#1255=ORIENTED_EDGE('',*,*,#905,.F.);
#1256=ORIENTED_EDGE('',*,*,#952,.F.);
#1257=ORIENTED_EDGE('',*,*,#849,.T.);
#1258=ORIENTED_EDGE('',*,*,#924,.T.);
#1259=ORIENTED_EDGE('',*,*,#954,.T.);
#1260=ORIENTED_EDGE('',*,*,#834,.T.);
#1261=ORIENTED_EDGE('',*,*,#955,.T.);
#1262=ORIENTED_EDGE('',*,*,#936,.F.);
#1263=ORIENTED_EDGE('',*,*,#835,.F.);
#1264=ORIENTED_EDGE('',*,*,#954,.F.);
#1265=ORIENTED_EDGE('',*,*,#923,.T.);
#1266=ORIENTED_EDGE('',*,*,#933,.F.);
#1267=ORIENTED_EDGE('',*,*,#892,.T.);
#1268=ORIENTED_EDGE('',*,*,#943,.F.);
#1269=ORIENTED_EDGE('',*,*,#857,.F.);
#1270=ORIENTED_EDGE('',*,*,#946,.F.);
#1271=ORIENTED_EDGE('',*,*,#827,.F.);
#1272=ORIENTED_EDGE('',*,*,#950,.F.);
#1273=ORIENTED_EDGE('',*,*,#913,.F.);
#1274=ORIENTED_EDGE('',*,*,#951,.F.);
#1275=ORIENTED_EDGE('',*,*,#851,.F.);
#1276=ORIENTED_EDGE('',*,*,#953,.F.);
#1277=ORIENTED_EDGE('',*,*,#903,.F.);
#1278=ORIENTED_EDGE('',*,*,#941,.F.);
#1279=ORIENTED_EDGE('',*,*,#925,.F.);
#1280=ORIENTED_EDGE('',*,*,#955,.F.);
#1281=ORIENTED_EDGE('',*,*,#833,.F.);
#1282=ORIENTED_EDGE('',*,*,#918,.T.);
#1283=ORIENTED_EDGE('',*,*,#956,.F.);
#1284=ORIENTED_EDGE('',*,*,#957,.T.);
#1285=ORIENTED_EDGE('',*,*,#958,.F.);
#1286=ORIENTED_EDGE('',*,*,#917,.T.);
#1287=ORIENTED_EDGE('',*,*,#959,.F.);
#1288=ORIENTED_EDGE('',*,*,#960,.T.);
#1289=ORIENTED_EDGE('',*,*,#956,.T.);
#1290=ORIENTED_EDGE('',*,*,#916,.T.);
#1291=ORIENTED_EDGE('',*,*,#961,.F.);
#1292=ORIENTED_EDGE('',*,*,#962,.T.);
#1293=ORIENTED_EDGE('',*,*,#959,.T.);
#1294=ORIENTED_EDGE('',*,*,#915,.T.);
#1295=ORIENTED_EDGE('',*,*,#963,.T.);
#1296=ORIENTED_EDGE('',*,*,#964,.T.);
#1297=ORIENTED_EDGE('',*,*,#961,.T.);
#1298=ORIENTED_EDGE('',*,*,#896,.T.);
#1299=ORIENTED_EDGE('',*,*,#965,.T.);
#1300=ORIENTED_EDGE('',*,*,#966,.F.);
#1301=ORIENTED_EDGE('',*,*,#967,.F.);
#1302=ORIENTED_EDGE('',*,*,#944,.T.);
#1303=ORIENTED_EDGE('',*,*,#949,.T.);
#1304=ORIENTED_EDGE('',*,*,#968,.F.);
#1305=ORIENTED_EDGE('',*,*,#965,.F.);
#1306=ORIENTED_EDGE('',*,*,#942,.F.);
#1307=ORIENTED_EDGE('',*,*,#853,.F.);
#1308=ORIENTED_EDGE('',*,*,#969,.F.);
#1309=ORIENTED_EDGE('',*,*,#970,.F.);
#1310=ORIENTED_EDGE('',*,*,#971,.F.);
#1311=ORIENTED_EDGE('',*,*,#972,.T.);
#1312=ORIENTED_EDGE('',*,*,#897,.F.);
#1313=ORIENTED_EDGE('',*,*,#973,.F.);
#1314=ORIENTED_EDGE('',*,*,#974,.F.);
#1315=ORIENTED_EDGE('',*,*,#975,.T.);
#1316=ORIENTED_EDGE('',*,*,#901,.F.);
#1317=ORIENTED_EDGE('',*,*,#976,.F.);
#1318=ORIENTED_EDGE('',*,*,#977,.F.);
#1319=ORIENTED_EDGE('',*,*,#978,.F.);
#1320=ORIENTED_EDGE('',*,*,#898,.T.);
#1321=ORIENTED_EDGE('',*,*,#979,.T.);
#1322=ORIENTED_EDGE('',*,*,#980,.F.);
#1323=ORIENTED_EDGE('',*,*,#981,.F.);
#1324=ORIENTED_EDGE('',*,*,#900,.T.);
#1325=ORIENTED_EDGE('',*,*,#982,.T.);
#1326=ORIENTED_EDGE('',*,*,#983,.F.);
#1327=ORIENTED_EDGE('',*,*,#984,.F.);
#1328=ORIENTED_EDGE('',*,*,#840,.T.);
#1329=ORIENTED_EDGE('',*,*,#985,.T.);
#1330=ORIENTED_EDGE('',*,*,#986,.F.);
#1331=ORIENTED_EDGE('',*,*,#987,.F.);
#1332=ORIENTED_EDGE('',*,*,#839,.T.);
#1333=ORIENTED_EDGE('',*,*,#988,.T.);
#1334=ORIENTED_EDGE('',*,*,#989,.F.);
#1335=ORIENTED_EDGE('',*,*,#990,.F.);
#1336=ORIENTED_EDGE('',*,*,#991,.F.);
#1337=ORIENTED_EDGE('',*,*,#985,.F.);
#1338=ORIENTED_EDGE('',*,*,#823,.T.);
#1339=ORIENTED_EDGE('',*,*,#992,.T.);
#1340=ORIENTED_EDGE('',*,*,#887,.F.);
#1341=ORIENTED_EDGE('',*,*,#993,.F.);
#1342=ORIENTED_EDGE('',*,*,#842,.T.);
#1343=ORIENTED_EDGE('',*,*,#994,.T.);
#1344=ORIENTED_EDGE('',*,*,#995,.F.);
#1345=ORIENTED_EDGE('',*,*,#996,.F.);
#1346=ORIENTED_EDGE('',*,*,#997,.F.);
#1347=ORIENTED_EDGE('',*,*,#988,.F.);
#1348=ORIENTED_EDGE('',*,*,#998,.F.);
#1349=ORIENTED_EDGE('',*,*,#999,.F.);
#1350=ORIENTED_EDGE('',*,*,#1000,.F.);
#1351=ORIENTED_EDGE('',*,*,#1001,.F.);
#1352=ORIENTED_EDGE('',*,*,#1002,.T.);
#1353=ORIENTED_EDGE('',*,*,#986,.T.);
#1354=ORIENTED_EDGE('',*,*,#991,.T.);
#1355=ORIENTED_EDGE('',*,*,#1003,.F.);
#1356=ORIENTED_EDGE('',*,*,#995,.T.);
#1357=ORIENTED_EDGE('',*,*,#1004,.T.);
#1358=ORIENTED_EDGE('',*,*,#1005,.F.);
#1359=ORIENTED_EDGE('',*,*,#841,.T.);
#1360=ORIENTED_EDGE('',*,*,#987,.T.);
#1361=ORIENTED_EDGE('',*,*,#1002,.F.);
#1362=ORIENTED_EDGE('',*,*,#1006,.F.);
#1363=ORIENTED_EDGE('',*,*,#1007,.F.);
#1364=ORIENTED_EDGE('',*,*,#1008,.F.);
#1365=ORIENTED_EDGE('',*,*,#1004,.F.);
#1366=ORIENTED_EDGE('',*,*,#994,.F.);
#1367=ORIENTED_EDGE('',*,*,#899,.T.);
#1368=ORIENTED_EDGE('',*,*,#981,.T.);
#1369=ORIENTED_EDGE('',*,*,#1009,.F.);
#1370=ORIENTED_EDGE('',*,*,#982,.F.);
#1371=ORIENTED_EDGE('',*,*,#1007,.T.);
#1372=ORIENTED_EDGE('',*,*,#1010,.F.);
#1373=ORIENTED_EDGE('',*,*,#1005,.T.);
#1374=ORIENTED_EDGE('',*,*,#1008,.T.);
#1375=ORIENTED_EDGE('',*,*,#1010,.T.);
#1376=ORIENTED_EDGE('',*,*,#1006,.T.);
#1377=ORIENTED_EDGE('',*,*,#1001,.T.);
#1378=ORIENTED_EDGE('',*,*,#1011,.F.);
#1379=ORIENTED_EDGE('',*,*,#1012,.F.);
#1380=ORIENTED_EDGE('',*,*,#1013,.T.);
#1381=ORIENTED_EDGE('',*,*,#1014,.F.);
#1382=ORIENTED_EDGE('',*,*,#1015,.F.);
#1383=ORIENTED_EDGE('',*,*,#1016,.F.);
#1384=ORIENTED_EDGE('',*,*,#1017,.F.);
#1385=ORIENTED_EDGE('',*,*,#824,.F.);
#1386=ORIENTED_EDGE('',*,*,#993,.T.);
#1387=ORIENTED_EDGE('',*,*,#890,.F.);
#1388=ORIENTED_EDGE('',*,*,#846,.T.);
#1389=ORIENTED_EDGE('',*,*,#1018,.T.);
#1390=ORIENTED_EDGE('',*,*,#1019,.T.);
#1391=ORIENTED_EDGE('',*,*,#1020,.T.);
#1392=ORIENTED_EDGE('',*,*,#861,.T.);
#1393=ORIENTED_EDGE('',*,*,#1021,.T.);
#1394=ORIENTED_EDGE('',*,*,#1022,.T.);
#1395=ORIENTED_EDGE('',*,*,#1018,.F.);
#1396=ORIENTED_EDGE('',*,*,#1023,.F.);
#1397=ORIENTED_EDGE('',*,*,#957,.F.);
#1398=ORIENTED_EDGE('',*,*,#960,.F.);
#1399=ORIENTED_EDGE('',*,*,#962,.F.);
#1400=ORIENTED_EDGE('',*,*,#964,.F.);
#1401=ORIENTED_EDGE('',*,*,#1024,.F.);
#1402=ORIENTED_EDGE('',*,*,#1025,.F.);
#1403=ORIENTED_EDGE('',*,*,#1026,.F.);
#1404=ORIENTED_EDGE('',*,*,#1027,.F.);
#1405=ORIENTED_EDGE('',*,*,#1028,.F.);
#1406=ORIENTED_EDGE('',*,*,#1029,.F.);
#1407=ORIENTED_EDGE('',*,*,#1019,.F.);
#1408=ORIENTED_EDGE('',*,*,#1022,.F.);
#1409=ORIENTED_EDGE('',*,*,#1029,.T.);
#1410=ORIENTED_EDGE('',*,*,#1030,.T.);
#1411=ORIENTED_EDGE('',*,*,#862,.T.);
#1412=ORIENTED_EDGE('',*,*,#1020,.F.);
#1413=ORIENTED_EDGE('',*,*,#922,.T.);
#1414=ORIENTED_EDGE('',*,*,#1031,.T.);
#1415=ORIENTED_EDGE('',*,*,#1024,.T.);
#1416=ORIENTED_EDGE('',*,*,#963,.F.);
#1417=ORIENTED_EDGE('',*,*,#1032,.F.);
#1418=ORIENTED_EDGE('',*,*,#825,.F.);
#1419=ORIENTED_EDGE('',*,*,#1017,.T.);
#1420=ORIENTED_EDGE('',*,*,#889,.F.);
#1421=ORIENTED_EDGE('',*,*,#992,.F.);
#1422=ORIENTED_EDGE('',*,*,#822,.F.);
#1423=ORIENTED_EDGE('',*,*,#1032,.T.);
#1424=ORIENTED_EDGE('',*,*,#888,.F.);
#1425=ORIENTED_EDGE('',*,*,#919,.T.);
#1426=ORIENTED_EDGE('',*,*,#958,.T.);
#1427=ORIENTED_EDGE('',*,*,#1023,.T.);
#1428=ORIENTED_EDGE('',*,*,#1033,.T.);
#1429=ORIENTED_EDGE('',*,*,#1028,.T.);
#1430=ORIENTED_EDGE('',*,*,#1034,.T.);
#1431=ORIENTED_EDGE('',*,*,#863,.T.);
#1432=ORIENTED_EDGE('',*,*,#1030,.F.);
#1433=ORIENTED_EDGE('',*,*,#1027,.T.);
#1434=ORIENTED_EDGE('',*,*,#1021,.F.);
#1435=ORIENTED_EDGE('',*,*,#860,.T.);
#1436=ORIENTED_EDGE('',*,*,#1034,.F.);
#1437=ORIENTED_EDGE('',*,*,#866,.T.);
#1438=ORIENTED_EDGE('',*,*,#1035,.T.);
#1439=ORIENTED_EDGE('',*,*,#845,.T.);
#1440=ORIENTED_EDGE('',*,*,#1035,.F.);
#1441=ORIENTED_EDGE('',*,*,#865,.T.);
#1442=ORIENTED_EDGE('',*,*,#1036,.T.);
#1443=ORIENTED_EDGE('',*,*,#843,.T.);
#1444=ORIENTED_EDGE('',*,*,#1036,.F.);
#1445=ORIENTED_EDGE('',*,*,#864,.T.);
#1446=ORIENTED_EDGE('',*,*,#1037,.T.);
#1447=ORIENTED_EDGE('',*,*,#844,.T.);
#1448=ORIENTED_EDGE('',*,*,#1037,.F.);
#1449=ORIENTED_EDGE('',*,*,#920,.T.);
#1450=ORIENTED_EDGE('',*,*,#1033,.F.);
#1451=ORIENTED_EDGE('',*,*,#1026,.T.);
#1452=ORIENTED_EDGE('',*,*,#1038,.F.);
#1453=ORIENTED_EDGE('',*,*,#921,.T.);
#1454=ORIENTED_EDGE('',*,*,#1038,.T.);
#1455=ORIENTED_EDGE('',*,*,#1025,.T.);
#1456=ORIENTED_EDGE('',*,*,#1031,.F.);
#1457=ORIENTED_EDGE('',*,*,#997,.T.);
#1458=ORIENTED_EDGE('',*,*,#1039,.F.);
#1459=ORIENTED_EDGE('',*,*,#1040,.F.);
#1460=ORIENTED_EDGE('',*,*,#989,.T.);
#1461=ORIENTED_EDGE('',*,*,#1000,.T.);
#1462=ORIENTED_EDGE('',*,*,#1041,.T.);
#1463=ORIENTED_EDGE('',*,*,#1042,.T.);
#1464=ORIENTED_EDGE('',*,*,#1011,.T.);
#1465=ORIENTED_EDGE('',*,*,#990,.T.);
#1466=ORIENTED_EDGE('',*,*,#1040,.T.);
#1467=ORIENTED_EDGE('',*,*,#1043,.F.);
#1468=ORIENTED_EDGE('',*,*,#1044,.F.);
#1469=ORIENTED_EDGE('',*,*,#1041,.F.);
#1470=ORIENTED_EDGE('',*,*,#999,.T.);
#1471=ORIENTED_EDGE('',*,*,#1003,.T.);
#1472=ORIENTED_EDGE('',*,*,#1015,.T.);
#1473=ORIENTED_EDGE('',*,*,#1045,.T.);
#1474=ORIENTED_EDGE('',*,*,#1043,.T.);
#1475=ORIENTED_EDGE('',*,*,#1039,.T.);
#1476=ORIENTED_EDGE('',*,*,#996,.T.);
#1477=ORIENTED_EDGE('',*,*,#1013,.F.);
#1478=ORIENTED_EDGE('',*,*,#1046,.T.);
#1479=ORIENTED_EDGE('',*,*,#977,.T.);
#1480=ORIENTED_EDGE('',*,*,#1047,.T.);
#1481=ORIENTED_EDGE('',*,*,#971,.T.);
#1482=ORIENTED_EDGE('',*,*,#1048,.T.);
#1483=ORIENTED_EDGE('',*,*,#1046,.F.);
#1484=ORIENTED_EDGE('',*,*,#1012,.T.);
#1485=ORIENTED_EDGE('',*,*,#1042,.F.);
#1486=ORIENTED_EDGE('',*,*,#1044,.T.);
#1487=ORIENTED_EDGE('',*,*,#1045,.F.);
#1488=ORIENTED_EDGE('',*,*,#1014,.T.);
#1489=ORIENTED_EDGE('',*,*,#1048,.F.);
#1490=ORIENTED_EDGE('',*,*,#970,.T.);
#1491=ORIENTED_EDGE('',*,*,#1049,.F.);
#1492=ORIENTED_EDGE('',*,*,#978,.T.);
#1493=ORIENTED_EDGE('',*,*,#974,.T.);
#1494=ORIENTED_EDGE('',*,*,#1049,.T.);
#1495=ORIENTED_EDGE('',*,*,#969,.T.);
#1496=ORIENTED_EDGE('',*,*,#1050,.T.);
#1497=ORIENTED_EDGE('',*,*,#1050,.F.);
#1498=ORIENTED_EDGE('',*,*,#973,.T.);
#1499=ORIENTED_EDGE('',*,*,#967,.T.);
#1500=ORIENTED_EDGE('',*,*,#1051,.F.);
#1501=ORIENTED_EDGE('',*,*,#947,.F.);
#1502=ORIENTED_EDGE('',*,*,#975,.F.);
#1503=ORIENTED_EDGE('',*,*,#1047,.F.);
#1504=ORIENTED_EDGE('',*,*,#976,.T.);
#1505=ORIENTED_EDGE('',*,*,#984,.T.);
#1506=ORIENTED_EDGE('',*,*,#1052,.F.);
#1507=ORIENTED_EDGE('',*,*,#979,.F.);
#1508=ORIENTED_EDGE('',*,*,#972,.F.);
#1509=ORIENTED_EDGE('',*,*,#1053,.F.);
#1510=ORIENTED_EDGE('',*,*,#1054,.T.);
#1511=ORIENTED_EDGE('',*,*,#1016,.T.);
#1512=ORIENTED_EDGE('',*,*,#1054,.F.);
#1513=ORIENTED_EDGE('',*,*,#1055,.F.);
#1514=ORIENTED_EDGE('',*,*,#1056,.T.);
#1515=ORIENTED_EDGE('',*,*,#998,.T.);
#1516=ORIENTED_EDGE('',*,*,#1056,.F.);
#1517=ORIENTED_EDGE('',*,*,#983,.T.);
#1518=ORIENTED_EDGE('',*,*,#1009,.T.);
#1519=ORIENTED_EDGE('',*,*,#980,.T.);
#1520=ORIENTED_EDGE('',*,*,#1052,.T.);
#1521=ORIENTED_EDGE('',*,*,#1055,.T.);
#1522=ORIENTED_EDGE('',*,*,#948,.T.);
#1523=ORIENTED_EDGE('',*,*,#1051,.T.);
#1524=ORIENTED_EDGE('',*,*,#966,.T.);
#1525=ORIENTED_EDGE('',*,*,#968,.T.);
#1526=ORIENTED_EDGE('',*,*,#1053,.T.);
#1527=PLANE('',#1674);
#1528=PLANE('',#1699);
#1529=PLANE('',#1719);
#1530=PLANE('',#1721);
#1531=PLANE('',#1727);
#1532=PLANE('',#1747);
#1533=PLANE('',#1749);
#1534=PLANE('',#1751);
#1535=PLANE('',#1753);
#1536=PLANE('',#1758);
#1537=PLANE('',#1759);
#1538=PLANE('',#1763);
#1539=PLANE('',#1765);
#1540=PLANE('',#1766);
#1541=PLANE('',#1767);
#1542=PLANE('',#1768);
#1543=PLANE('',#1769);
#1544=PLANE('',#1770);
#1545=PLANE('',#1773);
#1546=PLANE('',#1776);
#1547=PLANE('',#1777);
#1548=PLANE('',#1778);
#1549=PLANE('',#1781);
#1550=PLANE('',#1784);
#1551=PLANE('',#1785);
#1552=PLANE('',#1795);
#1553=PLANE('',#1797);
#1554=PLANE('',#1802);
#1555=PLANE('',#1808);
#1556=PLANE('',#1809);
#1557=PLANE('',#1814);
#1558=PLANE('',#1816);
#1559=PLANE('',#1820);
#1560=PLANE('',#1824);
#1561=PLANE('',#1825);
#1562=PLANE('',#1827);
#1563=PLANE('',#1830);
#1564=PLANE('',#1834);
#1565=PLANE('',#1836);
#1566=PLANE('',#1846);
#1567=PLANE('',#1848);
#1568=PLANE('',#1849);
#1569=PLANE('',#1854);
#1570=PLANE('',#1855);
#1571=ADVANCED_FACE('',(#89,#63,#64,#65,#66,#67,#68,#69,#70,#71,#72,#73),
#1527,.F.);
#1572=ADVANCED_FACE('',(#90,#74,#75,#76),#1528,.T.);
#1573=ADVANCED_FACE('',(#91),#59,.F.);
#1574=ADVANCED_FACE('',(#92),#18,.F.);
#1575=ADVANCED_FACE('',(#93),#60,.F.);
#1576=ADVANCED_FACE('',(#94),#19,.F.);
#1577=ADVANCED_FACE('',(#95),#61,.F.);
#1578=ADVANCED_FACE('',(#96),#20,.F.);
#1579=ADVANCED_FACE('',(#97),#62,.F.);
#1580=ADVANCED_FACE('',(#98),#21,.F.);
#1581=ADVANCED_FACE('',(#99,#77),#1529,.T.);
#1582=ADVANCED_FACE('',(#100,#78),#1530,.T.);
#1583=ADVANCED_FACE('',(#101),#22,.T.);
#1584=ADVANCED_FACE('',(#102),#23,.T.);
#1585=ADVANCED_FACE('',(#103,#79,#80,#81,#82,#83,#84,#85),#1531,.T.);
#1586=ADVANCED_FACE('',(#104),#24,.F.);
#1587=ADVANCED_FACE('',(#105),#1532,.T.);
#1588=ADVANCED_FACE('',(#106),#25,.F.);
#1589=ADVANCED_FACE('',(#107),#1533,.F.);
#1590=ADVANCED_FACE('',(#108),#26,.F.);
#1591=ADVANCED_FACE('',(#109),#1534,.T.);
#1592=ADVANCED_FACE('',(#110),#27,.F.);
#1593=ADVANCED_FACE('',(#111),#1535,.F.);
#1594=ADVANCED_FACE('',(#112),#28,.F.);
#1595=ADVANCED_FACE('',(#113),#29,.F.);
#1596=ADVANCED_FACE('',(#114),#30,.F.);
#1597=ADVANCED_FACE('',(#115),#31,.F.);
#1598=ADVANCED_FACE('',(#116),#1536,.F.);
#1599=ADVANCED_FACE('',(#117),#1537,.T.);
#1600=ADVANCED_FACE('',(#118),#32,.F.);
#1601=ADVANCED_FACE('',(#119),#33,.F.);
#1602=ADVANCED_FACE('',(#120),#34,.F.);
#1603=ADVANCED_FACE('',(#121),#1538,.F.);
#1604=ADVANCED_FACE('',(#122),#35,.F.);
#1605=ADVANCED_FACE('',(#123),#1539,.T.);
#1606=ADVANCED_FACE('',(#124),#1540,.T.);
#1607=ADVANCED_FACE('',(#125),#1541,.F.);
#1608=ADVANCED_FACE('',(#126),#1542,.F.);
#1609=ADVANCED_FACE('',(#127),#1543,.F.);
#1610=ADVANCED_FACE('',(#128),#1544,.T.);
#1611=ADVANCED_FACE('',(#129),#36,.T.);
#1612=ADVANCED_FACE('',(#130),#1545,.T.);
#1613=ADVANCED_FACE('',(#131),#37,.T.);
#1614=ADVANCED_FACE('',(#132),#1546,.T.);
#1615=ADVANCED_FACE('',(#133),#1547,.T.);
#1616=ADVANCED_FACE('',(#134),#1548,.T.);
#1617=ADVANCED_FACE('',(#135),#1549,.T.);
#1618=ADVANCED_FACE('',(#136),#1550,.T.);
#1619=ADVANCED_FACE('',(#137),#1551,.T.);
#1620=ADVANCED_FACE('',(#138),#38,.T.);
#1621=ADVANCED_FACE('',(#139),#39,.F.);
#1622=ADVANCED_FACE('',(#140),#40,.T.);
#1623=ADVANCED_FACE('',(#141),#41,.T.);
#1624=ADVANCED_FACE('',(#142),#1552,.T.);
#1625=ADVANCED_FACE('',(#143),#1553,.T.);
#1626=ADVANCED_FACE('',(#144),#1554,.T.);
#1627=ADVANCED_FACE('',(#145),#42,.F.);
#1628=ADVANCED_FACE('',(#146),#1555,.T.);
#1629=ADVANCED_FACE('',(#147),#1556,.T.);
#1630=ADVANCED_FACE('',(#148),#43,.F.);
#1631=ADVANCED_FACE('',(#149),#1557,.T.);
#1632=ADVANCED_FACE('',(#150),#1558,.T.);
#1633=ADVANCED_FACE('',(#151),#44,.F.);
#1634=ADVANCED_FACE('',(#152,#86),#1559,.T.);
#1635=ADVANCED_FACE('',(#153),#1560,.F.);
#1636=ADVANCED_FACE('',(#154),#1561,.T.);
#1637=ADVANCED_FACE('',(#155),#45,.T.);
#1638=ADVANCED_FACE('',(#156),#1562,.T.);
#1639=ADVANCED_FACE('',(#157),#46,.T.);
#1640=ADVANCED_FACE('',(#158),#47,.F.);
#1641=ADVANCED_FACE('',(#159),#1563,.F.);
#1642=ADVANCED_FACE('',(#160),#48,.F.);
#1643=ADVANCED_FACE('',(#161),#49,.F.);
#1644=ADVANCED_FACE('',(#162),#50,.F.);
#1645=ADVANCED_FACE('',(#163),#1564,.T.);
#1646=ADVANCED_FACE('',(#164),#51,.T.);
#1647=ADVANCED_FACE('',(#165),#1565,.T.);
#1648=ADVANCED_FACE('',(#166),#52,.T.);
#1649=ADVANCED_FACE('',(#167),#53,.F.);
#1650=ADVANCED_FACE('',(#168),#54,.T.);
#1651=ADVANCED_FACE('',(#169),#55,.F.);
#1652=ADVANCED_FACE('',(#170),#1566,.F.);
#1653=ADVANCED_FACE('',(#171),#56,.F.);
#1654=ADVANCED_FACE('',(#172),#1567,.T.);
#1655=ADVANCED_FACE('',(#173),#1568,.T.);
#1656=ADVANCED_FACE('',(#174),#57,.F.);
#1657=ADVANCED_FACE('',(#175),#58,.F.);
#1658=ADVANCED_FACE('',(#176,#87),#1569,.T.);
#1659=ADVANCED_FACE('',(#177,#88),#1570,.T.);
#1660=CLOSED_SHELL('',(#1571,#1572,#1573,#1574,#1575,#1576,#1577,#1578,
#1579,#1580,#1581,#1582,#1583,#1584,#1585,#1586,#1587,#1588,#1589,#1590,
#1591,#1592,#1593,#1594,#1595,#1596,#1597,#1598,#1599,#1600,#1601,#1602,
#1603,#1604,#1605,#1606,#1607,#1608,#1609,#1610,#1611,#1612,#1613,#1614,
#1615,#1616,#1617,#1618,#1619,#1620,#1621,#1622,#1623,#1624,#1625,#1626,
#1627,#1628,#1629,#1630,#1631,#1632,#1633,#1634,#1635,#1636,#1637,#1638,
#1639,#1640,#1641,#1642,#1643,#1644,#1645,#1646,#1647,#1648,#1649,#1650,
#1651,#1652,#1653,#1654,#1655,#1656,#1657,#1658,#1659));
#1661=DERIVED_UNIT_ELEMENT(#1663,1.);
#1662=DERIVED_UNIT_ELEMENT(#2858,-3.);
#1663=(
MASS_UNIT()
NAMED_UNIT(*)
SI_UNIT(.KILO.,.GRAM.)
);
#1664=DERIVED_UNIT((#1661,#1662));
#1665=MEASURE_REPRESENTATION_ITEM('density measure',
POSITIVE_RATIO_MEASURE(7850.),#1664);
#1666=PROPERTY_DEFINITION_REPRESENTATION(#1671,#1668);
#1667=PROPERTY_DEFINITION_REPRESENTATION(#1672,#1669);
#1668=REPRESENTATION('material name',(#1670),#2855);
#1669=REPRESENTATION('density',(#1665),#2855);
#1670=DESCRIPTIVE_REPRESENTATION_ITEM('Steel','Steel');
#1671=PROPERTY_DEFINITION('material property','material name',#2865);
#1672=PROPERTY_DEFINITION('material property','density of part',#2865);
#1673=AXIS2_PLACEMENT_3D('',#2363,#1856,#1857);
#1674=AXIS2_PLACEMENT_3D('',#2364,#1858,#1859);
#1675=AXIS2_PLACEMENT_3D('',#2369,#1861,#1862);
#1676=AXIS2_PLACEMENT_3D('',#2372,#1864,#1865);
#1677=AXIS2_PLACEMENT_3D('',#2374,#1866,#1867);
#1678=AXIS2_PLACEMENT_3D('',#2379,#1869,#1870);
#1679=AXIS2_PLACEMENT_3D('',#2383,#1872,#1873);
#1680=AXIS2_PLACEMENT_3D('',#2386,#1875,#1876);
#1681=AXIS2_PLACEMENT_3D('',#2391,#1878,#1879);
#1682=AXIS2_PLACEMENT_3D('',#2395,#1881,#1882);
#1683=AXIS2_PLACEMENT_3D('',#2398,#1884,#1885);
#1684=AXIS2_PLACEMENT_3D('',#2401,#1886,#1887);
#1685=AXIS2_PLACEMENT_3D('',#2403,#1888,#1889);
#1686=AXIS2_PLACEMENT_3D('',#2405,#1890,#1891);
#1687=AXIS2_PLACEMENT_3D('',#2406,#1892,#1893);
#1688=AXIS2_PLACEMENT_3D('',#2408,#1894,#1895);
#1689=AXIS2_PLACEMENT_3D('',#2410,#1896,#1897);
#1690=AXIS2_PLACEMENT_3D('',#2412,#1898,#1899);
#1691=AXIS2_PLACEMENT_3D('',#2414,#1900,#1901);
#1692=AXIS2_PLACEMENT_3D('',#2419,#1903,#1904);
#1693=AXIS2_PLACEMENT_3D('',#2423,#1906,#1907);
#1694=AXIS2_PLACEMENT_3D('',#2426,#1909,#1910);
#1695=AXIS2_PLACEMENT_3D('',#2431,#1912,#1913);
#1696=AXIS2_PLACEMENT_3D('',#2435,#1915,#1916);
#1697=AXIS2_PLACEMENT_3D('',#2438,#1918,#1919);
#1698=AXIS2_PLACEMENT_3D('',#2440,#1920,#1921);
#1699=AXIS2_PLACEMENT_3D('',#2441,#1922,#1923);
#1700=AXIS2_PLACEMENT_3D('',#2446,#1925,#1926);
#1701=AXIS2_PLACEMENT_3D('',#2449,#1928,#1929);
#1702=AXIS2_PLACEMENT_3D('',#2451,#1930,#1931);
#1703=AXIS2_PLACEMENT_3D('',#2453,#1932,#1933);
#1704=AXIS2_PLACEMENT_3D('',#2455,#1934,#1935);
#1705=AXIS2_PLACEMENT_3D('',#2456,#1936,#1937);
#1706=AXIS2_PLACEMENT_3D('',#2458,#1938,#1939);
#1707=AXIS2_PLACEMENT_3D('',#2461,#1941,#1942);
#1708=AXIS2_PLACEMENT_3D('',#2463,#1944,#1945);
#1709=AXIS2_PLACEMENT_3D('',#2465,#1946,#1947);
#1710=AXIS2_PLACEMENT_3D('',#2468,#1949,#1950);
#1711=AXIS2_PLACEMENT_3D('',#2470,#1952,#1953);
#1712=AXIS2_PLACEMENT_3D('',#2472,#1954,#1955);
#1713=AXIS2_PLACEMENT_3D('',#2475,#1957,#1958);
#1714=AXIS2_PLACEMENT_3D('',#2477,#1959,#1960);
#1715=AXIS2_PLACEMENT_3D('',#2479,#1962,#1963);
#1716=AXIS2_PLACEMENT_3D('',#2481,#1964,#1965);
#1717=AXIS2_PLACEMENT_3D('',#2484,#1967,#1968);
#1718=AXIS2_PLACEMENT_3D('',#2486,#1969,#1970);
#1719=AXIS2_PLACEMENT_3D('',#2488,#1972,#1973);
#1720=AXIS2_PLACEMENT_3D('',#2490,#1974,#1975);
#1721=AXIS2_PLACEMENT_3D('',#2491,#1976,#1977);
#1722=AXIS2_PLACEMENT_3D('',#2493,#1978,#1979);
#1723=AXIS2_PLACEMENT_3D('',#2494,#1980,#1981);
#1724=AXIS2_PLACEMENT_3D('',#2496,#1982,#1983);
#1725=AXIS2_PLACEMENT_3D('',#2498,#1985,#1986);
#1726=AXIS2_PLACEMENT_3D('',#2500,#1987,#1988);
#1727=AXIS2_PLACEMENT_3D('',#2502,#1990,#1991);
#1728=AXIS2_PLACEMENT_3D('',#2505,#1992,#1993);
#1729=AXIS2_PLACEMENT_3D('',#2509,#1995,#1996);
#1730=AXIS2_PLACEMENT_3D('',#2513,#1998,#1999);
#1731=AXIS2_PLACEMENT_3D('',#2517,#2001,#2002);
#1732=AXIS2_PLACEMENT_3D('',#2521,#2004,#2005);
#1733=AXIS2_PLACEMENT_3D('',#2539,#2014,#2015);
#1734=AXIS2_PLACEMENT_3D('',#2543,#2017,#2018);
#1735=AXIS2_PLACEMENT_3D('',#2546,#2020,#2021);
#1736=AXIS2_PLACEMENT_3D('',#2551,#2023,#2024);
#1737=AXIS2_PLACEMENT_3D('',#2555,#2026,#2027);
#1738=AXIS2_PLACEMENT_3D('',#2558,#2029,#2030);
#1739=AXIS2_PLACEMENT_3D('',#2561,#2031,#2032);
#1740=AXIS2_PLACEMENT_3D('',#2565,#2034,#2035);
#1741=AXIS2_PLACEMENT_3D('',#2569,#2037,#2038);
#1742=AXIS2_PLACEMENT_3D('',#2573,#2040,#2041);
#1743=AXIS2_PLACEMENT_3D('',#2579,#2044,#2045);
#1744=AXIS2_PLACEMENT_3D('',#2583,#2047,#2048);
#1745=AXIS2_PLACEMENT_3D('',#2586,#2050,#2051);
#1746=AXIS2_PLACEMENT_3D('',#2587,#2052,#2053);
#1747=AXIS2_PLACEMENT_3D('',#2590,#2056,#2057);
#1748=AXIS2_PLACEMENT_3D('',#2592,#2059,#2060);
#1749=AXIS2_PLACEMENT_3D('',#2595,#2063,#2064);
#1750=AXIS2_PLACEMENT_3D('',#2597,#2066,#2067);
#1751=AXIS2_PLACEMENT_3D('',#2600,#2070,#2071);
#1752=AXIS2_PLACEMENT_3D('',#2602,#2073,#2074);
#1753=AXIS2_PLACEMENT_3D('',#2605,#2077,#2078);
#1754=AXIS2_PLACEMENT_3D('',#2607,#2080,#2081);
#1755=AXIS2_PLACEMENT_3D('',#2609,#2083,#2084);
#1756=AXIS2_PLACEMENT_3D('',#2611,#2086,#2087);
#1757=AXIS2_PLACEMENT_3D('',#2614,#2090,#2091);
#1758=AXIS2_PLACEMENT_3D('',#2617,#2094,#2095);
#1759=AXIS2_PLACEMENT_3D('',#2618,#2096,#2097);
#1760=AXIS2_PLACEMENT_3D('',#2624,#2101,#2102);
#1761=AXIS2_PLACEMENT_3D('',#2626,#2104,#2105);
#1762=AXIS2_PLACEMENT_3D('',#2628,#2107,#2108);
#1763=AXIS2_PLACEMENT_3D('',#2631,#2111,#2112);
#1764=AXIS2_PLACEMENT_3D('',#2632,#2113,#2114);
#1765=AXIS2_PLACEMENT_3D('',#2635,#2117,#2118);
#1766=AXIS2_PLACEMENT_3D('',#2636,#2119,#2120);
#1767=AXIS2_PLACEMENT_3D('',#2637,#2121,#2122);
#1768=AXIS2_PLACEMENT_3D('',#2638,#2123,#2124);
#1769=AXIS2_PLACEMENT_3D('',#2639,#2125,#2126);
#1770=AXIS2_PLACEMENT_3D('',#2640,#2127,#2128);
#1771=AXIS2_PLACEMENT_3D('',#2646,#2132,#2133);
#1772=AXIS2_PLACEMENT_3D('',#2649,#2135,#2136);
#1773=AXIS2_PLACEMENT_3D('',#2650,#2137,#2138);
#1774=AXIS2_PLACEMENT_3D('',#2654,#2141,#2142);
#1775=AXIS2_PLACEMENT_3D('',#2657,#2144,#2145);
#1776=AXIS2_PLACEMENT_3D('',#2658,#2146,#2147);
#1777=AXIS2_PLACEMENT_3D('',#2664,#2151,#2152);
#1778=AXIS2_PLACEMENT_3D('',#2666,#2154,#2155);
#1779=AXIS2_PLACEMENT_3D('',#2669,#2156,#2157);
#1780=AXIS2_PLACEMENT_3D('',#2673,#2159,#2160);
#1781=AXIS2_PLACEMENT_3D('',#2676,#2163,#2164);
#1782=AXIS2_PLACEMENT_3D('',#2679,#2165,#2166);
#1783=AXIS2_PLACEMENT_3D('',#2684,#2169,#2170);
#1784=AXIS2_PLACEMENT_3D('',#2686,#2172,#2173);
#1785=AXIS2_PLACEMENT_3D('',#2692,#2177,#2178);
#1786=AXIS2_PLACEMENT_3D('',#2698,#2182,#2183);
#1787=AXIS2_PLACEMENT_3D('',#2702,#2185,#2186);
#1788=AXIS2_PLACEMENT_3D('',#2704,#2188,#2189);
#1789=AXIS2_PLACEMENT_3D('',#2708,#2191,#2192);
#1790=AXIS2_PLACEMENT_3D('',#2711,#2194,#2195);
#1791=AXIS2_PLACEMENT_3D('',#2712,#2196,#2197);
#1792=AXIS2_PLACEMENT_3D('',#2715,#2200,#2201);
#1793=AXIS2_PLACEMENT_3D('',#2719,#2203,#2204);
#1794=AXIS2_PLACEMENT_3D('',#2722,#2206,#2207);
#1795=AXIS2_PLACEMENT_3D('',#2723,#2208,#2209);
#1796=AXIS2_PLACEMENT_3D('',#2725,#2210,#2211);
#1797=AXIS2_PLACEMENT_3D('',#2726,#2212,#2213);
#1798=AXIS2_PLACEMENT_3D('',#2728,#2214,#2215);
#1799=AXIS2_PLACEMENT_3D('',#2730,#2216,#2217);
#1800=AXIS2_PLACEMENT_3D('',#2732,#2218,#2219);
#1801=AXIS2_PLACEMENT_3D('',#2733,#2220,#2221);
#1802=AXIS2_PLACEMENT_3D('',#2734,#2222,#2223);
#1803=AXIS2_PLACEMENT_3D('',#2736,#2224,#2225);
#1804=AXIS2_PLACEMENT_3D('',#2738,#2226,#2227);
#1805=AXIS2_PLACEMENT_3D('',#2739,#2228,#2229);
#1806=AXIS2_PLACEMENT_3D('',#2740,#2230,#2231);
#1807=AXIS2_PLACEMENT_3D('',#2744,#2233,#2234);
#1808=AXIS2_PLACEMENT_3D('',#2746,#2236,#2237);
#1809=AXIS2_PLACEMENT_3D('',#2748,#2239,#2240);
#1810=AXIS2_PLACEMENT_3D('',#2749,#2241,#2242);
#1811=AXIS2_PLACEMENT_3D('',#2750,#2243,#2244);
#1812=AXIS2_PLACEMENT_3D('',#2754,#2246,#2247);
#1813=AXIS2_PLACEMENT_3D('',#2767,#2248,#2249);
#1814=AXIS2_PLACEMENT_3D('',#2769,#2251,#2252);
#1815=AXIS2_PLACEMENT_3D('',#2771,#2253,#2254);
#1816=AXIS2_PLACEMENT_3D('',#2772,#2255,#2256);
#1817=AXIS2_PLACEMENT_3D('',#2774,#2258,#2259);
#1818=AXIS2_PLACEMENT_3D('',#2778,#2261,#2262);
#1819=AXIS2_PLACEMENT_3D('',#2782,#2265,#2266);
#1820=AXIS2_PLACEMENT_3D('',#2783,#2267,#2268);
#1821=AXIS2_PLACEMENT_3D('',#2785,#2269,#2270);
#1822=AXIS2_PLACEMENT_3D('',#2789,#2272,#2273);
#1823=AXIS2_PLACEMENT_3D('',#2794,#2276,#2277);
#1824=AXIS2_PLACEMENT_3D('',#2796,#2279,#2280);
#1825=AXIS2_PLACEMENT_3D('',#2798,#2282,#2283);
#1826=AXIS2_PLACEMENT_3D('',#2800,#2285,#2286);
#1827=AXIS2_PLACEMENT_3D('',#2802,#2288,#2289);
#1828=AXIS2_PLACEMENT_3D('',#2803,#2290,#2291);
#1829=AXIS2_PLACEMENT_3D('',#2805,#2293,#2294);
#1830=AXIS2_PLACEMENT_3D('',#2807,#2296,#2297);
#1831=AXIS2_PLACEMENT_3D('',#2808,#2298,#2299);
#1832=AXIS2_PLACEMENT_3D('',#2810,#2301,#2302);
#1833=AXIS2_PLACEMENT_3D('',#2812,#2304,#2305);
#1834=AXIS2_PLACEMENT_3D('',#2814,#2307,#2308);
#1835=AXIS2_PLACEMENT_3D('',#2816,#2310,#2311);
#1836=AXIS2_PLACEMENT_3D('',#2817,#2312,#2313);
#1837=AXIS2_PLACEMENT_3D('',#2819,#2314,#2315);
#1838=AXIS2_PLACEMENT_3D('',#2820,#2316,#2317);
#1839=AXIS2_PLACEMENT_3D('',#2821,#2318,#2319);
#1840=AXIS2_PLACEMENT_3D('',#2824,#2321,#2322);
#1841=AXIS2_PLACEMENT_3D('',#2825,#2323,#2324);
#1842=AXIS2_PLACEMENT_3D('',#2828,#2326,#2327);
#1843=AXIS2_PLACEMENT_3D('',#2829,#2328,#2329);
#1844=AXIS2_PLACEMENT_3D('',#2830,#2330,#2331);
#1845=AXIS2_PLACEMENT_3D('',#2831,#2332,#2333);
#1846=AXIS2_PLACEMENT_3D('',#2835,#2337,#2338);
#1847=AXIS2_PLACEMENT_3D('',#2837,#2340,#2341);
#1848=AXIS2_PLACEMENT_3D('',#2839,#2343,#2344);
#1849=AXIS2_PLACEMENT_3D('',#2841,#2346,#2347);
#1850=AXIS2_PLACEMENT_3D('',#2843,#2349,#2350);
#1851=AXIS2_PLACEMENT_3D('',#2845,#2351,#2352);
#1852=AXIS2_PLACEMENT_3D('',#2847,#2354,#2355);
#1853=AXIS2_PLACEMENT_3D('',#2849,#2356,#2357);
#1854=AXIS2_PLACEMENT_3D('',#2851,#2359,#2360);
#1855=AXIS2_PLACEMENT_3D('',#2852,#2361,#2362);
#1856=DIRECTION('axis',(0.,0.,1.));
#1857=DIRECTION('refdir',(1.,0.,0.));
#1858=DIRECTION('center_axis',(1.,0.,0.));
#1859=DIRECTION('ref_axis',(0.,1.,0.));
#1860=DIRECTION('',(0.,0.819151838751029,0.573576729889566));
#1861=DIRECTION('center_axis',(1.,0.,0.));
#1862=DIRECTION('ref_axis',(0.,1.,0.));
#1863=DIRECTION('',(0.,-0.819152044288993,-0.573576436351045));
#1864=DIRECTION('center_axis',(-1.,0.,0.));
#1865=DIRECTION('ref_axis',(0.,1.,0.));
#1866=DIRECTION('center_axis',(1.,0.,0.));
#1867=DIRECTION('ref_axis',(0.,-1.,0.));
#1868=DIRECTION('',(0.,0.819152044289007,0.573576436351025));
#1869=DIRECTION('center_axis',(-1.,0.,0.));
#1870=DIRECTION('ref_axis',(0.,0.935637165767123,0.35296330409161));
#1871=DIRECTION('',(0.,0.993889224021029,0.110382110755666));
#1872=DIRECTION('center_axis',(-1.,0.,0.));
#1873=DIRECTION('ref_axis',(0.,-0.57357643635103,0.819152044289003));
#1874=DIRECTION('',(0.,0.443655389793401,0.896197464349942));
#1875=DIRECTION('center_axis',(-1.,0.,0.));
#1876=DIRECTION('ref_axis',(0.,-0.651683769799628,-0.758490780550262));
#1877=DIRECTION('',(0.,-0.819152044288989,-0.57357643635105));
#1878=DIRECTION('center_axis',(-1.,0.,0.));
#1879=DIRECTION('ref_axis',(0.,-0.935637165767132,-0.352963304091586));
#1880=DIRECTION('',(0.,0.993889224021029,0.110382110755666));
#1881=DIRECTION('center_axis',(-1.,0.,0.));
#1882=DIRECTION('ref_axis',(0.,0.573576436351039,-0.819152044288997));
#1883=DIRECTION('',(0.,0.443655389793401,0.896197464349942));
#1884=DIRECTION('center_axis',(-1.,0.,0.));
#1885=DIRECTION('ref_axis',(0.,0.651683769799546,0.758490780550333));
#1886=DIRECTION('center_axis',(-1.,0.,0.));
#1887=DIRECTION('ref_axis',(0.,-0.576893212064029,0.816819577308507));
#1888=DIRECTION('center_axis',(1.,0.,0.));
#1889=DIRECTION('ref_axis',(0.,0.320465872117246,0.947260061866926));
#1890=DIRECTION('center_axis',(-1.,0.,0.));
#1891=DIRECTION('ref_axis',(0.,-0.320465872117238,-0.947260061866929));
#1892=DIRECTION('center_axis',(1.,0.,0.));
#1893=DIRECTION('ref_axis',(0.,0.576893212064032,-0.816819577308504));
#1894=DIRECTION('center_axis',(-1.,0.,0.));
#1895=DIRECTION('ref_axis',(3.18032637262415E-16,0.819152044288992,0.573576436351046));
#1896=DIRECTION('center_axis',(-1.,0.,0.));
#1897=DIRECTION('ref_axis',(3.18032637262415E-16,0.819152044288992,0.573576436351046));
#1898=DIRECTION('center_axis',(-1.,0.,0.));
#1899=DIRECTION('ref_axis',(3.18032637262414E-16,0.819152044288992,0.573576436351046));
#1900=DIRECTION('center_axis',(-1.,0.,0.));
#1901=DIRECTION('ref_axis',(3.13676025793066E-16,0.819152044288992,0.573576436351046));
#1902=DIRECTION('',(0.,0.443655389793401,0.896197464349942));
#1903=DIRECTION('center_axis',(-1.,0.,0.));
#1904=DIRECTION('ref_axis',(0.,0.819152044289004,0.573576436351029));
#1905=DIRECTION('',(0.,0.993889224021029,0.110382110755666));
#1906=DIRECTION('center_axis',(-1.,0.,0.));
#1907=DIRECTION('ref_axis',(0.,-0.911178130477265,0.412012638810942));
#1908=DIRECTION('',(0.,0.573576436351025,-0.819152044289007));
#1909=DIRECTION('center_axis',(-1.,0.,0.));
#1910=DIRECTION('ref_axis',(0.,0.0755239615800578,-0.997143987209096));
#1911=DIRECTION('',(0.,-0.57357643635105,0.819152044288989));
#1912=DIRECTION('center_axis',(-1.,0.,0.));
#1913=DIRECTION('ref_axis',(0.,0.381365179966692,0.924424469336989));
#1914=DIRECTION('',(0.,0.443655389793401,0.896197464349942));
#1915=DIRECTION('center_axis',(-1.,0.,0.));
#1916=DIRECTION('ref_axis',(0.,-0.819152044288986,-0.573576436351054));
#1917=DIRECTION('',(0.,0.993889224021029,0.110382110755666));
#1918=DIRECTION('center_axis',(-1.,0.,0.));
#1919=DIRECTION('ref_axis',(0.,0.995955032531784,0.0898530643585004));
#1920=DIRECTION('center_axis',(1.,0.,0.));
#1921=DIRECTION('ref_axis',(0.,-1.,0.));
#1922=DIRECTION('center_axis',(1.,-1.94289029309402E-16,-3.05311331771918E-16));
#1923=DIRECTION('ref_axis',(3.05311331771918E-16,0.819152044288992,0.573576436351046));
#1924=DIRECTION('',(3.22693845938154E-16,0.860602188254046,0.509277796072386));
#1925=DIRECTION('center_axis',(1.,-1.94289029309402E-16,-3.05311331771918E-16));
#1926=DIRECTION('ref_axis',(3.13676025793066E-16,0.819152044288992,0.573576436351046));
#1927=DIRECTION('',(-3.43250488397312E-16,-0.776482851019702,-0.630138383271734));
#1928=DIRECTION('center_axis',(-1.,1.94289029309402E-16,3.05311331771918E-16));
#1929=DIRECTION('ref_axis',(3.08395284618099E-16,0.819152044288992,0.573576436351046));
#1930=DIRECTION('center_axis',(1.,-1.94289029309402E-16,-3.05311331771918E-16));
#1931=DIRECTION('ref_axis',(3.18032637262415E-16,0.819152044288992,0.573576436351046));
#1932=DIRECTION('center_axis',(1.,-1.94289029309402E-16,-3.05311331771918E-16));
#1933=DIRECTION('ref_axis',(3.18032637262415E-16,0.819152044288992,0.573576436351046));
#1934=DIRECTION('center_axis',(1.,-1.94289029309402E-16,-3.05311331771918E-16));
#1935=DIRECTION('ref_axis',(3.18032637262414E-16,0.819152044288992,0.573576436351046));
#1936=DIRECTION('center_axis',(-1.,0.,0.));
#1937=DIRECTION('ref_axis',(0.,-1.,0.));
#1938=DIRECTION('center_axis',(1.,0.,0.));
#1939=DIRECTION('ref_axis',(0.,-1.,0.));
#1940=DIRECTION('',(0.515038074910054,-0.857167300702112,-1.04972719113862E-16));
#1941=DIRECTION('center_axis',(1.,0.,0.));
#1942=DIRECTION('ref_axis',(0.,-1.,0.));
#1943=DIRECTION('',(1.,0.,0.));
#1944=DIRECTION('center_axis',(-1.,0.,0.));
#1945=DIRECTION('ref_axis',(0.,-1.,0.));
#1946=DIRECTION('center_axis',(1.,0.,0.));
#1947=DIRECTION('ref_axis',(0.,-1.,0.));
#1948=DIRECTION('',(0.515038074910054,-0.857167300702112,-1.04972719113862E-16));
#1949=DIRECTION('center_axis',(1.,0.,0.));
#1950=DIRECTION('ref_axis',(0.,-1.,0.));
#1951=DIRECTION('',(1.,0.,0.));
#1952=DIRECTION('center_axis',(1.,0.,0.));
#1953=DIRECTION('ref_axis',(0.,1.,0.));
#1954=DIRECTION('center_axis',(-1.,0.,0.));
#1955=DIRECTION('ref_axis',(0.,1.,0.));
#1956=DIRECTION('',(-0.515038074910054,0.857167300702112,-1.04972719113862E-16));
#1957=DIRECTION('center_axis',(-1.,0.,0.));
#1958=DIRECTION('ref_axis',(0.,1.,0.));
#1959=DIRECTION('center_axis',(-1.,0.,0.));
#1960=DIRECTION('ref_axis',(0.,1.,0.));
#1961=DIRECTION('',(-1.,0.,0.));
#1962=DIRECTION('center_axis',(1.,0.,0.));
#1963=DIRECTION('ref_axis',(0.,1.,0.));
#1964=DIRECTION('center_axis',(-1.,0.,0.));
#1965=DIRECTION('ref_axis',(0.,1.,0.));
#1966=DIRECTION('',(-0.515038074910054,0.857167300702112,-1.04972719113862E-16));
#1967=DIRECTION('center_axis',(-1.,0.,0.));
#1968=DIRECTION('ref_axis',(0.,1.,0.));
#1969=DIRECTION('center_axis',(-0.999675826383555,-0.0043679180210009,-0.0250831305167011));
#1970=DIRECTION('ref_axis',(-0.0254605998428168,0.171500360721146,0.98485500665233));
#1971=DIRECTION('',(-1.,0.,0.));
#1972=DIRECTION('center_axis',(1.,0.,0.));
#1973=DIRECTION('ref_axis',(0.,1.,0.));
#1974=DIRECTION('center_axis',(-1.,0.,0.));
#1975=DIRECTION('ref_axis',(0.,1.,0.));
#1976=DIRECTION('center_axis',(0.999675826383555,0.0043679180210009,0.0250831305167011));
#1977=DIRECTION('ref_axis',(-0.00436929273688191,0.999990454594932,-1.19457662152468E-20));
#1978=DIRECTION('center_axis',(-0.999675826383555,-0.0043679180210009,-0.0250831305167011));
#1979=DIRECTION('ref_axis',(-0.00436791802100086,0.999990459099627,-5.4789409542621E-5));
#1980=DIRECTION('center_axis',(-0.999675826383555,-0.00436791802100083,
-0.0250831305167012));
#1981=DIRECTION('ref_axis',(-0.00436791802100086,0.999990459099627,-5.4789409542621E-5));
#1982=DIRECTION('center_axis',(-1.,0.,0.));
#1983=DIRECTION('ref_axis',(0.,0.171555974641793,0.985174374192054));
#1984=DIRECTION('',(0.999675826383555,0.00436791802100083,0.0250831305167012));
#1985=DIRECTION('center_axis',(-1.,0.,0.));
#1986=DIRECTION('ref_axis',(0.,1.,0.));
#1987=DIRECTION('center_axis',(-1.,0.,0.));
#1988=DIRECTION('ref_axis',(0.,1.,0.));
#1989=DIRECTION('',(1.,0.,0.));
#1990=DIRECTION('center_axis',(1.,0.,0.));
#1991=DIRECTION('ref_axis',(0.,1.,0.));
#1992=DIRECTION('center_axis',(1.,0.,0.));
#1993=DIRECTION('ref_axis',(0.,1.,0.));
#1994=DIRECTION('',(0.,-0.819151838751029,-0.573576729889566));
#1995=DIRECTION('center_axis',(1.,0.,0.));
#1996=DIRECTION('ref_axis',(0.,1.,0.));
#1997=DIRECTION('',(0.,0.819152044288993,0.573576436351045));
#1998=DIRECTION('center_axis',(1.,0.,0.));
#1999=DIRECTION('ref_axis',(0.,0.995955032531784,0.0898530643585004));
#2000=DIRECTION('',(0.,0.993889224021029,0.110382110755666));
#2001=DIRECTION('center_axis',(1.,0.,0.));
#2002=DIRECTION('ref_axis',(0.,-0.819152044288986,-0.573576436351054));
#2003=DIRECTION('',(0.,0.443655389793401,0.896197464349942));
#2004=DIRECTION('center_axis',(1.,0.,0.));
#2005=DIRECTION('ref_axis',(0.,0.381365179966692,0.924424469336989));
#2006=DIRECTION('',(0.,-0.81915204428899,-0.573576436351048));
#2007=DIRECTION('',(0.,0.81915204428899,0.573576436351048));
#2008=DIRECTION('',(0.,-0.81915204428899,-0.573576436351048));
#2009=DIRECTION('',(0.,-0.573576436351048,0.81915204428899));
#2010=DIRECTION('',(0.,0.81915204428899,0.573576436351048));
#2011=DIRECTION('',(0.,-0.81915204428899,-0.573576436351048));
#2012=DIRECTION('',(0.,0.81915204428899,0.573576436351048));
#2013=DIRECTION('',(0.,-0.573576436351025,0.819152044289007));
#2014=DIRECTION('center_axis',(1.,0.,0.));
#2015=DIRECTION('ref_axis',(0.,-0.911178130477265,0.412012638810942));
#2016=DIRECTION('',(0.,0.993889224021029,0.110382110755666));
#2017=DIRECTION('center_axis',(1.,0.,0.));
#2018=DIRECTION('ref_axis',(0.,0.819152044289004,0.573576436351029));
#2019=DIRECTION('',(0.,0.443655389793401,0.896197464349942));
#2020=DIRECTION('center_axis',(1.,0.,0.));
#2021=DIRECTION('ref_axis',(0.,0.0755239615800578,-0.997143987209096));
#2022=DIRECTION('',(0.,0.443655389793401,0.896197464349942));
#2023=DIRECTION('center_axis',(1.,0.,0.));
#2024=DIRECTION('ref_axis',(0.,-0.57357643635103,0.819152044289003));
#2025=DIRECTION('',(0.,0.993889224021029,0.110382110755666));
#2026=DIRECTION('center_axis',(1.,0.,0.));
#2027=DIRECTION('ref_axis',(0.,0.935637165767123,0.35296330409161));
#2028=DIRECTION('',(0.,-0.819152044289007,-0.573576436351025));
#2029=DIRECTION('center_axis',(1.,0.,0.));
#2030=DIRECTION('ref_axis',(0.,-0.651683769799628,-0.758490780550262));
#2031=DIRECTION('center_axis',(1.,0.,0.));
#2032=DIRECTION('ref_axis',(3.1720657846433E-16,0.819152044288991,0.573576436351046));
#2033=DIRECTION('',(0.,-0.573576436351046,0.819152044288992));
#2034=DIRECTION('center_axis',(1.,0.,0.));
#2035=DIRECTION('ref_axis',(-1.48690583655155E-16,0.573576436351047,-0.819152044288991));
#2036=DIRECTION('',(0.,0.819152044288992,0.573576436351046));
#2037=DIRECTION('center_axis',(1.,0.,0.));
#2038=DIRECTION('ref_axis',(-2.97381167310309E-16,-0.819152044288991,-0.573576436351047));
#2039=DIRECTION('',(0.,0.573576436351046,-0.819152044288992));
#2040=DIRECTION('center_axis',(1.,0.,0.));
#2041=DIRECTION('ref_axis',(1.48690583655155E-16,-0.573576436351046,0.819152044288992));
#2042=DIRECTION('',(0.,-0.819152044288992,-0.573576436351046));
#2043=DIRECTION('',(0.,0.993889224021029,0.110382110755666));
#2044=DIRECTION('center_axis',(1.,0.,0.));
#2045=DIRECTION('ref_axis',(0.,-0.935637165767132,-0.352963304091586));
#2046=DIRECTION('',(0.,0.819152044288989,0.57357643635105));
#2047=DIRECTION('center_axis',(1.,0.,0.));
#2048=DIRECTION('ref_axis',(0.,0.651683769799546,0.758490780550333));
#2049=DIRECTION('',(0.,0.443655389793401,0.896197464349942));
#2050=DIRECTION('center_axis',(1.,0.,0.));
#2051=DIRECTION('ref_axis',(0.,0.573576436351039,-0.819152044288997));
#2052=DIRECTION('center_axis',(1.,0.,0.));
#2053=DIRECTION('ref_axis',(0.,0.819152044289004,0.573576436351029));
#2054=DIRECTION('',(1.,0.,0.));
#2055=DIRECTION('',(-1.,0.,0.));
#2056=DIRECTION('center_axis',(0.,-0.896197464349942,0.443655389793401));
#2057=DIRECTION('ref_axis',(0.,0.443655389793401,0.896197464349942));
#2058=DIRECTION('',(-1.,0.,0.));
#2059=DIRECTION('center_axis',(1.,0.,0.));
#2060=DIRECTION('ref_axis',(0.,-0.819152044288986,-0.573576436351054));
#2061=DIRECTION('',(1.,0.,0.));
#2062=DIRECTION('',(-1.,0.,0.));
#2063=DIRECTION('center_axis',(0.,-0.896197464349942,0.443655389793401));
#2064=DIRECTION('ref_axis',(0.,0.443655389793401,0.896197464349942));
#2065=DIRECTION('',(-1.,0.,0.));
#2066=DIRECTION('center_axis',(-1.,0.,0.));
#2067=DIRECTION('ref_axis',(0.,0.573576436351039,-0.819152044288997));
#2068=DIRECTION('',(-1.,0.,0.));
#2069=DIRECTION('',(1.,0.,0.));
#2070=DIRECTION('center_axis',(0.,-0.896197464349942,0.443655389793401));
#2071=DIRECTION('ref_axis',(0.,0.443655389793401,0.896197464349942));
#2072=DIRECTION('',(1.,0.,0.));
#2073=DIRECTION('center_axis',(-1.,0.,0.));
#2074=DIRECTION('ref_axis',(0.,-0.57357643635103,0.819152044289003));
#2075=DIRECTION('',(-1.,0.,0.));
#2076=DIRECTION('',(1.,0.,0.));
#2077=DIRECTION('center_axis',(0.,-0.896197464349942,0.443655389793401));
#2078=DIRECTION('ref_axis',(0.,0.443655389793401,0.896197464349942));
#2079=DIRECTION('',(1.,0.,0.));
#2080=DIRECTION('center_axis',(1.,0.,0.));
#2081=DIRECTION('ref_axis',(0.,0.651683769799546,0.758490780550333));
#2082=DIRECTION('',(-1.,0.,0.));
#2083=DIRECTION('center_axis',(1.,0.,0.));
#2084=DIRECTION('ref_axis',(0.,0.381365179966692,0.924424469336989));
#2085=DIRECTION('',(1.,3.71891785118265E-15,-5.19324989064012E-15));
#2086=DIRECTION('center_axis',(-1.,0.,0.));
#2087=DIRECTION('ref_axis',(0.,0.995955032531784,0.0898530643585004));
#2088=DIRECTION('',(1.,0.,0.));
#2089=DIRECTION('',(1.,3.71891785118265E-15,-5.19324989064012E-15));
#2090=DIRECTION('center_axis',(-1.,0.,0.));
#2091=DIRECTION('ref_axis',(0.,0.935637165767123,0.35296330409161));
#2092=DIRECTION('',(-1.,0.,0.));
#2093=DIRECTION('',(1.,0.,0.));
#2094=DIRECTION('center_axis',(0.,-0.110382110755666,0.993889224021029));
#2095=DIRECTION('ref_axis',(0.,0.993889224021029,0.110382110755666));
#2096=DIRECTION('center_axis',(-6.38714491258507E-15,0.573576436351049,
-0.81915204428899));
#2097=DIRECTION('ref_axis',(-6.76333949852547E-17,0.81915204428899,0.573576436351048));
#2098=DIRECTION('',(1.,3.71891785118265E-15,-5.19324989064012E-15));
#2099=DIRECTION('',(-6.76333949852547E-17,0.81915204428899,0.573576436351048));
#2100=DIRECTION('',(1.,3.71891785118265E-15,-5.19324989064012E-15));
#2101=DIRECTION('center_axis',(1.,0.,0.));
#2102=DIRECTION('ref_axis',(0.,-0.651683769799628,-0.758490780550262));
#2103=DIRECTION('',(-1.,0.,0.));
#2104=DIRECTION('center_axis',(-1.,0.,0.));
#2105=DIRECTION('ref_axis',(0.,0.0755239615800578,-0.997143987209096));
#2106=DIRECTION('',(1.,0.,0.));
#2107=DIRECTION('center_axis',(1.,0.,0.));
#2108=DIRECTION('ref_axis',(0.,-0.911178130477265,0.412012638810942));
#2109=DIRECTION('',(1.,0.,0.));
#2110=DIRECTION('',(-1.,0.,0.));
#2111=DIRECTION('center_axis',(0.,-0.110382110755666,0.993889224021029));
#2112=DIRECTION('ref_axis',(0.,0.993889224021029,0.110382110755666));
#2113=DIRECTION('center_axis',(-1.,0.,0.));
#2114=DIRECTION('ref_axis',(0.,-0.935637165767132,-0.352963304091586));
#2115=DIRECTION('',(-1.,0.,0.));
#2116=DIRECTION('',(1.,0.,0.));
#2117=DIRECTION('center_axis',(0.,-0.110382110755666,0.993889224021029));
#2118=DIRECTION('ref_axis',(0.,0.993889224021029,0.110382110755666));
#2119=DIRECTION('center_axis',(0.,-0.110382110755666,0.993889224021029));
#2120=DIRECTION('ref_axis',(0.,0.993889224021029,0.110382110755666));
#2121=DIRECTION('center_axis',(0.,0.573576436351025,-0.819152044289007));
#2122=DIRECTION('ref_axis',(0.,-0.819152044289007,-0.573576436351025));
#2123=DIRECTION('center_axis',(0.,-0.819152044289007,-0.573576436351025));
#2124=DIRECTION('ref_axis',(0.,-0.573576436351025,0.819152044289007));
#2125=DIRECTION('center_axis',(0.,-0.57357643635105,0.819152044288989));
#2126=DIRECTION('ref_axis',(0.,0.819152044288989,0.57357643635105));
#2127=DIRECTION('center_axis',(-1.45716771982052E-16,0.573576436351046,
-0.819152044288992));
#2128=DIRECTION('ref_axis',(-3.05311331771918E-16,-0.819152044288992,-0.573576436351046));
#2129=DIRECTION('',(-1.,0.,0.));
#2130=DIRECTION('',(-3.34271641197049E-16,-0.819152044288992,-0.573576436351046));
#2131=DIRECTION('',(1.,0.,0.));
#2132=DIRECTION('center_axis',(-1.,1.94289029309402E-16,3.05311331771918E-16));
#2133=DIRECTION('ref_axis',(-1.48690583655155E-16,0.573576436351047,-0.819152044288991));
#2134=DIRECTION('',(-1.,0.,0.));
#2135=DIRECTION('center_axis',(-1.,1.94289029309402E-16,3.05311331771918E-16));
#2136=DIRECTION('ref_axis',(-1.48690583655155E-16,0.573576436351047,-0.819152044288991));
#2137=DIRECTION('center_axis',(3.05311331771918E-16,0.819152044288992,0.573576436351046));
#2138=DIRECTION('ref_axis',(-1.52655665885959E-16,0.573576436351046,-0.819152044288992));
#2139=DIRECTION('',(-1.,0.,0.));
#2140=DIRECTION('',(-1.3865679251217E-16,0.573576436351046,-0.819152044288992));
#2141=DIRECTION('center_axis',(-1.,1.94289029309402E-16,3.05311331771918E-16));
#2142=DIRECTION('ref_axis',(3.1720657846433E-16,0.819152044288991,0.573576436351046));
#2143=DIRECTION('',(1.,0.,0.));
#2144=DIRECTION('center_axis',(-1.,1.94289029309402E-16,3.05311331771918E-16));
#2145=DIRECTION('ref_axis',(3.1720657846433E-16,0.819152044288991,0.573576436351046));
#2146=DIRECTION('center_axis',(6.38714491258507E-15,-0.573576436351049,
0.81915204428899));
#2147=DIRECTION('ref_axis',(6.76333949852547E-17,-0.81915204428899,-0.573576436351048));
#2148=DIRECTION('',(1.,3.71891785118265E-15,-5.19324989064012E-15));
#2149=DIRECTION('',(6.76333949852547E-17,-0.81915204428899,-0.573576436351048));
#2150=DIRECTION('',(1.,3.71891785118265E-15,-5.19324989064012E-15));
#2151=DIRECTION('center_axis',(6.76333949852547E-17,-0.81915204428899,-0.573576436351049));
#2152=DIRECTION('ref_axis',(-6.38714491258507E-15,0.573576436351048,-0.81915204428899));
#2153=DIRECTION('',(-6.38714491258507E-15,0.573576436351048,-0.81915204428899));
#2154=DIRECTION('center_axis',(0.,0.573576436351049,-0.81915204428899));
#2155=DIRECTION('ref_axis',(0.,0.81915204428899,0.573576436351048));
#2156=DIRECTION('center_axis',(6.38714491258507E-15,-0.573576436351049,
0.81915204428899));
#2157=DIRECTION('ref_axis',(-0.707106781186546,-0.579227965339572,-0.405579787672638));
#2158=DIRECTION('',(-6.76333949852547E-17,0.81915204428899,0.573576436351048));
#2159=DIRECTION('center_axis',(6.38714491258507E-15,-0.573576436351049,
0.81915204428899));
#2160=DIRECTION('ref_axis',(-0.707106781186546,0.579227965339567,0.405579787672645));
#2161=DIRECTION('',(1.,3.71891785118265E-15,-5.19324989064012E-15));
#2162=DIRECTION('',(1.,3.71891785118265E-15,-5.19324989064012E-15));
#2163=DIRECTION('center_axis',(0.,-0.573576436351049,0.81915204428899));
#2164=DIRECTION('ref_axis',(0.,-0.81915204428899,-0.573576436351048));
#2165=DIRECTION('center_axis',(-6.38714491258507E-15,0.573576436351049,
-0.81915204428899));
#2166=DIRECTION('ref_axis',(-0.707106781186546,-0.579227965339572,-0.405579787672638));
#2167=DIRECTION('',(1.,3.71891785118265E-15,-5.19324989064012E-15));
#2168=DIRECTION('',(1.,3.71891785118265E-15,-5.19324989064012E-15));
#2169=DIRECTION('center_axis',(-6.38714491258507E-15,0.573576436351049,
-0.81915204428899));
#2170=DIRECTION('ref_axis',(-0.707106781186546,0.579227965339567,0.405579787672645));
#2171=DIRECTION('',(6.76333949852547E-17,-0.81915204428899,-0.573576436351048));
#2172=DIRECTION('center_axis',(6.38714491258507E-15,-0.573576436351049,
0.81915204428899));
#2173=DIRECTION('ref_axis',(6.76333949852547E-17,-0.81915204428899,-0.573576436351048));
#2174=DIRECTION('',(1.,3.71891785118265E-15,-5.19324989064012E-15));
#2175=DIRECTION('',(6.76333949852547E-17,-0.81915204428899,-0.573576436351048));
#2176=DIRECTION('',(1.,3.71891785118265E-15,-5.19324989064012E-15));
#2177=DIRECTION('center_axis',(-6.38714491258507E-15,0.573576436351049,
-0.81915204428899));
#2178=DIRECTION('ref_axis',(-6.76333949852547E-17,0.81915204428899,0.573576436351048));
#2179=DIRECTION('',(1.,3.71891785118265E-15,-5.19324989064012E-15));
#2180=DIRECTION('',(-6.76333949852547E-17,0.81915204428899,0.573576436351048));
#2181=DIRECTION('',(1.,3.71891785118265E-15,-5.19324989064012E-15));
#2182=DIRECTION('center_axis',(1.,0.,0.));
#2183=DIRECTION('ref_axis',(0.,0.320465872117246,0.947260061866926));
#2184=DIRECTION('',(1.,0.,0.));
#2185=DIRECTION('center_axis',(1.,0.,0.));
#2186=DIRECTION('ref_axis',(0.,0.320465872117246,0.947260061866926));
#2187=DIRECTION('',(1.,0.,0.));
#2188=DIRECTION('center_axis',(1.,0.,0.));
#2189=DIRECTION('ref_axis',(0.,-0.815554814265701,-0.578679829377211));
#2190=DIRECTION('',(1.,0.,0.));
#2191=DIRECTION('center_axis',(-1.,-1.00317192905352E-16,-7.02428546843654E-17));
#2192=DIRECTION('ref_axis',(0.,-0.576893212064029,0.816819577308507));
#2193=DIRECTION('',(-1.,0.,0.));
#2194=DIRECTION('center_axis',(-1.,0.,0.));
#2195=DIRECTION('ref_axis',(0.,-0.576893212064029,0.816819577308507));
#2196=DIRECTION('center_axis',(1.,0.,0.));
#2197=DIRECTION('ref_axis',(0.,1.,0.));
#2198=DIRECTION('',(1.,0.,0.));
#2199=DIRECTION('',(1.,0.,0.));
#2200=DIRECTION('center_axis',(1.,0.,0.));
#2201=DIRECTION('ref_axis',(0.,0.576893212064032,-0.816819577308504));
#2202=DIRECTION('',(1.,0.,0.));
#2203=DIRECTION('center_axis',(1.,0.,0.));
#2204=DIRECTION('ref_axis',(0.,0.576893212064032,-0.816819577308504));
#2205=DIRECTION('',(1.,0.,0.));
#2206=DIRECTION('center_axis',(1.,1.00317192905352E-16,7.02428546843654E-17));
#2207=DIRECTION('ref_axis',(0.,0.576893212064032,-0.816819577308504));
#2208=DIRECTION('center_axis',(1.,0.,0.));
#2209=DIRECTION('ref_axis',(0.,1.,0.));
#2210=DIRECTION('center_axis',(-1.,0.,0.));
#2211=DIRECTION('ref_axis',(-6.76333949852547E-17,0.81915204428899,0.573576436351048));
#2212=DIRECTION('center_axis',(1.,0.,0.));
#2213=DIRECTION('ref_axis',(0.,1.,0.));
#2214=DIRECTION('center_axis',(-1.,0.,0.));
#2215=DIRECTION('ref_axis',(6.76333949852547E-17,-0.81915204428899,-0.573576436351048));
#2216=DIRECTION('center_axis',(1.,0.,0.));
#2217=DIRECTION('ref_axis',(5.39709400561547E-15,-0.133649694539262,0.991028636896816));
#2218=DIRECTION('center_axis',(-1.,0.,0.));
#2219=DIRECTION('ref_axis',(6.76333949852547E-17,-0.81915204428899,-0.573576436351048));
#2220=DIRECTION('center_axis',(-1.,0.,0.));
#2221=DIRECTION('ref_axis',(0.,-0.320465872117238,-0.947260061866929));
#2222=DIRECTION('center_axis',(1.,0.,0.));
#2223=DIRECTION('ref_axis',(0.,1.,0.));
#2224=DIRECTION('center_axis',(1.,0.,0.));
#2225=DIRECTION('ref_axis',(-5.49301313328213E-15,0.879681524844813,-0.475563260614931));
#2226=DIRECTION('center_axis',(-1.,0.,0.));
#2227=DIRECTION('ref_axis',(0.,-0.320465872117238,-0.947260061866929));
#2228=DIRECTION('center_axis',(-1.,0.,0.));
#2229=DIRECTION('ref_axis',(6.76333949852547E-17,-0.81915204428899,-0.573576436351048));
#2230=DIRECTION('center_axis',(1.,0.,0.));
#2231=DIRECTION('ref_axis',(0.,0.815554814265702,0.57867982937721));
#2232=DIRECTION('',(1.,0.,0.));
#2233=DIRECTION('center_axis',(-1.,-1.00317192905352E-16,-7.02428546843654E-17));
#2234=DIRECTION('ref_axis',(0.,-0.320465872117238,-0.947260061866929));
#2235=DIRECTION('',(-1.,0.,0.));
#2236=DIRECTION('center_axis',(-6.76333949852547E-17,0.81915204428899,0.573576436351049));
#2237=DIRECTION('ref_axis',(6.38714491258507E-15,-0.573576436351048,0.81915204428899));
#2238=DIRECTION('',(6.38714491258507E-15,-0.573576436351048,0.81915204428899));
#2239=DIRECTION('center_axis',(-1.,-1.00317192905352E-16,-7.02428546843654E-17));
#2240=DIRECTION('ref_axis',(-1.00317192905352E-16,0.342020143325668,0.939692620785909));
#2241=DIRECTION('center_axis',(-1.,-1.00317192905352E-16,-7.02428546843654E-17));
#2242=DIRECTION('ref_axis',(6.76333949852547E-17,-0.81915204428899,-0.573576436351048));
#2243=DIRECTION('center_axis',(1.,3.71891785118265E-15,-5.19324989064012E-15));
#2244=DIRECTION('ref_axis',(-1.07511756542189E-16,0.822717339928509,0.568450682628633));
#2245=DIRECTION('',(-1.,-3.71891785118265E-15,5.19324989064012E-15));
#2246=DIRECTION('center_axis',(1.,3.71891785118265E-15,-5.19324989064012E-15));
#2247=DIRECTION('ref_axis',(6.76333949852547E-17,-0.81915204428899,-0.573576436351048));
#2248=DIRECTION('center_axis',(1.,3.71891785118265E-15,-5.19324989064012E-15));
#2249=DIRECTION('ref_axis',(6.76333949852547E-17,-0.81915204428899,-0.573576436351048));
#2250=DIRECTION('',(1.,3.71891785118265E-15,-5.19324989064012E-15));
#2251=DIRECTION('center_axis',(1.,0.,0.));
#2252=DIRECTION('ref_axis',(0.,1.,0.));
#2253=DIRECTION('center_axis',(-1.,0.,0.));
#2254=DIRECTION('ref_axis',(-6.76333949852547E-17,0.81915204428899,0.573576436351048));
#2255=DIRECTION('center_axis',(0.,0.573576436351045,-0.819152044288993));
#2256=DIRECTION('ref_axis',(0.,0.819152044288993,0.573576436351045));
#2257=DIRECTION('',(1.,0.,0.));
#2258=DIRECTION('center_axis',(-1.,1.94289029309402E-16,3.05311331771918E-16));
#2259=DIRECTION('ref_axis',(3.13676025793066E-16,0.819152044288992,0.573576436351046));
#2260=DIRECTION('',(1.,-1.94289029309402E-16,-3.05311331771918E-16));
#2261=DIRECTION('center_axis',(1.,-1.94289029309402E-16,-3.05311331771918E-16));
#2262=DIRECTION('ref_axis',(3.13676025793066E-16,0.819152044288992,0.573576436351046));
#2263=DIRECTION('',(-1.,1.94289029309402E-16,3.05311331771918E-16));
#2264=DIRECTION('',(1.,0.,0.));
#2265=DIRECTION('center_axis',(1.,-1.94289029309402E-16,-3.05311331771918E-16));
#2266=DIRECTION('ref_axis',(3.13676025793066E-16,0.819152044288992,0.573576436351046));
#2267=DIRECTION('center_axis',(1.,-1.94289029309402E-16,-3.05311331771918E-16));
#2268=DIRECTION('ref_axis',(3.05311331771918E-16,0.819152044288992,0.573576436351046));
#2269=DIRECTION('center_axis',(-1.,1.94289029309402E-16,3.05311331771918E-16));
#2270=DIRECTION('ref_axis',(-2.97381167310309E-16,-0.819152044288991,-0.573576436351047));
#2271=DIRECTION('',(3.34271641197049E-16,0.819152044288992,0.573576436351046));
#2272=DIRECTION('center_axis',(-1.,1.94289029309402E-16,3.05311331771918E-16));
#2273=DIRECTION('ref_axis',(1.48690583655155E-16,-0.573576436351046,0.819152044288992));
#2274=DIRECTION('',(1.3865679251217E-16,-0.573576436351046,0.819152044288992));
#2275=DIRECTION('',(-3.22693845938154E-16,-0.860602188254046,-0.509277796072386));
#2276=DIRECTION('center_axis',(1.,-1.94289029309402E-16,-3.05311331771918E-16));
#2277=DIRECTION('ref_axis',(3.08395284618099E-16,0.819152044288992,0.573576436351046));
#2278=DIRECTION('',(3.43250488397312E-16,0.776482851019702,0.630138383271734));
#2279=DIRECTION('center_axis',(-1.17961196366423E-16,0.630138383271734,
-0.776482851019702));
#2280=DIRECTION('ref_axis',(-3.33066907387547E-16,-0.776482851019702,-0.630138383271734));
#2281=DIRECTION('',(-1.,1.94289029309402E-16,3.05311331771918E-16));
#2282=DIRECTION('center_axis',(1.52655665885959E-16,-0.573576436351046,
0.819152044288992));
#2283=DIRECTION('ref_axis',(3.05311331771918E-16,0.819152044288992,0.573576436351046));
#2284=DIRECTION('',(1.,0.,0.));
#2285=DIRECTION('center_axis',(1.,0.,0.));
#2286=DIRECTION('ref_axis',(0.,-0.818540574304979,-0.574448716785472));
#2287=DIRECTION('',(1.,0.,0.));
#2288=DIRECTION('center_axis',(0.,-0.573576729889566,0.819151838751029));
#2289=DIRECTION('ref_axis',(0.,-0.819151838751029,-0.573576729889565));
#2290=DIRECTION('center_axis',(-1.,1.94289029309402E-16,3.05311331771918E-16));
#2291=DIRECTION('ref_axis',(-2.97381167310309E-16,-0.819152044288991,-0.573576436351047));
#2292=DIRECTION('',(-1.,1.94289029309402E-16,3.05311331771918E-16));
#2293=DIRECTION('center_axis',(-1.,1.94289029309402E-16,3.05311331771918E-16));
#2294=DIRECTION('ref_axis',(3.08395284618099E-16,0.819152044288992,0.573576436351046));
#2295=DIRECTION('',(-1.,1.94289029309402E-16,3.05311331771918E-16));
#2296=DIRECTION('center_axis',(1.80411241501588E-16,-0.509277796072386,
0.860602188254046));
#2297=DIRECTION('ref_axis',(2.91433543964104E-16,0.860602188254046,0.509277796072386));
#2298=DIRECTION('center_axis',(-1.,1.94289029309402E-16,3.05311331771918E-16));
#2299=DIRECTION('ref_axis',(3.18032637262414E-16,0.819152044288992,0.573576436351046));
#2300=DIRECTION('',(-1.,1.94289029309402E-16,3.05311331771918E-16));
#2301=DIRECTION('center_axis',(-1.,1.94289029309402E-16,3.05311331771918E-16));
#2302=DIRECTION('ref_axis',(3.18032637262415E-16,0.819152044288992,0.573576436351046));
#2303=DIRECTION('',(-1.,1.94289029309402E-16,3.05311331771918E-16));
#2304=DIRECTION('center_axis',(-1.,1.94289029309402E-16,3.05311331771918E-16));
#2305=DIRECTION('ref_axis',(3.18032637262415E-16,0.819152044288992,0.573576436351046));
#2306=DIRECTION('',(-1.,1.94289029309402E-16,3.05311331771918E-16));
#2307=DIRECTION('center_axis',(-3.05311331771918E-16,-0.819152044288992,
-0.573576436351046));
#2308=DIRECTION('ref_axis',(1.52655665885959E-16,-0.573576436351046,0.819152044288992));
#2309=DIRECTION('',(1.,0.,0.));
#2310=DIRECTION('center_axis',(-1.,1.94289029309402E-16,3.05311331771918E-16));
#2311=DIRECTION('ref_axis',(1.48690583655155E-16,-0.573576436351046,0.819152044288992));
#2312=DIRECTION('center_axis',(-1.,-1.00317192905352E-16,-7.02428546843654E-17));
#2313=DIRECTION('ref_axis',(-1.00317192905352E-16,0.342020143325668,0.939692620785909));
#2314=DIRECTION('center_axis',(1.,1.00317192905352E-16,7.02428546843654E-17));
#2315=DIRECTION('ref_axis',(-5.49301313328213E-15,0.879681524844813,-0.475563260614931));
#2316=DIRECTION('center_axis',(-1.,-1.00317192905352E-16,-7.02428546843654E-17));
#2317=DIRECTION('ref_axis',(6.76333949852547E-17,-0.81915204428899,-0.573576436351048));
#2318=DIRECTION('center_axis',(-1.,-3.71891785118265E-15,5.19324989064012E-15));
#2319=DIRECTION('ref_axis',(5.39709400561547E-15,-0.133649694539262,0.991028636896816));
#2320=DIRECTION('',(1.,3.71891785118265E-15,-5.19324989064012E-15));
#2321=DIRECTION('center_axis',(-1.,-3.71891785118265E-15,5.19324989064012E-15));
#2322=DIRECTION('ref_axis',(5.39709400561547E-15,-0.133649694539262,0.991028636896816));
#2323=DIRECTION('center_axis',(1.,3.71891785118265E-15,-5.19324989064012E-15));
#2324=DIRECTION('ref_axis',(6.76333949852547E-17,-0.81915204428899,-0.573576436351048));
#2325=DIRECTION('',(-1.,-1.00317192905352E-16,-7.02428546843654E-17));
#2326=DIRECTION('center_axis',(1.,3.71891785118265E-15,-5.19324989064012E-15));
#2327=DIRECTION('ref_axis',(6.76333949852547E-17,-0.81915204428899,-0.573576436351048));
#2328=DIRECTION('center_axis',(1.,3.71891785118265E-15,-5.19324989064012E-15));
#2329=DIRECTION('ref_axis',(-5.49301313328213E-15,0.879681524844813,-0.475563260614931));
#2330=DIRECTION('center_axis',(-1.,-3.71891785118265E-15,5.19324989064012E-15));
#2331=DIRECTION('ref_axis',(-5.49301313328213E-15,0.879681524844813,-0.475563260614931));
#2332=DIRECTION('center_axis',(-6.38714491258507E-15,0.573576436351049,
-0.81915204428899));
#2333=DIRECTION('ref_axis',(-0.707106781186546,0.579227965339567,0.405579787672645));
#2334=DIRECTION('',(-6.38714491258507E-15,0.573576436351048,-0.81915204428899));
#2335=DIRECTION('',(6.38714491258507E-15,-0.573576436351048,0.81915204428899));
#2336=DIRECTION('',(-6.38714491258507E-15,0.573576436351048,-0.81915204428899));
#2337=DIRECTION('center_axis',(-1.,-3.71891785118265E-15,5.19324989064012E-15));
#2338=DIRECTION('ref_axis',(6.76333949852547E-17,-0.81915204428899,-0.573576436351048));
#2339=DIRECTION('',(6.38714491258507E-15,-0.573576436351048,0.81915204428899));
#2340=DIRECTION('center_axis',(6.38714491258507E-15,-0.573576436351049,
0.81915204428899));
#2341=DIRECTION('ref_axis',(-0.707106781186546,-0.579227965339572,-0.405579787672638));
#2342=DIRECTION('',(-6.38714491258507E-15,0.573576436351048,-0.81915204428899));
#2343=DIRECTION('center_axis',(-6.76333949852547E-17,0.81915204428899,0.573576436351049));
#2344=DIRECTION('ref_axis',(6.38714491258507E-15,-0.573576436351048,0.81915204428899));
#2345=DIRECTION('',(6.38714491258507E-15,-0.573576436351048,0.81915204428899));
#2346=DIRECTION('center_axis',(6.76333949852547E-17,-0.81915204428899,-0.573576436351049));
#2347=DIRECTION('ref_axis',(-6.38714491258507E-15,0.573576436351048,-0.81915204428899));
#2348=DIRECTION('',(-6.38714491258507E-15,0.573576436351048,-0.81915204428899));
#2349=DIRECTION('center_axis',(-1.,-3.55971840967781E-15,4.96588952558052E-15));
#2350=DIRECTION('ref_axis',(-6.76333949852547E-17,0.81915204428899,0.573576436351048));
#2351=DIRECTION('center_axis',(-1.,-3.71891785118265E-15,5.19324989064012E-15));
#2352=DIRECTION('ref_axis',(-6.76333949852547E-17,0.81915204428899,0.573576436351048));
#2353=DIRECTION('',(-1.,-3.55971840967781E-15,4.96588952558052E-15));
#2354=DIRECTION('center_axis',(-1.,-3.55971840967781E-15,4.96588952558052E-15));
#2355=DIRECTION('ref_axis',(-6.76333949852547E-17,0.81915204428899,0.573576436351048));
#2356=DIRECTION('center_axis',(-1.,-3.71891785118265E-15,5.19324989064012E-15));
#2357=DIRECTION('ref_axis',(-6.76333949852547E-17,0.81915204428899,0.573576436351048));
#2358=DIRECTION('',(-1.,-3.55971840967781E-15,4.96588952558052E-15));
#2359=DIRECTION('center_axis',(1.,3.71891785118265E-15,-5.19324989064012E-15));
#2360=DIRECTION('ref_axis',(6.76333949852547E-17,-0.81915204428899,-0.573576436351048));
#2361=DIRECTION('center_axis',(1.,3.71891785118265E-15,-5.19324989064012E-15));
#2362=DIRECTION('ref_axis',(6.76333949852547E-17,-0.81915204428899,-0.573576436351048));
#2363=CARTESIAN_POINT('',(0.,0.,0.));
#2364=CARTESIAN_POINT('Origin',(-5.3,103.455220071507,96.2834745033779));
#2365=CARTESIAN_POINT('',(-5.3,62.9231222088817,84.3830160462945));
#2366=CARTESIAN_POINT('',(-5.3,128.478015958421,130.285081825026));
#2367=CARTESIAN_POINT('',(-5.3,62.9231222088817,84.3830160462945));
#2368=CARTESIAN_POINT('',(-5.3,143.964583702669,108.167979403986));
#2369=CARTESIAN_POINT('Origin',(-5.3,136.22130181193,119.226532001887));
#2370=CARTESIAN_POINT('',(-5.3,78.4332298885849,62.2824314742765));
#2371=CARTESIAN_POINT('',(-5.3,78.4310176677065,62.2808824605412));
#2372=CARTESIAN_POINT('Origin',(-5.3,70.6891383310836,73.3404170048686));
#2373=CARTESIAN_POINT('',(-5.3,81.5620479282484,93.1228166067211));
#2374=CARTESIAN_POINT('Origin',(-5.3,80.6370479282484,93.1228166067211));
#2375=CARTESIAN_POINT('',(-5.3,99.1122863287372,80.4243863968866));
#2376=CARTESIAN_POINT('',(-5.3,119.045297570101,94.3816311273076));
#2377=CARTESIAN_POINT('',(-5.3,117.145557381834,93.0514187268435));
#2378=CARTESIAN_POINT('',(-5.3,118.361339022994,96.1946723956176));
#2379=CARTESIAN_POINT('Origin',(-5.3,118.47172113375,95.2007831715966));
#2380=CARTESIAN_POINT('',(-5.3,104.580058856312,94.6641126944477));
#2381=CARTESIAN_POINT('',(-5.3,81.4647183449398,92.0969049867734));
#2382=CARTESIAN_POINT('',(-5.3,103.794243502718,94.1138788602201));
#2383=CARTESIAN_POINT('Origin',(-5.3,104.690440967068,93.6702234704267));
#2384=CARTESIAN_POINT('',(-5.3,97.6425124280362,81.687193830969));
#2385=CARTESIAN_POINT('',(-5.3,94.6885379754262,75.7200750376721));
#2386=CARTESIAN_POINT('Origin',(-5.3,98.5387098923862,81.2435384411756));
#2387=CARTESIAN_POINT('',(-5.3,107.000200970005,111.583811827751));
#2388=CARTESIAN_POINT('',(-5.3,87.0671897286422,97.6265670973295));
#2389=CARTESIAN_POINT('',(-5.3,89.3659106112213,99.2361487875515));
#2390=CARTESIAN_POINT('',(-5.3,87.7511482757489,95.8135258290195));
#2391=CARTESIAN_POINT('Origin',(-5.3,87.6407661649932,96.8074150530405));
#2392=CARTESIAN_POINT('',(-5.3,101.53242844243,97.3440855301892));
#2393=CARTESIAN_POINT('',(-5.3,81.1335720126728,95.0785726588365));
#2394=CARTESIAN_POINT('',(-5.3,102.318243796024,97.8943193644168));
#2395=CARTESIAN_POINT('Origin',(-5.3,101.422046331674,98.3379747542102));
#2396=CARTESIAN_POINT('',(-5.3,108.469974870706,110.321004393668));
#2397=CARTESIAN_POINT('',(-5.3,91.9999455823763,77.0510412070523));
#2398=CARTESIAN_POINT('Origin',(-5.3,107.573777406356,110.764659783462));
#2399=CARTESIAN_POINT('',(-5.3,133.003685827109,113.841660590168));
#2400=CARTESIAN_POINT('',(-5.3,129.820954390783,118.327201322084));
#2401=CARTESIAN_POINT('Origin',(-5.3,131.407410723959,116.080947484486));
#2402=CARTESIAN_POINT('',(-5.3,134.62535900989,114.081013643429));
#2403=CARTESIAN_POINT('Origin',(-5.3,134.048520440079,112.375945532069));
#2404=CARTESIAN_POINT('',(-5.3,130.582450068662,119.778834240019));
#2405=CARTESIAN_POINT('Origin',(-5.3,136.532130948988,119.717211011537));
#2406=CARTESIAN_POINT('Origin',(-5.3,128.782546609068,119.79747656124));
#2407=CARTESIAN_POINT('',(-5.30000000000001,77.157652907942,77.8724997114116));
#2408=CARTESIAN_POINT('Origin',(-5.30000000000001,77.8948897478021,78.3887185041276));
#2409=CARTESIAN_POINT('',(-5.30000000000001,79.2055330186645,79.3064408022892));
#2410=CARTESIAN_POINT('Origin',(-5.30000000000001,79.9427698585246,79.8226595950052));
#2411=CARTESIAN_POINT('',(-5.30000000000001,74.7281880475534,76.1752871046924));
#2412=CARTESIAN_POINT('Origin',(-5.30000000000001,75.4654248874135,76.6915058974084));
#2413=CARTESIAN_POINT('',(-5.30000000000002,67.5369063719542,71.1905927856762));
#2414=CARTESIAN_POINT('Origin',(-5.30000000000002,70.526811333609,73.2841467783575));
#2415=CARTESIAN_POINT('',(-5.3,93.1118557562722,79.2971337855612));
#2416=CARTESIAN_POINT('',(-5.3,99.6829262169091,92.5708972072788));
#2417=CARTESIAN_POINT('',(-5.3,91.9999455823763,77.0510412070523));
#2418=CARTESIAN_POINT('',(-5.3,98.6763466418034,94.0084418210933));
#2419=CARTESIAN_POINT('Origin',(-5.3,98.7867287525591,93.0145525970722));
#2420=CARTESIAN_POINT('',(-5.3,83.9556506436076,92.3735498665358));
#2421=CARTESIAN_POINT('',(-5.3,81.4647183449398,92.0969049867734));
#2422=CARTESIAN_POINT('',(-5.3,83.2468807100742,90.8060842061637));
#2423=CARTESIAN_POINT('Origin',(-5.3,84.0660327543632,91.3796606425148));
#2424=CARTESIAN_POINT('',(-5.3,91.3965062476333,79.1672127390035));
#2425=CARTESIAN_POINT('',(-5.3,90.3329654927888,80.6861063481237));
#2426=CARTESIAN_POINT('Origin',(-5.3,92.2156582919223,79.7407891753546));
#2427=CARTESIAN_POINT('',(-5.3,122.319325839735,101.623604616558));
#2428=CARTESIAN_POINT('',(-5.3,114.862829123932,112.272579297898));
#2429=CARTESIAN_POINT('',(-5.3,116.742564471276,109.588078686416));
#2430=CARTESIAN_POINT('',(-5.3,112.307485528419,111.310888278688));
#2431=CARTESIAN_POINT('Origin',(-5.3,114.099880457119,110.423577499101));
#2432=CARTESIAN_POINT('',(-5.3,106.429561081833,99.4373010173581));
#2433=CARTESIAN_POINT('',(-5.3,94.6885379754262,75.7200750376721));
#2434=CARTESIAN_POINT('',(-5.3,107.436140656938,97.9997564035437));
#2435=CARTESIAN_POINT('Origin',(-5.3,107.325758546183,98.9936456275647));
#2436=CARTESIAN_POINT('',(-5.3,120.547958757174,99.4559651265771));
#2437=CARTESIAN_POINT('',(-5.3,81.1335720126728,95.0785726588365));
#2438=CARTESIAN_POINT('Origin',(-5.3,120.327194535663,101.443743574619));
#2439=CARTESIAN_POINT('',(-5.3,127.362047928248,99.9228166067211));
#2440=CARTESIAN_POINT('Origin',(-5.3,126.437047928248,99.9228166067211));
#2441=CARTESIAN_POINT('Origin',(-3.00002906167652,77.0757375997468,77.8151420860733));
#2442=CARTESIAN_POINT('',(-3.00002906167652,68.6679473779448,76.4253447654848));
#2443=CARTESIAN_POINT('',(-3.00002906167651,82.4004019150416,84.5517872458429));
#2444=CARTESIAN_POINT('',(-3.00002906167652,72.0860680351401,78.4480830047838));
#2445=CARTESIAN_POINT('',(-3.00002906167652,72.8542989515986,70.4725099973871));
#2446=CARTESIAN_POINT('Origin',(-3.00002906167652,70.526811333609,73.2841467783575));
#2447=CARTESIAN_POINT('',(-3.00002906167652,85.0804283430761,80.3943690549301));
#2448=CARTESIAN_POINT('',(-3.00002906167652,82.0363146791364,77.9239824132016));
#2449=CARTESIAN_POINT('Origin',(-3.00002906167652,83.6608644603208,82.4217968299142));
#2450=CARTESIAN_POINT('',(-3.00002906167652,79.2055330186645,79.3064408022892));
#2451=CARTESIAN_POINT('Origin',(-3.00002906167652,79.9427698585246,79.8226595950052));
#2452=CARTESIAN_POINT('',(-3.00002906167652,77.157652907942,77.8724997114116));
#2453=CARTESIAN_POINT('Origin',(-3.00002906167652,77.8948897478021,78.3887185041276));
#2454=CARTESIAN_POINT('',(-3.00002906167652,74.7281880475534,76.1752871046924));
#2455=CARTESIAN_POINT('Origin',(-3.00002906167652,75.4654248874135,76.6915058974084));
#2456=CARTESIAN_POINT('Origin',(-2.02210196369975,80.6370479282484,93.1228166067211));
#2457=CARTESIAN_POINT('',(-2.3,81.5620479282484,93.1228166067211));
#2458=CARTESIAN_POINT('Origin',(-2.3,80.6370479282484,93.1228166067211));
#2459=CARTESIAN_POINT('',(-1.74420392739951,80.6370479282484,93.1228166067211));
#2460=CARTESIAN_POINT('',(-2.02210196369975,81.0995479282484,93.1228166067211));
#2461=CARTESIAN_POINT('Origin',(-4.8,80.6370479282484,93.1228166067211));
#2462=CARTESIAN_POINT('',(-4.8,81.5620479282484,93.1228166067211));
#2463=CARTESIAN_POINT('Origin',(-2.02210196369975,126.437047928248,99.9228166067211));
#2464=CARTESIAN_POINT('',(-2.3,127.362047928248,99.9228166067211));
#2465=CARTESIAN_POINT('Origin',(-2.3,126.437047928248,99.9228166067211));
#2466=CARTESIAN_POINT('',(-1.74420392739951,126.437047928248,99.9228166067211));
#2467=CARTESIAN_POINT('',(-2.02210196369975,126.899547928248,99.9228166067211));
#2468=CARTESIAN_POINT('Origin',(-4.8,126.437047928248,99.9228166067211));
#2469=CARTESIAN_POINT('',(-4.8,127.362047928248,99.9228166067211));
#2470=CARTESIAN_POINT('Origin',(11.9221019636998,130.023222720836,126.966251414589));
#2471=CARTESIAN_POINT('',(12.2,129.098222720836,126.966251414589));
#2472=CARTESIAN_POINT('Origin',(12.2,130.023222720836,126.966251414589));
#2473=CARTESIAN_POINT('',(11.6442039273995,130.023222720836,126.966251414589));
#2474=CARTESIAN_POINT('',(11.9221019636998,129.560722720836,126.966251414589));
#2475=CARTESIAN_POINT('Origin',(14.7,130.023222720836,126.966251414589));
#2476=CARTESIAN_POINT('',(14.6,129.098222720836,126.966251414589));
#2477=CARTESIAN_POINT('Origin',(14.6,130.023222720836,126.966251414589));
#2478=CARTESIAN_POINT('',(14.7,129.098222720836,126.966251414589));
#2479=CARTESIAN_POINT('Origin',(11.9221019636998,70.1796871323387,63.7554414274933));
#2480=CARTESIAN_POINT('',(12.2,69.2546871323387,63.7554414274933));
#2481=CARTESIAN_POINT('Origin',(12.2,70.1796871323387,63.7554414274933));
#2482=CARTESIAN_POINT('',(11.6442039273995,70.1796871323387,63.7554414274933));
#2483=CARTESIAN_POINT('',(11.9221019636998,69.7171871323387,63.7554414274933));
#2484=CARTESIAN_POINT('Origin',(14.7,70.1796871323387,63.7554414274933));
#2485=CARTESIAN_POINT('',(14.5427727653839,69.2546871323387,63.7554414274933));
#2486=CARTESIAN_POINT('Origin',(14.5387311310232,70.1796871323387,63.7554414274933));
#2487=CARTESIAN_POINT('',(14.7,69.2546871323387,63.7554414274933));
#2488=CARTESIAN_POINT('Origin',(14.6,130.000001937151,127.000001892447));
#2489=CARTESIAN_POINT('',(14.6,127.500001937151,127.000001892447));
#2490=CARTESIAN_POINT('Origin',(14.6,130.000001937151,127.000001892447));
#2491=CARTESIAN_POINT('Origin',(14.5371913517957,70.2034441128401,63.8126715857259));
#2492=CARTESIAN_POINT('',(14.5481111468482,67.703467965091,63.8128085592498));
#2493=CARTESIAN_POINT('Origin',(14.5371913517957,70.2034441128401,63.8126715857259));
#2494=CARTESIAN_POINT('Origin',(17.136348500393,70.2148006996947,63.8778877250693));
#2495=CARTESIAN_POINT('',(-1.3,67.6342222671856,63.4151594115479));
#2496=CARTESIAN_POINT('Origin',(-1.3,70.1342461271713,63.4152964294894));
#2497=CARTESIAN_POINT('',(17.1472682954455,67.7148245519456,63.8780246985932));
#2498=CARTESIAN_POINT('Origin',(17.2,130.000001937151,127.000001892447));
#2499=CARTESIAN_POINT('',(-1.3,127.500001937151,127.000001892447));
#2500=CARTESIAN_POINT('Origin',(-1.3,130.000001937151,127.000001892447));
#2501=CARTESIAN_POINT('',(17.2,127.500001937151,127.000001892447));
#2502=CARTESIAN_POINT('Origin',(-1.3,100.576861016876,95.0627494149474));
#2503=CARTESIAN_POINT('',(-1.3,143.964583702669,108.167979403986));
#2504=CARTESIAN_POINT('',(-1.3,128.478015958421,130.285081825026));
#2505=CARTESIAN_POINT('Origin',(-1.3,136.22130181193,119.226532001887));
#2506=CARTESIAN_POINT('',(-1.3,62.9231222088817,84.3830160462945));
#2507=CARTESIAN_POINT('',(-1.3,110.842499046054,117.936550524736));
#2508=CARTESIAN_POINT('',(-1.3,78.4332298885849,62.2824314742765));
#2509=CARTESIAN_POINT('Origin',(-1.3,70.6891383310836,73.3404170048686));
#2510=CARTESIAN_POINT('',(-1.3,93.5633853626862,72.876680391527));
#2511=CARTESIAN_POINT('',(-1.3,122.319325839735,101.623604616558));
#2512=CARTESIAN_POINT('',(-1.3,120.547958757174,99.4559651265771));
#2513=CARTESIAN_POINT('Origin',(-1.3,120.327194535663,101.443743574619));
#2514=CARTESIAN_POINT('',(-1.3,107.436140656938,97.9997564035437));
#2515=CARTESIAN_POINT('',(-1.3,81.1335720126728,95.0785726588365));
#2516=CARTESIAN_POINT('',(-1.3,106.429561081833,99.4373010173581));
#2517=CARTESIAN_POINT('Origin',(-1.3,107.325758546183,98.9936456275647));
#2518=CARTESIAN_POINT('',(-1.3,112.307485528419,111.310888278688));
#2519=CARTESIAN_POINT('',(-1.3,94.6885379754262,75.7200750376721));
#2520=CARTESIAN_POINT('',(-1.3,114.862829123932,112.272579297898));
#2521=CARTESIAN_POINT('Origin',(-1.3,114.099880457119,110.423577499101));
#2522=CARTESIAN_POINT('',(-1.3,118.958608048984,115.14047457606));
#2523=CARTESIAN_POINT('',(-1.3,126.415230743276,120.361657996189));
#2524=CARTESIAN_POINT('',(-1.3,137.799105348376,128.332732808714));
#2525=CARTESIAN_POINT('',(-1.3,117.494965458013,114.115621000617));
#2526=CARTESIAN_POINT('',(-1.3,141.894865630853,131.200615033204));
#2527=CARTESIAN_POINT('',(-1.3,117.494965458013,114.115621000617));
#2528=CARTESIAN_POINT('',(-1.3,149.351359414527,120.551638298765));
#2529=CARTESIAN_POINT('',(-1.3,147.316130247304,123.458246777198));
#2530=CARTESIAN_POINT('',(-1.3,145.25559913205,117.683756074275));
#2531=CARTESIAN_POINT('',(-1.3,115.531210591991,96.8705151498508));
#2532=CARTESIAN_POINT('',(-1.3,126.415101832658,104.491497841621));
#2533=CARTESIAN_POINT('',(-1.3,115.531210591991,96.8705151498508));
#2534=CARTESIAN_POINT('',(-1.3,115.531210591991,96.8705151498508));
#2535=CARTESIAN_POINT('',(-1.3,91.3965062476333,79.1672127390035));
#2536=CARTESIAN_POINT('',(-1.3,83.2468807100742,90.8060842061637));
#2537=CARTESIAN_POINT('',(-1.3,90.1462665126347,80.9527401244916));
#2538=CARTESIAN_POINT('',(-1.3,83.9556506436076,92.3735498665358));
#2539=CARTESIAN_POINT('Origin',(-1.3,84.0660327543632,91.3796606425148));
#2540=CARTESIAN_POINT('',(-1.3,98.6763466418034,94.0084418210933));
#2541=CARTESIAN_POINT('',(-1.3,81.4647183449398,92.0969049867734));
#2542=CARTESIAN_POINT('',(-1.3,99.6829262169091,92.5708972072788));
#2543=CARTESIAN_POINT('Origin',(-1.3,98.7867287525591,93.0145525970722));
#2544=CARTESIAN_POINT('',(-1.3,93.1118557562722,79.2971337855612));
#2545=CARTESIAN_POINT('',(-1.3,91.9999455823763,77.0510412070523));
#2546=CARTESIAN_POINT('Origin',(-1.3,92.2156582919223,79.7407891753546));
#2547=CARTESIAN_POINT('',(-1.3,97.6425124280362,81.687193830969));
#2548=CARTESIAN_POINT('',(-1.3,103.794243502718,94.1138788602201));
#2549=CARTESIAN_POINT('',(-1.3,94.6885379754262,75.7200750376721));
#2550=CARTESIAN_POINT('',(-1.3,104.580058856312,94.6641126944477));
#2551=CARTESIAN_POINT('Origin',(-1.3,104.690440967068,93.6702234704267));
#2552=CARTESIAN_POINT('',(-1.3,118.361339022994,96.1946723956176));
#2553=CARTESIAN_POINT('',(-1.3,81.4647183449398,92.0969049867734));
#2554=CARTESIAN_POINT('',(-1.3,119.045297570101,94.3816311273076));
#2555=CARTESIAN_POINT('Origin',(-1.3,118.47172113375,95.2007831715966));
#2556=CARTESIAN_POINT('',(-1.3,99.1122863287372,80.4243863968866));
#2557=CARTESIAN_POINT('',(-1.3,115.893076834673,92.1744224062603));
#2558=CARTESIAN_POINT('Origin',(-1.3,98.5387098923862,81.2435384411756));
#2559=CARTESIAN_POINT('',(-1.3,86.4547734988326,86.2135756068949));
#2560=CARTESIAN_POINT('',(-1.3,81.5802238165925,87.0730902346777));
#2561=CARTESIAN_POINT('Origin',(-1.30000000000001,83.5877413438211,84.2060580796662));
#2562=CARTESIAN_POINT('',(-1.3,88.1755028078857,83.7561194740279));
#2563=CARTESIAN_POINT('',(-1.3,86.6989099472291,85.8649126247443));
#2564=CARTESIAN_POINT('',(-1.3,87.3159881801029,78.8815697917878));
#2565=CARTESIAN_POINT('Origin',(-1.30000000000001,85.3084706528743,81.7486019467992));
#2566=CARTESIAN_POINT('',(-1.3,72.5712513829011,68.5571939374689));
#2567=CARTESIAN_POINT('',(-1.3,95.5664115682341,84.6585784415789));
#2568=CARTESIAN_POINT('',(-1.3,67.6967017006609,69.4167085652518));
#2569=CARTESIAN_POINT('Origin',(-1.30000000000001,70.5637338556724,71.4242260924804));
#2570=CARTESIAN_POINT('',(-1.3,65.9759723916078,71.8741646981187));
#2571=CARTESIAN_POINT('',(-1.3,67.0804734945309,70.2967736495347));
#2572=CARTESIAN_POINT('',(-1.3,66.8354870193906,76.7487143803588));
#2573=CARTESIAN_POINT('Origin',(-1.30000000000001,68.8430045466193,73.8816822253474));
#2574=CARTESIAN_POINT('',(-1.3,82.4582788061227,87.6879109573094));
#2575=CARTESIAN_POINT('',(-1.3,87.7511482757489,95.8135258290195));
#2576=CARTESIAN_POINT('',(-1.3,101.53242844243,97.3440855301892));
#2577=CARTESIAN_POINT('',(-1.3,81.1335720126728,95.0785726588365));
#2578=CARTESIAN_POINT('',(-1.3,87.0671897286421,97.6265670973295));
#2579=CARTESIAN_POINT('Origin',(-1.3,87.6407661649932,96.8074150530405));
#2580=CARTESIAN_POINT('',(-1.3,107.000200970005,111.583811827751));
#2581=CARTESIAN_POINT('',(-1.3,88.1134300640602,98.3591524669683));
#2582=CARTESIAN_POINT('',(-1.3,108.469974870706,110.321004393668));
#2583=CARTESIAN_POINT('Origin',(-1.3,107.573777406356,110.764659783462));
#2584=CARTESIAN_POINT('',(-1.3,102.318243796024,97.8943193644168));
#2585=CARTESIAN_POINT('',(-1.3,91.9999455823763,77.0510412070523));
#2586=CARTESIAN_POINT('Origin',(-1.3,101.422046331674,98.3379747542102));
#2587=CARTESIAN_POINT('Origin',(-1.3,98.7867287525591,93.0145525970722));
#2588=CARTESIAN_POINT('',(-1.3,99.6829262169091,92.5708972072788));
#2589=CARTESIAN_POINT('',(-1.3,98.6763466418034,94.0084418210933));
#2590=CARTESIAN_POINT('Origin',(-1.3,91.9999455823763,77.0510412070523));
#2591=CARTESIAN_POINT('',(-1.3,93.1118557562722,79.2971337855612));
#2592=CARTESIAN_POINT('Origin',(-1.3,107.325758546183,98.9936456275647));
#2593=CARTESIAN_POINT('',(-1.3,106.429561081833,99.4373010173581));
#2594=CARTESIAN_POINT('',(-1.3,107.436140656938,97.9997564035436));
#2595=CARTESIAN_POINT('Origin',(-1.3,94.6885379754262,75.7200750376721));
#2596=CARTESIAN_POINT('',(-1.3,112.307485528419,111.310888278688));
#2597=CARTESIAN_POINT('Origin',(-1.3,101.422046331674,98.3379747542102));
#2598=CARTESIAN_POINT('',(-1.3,102.318243796024,97.8943193644168));
#2599=CARTESIAN_POINT('',(-1.3,101.53242844243,97.3440855301892));
#2600=CARTESIAN_POINT('Origin',(-1.3,91.9999455823763,77.0510412070523));
#2601=CARTESIAN_POINT('',(-1.3,108.469974870706,110.321004393668));
#2602=CARTESIAN_POINT('Origin',(-1.3,104.690440967068,93.6702234704267));
#2603=CARTESIAN_POINT('',(-1.3,103.794243502718,94.1138788602201));
#2604=CARTESIAN_POINT('',(-1.3,104.580058856312,94.6641126944477));
#2605=CARTESIAN_POINT('Origin',(-1.3,94.6885379754262,75.7200750376721));
#2606=CARTESIAN_POINT('',(-1.3,97.6425124280362,81.687193830969));
#2607=CARTESIAN_POINT('Origin',(-1.3,107.573777406356,110.764659783462));
#2608=CARTESIAN_POINT('',(-1.3,107.000200970005,111.583811827751));
#2609=CARTESIAN_POINT('Origin',(-1.3,114.099880457119,110.423577499101));
#2610=CARTESIAN_POINT('',(-5.28251969850392,114.862847766508,112.27259235157));
#2611=CARTESIAN_POINT('Origin',(-1.3,120.327194535663,101.443743574619));
#2612=CARTESIAN_POINT('',(-1.3,120.547958757174,99.4559651265771));
#2613=CARTESIAN_POINT('',(-5.282519698504,122.319341550182,101.623615617131));
#2614=CARTESIAN_POINT('Origin',(-1.3,118.47172113375,95.2007831715966));
#2615=CARTESIAN_POINT('',(-1.3,118.361339022994,96.1946723956176));
#2616=CARTESIAN_POINT('',(-1.3,119.045297570101,94.3816311273076));
#2617=CARTESIAN_POINT('Origin',(-1.3,81.4647183449398,92.0969049867734));
#2618=CARTESIAN_POINT('Origin',(-5.28251969850401,126.415101832658,104.491497841621));
#2619=CARTESIAN_POINT('',(2.71748030149599,126.415101832658,104.491497841621));
#2620=CARTESIAN_POINT('',(-5.28251969850401,126.415101832658,104.491497841621));
#2621=CARTESIAN_POINT('',(2.71748030149599,122.319341550182,101.623615617131));
#2622=CARTESIAN_POINT('',(2.71748030149599,122.319341550182,101.623615617131));
#2623=CARTESIAN_POINT('',(-5.282519698504,122.319341550182,101.623615617131));
#2624=CARTESIAN_POINT('Origin',(-1.3,98.5387098923862,81.2435384411756));
#2625=CARTESIAN_POINT('',(-1.3,99.1122863287372,80.4243863968866));
#2626=CARTESIAN_POINT('Origin',(-1.3,92.2156582919223,79.7407891753546));
#2627=CARTESIAN_POINT('',(-1.3,91.3965062476333,79.1672127390035));
#2628=CARTESIAN_POINT('Origin',(-1.3,84.0660327543632,91.3796606425148));
#2629=CARTESIAN_POINT('',(-1.3,83.9556506436076,92.3735498665358));
#2630=CARTESIAN_POINT('',(-1.3,83.2468807100742,90.8060842061637));
#2631=CARTESIAN_POINT('Origin',(-1.3,81.4647183449398,92.0969049867734));
#2632=CARTESIAN_POINT('Origin',(-1.3,87.6407661649932,96.8074150530405));
#2633=CARTESIAN_POINT('',(-1.3,87.7511482757489,95.8135258290195));
#2634=CARTESIAN_POINT('',(-1.3,87.0671897286421,97.6265670973295));
#2635=CARTESIAN_POINT('Origin',(-1.3,81.1335720126728,95.0785726588365));
#2636=CARTESIAN_POINT('Origin',(-1.3,81.1335720126728,95.0785726588365));
#2637=CARTESIAN_POINT('Origin',(-1.3,124.813342119937,98.4204594018321));
#2638=CARTESIAN_POINT('Origin',(-1.3,93.3442417789012,76.3855581223622));
#2639=CARTESIAN_POINT('Origin',(-1.3,81.2991451788063,93.587738822805));
#2640=CARTESIAN_POINT('Origin',(-2.23402906167652,87.3159881801029,78.8815697917878));
#2641=CARTESIAN_POINT('',(-0.300029061676516,87.3159881801029,78.8815697917878));
#2642=CARTESIAN_POINT('',(-2.3,87.3159881801029,78.8815697917878));
#2643=CARTESIAN_POINT('',(-0.300029061676524,72.5712513829011,68.5571939374689));
#2644=CARTESIAN_POINT('',(-0.300029061676518,83.6298039808025,76.3004758282081));
#2645=CARTESIAN_POINT('',(-2.23402906167652,72.5712513829011,68.5571939374689));
#2646=CARTESIAN_POINT('Origin',(-2.23402906167652,85.3084706528743,81.7486019467992));
#2647=CARTESIAN_POINT('',(-0.300029061676516,88.1755028078857,83.7561194740279));
#2648=CARTESIAN_POINT('',(-2.3,88.1755028078857,83.7561194740279));
#2649=CARTESIAN_POINT('Origin',(-0.300029061676516,85.3084706528743,81.7486019467992));
#2650=CARTESIAN_POINT('Origin',(-2.23402906167652,86.4547734988326,86.2135756068949));
#2651=CARTESIAN_POINT('',(-0.300029061676516,86.4547734988326,86.2135756068949));
#2652=CARTESIAN_POINT('',(-2.3,86.4547734988326,86.2135756068949));
#2653=CARTESIAN_POINT('',(-0.300029061676516,86.8849558260959,85.5992115736781));
#2654=CARTESIAN_POINT('Origin',(-2.23402906167652,83.5877413438211,84.2060580796662));
#2655=CARTESIAN_POINT('',(-0.300029061676516,81.5802238165925,87.0730902346777));
#2656=CARTESIAN_POINT('',(-0.300029061676516,81.5802238165925,87.0730902346777));
#2657=CARTESIAN_POINT('Origin',(-0.300029061676516,83.5877413438211,84.2060580796662));
#2658=CARTESIAN_POINT('Origin',(-5.28251969850393,137.799105348376,128.332732808714));
#2659=CARTESIAN_POINT('',(2.71748030149607,114.862847766508,112.27259235157));
#2660=CARTESIAN_POINT('',(-5.28251969850392,114.862847766508,112.27259235157));
#2661=CARTESIAN_POINT('',(2.71748030149607,118.958608048984,115.14047457606));
#2662=CARTESIAN_POINT('',(2.71748030149607,118.958608048984,115.14047457606));
#2663=CARTESIAN_POINT('',(-5.28251969850393,118.958608048984,115.14047457606));
#2664=CARTESIAN_POINT('Origin',(-5.28251969850392,114.862847766508,112.27259235157));
#2665=CARTESIAN_POINT('',(2.71748030149607,114.862847766508,112.27259235157));
#2666=CARTESIAN_POINT('Origin',(-3.3,114.862847766508,112.27259235157));
#2667=CARTESIAN_POINT('',(-2.78251969850393,119.777760093273,115.714051012411));
#2668=CARTESIAN_POINT('',(-1.78251969850392,118.958608048984,115.14047457606));
#2669=CARTESIAN_POINT('Origin',(-1.78251969850392,119.777760093273,115.714051012411));
#2670=CARTESIAN_POINT('',(-2.78251969850393,136.979953304087,127.759156372363));
#2671=CARTESIAN_POINT('',(-2.78251969850393,133.088981023528,125.034668250551));
#2672=CARTESIAN_POINT('',(-1.78251969850393,137.799105348376,128.332732808714));
#2673=CARTESIAN_POINT('Origin',(-1.78251969850393,136.979953304087,127.759156372363));
#2674=CARTESIAN_POINT('',(-5.28251969850393,137.799105348376,128.332732808714));
#2675=CARTESIAN_POINT('',(-5.28251969850393,118.958608048984,115.14047457606));
#2676=CARTESIAN_POINT('Origin',(-3.3,149.351359414527,120.551638298765));
#2677=CARTESIAN_POINT('',(-1.782519698504,126.415101832658,104.491497841621));
#2678=CARTESIAN_POINT('',(-2.78251969850401,127.234253876947,105.065074277972));
#2679=CARTESIAN_POINT('Origin',(-1.782519698504,127.234253876947,105.065074277972));
#2680=CARTESIAN_POINT('',(-5.28251969850401,126.415101832658,104.491497841621));
#2681=CARTESIAN_POINT('',(-1.78251969850401,145.25559913205,117.683756074275));
#2682=CARTESIAN_POINT('',(-5.28251969850401,145.25559913205,117.683756074275));
#2683=CARTESIAN_POINT('',(-2.78251969850401,144.436447087762,117.110179637924));
#2684=CARTESIAN_POINT('Origin',(-1.78251969850401,144.436447087762,117.110179637924));
#2685=CARTESIAN_POINT('',(-2.78251969850401,131.125226157506,107.789562399785));
#2686=CARTESIAN_POINT('Origin',(-5.28251969850393,137.799105348376,128.332732808714));
#2687=CARTESIAN_POINT('',(2.71748030149607,137.799105348376,128.332732808714));
#2688=CARTESIAN_POINT('',(-5.28251969850393,137.799105348376,128.332732808714));
#2689=CARTESIAN_POINT('',(2.71748030149607,141.894865630853,131.200615033204));
#2690=CARTESIAN_POINT('',(2.71748030149607,141.894865630853,131.200615033204));
#2691=CARTESIAN_POINT('',(-5.28251969850393,141.894865630853,131.200615033204));
#2692=CARTESIAN_POINT('Origin',(-5.28251969850401,126.415101832658,104.491497841621));
#2693=CARTESIAN_POINT('',(2.71748030149599,149.351359414527,120.551638298765));
#2694=CARTESIAN_POINT('',(-5.28251969850401,149.351359414527,120.551638298765));
#2695=CARTESIAN_POINT('',(2.71748030149599,145.25559913205,117.683756074275));
#2696=CARTESIAN_POINT('',(2.71748030149599,145.25559913205,117.683756074275));
#2697=CARTESIAN_POINT('',(-5.28251969850401,145.25559913205,117.683756074275));
#2698=CARTESIAN_POINT('Origin',(-7.3,134.048520440079,112.375945532069));
#2699=CARTESIAN_POINT('',(-3.3,133.003685827109,113.841660590168));
#2700=CARTESIAN_POINT('',(-7.3,133.003685827109,113.841660590168));
#2701=CARTESIAN_POINT('',(-3.3,134.62535900989,114.081013643429));
#2702=CARTESIAN_POINT('Origin',(-3.3,134.048520440079,112.375945532069));
#2703=CARTESIAN_POINT('',(-7.3,134.62535900989,114.081013643429));
#2704=CARTESIAN_POINT('Origin',(-7.3,131.407410723959,116.080947484486));
#2705=CARTESIAN_POINT('',(-5.26503939700785,129.820954390783,118.327201322084));
#2706=CARTESIAN_POINT('',(-7.3,129.820954390783,118.327201322084));
#2707=CARTESIAN_POINT('',(-5.26503939700785,129.174374441958,117.68595494966));
#2708=CARTESIAN_POINT('Origin',(-5.26503939700785,131.407410723959,116.080947484486));
#2709=CARTESIAN_POINT('',(-3.3,129.174374441958,117.68595494966));
#2710=CARTESIAN_POINT('',(-7.3,129.174374441958,117.68595494966));
#2711=CARTESIAN_POINT('Origin',(-3.3,131.407410723959,116.080947484486));
#2712=CARTESIAN_POINT('Origin',(-7.3,136.22130181193,119.226532001887));
#2713=CARTESIAN_POINT('',(-4.3,128.478015958421,130.285081825026));
#2714=CARTESIAN_POINT('',(-3.3,143.964583702669,108.167979403986));
#2715=CARTESIAN_POINT('Origin',(-7.3,128.782546609068,119.79747656124));
#2716=CARTESIAN_POINT('',(-3.3,130.582450068662,119.778834240019));
#2717=CARTESIAN_POINT('',(-7.3,130.582450068662,119.778834240019));
#2718=CARTESIAN_POINT('',(-3.3,130.153019509057,118.630512966951));
#2719=CARTESIAN_POINT('Origin',(-3.3,128.782546609068,119.79747656124));
#2720=CARTESIAN_POINT('',(-5.26503939700782,130.153019509057,118.630512966951));
#2721=CARTESIAN_POINT('',(-7.3,130.153019509057,118.630512966951));
#2722=CARTESIAN_POINT('Origin',(-5.26503939700785,128.782546609068,119.79747656124));
#2723=CARTESIAN_POINT('Origin',(-3.3,136.22130181193,119.226532001887));
#2724=CARTESIAN_POINT('',(-3.3,142.674164708259,123.811251176533));
#2725=CARTESIAN_POINT('Origin',(-3.3,143.452359150334,124.356148791067));
#2726=CARTESIAN_POINT('Origin',(-3.3,136.22130181193,119.226532001887));
#2727=CARTESIAN_POINT('',(-3.3,132.765154804499,113.563681018867));
#2728=CARTESIAN_POINT('Origin',(-3.3,131.196966671349,115.822726387833));
#2729=CARTESIAN_POINT('',(-3.3,134.389690406462,113.782765189483));
#2730=CARTESIAN_POINT('Origin',(-3.30000000000003,133.791605218925,112.085033140999));
#2731=CARTESIAN_POINT('',(-3.3,141.741016723389,116.841448679694));
#2732=CARTESIAN_POINT('Origin',(-3.3,136.36669422082,119.394712794193));
#2733=CARTESIAN_POINT('Origin',(-3.3,136.532130948988,119.717211011537));
#2734=CARTESIAN_POINT('Origin',(-3.3,136.22130181193,119.226532001887));
#2735=CARTESIAN_POINT('',(-3.3,130.418246732816,119.530626305153));
#2736=CARTESIAN_POINT('Origin',(-3.29999999999997,128.618716400311,119.571742997545));
#2737=CARTESIAN_POINT('',(-3.3,131.15780844642,122.270475126036));
#2738=CARTESIAN_POINT('Origin',(-3.3,136.532130948988,119.717211011537));
#2739=CARTESIAN_POINT('Origin',(-3.3,136.36669422082,119.394712794193));
#2740=CARTESIAN_POINT('Origin',(-7.3,136.532130948988,119.717211011537));
#2741=CARTESIAN_POINT('',(-5.26503939700785,141.741016723388,116.841448679694));
#2742=CARTESIAN_POINT('',(-7.3,141.741016723388,116.841448679694));
#2743=CARTESIAN_POINT('',(-5.26503939700785,131.15780844642,122.270475126036));
#2744=CARTESIAN_POINT('Origin',(-5.26503939700785,136.532130948988,119.717211011537));
#2745=CARTESIAN_POINT('',(-7.3,131.15780844642,122.270475126036));
#2746=CARTESIAN_POINT('Origin',(-5.28251969850401,149.351359414527,120.551638298765));
#2747=CARTESIAN_POINT('',(2.71748030149599,149.351359414527,120.551638298765));
#2748=CARTESIAN_POINT('Origin',(-5.26503939700785,103.033215147575,96.3273936434075));
#2749=CARTESIAN_POINT('Origin',(-5.26503939700785,136.36669422082,119.394712794193));
#2750=CARTESIAN_POINT('Origin',(-5.28251969850397,136.36669422082,119.394712794193));
#2751=CARTESIAN_POINT('',(-2.78251969850399,134.389690406462,113.782765189483));
#2752=CARTESIAN_POINT('',(-5.28251969850399,134.389690406462,113.782765189483));
#2753=CARTESIAN_POINT('',(-2.78251969850399,142.259244442028,120.219547256702));
#2754=CARTESIAN_POINT('Origin',(-2.78251969850397,136.36669422082,119.394712794193));
#2755=CARTESIAN_POINT('',(-2.78251969850395,139.157155949821,124.649788753585));
#2756=CARTESIAN_POINT('Ctrl Pts',(-2.78251969850395,139.157155949818,124.649788753587));
#2757=CARTESIAN_POINT('Ctrl Pts',(-2.78251969850414,139.441602202933,124.498746905779));
#2758=CARTESIAN_POINT('Ctrl Pts',(-2.75078001373946,139.719203866687,124.321387555629));
#2759=CARTESIAN_POINT('Ctrl Pts',(-2.63653540082629,140.46908006446,123.747862622439));
#2760=CARTESIAN_POINT('Ctrl Pts',(-2.54245405275594,140.90147429458,123.291884104784));
#2761=CARTESIAN_POINT('Ctrl Pts',(-2.54245405275595,141.579823474099,122.323101076179));
#2762=CARTESIAN_POINT('Ctrl Pts',(-2.63653540082631,141.860415585817,121.760829570903));
#2763=CARTESIAN_POINT('Ctrl Pts',(-2.75078001373949,142.142879968734,120.860019361502));
#2764=CARTESIAN_POINT('Ctrl Pts',(-2.78251969850417,142.214597880473,120.538498656196));
#2765=CARTESIAN_POINT('Ctrl Pts',(-2.78251969850399,142.259244442028,120.219547256699));
#2766=CARTESIAN_POINT('',(-2.78251969850394,130.418246732816,119.530626305153));
#2767=CARTESIAN_POINT('Origin',(-2.78251969850397,136.36669422082,119.394712794193));
#2768=CARTESIAN_POINT('',(-5.28251969850395,130.418246732816,119.530626305154));
#2769=CARTESIAN_POINT('Origin',(-3.3,100.576861016876,95.0627494149474));
#2770=CARTESIAN_POINT('',(-3.30000000000001,119.983653588627,107.923184244735));
#2771=CARTESIAN_POINT('Origin',(-3.30000000000001,120.761848030701,108.468081859269));
#2772=CARTESIAN_POINT('Origin',(-4.3,78.4332298885849,62.2824314742765));
#2773=CARTESIAN_POINT('',(-4.3,78.4332298885849,62.2824314742765));
#2774=CARTESIAN_POINT('Origin',(-2.23402906167652,70.526811333609,73.2841467783575));
#2775=CARTESIAN_POINT('',(-0.300029061676523,67.5369063719542,71.1905927856762));
#2776=CARTESIAN_POINT('',(-2.23402906167652,67.5369063719542,71.1905927856762));
#2777=CARTESIAN_POINT('',(-0.300029061676524,72.8542989515986,70.4725099973871));
#2778=CARTESIAN_POINT('Origin',(-0.300029061676522,70.526811333609,73.2841467783575));
#2779=CARTESIAN_POINT('',(-2.23402906167652,72.8542989515982,70.4725099973868));
#2780=CARTESIAN_POINT('',(-0.300029061676522,68.6679473779448,76.4253447654848));
#2781=CARTESIAN_POINT('',(-0.300029061676522,68.6679473779448,76.4253447654848));
#2782=CARTESIAN_POINT('Origin',(-0.300029061676522,70.526811333609,73.2841467783575));
#2783=CARTESIAN_POINT('Origin',(-0.30002906167652,77.0757375997468,77.8151420860733));
#2784=CARTESIAN_POINT('',(-0.300029061676524,67.6967017006609,69.4167085652518));
#2785=CARTESIAN_POINT('Origin',(-0.300029061676522,70.5637338556724,71.4242260924804));
#2786=CARTESIAN_POINT('',(-0.300029061676524,66.8354870193906,76.7487143803588));
#2787=CARTESIAN_POINT('',(-0.30002906167652,70.5216712186911,79.3298083439386));
#2788=CARTESIAN_POINT('',(-0.300029061676524,65.9759723916078,71.8741646981187));
#2789=CARTESIAN_POINT('Origin',(-0.300029061676522,68.8430045466193,73.8816822253474));
#2790=CARTESIAN_POINT('',(-0.300029061676524,67.2665193733977,70.0310725984685));
#2791=CARTESIAN_POINT('',(-0.300029061676518,82.4004019150416,84.5517872458429));
#2792=CARTESIAN_POINT('',(-0.30002906167652,72.0860680351401,78.4480830047838));
#2793=CARTESIAN_POINT('',(-0.300029061676516,85.0804283430761,80.3943690549301));
#2794=CARTESIAN_POINT('Origin',(-0.300029061676516,83.6608644603208,82.4217968299142));
#2795=CARTESIAN_POINT('',(-0.300029061676518,82.0363146791364,77.9239824132016));
#2796=CARTESIAN_POINT('Origin',(-2.23402906167652,85.0804283430761,80.3943690549301));
#2797=CARTESIAN_POINT('',(-2.23402906167652,85.0804283430761,80.3943690549301));
#2798=CARTESIAN_POINT('Origin',(-2.23402906167652,66.8354870193906,76.7487143803588));
#2799=CARTESIAN_POINT('',(-2.23402906167652,66.8354870193906,76.7487143803588));
#2800=CARTESIAN_POINT('Origin',(-4.3,70.6891383310836,73.3404170048686));
#2801=CARTESIAN_POINT('',(-4.3,62.9231222088817,84.3830160462945));
#2802=CARTESIAN_POINT('Origin',(-4.3,128.478015958421,130.285081825026));
#2803=CARTESIAN_POINT('Origin',(-2.23402906167652,70.5637338556724,71.4242260924804));
#2804=CARTESIAN_POINT('',(-2.23402906167652,67.6967017006609,69.4167085652518));
#2805=CARTESIAN_POINT('Origin',(-2.23402906167652,83.6608644603208,82.4217968299142));
#2806=CARTESIAN_POINT('',(-2.23402906167652,82.4004019150416,84.5517872458429));
#2807=CARTESIAN_POINT('Origin',(-2.23402906167652,68.6679473779448,76.4253447654848));
#2808=CARTESIAN_POINT('Origin',(-2.23402906167652,75.4654248874135,76.6915058974084));
#2809=CARTESIAN_POINT('',(-2.23402906167652,74.7281880475534,76.1752871046924));
#2810=CARTESIAN_POINT('Origin',(-2.23402906167652,77.8948897478021,78.3887185041276));
#2811=CARTESIAN_POINT('',(-2.23402906167652,77.157652907942,77.8724997114116));
#2812=CARTESIAN_POINT('Origin',(-2.23402906167652,79.9427698585246,79.8226595950052));
#2813=CARTESIAN_POINT('',(-2.23402906167652,79.2055330186645,79.3064408022892));
#2814=CARTESIAN_POINT('Origin',(-2.23402906167652,67.6967017006609,69.4167085652518));
#2815=CARTESIAN_POINT('',(-2.23402906167652,65.9759723916078,71.8741646981187));
#2816=CARTESIAN_POINT('Origin',(-2.23402906167652,68.8430045466193,73.8816822253474));
#2817=CARTESIAN_POINT('Origin',(-5.26503939700785,103.033215147575,96.3273936434075));
#2818=CARTESIAN_POINT('',(-5.26503939700785,129.638683540502,118.088615547549));
#2819=CARTESIAN_POINT('Origin',(-5.26503939700782,128.618716400311,119.571742997545));
#2820=CARTESIAN_POINT('Origin',(-5.26503939700785,131.196966671349,115.822726387833));
#2821=CARTESIAN_POINT('Origin',(-5.28251969850399,133.791605218925,112.085033140999));
#2822=CARTESIAN_POINT('',(-2.78251969850398,132.765154804499,113.563681018867));
#2823=CARTESIAN_POINT('',(-5.28251969850398,132.765154804499,113.563681018867));
#2824=CARTESIAN_POINT('Origin',(-2.78251969850399,133.791605218925,112.085033140999));
#2825=CARTESIAN_POINT('Origin',(-5.28251969850397,131.196966671349,115.822726387833));
#2826=CARTESIAN_POINT('',(-2.78251969850395,129.638683540502,118.088615547549));
#2827=CARTESIAN_POINT('',(-5.26503939700785,129.638683540502,118.088615547549));
#2828=CARTESIAN_POINT('Origin',(-2.78251969850397,131.196966671349,115.822726387833));
#2829=CARTESIAN_POINT('Origin',(-5.28251969850394,128.618716400311,119.571742997545));
#2830=CARTESIAN_POINT('Origin',(-2.78251969850394,128.618716400311,119.571742997545));
#2831=CARTESIAN_POINT('Origin',(-1.78251969850395,138.844076750006,125.096912188753));
#2832=CARTESIAN_POINT('',(-2.78251969850395,138.844076750006,125.096912188753));
#2833=CARTESIAN_POINT('',(-1.78251969850395,139.663228794295,125.670488625104));
#2834=CARTESIAN_POINT('',(-2.78251969850395,138.844076750006,125.096912188753));
#2835=CARTESIAN_POINT('Origin',(-2.78251969850397,132.107103590517,116.412115325168));
#2836=CARTESIAN_POINT('',(-2.78251969850399,125.370130431029,107.727318461582));
#2837=CARTESIAN_POINT('Origin',(-1.78251969850399,125.370130431029,107.727318461582));
#2838=CARTESIAN_POINT('',(-1.78251969850399,124.55097838674,107.153742025231));
#2839=CARTESIAN_POINT('Origin',(-5.28251969850401,126.415101832658,104.491497841621));
#2840=CARTESIAN_POINT('',(2.71748030149599,126.415101832658,104.491497841621));
#2841=CARTESIAN_POINT('Origin',(-5.28251969850393,137.799105348376,128.332732808714));
#2842=CARTESIAN_POINT('',(2.71748030149607,137.799105348376,128.332732808714));
#2843=CARTESIAN_POINT('Origin',(2.71748030149604,120.761848030701,108.468081859268));
#2844=CARTESIAN_POINT('',(2.71748030149604,119.983653588627,107.923184244735));
#2845=CARTESIAN_POINT('Origin',(2.71748030149604,120.761848030701,108.468081859268));
#2846=CARTESIAN_POINT('',(2.71748030149604,119.983653588627,107.923184244735));
#2847=CARTESIAN_POINT('Origin',(2.71748030149603,143.452359150334,124.356148791067));
#2848=CARTESIAN_POINT('',(2.71748030149603,142.674164708259,123.811251176533));
#2849=CARTESIAN_POINT('Origin',(2.71748030149603,143.452359150334,124.356148791067));
#2850=CARTESIAN_POINT('',(2.71748030149603,142.674164708259,123.811251176533));
#2851=CARTESIAN_POINT('Origin',(2.71748030149603,143.575232381452,124.44218555374));
#2852=CARTESIAN_POINT('Origin',(2.71748030149604,120.638974799583,108.382045096595));
#2853=UNCERTAINTY_MEASURE_WITH_UNIT(LENGTH_MEASURE(0.01),#2857,
'DISTANCE_ACCURACY_VALUE',
'Maximum model space distance between geometric entities at asserted c
onnectivities');
#2854=UNCERTAINTY_MEASURE_WITH_UNIT(LENGTH_MEASURE(0.01),#2857,
'DISTANCE_ACCURACY_VALUE',
'Maximum model space distance between geometric entities at asserted c
onnectivities');
#2855=(
GEOMETRIC_REPRESENTATION_CONTEXT(3)
GLOBAL_UNCERTAINTY_ASSIGNED_CONTEXT((#2853))
GLOBAL_UNIT_ASSIGNED_CONTEXT((#2857,#2859,#2860))
REPRESENTATION_CONTEXT('','3D')
);
#2856=(
GEOMETRIC_REPRESENTATION_CONTEXT(3)
GLOBAL_UNCERTAINTY_ASSIGNED_CONTEXT((#2854))
GLOBAL_UNIT_ASSIGNED_CONTEXT((#2857,#2859,#2860))
REPRESENTATION_CONTEXT('','3D')
);
#2857=(
LENGTH_UNIT()
NAMED_UNIT(*)
SI_UNIT(.MILLI.,.METRE.)
);
#2858=(
LENGTH_UNIT()
NAMED_UNIT(*)
SI_UNIT($,.METRE.)
);
#2859=(
NAMED_UNIT(*)
PLANE_ANGLE_UNIT()
SI_UNIT($,.RADIAN.)
);
#2860=(
NAMED_UNIT(*)
SI_UNIT($,.STERADIAN.)
SOLID_ANGLE_UNIT()
);
#2861=SHAPE_DEFINITION_REPRESENTATION(#2862,#2863);
#2862=PRODUCT_DEFINITION_SHAPE('',$,#2865);
#2863=SHAPE_REPRESENTATION('',(#1673),#2855);
#2864=PRODUCT_DEFINITION_CONTEXT('part definition',#2869,'design');
#2865=PRODUCT_DEFINITION('MiniArm UpperArm Link',
'MiniArm UpperArm Link v1',#2866,#2864);
#2866=PRODUCT_DEFINITION_FORMATION('',$,#2871);
#2867=PRODUCT_RELATED_PRODUCT_CATEGORY('MiniArm UpperArm Link v1',
'MiniArm UpperArm Link v1',(#2871));
#2868=APPLICATION_PROTOCOL_DEFINITION('international standard',
'automotive_design',2009,#2869);
#2869=APPLICATION_CONTEXT(
'Core Data for Automotive Mechanical Design Process');
#2870=PRODUCT_CONTEXT('part definition',#2869,'mechanical');
#2871=PRODUCT('MiniArm UpperArm Link','MiniArm UpperArm Link v1',$,(#2870));
#2872=PRESENTATION_STYLE_ASSIGNMENT((#2873));
#2873=SURFACE_STYLE_USAGE(.BOTH.,#2874);
#2874=SURFACE_SIDE_STYLE('',(#2875));
#2875=SURFACE_STYLE_FILL_AREA(#2876);
#2876=FILL_AREA_STYLE('Steel - Satin',(#2877));
#2877=FILL_AREA_STYLE_COLOUR('Steel - Satin',#2878);
#2878=COLOUR_RGB('Steel - Satin',0.627450980392157,0.627450980392157,0.627450980392157);
ENDSEC;
END-ISO-10303-21;
