ISO-10303-21;
HEADER;
/* Generated by software containing ST-Developer
 * from STEP Tools, Inc. (www.steptools.com) 
 */

FILE_DESCRIPTION(
/* description */ (''),
/* implementation_level */ '2;1');

FILE_NAME(
/* name */ 'MiniArm ShoulderHousing v1.step',
/* time_stamp */ '2026-08-03T03:57:26+08:00',
/* author */ (''),
/* organization */ (''),
/* preprocessor_version */ 'ST-DEVELOPER v20.1',
/* originating_system */ 'Autodesk Translation Framework v15.8.0.0',
/* authorisation */ '');

FILE_SCHEMA (('AUTOMOTIVE_DESIGN { 1 0 10303 214 3 1 1 }'));
ENDSEC;

DATA;
#10=MECHANICAL_DESIGN_GEOMETRIC_PRESENTATION_REPRESENTATION('',(#13),#3379);
#11=SHAPE_REPRESENTATION_RELATIONSHIP('SRR','None',#3386,#12);
#12=ADVANCED_BREP_SHAPE_REPRESENTATION('',(#14),#3378);
#13=STYLED_ITEM('',(#3395),#14);
#14=MANIFOLD_SOLID_BREP('MiniArm ShoulderHousing',#1990);
#15=B_SPLINE_CURVE_WITH_KNOTS('',3,(#3313,#3314,#3315,#3316,#3317,#3318,
#3319,#3320,#3321,#3322),.UNSPECIFIED.,.F.,.F.,(4,2,2,2,4),(0.702090095631926,
0.797448769766993,0.974848625268593,1.15224848077019,1.24760715490526),
 .UNSPECIFIED.);
#16=FACE_BOUND('',#292,.T.);
#17=FACE_BOUND('',#294,.T.);
#18=FACE_BOUND('',#297,.T.);
#19=FACE_BOUND('',#298,.T.);
#20=FACE_BOUND('',#299,.T.);
#21=FACE_BOUND('',#300,.T.);
#22=FACE_BOUND('',#301,.T.);
#23=FACE_BOUND('',#302,.T.);
#24=FACE_BOUND('',#303,.T.);
#25=FACE_BOUND('',#304,.T.);
#26=FACE_BOUND('',#351,.T.);
#27=FACE_BOUND('',#352,.T.);
#28=FACE_BOUND('',#353,.T.);
#29=FACE_BOUND('',#355,.T.);
#30=FACE_BOUND('',#356,.T.);
#31=FACE_BOUND('',#357,.T.);
#32=FACE_BOUND('',#358,.T.);
#33=FACE_BOUND('',#359,.T.);
#34=ELLIPSE('',#2011,0.900003115764494,0.9);
#35=ELLIPSE('',#2015,0.900003115764494,0.9);
#36=ELLIPSE('',#2019,0.900003115764494,0.9);
#37=ELLIPSE('',#2023,0.900003115764494,0.9);
#38=CYLINDRICAL_SURFACE('',#2010,0.9);
#39=CYLINDRICAL_SURFACE('',#2014,0.9);
#40=CYLINDRICAL_SURFACE('',#2018,0.9);
#41=CYLINDRICAL_SURFACE('',#2022,0.9);
#42=CYLINDRICAL_SURFACE('',#2069,1.25000000000003);
#43=CYLINDRICAL_SURFACE('',#2072,1.25000000000004);
#44=CYLINDRICAL_SURFACE('',#2075,1.25000000000002);
#45=CYLINDRICAL_SURFACE('',#2078,1.24999999999999);
#46=CYLINDRICAL_SURFACE('',#2082,1.24999999999999);
#47=CYLINDRICAL_SURFACE('',#2085,1.24999999999997);
#48=CYLINDRICAL_SURFACE('',#2088,1.25000000000001);
#49=CYLINDRICAL_SURFACE('',#2091,1.25000000000001);
#50=CYLINDRICAL_SURFACE('',#2095,1.25000000000003);
#51=CYLINDRICAL_SURFACE('',#2098,1.25000000000004);
#52=CYLINDRICAL_SURFACE('',#2101,1.25000000000001);
#53=CYLINDRICAL_SURFACE('',#2104,1.24999999999999);
#54=CYLINDRICAL_SURFACE('',#2108,1.25);
#55=CYLINDRICAL_SURFACE('',#2111,1.25);
#56=CYLINDRICAL_SURFACE('',#2114,1.25);
#57=CYLINDRICAL_SURFACE('',#2117,1.24999999999999);
#58=CYLINDRICAL_SURFACE('',#2120,1.25);
#59=CYLINDRICAL_SURFACE('',#2123,1.25);
#60=CYLINDRICAL_SURFACE('',#2126,1.24999999999999);
#61=CYLINDRICAL_SURFACE('',#2129,1.24999999999999);
#62=CYLINDRICAL_SURFACE('',#2147,12.5);
#63=CYLINDRICAL_SURFACE('',#2148,12.5);
#64=CYLINDRICAL_SURFACE('',#2157,6.00000000000001);
#65=CYLINDRICAL_SURFACE('',#2158,6.24999999999977);
#66=CYLINDRICAL_SURFACE('',#2163,13.5);
#67=CYLINDRICAL_SURFACE('',#2166,13.);
#68=CYLINDRICAL_SURFACE('',#2167,13.5);
#69=CYLINDRICAL_SURFACE('',#2169,1.);
#70=CYLINDRICAL_SURFACE('',#2176,1.);
#71=CYLINDRICAL_SURFACE('',#2179,1.8);
#72=CYLINDRICAL_SURFACE('',#2180,5.95);
#73=CYLINDRICAL_SURFACE('',#2181,1.8);
#74=CYLINDRICAL_SURFACE('',#2182,2.75);
#75=CYLINDRICAL_SURFACE('',#2183,0.95);
#76=CYLINDRICAL_SURFACE('',#2186,0.95);
#77=CYLINDRICAL_SURFACE('',#2189,12.5);
#78=CYLINDRICAL_SURFACE('',#2192,12.5);
#79=CYLINDRICAL_SURFACE('',#2194,5.24999999999977);
#80=CYLINDRICAL_SURFACE('',#2195,5.00000000000001);
#81=CYLINDRICAL_SURFACE('',#2198,12.);
#82=CIRCLE('',#2009,0.9);
#83=CIRCLE('',#2013,0.9);
#84=CIRCLE('',#2017,0.9);
#85=CIRCLE('',#2021,0.9);
#86=CIRCLE('',#2026,13.5);
#87=CIRCLE('',#2027,13.);
#88=CIRCLE('',#2028,13.5);
#89=CIRCLE('',#2029,5.24999999999977);
#90=CIRCLE('',#2030,5.00000000000001);
#91=CIRCLE('',#2031,6.00000000000001);
#92=CIRCLE('',#2032,6.24999999999977);
#93=CIRCLE('',#2033,12.5);
#94=CIRCLE('',#2034,12.);
#95=CIRCLE('',#2035,12.5);
#96=CIRCLE('',#2039,12.5);
#97=CIRCLE('',#2040,12.);
#98=CIRCLE('',#2041,12.5);
#99=CIRCLE('',#2042,12.5);
#100=CIRCLE('',#2043,12.5);
#101=CIRCLE('',#2044,6.24999999999977);
#102=CIRCLE('',#2045,6.00000000000001);
#103=CIRCLE('',#2046,0.95);
#104=CIRCLE('',#2047,0.95);
#105=CIRCLE('',#2048,1.25);
#106=CIRCLE('',#2049,1.24999999999999);
#107=CIRCLE('',#2050,1.24999999999999);
#108=CIRCLE('',#2051,1.25);
#109=CIRCLE('',#2052,1.24999999999999);
#110=CIRCLE('',#2053,1.25);
#111=CIRCLE('',#2054,1.25);
#112=CIRCLE('',#2055,1.25);
#113=CIRCLE('',#2056,1.24999999999999);
#114=CIRCLE('',#2057,1.25000000000001);
#115=CIRCLE('',#2058,1.25000000000004);
#116=CIRCLE('',#2059,1.25000000000003);
#117=CIRCLE('',#2060,1.25000000000001);
#118=CIRCLE('',#2061,1.25000000000001);
#119=CIRCLE('',#2062,1.24999999999997);
#120=CIRCLE('',#2063,1.24999999999999);
#121=CIRCLE('',#2064,1.24999999999999);
#122=CIRCLE('',#2065,1.25000000000002);
#123=CIRCLE('',#2066,1.25000000000004);
#124=CIRCLE('',#2067,1.25000000000003);
#125=CIRCLE('',#2070,1.25000000000003);
#126=CIRCLE('',#2073,1.25000000000004);
#127=CIRCLE('',#2076,1.25000000000002);
#128=CIRCLE('',#2079,1.24999999999999);
#129=CIRCLE('',#2083,1.24999999999999);
#130=CIRCLE('',#2086,1.24999999999997);
#131=CIRCLE('',#2089,1.25000000000001);
#132=CIRCLE('',#2092,1.25000000000001);
#133=CIRCLE('',#2096,1.25000000000003);
#134=CIRCLE('',#2099,1.25000000000004);
#135=CIRCLE('',#2102,1.25000000000001);
#136=CIRCLE('',#2105,1.24999999999999);
#137=CIRCLE('',#2109,1.25);
#138=CIRCLE('',#2112,1.25);
#139=CIRCLE('',#2115,1.25);
#140=CIRCLE('',#2118,1.24999999999999);
#141=CIRCLE('',#2121,1.25);
#142=CIRCLE('',#2124,1.25);
#143=CIRCLE('',#2127,1.24999999999999);
#144=CIRCLE('',#2130,1.24999999999999);
#145=CIRCLE('',#2134,5.00000000000001);
#146=CIRCLE('',#2135,5.24999999999977);
#147=CIRCLE('',#2136,13.5);
#148=CIRCLE('',#2137,13.);
#149=CIRCLE('',#2138,13.5);
#150=CIRCLE('',#2139,12.5);
#151=CIRCLE('',#2140,12.5);
#152=CIRCLE('',#2141,1.8);
#153=CIRCLE('',#2142,2.75);
#154=CIRCLE('',#2143,1.8);
#155=CIRCLE('',#2144,5.95);
#156=CIRCLE('',#2149,12.5);
#157=CIRCLE('',#2150,12.5);
#158=CIRCLE('',#2152,1.);
#159=CIRCLE('',#2153,1.);
#160=CIRCLE('',#2155,1.);
#161=CIRCLE('',#2156,1.);
#162=CIRCLE('',#2171,5.95);
#163=CIRCLE('',#2172,1.8);
#164=CIRCLE('',#2173,2.75);
#165=CIRCLE('',#2174,1.8);
#166=CIRCLE('',#2175,5.95);
#167=CIRCLE('',#2184,0.95);
#168=CIRCLE('',#2187,0.95);
#169=CONICAL_SURFACE('',#2008,0.45,1.02974425867665);
#170=CONICAL_SURFACE('',#2012,0.45,1.02974425867665);
#171=CONICAL_SURFACE('',#2016,0.45,1.02974425867665);
#172=CONICAL_SURFACE('',#2020,0.45,1.02974425867665);
#173=FACE_OUTER_BOUND('',#278,.T.);
#174=FACE_OUTER_BOUND('',#279,.T.);
#175=FACE_OUTER_BOUND('',#280,.T.);
#176=FACE_OUTER_BOUND('',#281,.T.);
#177=FACE_OUTER_BOUND('',#282,.T.);
#178=FACE_OUTER_BOUND('',#283,.T.);
#179=FACE_OUTER_BOUND('',#284,.T.);
#180=FACE_OUTER_BOUND('',#285,.T.);
#181=FACE_OUTER_BOUND('',#286,.T.);
#182=FACE_OUTER_BOUND('',#287,.T.);
#183=FACE_OUTER_BOUND('',#288,.T.);
#184=FACE_OUTER_BOUND('',#289,.T.);
#185=FACE_OUTER_BOUND('',#290,.T.);
#186=FACE_OUTER_BOUND('',#291,.T.);
#187=FACE_OUTER_BOUND('',#293,.T.);
#188=FACE_OUTER_BOUND('',#295,.T.);
#189=FACE_OUTER_BOUND('',#296,.T.);
#190=FACE_OUTER_BOUND('',#305,.T.);
#191=FACE_OUTER_BOUND('',#306,.T.);
#192=FACE_OUTER_BOUND('',#307,.T.);
#193=FACE_OUTER_BOUND('',#308,.T.);
#194=FACE_OUTER_BOUND('',#309,.T.);
#195=FACE_OUTER_BOUND('',#310,.T.);
#196=FACE_OUTER_BOUND('',#311,.T.);
#197=FACE_OUTER_BOUND('',#312,.T.);
#198=FACE_OUTER_BOUND('',#313,.T.);
#199=FACE_OUTER_BOUND('',#314,.T.);
#200=FACE_OUTER_BOUND('',#315,.T.);
#201=FACE_OUTER_BOUND('',#316,.T.);
#202=FACE_OUTER_BOUND('',#317,.T.);
#203=FACE_OUTER_BOUND('',#318,.T.);
#204=FACE_OUTER_BOUND('',#319,.T.);
#205=FACE_OUTER_BOUND('',#320,.T.);
#206=FACE_OUTER_BOUND('',#321,.T.);
#207=FACE_OUTER_BOUND('',#322,.T.);
#208=FACE_OUTER_BOUND('',#323,.T.);
#209=FACE_OUTER_BOUND('',#324,.T.);
#210=FACE_OUTER_BOUND('',#325,.T.);
#211=FACE_OUTER_BOUND('',#326,.T.);
#212=FACE_OUTER_BOUND('',#327,.T.);
#213=FACE_OUTER_BOUND('',#328,.T.);
#214=FACE_OUTER_BOUND('',#329,.T.);
#215=FACE_OUTER_BOUND('',#330,.T.);
#216=FACE_OUTER_BOUND('',#331,.T.);
#217=FACE_OUTER_BOUND('',#332,.T.);
#218=FACE_OUTER_BOUND('',#333,.T.);
#219=FACE_OUTER_BOUND('',#334,.T.);
#220=FACE_OUTER_BOUND('',#335,.T.);
#221=FACE_OUTER_BOUND('',#336,.T.);
#222=FACE_OUTER_BOUND('',#337,.T.);
#223=FACE_OUTER_BOUND('',#338,.T.);
#224=FACE_OUTER_BOUND('',#339,.T.);
#225=FACE_OUTER_BOUND('',#340,.T.);
#226=FACE_OUTER_BOUND('',#341,.T.);
#227=FACE_OUTER_BOUND('',#342,.T.);
#228=FACE_OUTER_BOUND('',#343,.T.);
#229=FACE_OUTER_BOUND('',#344,.T.);
#230=FACE_OUTER_BOUND('',#345,.T.);
#231=FACE_OUTER_BOUND('',#346,.T.);
#232=FACE_OUTER_BOUND('',#347,.T.);
#233=FACE_OUTER_BOUND('',#348,.T.);
#234=FACE_OUTER_BOUND('',#349,.T.);
#235=FACE_OUTER_BOUND('',#350,.T.);
#236=FACE_OUTER_BOUND('',#354,.T.);
#237=FACE_OUTER_BOUND('',#360,.T.);
#238=FACE_OUTER_BOUND('',#361,.T.);
#239=FACE_OUTER_BOUND('',#362,.T.);
#240=FACE_OUTER_BOUND('',#363,.T.);
#241=FACE_OUTER_BOUND('',#364,.T.);
#242=FACE_OUTER_BOUND('',#365,.T.);
#243=FACE_OUTER_BOUND('',#366,.T.);
#244=FACE_OUTER_BOUND('',#367,.T.);
#245=FACE_OUTER_BOUND('',#368,.T.);
#246=FACE_OUTER_BOUND('',#369,.T.);
#247=FACE_OUTER_BOUND('',#370,.T.);
#248=FACE_OUTER_BOUND('',#371,.T.);
#249=FACE_OUTER_BOUND('',#372,.T.);
#250=FACE_OUTER_BOUND('',#373,.T.);
#251=FACE_OUTER_BOUND('',#374,.T.);
#252=FACE_OUTER_BOUND('',#375,.T.);
#253=FACE_OUTER_BOUND('',#376,.T.);
#254=FACE_OUTER_BOUND('',#377,.T.);
#255=FACE_OUTER_BOUND('',#378,.T.);
#256=FACE_OUTER_BOUND('',#379,.T.);
#257=FACE_OUTER_BOUND('',#380,.T.);
#258=FACE_OUTER_BOUND('',#381,.T.);
#259=FACE_OUTER_BOUND('',#382,.T.);
#260=FACE_OUTER_BOUND('',#383,.T.);
#261=FACE_OUTER_BOUND('',#384,.T.);
#262=FACE_OUTER_BOUND('',#385,.T.);
#263=FACE_OUTER_BOUND('',#386,.T.);
#264=FACE_OUTER_BOUND('',#387,.T.);
#265=FACE_OUTER_BOUND('',#388,.T.);
#266=FACE_OUTER_BOUND('',#389,.T.);
#267=FACE_OUTER_BOUND('',#390,.T.);
#268=FACE_OUTER_BOUND('',#391,.T.);
#269=FACE_OUTER_BOUND('',#392,.T.);
#270=FACE_OUTER_BOUND('',#393,.T.);
#271=FACE_OUTER_BOUND('',#394,.T.);
#272=FACE_OUTER_BOUND('',#395,.T.);
#273=FACE_OUTER_BOUND('',#396,.T.);
#274=FACE_OUTER_BOUND('',#397,.T.);
#275=FACE_OUTER_BOUND('',#398,.T.);
#276=FACE_OUTER_BOUND('',#399,.T.);
#277=FACE_OUTER_BOUND('',#400,.T.);
#278=EDGE_LOOP('',(#1260,#1261,#1262,#1263));
#279=EDGE_LOOP('',(#1264,#1265,#1266,#1267));
#280=EDGE_LOOP('',(#1268,#1269,#1270,#1271));
#281=EDGE_LOOP('',(#1272,#1273,#1274,#1275));
#282=EDGE_LOOP('',(#1276,#1277,#1278));
#283=EDGE_LOOP('',(#1279,#1280,#1281,#1282));
#284=EDGE_LOOP('',(#1283,#1284,#1285));
#285=EDGE_LOOP('',(#1286,#1287,#1288,#1289));
#286=EDGE_LOOP('',(#1290,#1291,#1292));
#287=EDGE_LOOP('',(#1293,#1294,#1295,#1296));
#288=EDGE_LOOP('',(#1297,#1298,#1299));
#289=EDGE_LOOP('',(#1300,#1301,#1302,#1303));
#290=EDGE_LOOP('',(#1304,#1305,#1306,#1307));
#291=EDGE_LOOP('',(#1308,#1309,#1310,#1311,#1312,#1313,#1314,#1315,#1316,
#1317,#1318,#1319));
#292=EDGE_LOOP('',(#1320,#1321,#1322,#1323,#1324,#1325,#1326,#1327,#1328,
#1329,#1330,#1331));
#293=EDGE_LOOP('',(#1332,#1333,#1334,#1335));
#294=EDGE_LOOP('',(#1336,#1337,#1338,#1339));
#295=EDGE_LOOP('',(#1340,#1341,#1342,#1343));
#296=EDGE_LOOP('',(#1344,#1345,#1346,#1347,#1348,#1349,#1350,#1351,#1352,
#1353,#1354,#1355,#1356,#1357,#1358,#1359,#1360,#1361));
#297=EDGE_LOOP('',(#1362,#1363,#1364,#1365));
#298=EDGE_LOOP('',(#1366));
#299=EDGE_LOOP('',(#1367));
#300=EDGE_LOOP('',(#1368,#1369,#1370,#1371,#1372,#1373,#1374,#1375));
#301=EDGE_LOOP('',(#1376,#1377,#1378,#1379,#1380,#1381,#1382,#1383));
#302=EDGE_LOOP('',(#1384,#1385,#1386,#1387,#1388,#1389,#1390,#1391));
#303=EDGE_LOOP('',(#1392,#1393,#1394,#1395,#1396,#1397,#1398,#1399));
#304=EDGE_LOOP('',(#1400,#1401,#1402,#1403,#1404,#1405,#1406,#1407));
#305=EDGE_LOOP('',(#1408,#1409,#1410,#1411));
#306=EDGE_LOOP('',(#1412,#1413,#1414,#1415));
#307=EDGE_LOOP('',(#1416,#1417,#1418,#1419));
#308=EDGE_LOOP('',(#1420,#1421,#1422,#1423));
#309=EDGE_LOOP('',(#1424,#1425,#1426,#1427));
#310=EDGE_LOOP('',(#1428,#1429,#1430,#1431));
#311=EDGE_LOOP('',(#1432,#1433,#1434,#1435));
#312=EDGE_LOOP('',(#1436,#1437,#1438,#1439));
#313=EDGE_LOOP('',(#1440,#1441,#1442,#1443,#1444,#1445,#1446,#1447));
#314=EDGE_LOOP('',(#1448,#1449,#1450,#1451));
#315=EDGE_LOOP('',(#1452,#1453,#1454,#1455));
#316=EDGE_LOOP('',(#1456,#1457,#1458,#1459));
#317=EDGE_LOOP('',(#1460,#1461,#1462,#1463));
#318=EDGE_LOOP('',(#1464,#1465,#1466,#1467));
#319=EDGE_LOOP('',(#1468,#1469,#1470,#1471));
#320=EDGE_LOOP('',(#1472,#1473,#1474,#1475));
#321=EDGE_LOOP('',(#1476,#1477,#1478,#1479));
#322=EDGE_LOOP('',(#1480,#1481,#1482,#1483,#1484,#1485,#1486,#1487));
#323=EDGE_LOOP('',(#1488,#1489,#1490,#1491));
#324=EDGE_LOOP('',(#1492,#1493,#1494,#1495));
#325=EDGE_LOOP('',(#1496,#1497,#1498,#1499));
#326=EDGE_LOOP('',(#1500,#1501,#1502,#1503));
#327=EDGE_LOOP('',(#1504,#1505,#1506,#1507));
#328=EDGE_LOOP('',(#1508,#1509,#1510,#1511));
#329=EDGE_LOOP('',(#1512,#1513,#1514,#1515));
#330=EDGE_LOOP('',(#1516,#1517,#1518,#1519));
#331=EDGE_LOOP('',(#1520,#1521,#1522,#1523,#1524,#1525,#1526,#1527));
#332=EDGE_LOOP('',(#1528,#1529,#1530,#1531));
#333=EDGE_LOOP('',(#1532,#1533,#1534,#1535));
#334=EDGE_LOOP('',(#1536,#1537,#1538,#1539));
#335=EDGE_LOOP('',(#1540,#1541,#1542,#1543));
#336=EDGE_LOOP('',(#1544,#1545,#1546,#1547));
#337=EDGE_LOOP('',(#1548,#1549,#1550,#1551));
#338=EDGE_LOOP('',(#1552,#1553,#1554,#1555));
#339=EDGE_LOOP('',(#1556,#1557,#1558,#1559));
#340=EDGE_LOOP('',(#1560,#1561,#1562,#1563,#1564,#1565,#1566,#1567));
#341=EDGE_LOOP('',(#1568,#1569,#1570,#1571));
#342=EDGE_LOOP('',(#1572,#1573,#1574,#1575));
#343=EDGE_LOOP('',(#1576,#1577,#1578,#1579));
#344=EDGE_LOOP('',(#1580,#1581,#1582,#1583));
#345=EDGE_LOOP('',(#1584,#1585,#1586,#1587));
#346=EDGE_LOOP('',(#1588,#1589,#1590,#1591));
#347=EDGE_LOOP('',(#1592,#1593,#1594,#1595));
#348=EDGE_LOOP('',(#1596,#1597,#1598,#1599));
#349=EDGE_LOOP('',(#1600,#1601,#1602,#1603,#1604,#1605,#1606,#1607));
#350=EDGE_LOOP('',(#1608,#1609,#1610,#1611,#1612,#1613,#1614,#1615,#1616,
#1617,#1618,#1619));
#351=EDGE_LOOP('',(#1620,#1621,#1622));
#352=EDGE_LOOP('',(#1623,#1624,#1625));
#353=EDGE_LOOP('',(#1626,#1627,#1628,#1629));
#354=EDGE_LOOP('',(#1630,#1631,#1632,#1633,#1634));
#355=EDGE_LOOP('',(#1635,#1636,#1637,#1638));
#356=EDGE_LOOP('',(#1639));
#357=EDGE_LOOP('',(#1640));
#358=EDGE_LOOP('',(#1641));
#359=EDGE_LOOP('',(#1642));
#360=EDGE_LOOP('',(#1643,#1644,#1645,#1646));
#361=EDGE_LOOP('',(#1647,#1648,#1649,#1650));
#362=EDGE_LOOP('',(#1651,#1652,#1653,#1654,#1655,#1656,#1657,#1658,#1659,
#1660,#1661,#1662));
#363=EDGE_LOOP('',(#1663,#1664,#1665,#1666,#1667,#1668));
#364=EDGE_LOOP('',(#1669,#1670,#1671,#1672,#1673,#1674));
#365=EDGE_LOOP('',(#1675,#1676,#1677,#1678));
#366=EDGE_LOOP('',(#1679,#1680,#1681,#1682));
#367=EDGE_LOOP('',(#1683,#1684,#1685,#1686));
#368=EDGE_LOOP('',(#1687,#1688,#1689,#1690));
#369=EDGE_LOOP('',(#1691,#1692,#1693,#1694,#1695));
#370=EDGE_LOOP('',(#1696,#1697,#1698,#1699));
#371=EDGE_LOOP('',(#1700,#1701,#1702,#1703));
#372=EDGE_LOOP('',(#1704,#1705,#1706,#1707));
#373=EDGE_LOOP('',(#1708,#1709,#1710,#1711));
#374=EDGE_LOOP('',(#1712,#1713,#1714,#1715));
#375=EDGE_LOOP('',(#1716,#1717,#1718,#1719));
#376=EDGE_LOOP('',(#1720,#1721,#1722,#1723,#1724));
#377=EDGE_LOOP('',(#1725,#1726,#1727,#1728,#1729,#1730));
#378=EDGE_LOOP('',(#1731,#1732,#1733,#1734,#1735,#1736,#1737,#1738,#1739,
#1740));
#379=EDGE_LOOP('',(#1741,#1742,#1743,#1744));
#380=EDGE_LOOP('',(#1745,#1746,#1747,#1748));
#381=EDGE_LOOP('',(#1749,#1750,#1751,#1752));
#382=EDGE_LOOP('',(#1753,#1754,#1755,#1756));
#383=EDGE_LOOP('',(#1757,#1758,#1759,#1760,#1761,#1762));
#384=EDGE_LOOP('',(#1763,#1764,#1765,#1766));
#385=EDGE_LOOP('',(#1767,#1768,#1769,#1770));
#386=EDGE_LOOP('',(#1771,#1772,#1773,#1774));
#387=EDGE_LOOP('',(#1775));
#388=EDGE_LOOP('',(#1776,#1777,#1778,#1779));
#389=EDGE_LOOP('',(#1780));
#390=EDGE_LOOP('',(#1781,#1782,#1783,#1784));
#391=EDGE_LOOP('',(#1785,#1786,#1787,#1788,#1789));
#392=EDGE_LOOP('',(#1790,#1791,#1792,#1793,#1794));
#393=EDGE_LOOP('',(#1795,#1796,#1797,#1798));
#394=EDGE_LOOP('',(#1799,#1800,#1801,#1802));
#395=EDGE_LOOP('',(#1803,#1804,#1805,#1806));
#396=EDGE_LOOP('',(#1807,#1808,#1809,#1810));
#397=EDGE_LOOP('',(#1811,#1812,#1813,#1814));
#398=EDGE_LOOP('',(#1815,#1816,#1817,#1818));
#399=EDGE_LOOP('',(#1819,#1820,#1821,#1822));
#400=EDGE_LOOP('',(#1823,#1824,#1825,#1826,#1827));
#401=LINE('',#2790,#593);
#402=LINE('',#2792,#594);
#403=LINE('',#2794,#595);
#404=LINE('',#2795,#596);
#405=LINE('',#2798,#597);
#406=LINE('',#2800,#598);
#407=LINE('',#2801,#599);
#408=LINE('',#2804,#600);
#409=LINE('',#2806,#601);
#410=LINE('',#2807,#602);
#411=LINE('',#2809,#603);
#412=LINE('',#2810,#604);
#413=LINE('',#2815,#605);
#414=LINE('',#2819,#606);
#415=LINE('',#2824,#607);
#416=LINE('',#2828,#608);
#417=LINE('',#2833,#609);
#418=LINE('',#2837,#610);
#419=LINE('',#2842,#611);
#420=LINE('',#2846,#612);
#421=LINE('',#2850,#613);
#422=LINE('',#2852,#614);
#423=LINE('',#2854,#615);
#424=LINE('',#2855,#616);
#425=LINE('',#2859,#617);
#426=LINE('',#2861,#618);
#427=LINE('',#2867,#619);
#428=LINE('',#2869,#620);
#429=LINE('',#2873,#621);
#430=LINE('',#2875,#622);
#431=LINE('',#2880,#623);
#432=LINE('',#2882,#624);
#433=LINE('',#2884,#625);
#434=LINE('',#2890,#626);
#435=LINE('',#2892,#627);
#436=LINE('',#2896,#628);
#437=LINE('',#2898,#629);
#438=LINE('',#2904,#630);
#439=LINE('',#2905,#631);
#440=LINE('',#2908,#632);
#441=LINE('',#2909,#633);
#442=LINE('',#2916,#634);
#443=LINE('',#2918,#635);
#444=LINE('',#2922,#636);
#445=LINE('',#2924,#637);
#446=LINE('',#2928,#638);
#447=LINE('',#2930,#639);
#448=LINE('',#2934,#640);
#449=LINE('',#2936,#641);
#450=LINE('',#2942,#642);
#451=LINE('',#2944,#643);
#452=LINE('',#2946,#644);
#453=LINE('',#2947,#645);
#454=LINE('',#2956,#646);
#455=LINE('',#2960,#647);
#456=LINE('',#2964,#648);
#457=LINE('',#2967,#649);
#458=LINE('',#2970,#650);
#459=LINE('',#2974,#651);
#460=LINE('',#2978,#652);
#461=LINE('',#2982,#653);
#462=LINE('',#2986,#654);
#463=LINE('',#2990,#655);
#464=LINE('',#2994,#656);
#465=LINE('',#2998,#657);
#466=LINE('',#3002,#658);
#467=LINE('',#3006,#659);
#468=LINE('',#3010,#660);
#469=LINE('',#3014,#661);
#470=LINE('',#3018,#662);
#471=LINE('',#3022,#663);
#472=LINE('',#3026,#664);
#473=LINE('',#3030,#665);
#474=LINE('',#3034,#666);
#475=LINE('',#3036,#667);
#476=LINE('',#3037,#668);
#477=LINE('',#3040,#669);
#478=LINE('',#3044,#670);
#479=LINE('',#3045,#671);
#480=LINE('',#3048,#672);
#481=LINE('',#3052,#673);
#482=LINE('',#3053,#674);
#483=LINE('',#3056,#675);
#484=LINE('',#3060,#676);
#485=LINE('',#3061,#677);
#486=LINE('',#3067,#678);
#487=LINE('',#3069,#679);
#488=LINE('',#3070,#680);
#489=LINE('',#3073,#681);
#490=LINE('',#3077,#682);
#491=LINE('',#3078,#683);
#492=LINE('',#3081,#684);
#493=LINE('',#3085,#685);
#494=LINE('',#3086,#686);
#495=LINE('',#3089,#687);
#496=LINE('',#3093,#688);
#497=LINE('',#3094,#689);
#498=LINE('',#3100,#690);
#499=LINE('',#3102,#691);
#500=LINE('',#3103,#692);
#501=LINE('',#3106,#693);
#502=LINE('',#3110,#694);
#503=LINE('',#3111,#695);
#504=LINE('',#3114,#696);
#505=LINE('',#3118,#697);
#506=LINE('',#3119,#698);
#507=LINE('',#3122,#699);
#508=LINE('',#3126,#700);
#509=LINE('',#3127,#701);
#510=LINE('',#3133,#702);
#511=LINE('',#3135,#703);
#512=LINE('',#3136,#704);
#513=LINE('',#3139,#705);
#514=LINE('',#3143,#706);
#515=LINE('',#3144,#707);
#516=LINE('',#3147,#708);
#517=LINE('',#3151,#709);
#518=LINE('',#3152,#710);
#519=LINE('',#3155,#711);
#520=LINE('',#3159,#712);
#521=LINE('',#3160,#713);
#522=LINE('',#3166,#714);
#523=LINE('',#3169,#715);
#524=LINE('',#3172,#716);
#525=LINE('',#3173,#717);
#526=LINE('',#3176,#718);
#527=LINE('',#3180,#719);
#528=LINE('',#3181,#720);
#529=LINE('',#3184,#721);
#530=LINE('',#3188,#722);
#531=LINE('',#3189,#723);
#532=LINE('',#3192,#724);
#533=LINE('',#3195,#725);
#534=LINE('',#3200,#726);
#535=LINE('',#3202,#727);
#536=LINE('',#3208,#728);
#537=LINE('',#3210,#729);
#538=LINE('',#3214,#730);
#539=LINE('',#3216,#731);
#540=LINE('',#3221,#732);
#541=LINE('',#3224,#733);
#542=LINE('',#3227,#734);
#543=LINE('',#3230,#735);
#544=LINE('',#3233,#736);
#545=LINE('',#3243,#737);
#546=LINE('',#3245,#738);
#547=LINE('',#3246,#739);
#548=LINE('',#3248,#740);
#549=LINE('',#3250,#741);
#550=LINE('',#3253,#742);
#551=LINE('',#3254,#743);
#552=LINE('',#3255,#744);
#553=LINE('',#3257,#745);
#554=LINE('',#3260,#746);
#555=LINE('',#3262,#747);
#556=LINE('',#3266,#748);
#557=LINE('',#3270,#749);
#558=LINE('',#3273,#750);
#559=LINE('',#3276,#751);
#560=LINE('',#3280,#752);
#561=LINE('',#3283,#753);
#562=LINE('',#3285,#754);
#563=LINE('',#3287,#755);
#564=LINE('',#3289,#756);
#565=LINE('',#3292,#757);
#566=LINE('',#3293,#758);
#567=LINE('',#3295,#759);
#568=LINE('',#3296,#760);
#569=LINE('',#3298,#761);
#570=LINE('',#3300,#762);
#571=LINE('',#3302,#763);
#572=LINE('',#3304,#764);
#573=LINE('',#3306,#765);
#574=LINE('',#3308,#766);
#575=LINE('',#3309,#767);
#576=LINE('',#3323,#768);
#577=LINE('',#3324,#769);
#578=LINE('',#3325,#770);
#579=LINE('',#3336,#771);
#580=LINE('',#3338,#772);
#581=LINE('',#3342,#773);
#582=LINE('',#3343,#774);
#583=LINE('',#3345,#775);
#584=LINE('',#3347,#776);
#585=LINE('',#3351,#777);
#586=LINE('',#3356,#778);
#587=LINE('',#3360,#779);
#588=LINE('',#3363,#780);
#589=LINE('',#3366,#781);
#590=LINE('',#3368,#782);
#591=LINE('',#3371,#783);
#592=LINE('',#3373,#784);
#593=VECTOR('',#2204,10.);
#594=VECTOR('',#2205,10.);
#595=VECTOR('',#2206,10.);
#596=VECTOR('',#2207,10.);
#597=VECTOR('',#2210,10.);
#598=VECTOR('',#2211,10.);
#599=VECTOR('',#2212,10.);
#600=VECTOR('',#2215,10.);
#601=VECTOR('',#2216,10.);
#602=VECTOR('',#2217,10.);
#603=VECTOR('',#2220,10.);
#604=VECTOR('',#2221,10.);
#605=VECTOR('',#2226,0.45);
#606=VECTOR('',#2231,0.9);
#607=VECTOR('',#2236,0.45);
#608=VECTOR('',#2241,0.9);
#609=VECTOR('',#2246,0.45);
#610=VECTOR('',#2251,0.9);
#611=VECTOR('',#2256,0.45);
#612=VECTOR('',#2261,0.9);
#613=VECTOR('',#2264,10.);
#614=VECTOR('',#2265,10.);
#615=VECTOR('',#2266,10.);
#616=VECTOR('',#2267,10.);
#617=VECTOR('',#2270,10.);
#618=VECTOR('',#2271,10.);
#619=VECTOR('',#2276,10.);
#620=VECTOR('',#2277,10.);
#621=VECTOR('',#2280,10.);
#622=VECTOR('',#2281,10.);
#623=VECTOR('',#2286,10.);
#624=VECTOR('',#2287,10.);
#625=VECTOR('',#2288,10.);
#626=VECTOR('',#2293,10.);
#627=VECTOR('',#2294,10.);
#628=VECTOR('',#2297,10.);
#629=VECTOR('',#2298,10.);
#630=VECTOR('',#2305,10.);
#631=VECTOR('',#2306,10.);
#632=VECTOR('',#2309,10.);
#633=VECTOR('',#2310,10.);
#634=VECTOR('',#2317,10.);
#635=VECTOR('',#2318,10.);
#636=VECTOR('',#2321,10.);
#637=VECTOR('',#2322,10.);
#638=VECTOR('',#2325,10.);
#639=VECTOR('',#2326,10.);
#640=VECTOR('',#2329,10.);
#641=VECTOR('',#2330,10.);
#642=VECTOR('',#2335,10.);
#643=VECTOR('',#2336,10.);
#644=VECTOR('',#2337,10.);
#645=VECTOR('',#2338,10.);
#646=VECTOR('',#2345,10.);
#647=VECTOR('',#2348,10.);
#648=VECTOR('',#2351,10.);
#649=VECTOR('',#2354,10.);
#650=VECTOR('',#2355,10.);
#651=VECTOR('',#2358,10.);
#652=VECTOR('',#2361,10.);
#653=VECTOR('',#2364,10.);
#654=VECTOR('',#2367,10.);
#655=VECTOR('',#2370,10.);
#656=VECTOR('',#2373,10.);
#657=VECTOR('',#2376,10.);
#658=VECTOR('',#2379,10.);
#659=VECTOR('',#2382,10.);
#660=VECTOR('',#2385,10.);
#661=VECTOR('',#2388,10.);
#662=VECTOR('',#2391,10.);
#663=VECTOR('',#2394,10.);
#664=VECTOR('',#2397,10.);
#665=VECTOR('',#2400,10.);
#666=VECTOR('',#2405,10.);
#667=VECTOR('',#2406,10.);
#668=VECTOR('',#2407,10.);
#669=VECTOR('',#2410,10.);
#670=VECTOR('',#2415,10.);
#671=VECTOR('',#2416,10.);
#672=VECTOR('',#2419,10.);
#673=VECTOR('',#2424,10.);
#674=VECTOR('',#2425,10.);
#675=VECTOR('',#2428,10.);
#676=VECTOR('',#2433,10.);
#677=VECTOR('',#2434,10.);
#678=VECTOR('',#2443,10.);
#679=VECTOR('',#2444,10.);
#680=VECTOR('',#2445,10.);
#681=VECTOR('',#2448,10.);
#682=VECTOR('',#2453,10.);
#683=VECTOR('',#2454,10.);
#684=VECTOR('',#2457,10.);
#685=VECTOR('',#2462,10.);
#686=VECTOR('',#2463,10.);
#687=VECTOR('',#2466,10.);
#688=VECTOR('',#2471,10.);
#689=VECTOR('',#2472,10.);
#690=VECTOR('',#2481,10.);
#691=VECTOR('',#2482,10.);
#692=VECTOR('',#2483,10.);
#693=VECTOR('',#2486,10.);
#694=VECTOR('',#2491,10.);
#695=VECTOR('',#2492,10.);
#696=VECTOR('',#2495,10.);
#697=VECTOR('',#2500,10.);
#698=VECTOR('',#2501,10.);
#699=VECTOR('',#2504,10.);
#700=VECTOR('',#2509,10.);
#701=VECTOR('',#2510,10.);
#702=VECTOR('',#2519,10.);
#703=VECTOR('',#2520,10.);
#704=VECTOR('',#2521,10.);
#705=VECTOR('',#2524,10.);
#706=VECTOR('',#2529,10.);
#707=VECTOR('',#2530,10.);
#708=VECTOR('',#2533,10.);
#709=VECTOR('',#2538,10.);
#710=VECTOR('',#2539,10.);
#711=VECTOR('',#2542,10.);
#712=VECTOR('',#2547,10.);
#713=VECTOR('',#2548,10.);
#714=VECTOR('',#2557,10.);
#715=VECTOR('',#2560,10.);
#716=VECTOR('',#2563,10.);
#717=VECTOR('',#2564,10.);
#718=VECTOR('',#2567,10.);
#719=VECTOR('',#2572,10.);
#720=VECTOR('',#2573,10.);
#721=VECTOR('',#2576,10.);
#722=VECTOR('',#2581,10.);
#723=VECTOR('',#2582,10.);
#724=VECTOR('',#2585,10.);
#725=VECTOR('',#2590,10.);
#726=VECTOR('',#2595,10.);
#727=VECTOR('',#2596,10.);
#728=VECTOR('',#2601,10.);
#729=VECTOR('',#2602,10.);
#730=VECTOR('',#2605,10.);
#731=VECTOR('',#2606,10.);
#732=VECTOR('',#2611,10.);
#733=VECTOR('',#2612,10.);
#734=VECTOR('',#2615,10.);
#735=VECTOR('',#2616,10.);
#736=VECTOR('',#2619,10.);
#737=VECTOR('',#2630,10.);
#738=VECTOR('',#2631,10.);
#739=VECTOR('',#2632,10.);
#740=VECTOR('',#2635,10.);
#741=VECTOR('',#2638,10.);
#742=VECTOR('',#2641,10.);
#743=VECTOR('',#2642,10.);
#744=VECTOR('',#2643,10.);
#745=VECTOR('',#2644,10.);
#746=VECTOR('',#2647,10.);
#747=VECTOR('',#2648,10.);
#748=VECTOR('',#2653,10.);
#749=VECTOR('',#2656,10.);
#750=VECTOR('',#2659,10.);
#751=VECTOR('',#2662,10.);
#752=VECTOR('',#2665,10.);
#753=VECTOR('',#2668,10.);
#754=VECTOR('',#2671,10.);
#755=VECTOR('',#2674,10.);
#756=VECTOR('',#2677,10.);
#757=VECTOR('',#2682,10.);
#758=VECTOR('',#2683,10.);
#759=VECTOR('',#2686,10.);
#760=VECTOR('',#2687,10.);
#761=VECTOR('',#2690,10.);
#762=VECTOR('',#2693,10.);
#763=VECTOR('',#2696,10.);
#764=VECTOR('',#2699,10.);
#765=VECTOR('',#2702,10.);
#766=VECTOR('',#2705,10.);
#767=VECTOR('',#2706,10.);
#768=VECTOR('',#2709,10.);
#769=VECTOR('',#2710,10.);
#770=VECTOR('',#2711,10.);
#771=VECTOR('',#2724,10.);
#772=VECTOR('',#2727,10.);
#773=VECTOR('',#2734,10.);
#774=VECTOR('',#2735,10.);
#775=VECTOR('',#2738,10.);
#776=VECTOR('',#2741,10.);
#777=VECTOR('',#2746,0.95);
#778=VECTOR('',#2753,0.95);
#779=VECTOR('',#2760,10.);
#780=VECTOR('',#2765,10.);
#781=VECTOR('',#2770,10.);
#782=VECTOR('',#2773,10.);
#783=VECTOR('',#2778,10.);
#784=VECTOR('',#2781,10.);
#785=VERTEX_POINT('',#2788);
#786=VERTEX_POINT('',#2789);
#787=VERTEX_POINT('',#2791);
#788=VERTEX_POINT('',#2793);
#789=VERTEX_POINT('',#2797);
#790=VERTEX_POINT('',#2799);
#791=VERTEX_POINT('',#2803);
#792=VERTEX_POINT('',#2805);
#793=VERTEX_POINT('',#2812);
#794=VERTEX_POINT('',#2814);
#795=VERTEX_POINT('',#2817);
#796=VERTEX_POINT('',#2821);
#797=VERTEX_POINT('',#2823);
#798=VERTEX_POINT('',#2826);
#799=VERTEX_POINT('',#2830);
#800=VERTEX_POINT('',#2832);
#801=VERTEX_POINT('',#2835);
#802=VERTEX_POINT('',#2839);
#803=VERTEX_POINT('',#2841);
#804=VERTEX_POINT('',#2844);
#805=VERTEX_POINT('',#2848);
#806=VERTEX_POINT('',#2849);
#807=VERTEX_POINT('',#2851);
#808=VERTEX_POINT('',#2853);
#809=VERTEX_POINT('',#2857);
#810=VERTEX_POINT('',#2858);
#811=VERTEX_POINT('',#2860);
#812=VERTEX_POINT('',#2862);
#813=VERTEX_POINT('',#2864);
#814=VERTEX_POINT('',#2866);
#815=VERTEX_POINT('',#2868);
#816=VERTEX_POINT('',#2870);
#817=VERTEX_POINT('',#2872);
#818=VERTEX_POINT('',#2874);
#819=VERTEX_POINT('',#2876);
#820=VERTEX_POINT('',#2878);
#821=VERTEX_POINT('',#2881);
#822=VERTEX_POINT('',#2883);
#823=VERTEX_POINT('',#2885);
#824=VERTEX_POINT('',#2887);
#825=VERTEX_POINT('',#2889);
#826=VERTEX_POINT('',#2891);
#827=VERTEX_POINT('',#2893);
#828=VERTEX_POINT('',#2895);
#829=VERTEX_POINT('',#2897);
#830=VERTEX_POINT('',#2899);
#831=VERTEX_POINT('',#2903);
#832=VERTEX_POINT('',#2907);
#833=VERTEX_POINT('',#2911);
#834=VERTEX_POINT('',#2913);
#835=VERTEX_POINT('',#2915);
#836=VERTEX_POINT('',#2917);
#837=VERTEX_POINT('',#2919);
#838=VERTEX_POINT('',#2921);
#839=VERTEX_POINT('',#2923);
#840=VERTEX_POINT('',#2925);
#841=VERTEX_POINT('',#2927);
#842=VERTEX_POINT('',#2929);
#843=VERTEX_POINT('',#2931);
#844=VERTEX_POINT('',#2933);
#845=VERTEX_POINT('',#2935);
#846=VERTEX_POINT('',#2937);
#847=VERTEX_POINT('',#2940);
#848=VERTEX_POINT('',#2941);
#849=VERTEX_POINT('',#2943);
#850=VERTEX_POINT('',#2945);
#851=VERTEX_POINT('',#2948);
#852=VERTEX_POINT('',#2950);
#853=VERTEX_POINT('',#2952);
#854=VERTEX_POINT('',#2953);
#855=VERTEX_POINT('',#2955);
#856=VERTEX_POINT('',#2957);
#857=VERTEX_POINT('',#2959);
#858=VERTEX_POINT('',#2961);
#859=VERTEX_POINT('',#2963);
#860=VERTEX_POINT('',#2965);
#861=VERTEX_POINT('',#2968);
#862=VERTEX_POINT('',#2969);
#863=VERTEX_POINT('',#2971);
#864=VERTEX_POINT('',#2973);
#865=VERTEX_POINT('',#2975);
#866=VERTEX_POINT('',#2977);
#867=VERTEX_POINT('',#2979);
#868=VERTEX_POINT('',#2981);
#869=VERTEX_POINT('',#2984);
#870=VERTEX_POINT('',#2985);
#871=VERTEX_POINT('',#2987);
#872=VERTEX_POINT('',#2989);
#873=VERTEX_POINT('',#2991);
#874=VERTEX_POINT('',#2993);
#875=VERTEX_POINT('',#2995);
#876=VERTEX_POINT('',#2997);
#877=VERTEX_POINT('',#3000);
#878=VERTEX_POINT('',#3001);
#879=VERTEX_POINT('',#3003);
#880=VERTEX_POINT('',#3005);
#881=VERTEX_POINT('',#3007);
#882=VERTEX_POINT('',#3009);
#883=VERTEX_POINT('',#3011);
#884=VERTEX_POINT('',#3013);
#885=VERTEX_POINT('',#3016);
#886=VERTEX_POINT('',#3017);
#887=VERTEX_POINT('',#3019);
#888=VERTEX_POINT('',#3021);
#889=VERTEX_POINT('',#3023);
#890=VERTEX_POINT('',#3025);
#891=VERTEX_POINT('',#3027);
#892=VERTEX_POINT('',#3029);
#893=VERTEX_POINT('',#3033);
#894=VERTEX_POINT('',#3035);
#895=VERTEX_POINT('',#3039);
#896=VERTEX_POINT('',#3043);
#897=VERTEX_POINT('',#3047);
#898=VERTEX_POINT('',#3051);
#899=VERTEX_POINT('',#3055);
#900=VERTEX_POINT('',#3059);
#901=VERTEX_POINT('',#3066);
#902=VERTEX_POINT('',#3068);
#903=VERTEX_POINT('',#3072);
#904=VERTEX_POINT('',#3076);
#905=VERTEX_POINT('',#3080);
#906=VERTEX_POINT('',#3084);
#907=VERTEX_POINT('',#3088);
#908=VERTEX_POINT('',#3092);
#909=VERTEX_POINT('',#3099);
#910=VERTEX_POINT('',#3101);
#911=VERTEX_POINT('',#3105);
#912=VERTEX_POINT('',#3109);
#913=VERTEX_POINT('',#3113);
#914=VERTEX_POINT('',#3117);
#915=VERTEX_POINT('',#3121);
#916=VERTEX_POINT('',#3125);
#917=VERTEX_POINT('',#3132);
#918=VERTEX_POINT('',#3134);
#919=VERTEX_POINT('',#3138);
#920=VERTEX_POINT('',#3142);
#921=VERTEX_POINT('',#3146);
#922=VERTEX_POINT('',#3150);
#923=VERTEX_POINT('',#3154);
#924=VERTEX_POINT('',#3158);
#925=VERTEX_POINT('',#3165);
#926=VERTEX_POINT('',#3167);
#927=VERTEX_POINT('',#3171);
#928=VERTEX_POINT('',#3175);
#929=VERTEX_POINT('',#3179);
#930=VERTEX_POINT('',#3183);
#931=VERTEX_POINT('',#3187);
#932=VERTEX_POINT('',#3191);
#933=VERTEX_POINT('',#3198);
#934=VERTEX_POINT('',#3199);
#935=VERTEX_POINT('',#3201);
#936=VERTEX_POINT('',#3203);
#937=VERTEX_POINT('',#3205);
#938=VERTEX_POINT('',#3207);
#939=VERTEX_POINT('',#3209);
#940=VERTEX_POINT('',#3211);
#941=VERTEX_POINT('',#3213);
#942=VERTEX_POINT('',#3215);
#943=VERTEX_POINT('',#3217);
#944=VERTEX_POINT('',#3219);
#945=VERTEX_POINT('',#3222);
#946=VERTEX_POINT('',#3223);
#947=VERTEX_POINT('',#3225);
#948=VERTEX_POINT('',#3228);
#949=VERTEX_POINT('',#3229);
#950=VERTEX_POINT('',#3231);
#951=VERTEX_POINT('',#3234);
#952=VERTEX_POINT('',#3235);
#953=VERTEX_POINT('',#3237);
#954=VERTEX_POINT('',#3239);
#955=VERTEX_POINT('',#3244);
#956=VERTEX_POINT('',#3252);
#957=VERTEX_POINT('',#3256);
#958=VERTEX_POINT('',#3258);
#959=VERTEX_POINT('',#3261);
#960=VERTEX_POINT('',#3265);
#961=VERTEX_POINT('',#3267);
#962=VERTEX_POINT('',#3269);
#963=VERTEX_POINT('',#3271);
#964=VERTEX_POINT('',#3275);
#965=VERTEX_POINT('',#3277);
#966=VERTEX_POINT('',#3279);
#967=VERTEX_POINT('',#3281);
#968=VERTEX_POINT('',#3311);
#969=VERTEX_POINT('',#3312);
#970=VERTEX_POINT('',#3327);
#971=VERTEX_POINT('',#3329);
#972=VERTEX_POINT('',#3331);
#973=VERTEX_POINT('',#3333);
#974=VERTEX_POINT('',#3350);
#975=VERTEX_POINT('',#3355);
#976=EDGE_CURVE('',#785,#786,#401,.T.);
#977=EDGE_CURVE('',#787,#785,#402,.T.);
#978=EDGE_CURVE('',#788,#787,#403,.T.);
#979=EDGE_CURVE('',#786,#788,#404,.T.);
#980=EDGE_CURVE('',#789,#788,#405,.T.);
#981=EDGE_CURVE('',#790,#789,#406,.T.);
#982=EDGE_CURVE('',#786,#790,#407,.T.);
#983=EDGE_CURVE('',#787,#791,#408,.T.);
#984=EDGE_CURVE('',#792,#785,#409,.T.);
#985=EDGE_CURVE('',#792,#791,#410,.T.);
#986=EDGE_CURVE('',#791,#789,#411,.T.);
#987=EDGE_CURVE('',#790,#792,#412,.T.);
#988=EDGE_CURVE('',#793,#793,#82,.T.);
#989=EDGE_CURVE('',#793,#794,#413,.T.);
#990=EDGE_CURVE('',#795,#795,#34,.T.);
#991=EDGE_CURVE('',#795,#793,#414,.T.);
#992=EDGE_CURVE('',#796,#796,#83,.T.);
#993=EDGE_CURVE('',#796,#797,#415,.T.);
#994=EDGE_CURVE('',#798,#798,#35,.T.);
#995=EDGE_CURVE('',#798,#796,#416,.T.);
#996=EDGE_CURVE('',#799,#799,#84,.T.);
#997=EDGE_CURVE('',#799,#800,#417,.T.);
#998=EDGE_CURVE('',#801,#801,#36,.T.);
#999=EDGE_CURVE('',#801,#799,#418,.T.);
#1000=EDGE_CURVE('',#802,#802,#85,.T.);
#1001=EDGE_CURVE('',#802,#803,#419,.T.);
#1002=EDGE_CURVE('',#804,#804,#37,.T.);
#1003=EDGE_CURVE('',#804,#802,#420,.T.);
#1004=EDGE_CURVE('',#805,#806,#421,.T.);
#1005=EDGE_CURVE('',#806,#807,#422,.T.);
#1006=EDGE_CURVE('',#808,#807,#423,.T.);
#1007=EDGE_CURVE('',#808,#805,#424,.T.);
#1008=EDGE_CURVE('',#809,#810,#425,.T.);
#1009=EDGE_CURVE('',#811,#810,#426,.T.);
#1010=EDGE_CURVE('',#812,#811,#86,.T.);
#1011=EDGE_CURVE('',#813,#812,#87,.T.);
#1012=EDGE_CURVE('',#814,#813,#427,.T.);
#1013=EDGE_CURVE('',#815,#814,#428,.T.);
#1014=EDGE_CURVE('',#816,#815,#88,.T.);
#1015=EDGE_CURVE('',#817,#816,#429,.T.);
#1016=EDGE_CURVE('',#818,#817,#430,.T.);
#1017=EDGE_CURVE('',#819,#818,#89,.T.);
#1018=EDGE_CURVE('',#820,#819,#90,.T.);
#1019=EDGE_CURVE('',#809,#820,#431,.T.);
#1020=EDGE_CURVE('',#821,#806,#432,.T.);
#1021=EDGE_CURVE('',#822,#821,#433,.T.);
#1022=EDGE_CURVE('',#823,#822,#91,.T.);
#1023=EDGE_CURVE('',#824,#823,#92,.T.);
#1024=EDGE_CURVE('',#825,#824,#434,.T.);
#1025=EDGE_CURVE('',#826,#825,#435,.T.);
#1026=EDGE_CURVE('',#827,#826,#93,.T.);
#1027=EDGE_CURVE('',#828,#827,#436,.T.);
#1028=EDGE_CURVE('',#829,#828,#437,.T.);
#1029=EDGE_CURVE('',#830,#829,#94,.T.);
#1030=EDGE_CURVE('',#807,#830,#95,.T.);
#1031=EDGE_CURVE('',#821,#831,#438,.T.);
#1032=EDGE_CURVE('',#831,#805,#439,.T.);
#1033=EDGE_CURVE('',#831,#832,#440,.T.);
#1034=EDGE_CURVE('',#822,#832,#441,.T.);
#1035=EDGE_CURVE('',#833,#808,#96,.T.);
#1036=EDGE_CURVE('',#834,#833,#97,.T.);
#1037=EDGE_CURVE('',#835,#834,#442,.T.);
#1038=EDGE_CURVE('',#836,#835,#443,.T.);
#1039=EDGE_CURVE('',#837,#836,#98,.T.);
#1040=EDGE_CURVE('',#837,#838,#444,.T.);
#1041=EDGE_CURVE('',#838,#839,#445,.T.);
#1042=EDGE_CURVE('',#840,#839,#99,.T.);
#1043=EDGE_CURVE('',#840,#841,#446,.T.);
#1044=EDGE_CURVE('',#841,#842,#447,.T.);
#1045=EDGE_CURVE('',#843,#842,#100,.T.);
#1046=EDGE_CURVE('',#844,#843,#448,.T.);
#1047=EDGE_CURVE('',#845,#844,#449,.T.);
#1048=EDGE_CURVE('',#846,#845,#101,.T.);
#1049=EDGE_CURVE('',#832,#846,#102,.T.);
#1050=EDGE_CURVE('',#847,#848,#450,.T.);
#1051=EDGE_CURVE('',#848,#849,#451,.T.);
#1052=EDGE_CURVE('',#849,#850,#452,.T.);
#1053=EDGE_CURVE('',#850,#847,#453,.T.);
#1054=EDGE_CURVE('',#851,#851,#103,.T.);
#1055=EDGE_CURVE('',#852,#852,#104,.T.);
#1056=EDGE_CURVE('',#853,#854,#105,.T.);
#1057=EDGE_CURVE('',#854,#855,#454,.T.);
#1058=EDGE_CURVE('',#855,#856,#106,.T.);
#1059=EDGE_CURVE('',#856,#857,#455,.T.);
#1060=EDGE_CURVE('',#857,#858,#107,.T.);
#1061=EDGE_CURVE('',#858,#859,#456,.T.);
#1062=EDGE_CURVE('',#859,#860,#108,.T.);
#1063=EDGE_CURVE('',#860,#853,#457,.T.);
#1064=EDGE_CURVE('',#861,#862,#458,.T.);
#1065=EDGE_CURVE('',#862,#863,#109,.T.);
#1066=EDGE_CURVE('',#863,#864,#459,.T.);
#1067=EDGE_CURVE('',#864,#865,#110,.T.);
#1068=EDGE_CURVE('',#865,#866,#460,.T.);
#1069=EDGE_CURVE('',#866,#867,#111,.T.);
#1070=EDGE_CURVE('',#867,#868,#461,.T.);
#1071=EDGE_CURVE('',#868,#861,#112,.T.);
#1072=EDGE_CURVE('',#869,#870,#462,.T.);
#1073=EDGE_CURVE('',#870,#871,#113,.T.);
#1074=EDGE_CURVE('',#871,#872,#463,.T.);
#1075=EDGE_CURVE('',#872,#873,#114,.T.);
#1076=EDGE_CURVE('',#873,#874,#464,.T.);
#1077=EDGE_CURVE('',#874,#875,#115,.T.);
#1078=EDGE_CURVE('',#875,#876,#465,.T.);
#1079=EDGE_CURVE('',#876,#869,#116,.T.);
#1080=EDGE_CURVE('',#877,#878,#466,.T.);
#1081=EDGE_CURVE('',#878,#879,#117,.T.);
#1082=EDGE_CURVE('',#879,#880,#467,.T.);
#1083=EDGE_CURVE('',#880,#881,#118,.T.);
#1084=EDGE_CURVE('',#881,#882,#468,.T.);
#1085=EDGE_CURVE('',#882,#883,#119,.T.);
#1086=EDGE_CURVE('',#883,#884,#469,.T.);
#1087=EDGE_CURVE('',#884,#877,#120,.T.);
#1088=EDGE_CURVE('',#885,#886,#470,.T.);
#1089=EDGE_CURVE('',#886,#887,#121,.T.);
#1090=EDGE_CURVE('',#887,#888,#471,.T.);
#1091=EDGE_CURVE('',#888,#889,#122,.T.);
#1092=EDGE_CURVE('',#889,#890,#472,.T.);
#1093=EDGE_CURVE('',#890,#891,#123,.T.);
#1094=EDGE_CURVE('',#891,#892,#473,.T.);
#1095=EDGE_CURVE('',#892,#885,#124,.T.);
#1096=EDGE_CURVE('',#885,#893,#474,.T.);
#1097=EDGE_CURVE('',#893,#894,#475,.T.);
#1098=EDGE_CURVE('',#886,#894,#476,.T.);
#1099=EDGE_CURVE('',#892,#895,#477,.T.);
#1100=EDGE_CURVE('',#895,#893,#125,.T.);
#1101=EDGE_CURVE('',#891,#896,#478,.T.);
#1102=EDGE_CURVE('',#896,#895,#479,.T.);
#1103=EDGE_CURVE('',#890,#897,#480,.T.);
#1104=EDGE_CURVE('',#897,#896,#126,.T.);
#1105=EDGE_CURVE('',#889,#898,#481,.T.);
#1106=EDGE_CURVE('',#898,#897,#482,.T.);
#1107=EDGE_CURVE('',#888,#899,#483,.T.);
#1108=EDGE_CURVE('',#899,#898,#127,.T.);
#1109=EDGE_CURVE('',#887,#900,#484,.T.);
#1110=EDGE_CURVE('',#900,#899,#485,.T.);
#1111=EDGE_CURVE('',#894,#900,#128,.T.);
#1112=EDGE_CURVE('',#877,#901,#486,.T.);
#1113=EDGE_CURVE('',#901,#902,#487,.T.);
#1114=EDGE_CURVE('',#878,#902,#488,.T.);
#1115=EDGE_CURVE('',#884,#903,#489,.T.);
#1116=EDGE_CURVE('',#903,#901,#129,.T.);
#1117=EDGE_CURVE('',#883,#904,#490,.T.);
#1118=EDGE_CURVE('',#904,#903,#491,.T.);
#1119=EDGE_CURVE('',#882,#905,#492,.T.);
#1120=EDGE_CURVE('',#905,#904,#130,.T.);
#1121=EDGE_CURVE('',#881,#906,#493,.T.);
#1122=EDGE_CURVE('',#906,#905,#494,.T.);
#1123=EDGE_CURVE('',#880,#907,#495,.T.);
#1124=EDGE_CURVE('',#907,#906,#131,.T.);
#1125=EDGE_CURVE('',#879,#908,#496,.T.);
#1126=EDGE_CURVE('',#908,#907,#497,.T.);
#1127=EDGE_CURVE('',#902,#908,#132,.T.);
#1128=EDGE_CURVE('',#869,#909,#498,.T.);
#1129=EDGE_CURVE('',#909,#910,#499,.T.);
#1130=EDGE_CURVE('',#870,#910,#500,.T.);
#1131=EDGE_CURVE('',#876,#911,#501,.T.);
#1132=EDGE_CURVE('',#911,#909,#133,.T.);
#1133=EDGE_CURVE('',#875,#912,#502,.T.);
#1134=EDGE_CURVE('',#912,#911,#503,.T.);
#1135=EDGE_CURVE('',#874,#913,#504,.T.);
#1136=EDGE_CURVE('',#913,#912,#134,.T.);
#1137=EDGE_CURVE('',#873,#914,#505,.T.);
#1138=EDGE_CURVE('',#914,#913,#506,.T.);
#1139=EDGE_CURVE('',#872,#915,#507,.T.);
#1140=EDGE_CURVE('',#915,#914,#135,.T.);
#1141=EDGE_CURVE('',#871,#916,#508,.T.);
#1142=EDGE_CURVE('',#916,#915,#509,.T.);
#1143=EDGE_CURVE('',#910,#916,#136,.T.);
#1144=EDGE_CURVE('',#861,#917,#510,.T.);
#1145=EDGE_CURVE('',#917,#918,#511,.T.);
#1146=EDGE_CURVE('',#862,#918,#512,.T.);
#1147=EDGE_CURVE('',#868,#919,#513,.T.);
#1148=EDGE_CURVE('',#919,#917,#137,.T.);
#1149=EDGE_CURVE('',#867,#920,#514,.T.);
#1150=EDGE_CURVE('',#920,#919,#515,.T.);
#1151=EDGE_CURVE('',#866,#921,#516,.T.);
#1152=EDGE_CURVE('',#921,#920,#138,.T.);
#1153=EDGE_CURVE('',#865,#922,#517,.T.);
#1154=EDGE_CURVE('',#922,#921,#518,.T.);
#1155=EDGE_CURVE('',#864,#923,#519,.T.);
#1156=EDGE_CURVE('',#923,#922,#139,.T.);
#1157=EDGE_CURVE('',#863,#924,#520,.T.);
#1158=EDGE_CURVE('',#924,#923,#521,.T.);
#1159=EDGE_CURVE('',#918,#924,#140,.T.);
#1160=EDGE_CURVE('',#853,#925,#522,.T.);
#1161=EDGE_CURVE('',#925,#926,#141,.T.);
#1162=EDGE_CURVE('',#854,#926,#523,.T.);
#1163=EDGE_CURVE('',#860,#927,#524,.T.);
#1164=EDGE_CURVE('',#927,#925,#525,.T.);
#1165=EDGE_CURVE('',#859,#928,#526,.T.);
#1166=EDGE_CURVE('',#928,#927,#142,.T.);
#1167=EDGE_CURVE('',#858,#929,#527,.T.);
#1168=EDGE_CURVE('',#929,#928,#528,.T.);
#1169=EDGE_CURVE('',#857,#930,#529,.T.);
#1170=EDGE_CURVE('',#930,#929,#143,.T.);
#1171=EDGE_CURVE('',#856,#931,#530,.T.);
#1172=EDGE_CURVE('',#931,#930,#531,.T.);
#1173=EDGE_CURVE('',#855,#932,#532,.T.);
#1174=EDGE_CURVE('',#932,#931,#144,.T.);
#1175=EDGE_CURVE('',#926,#932,#533,.T.);
#1176=EDGE_CURVE('',#933,#934,#534,.T.);
#1177=EDGE_CURVE('',#934,#935,#535,.T.);
#1178=EDGE_CURVE('',#935,#936,#145,.T.);
#1179=EDGE_CURVE('',#936,#937,#146,.T.);
#1180=EDGE_CURVE('',#937,#938,#536,.T.);
#1181=EDGE_CURVE('',#938,#939,#537,.T.);
#1182=EDGE_CURVE('',#939,#940,#147,.T.);
#1183=EDGE_CURVE('',#940,#941,#538,.T.);
#1184=EDGE_CURVE('',#941,#942,#539,.T.);
#1185=EDGE_CURVE('',#942,#943,#148,.T.);
#1186=EDGE_CURVE('',#943,#944,#149,.T.);
#1187=EDGE_CURVE('',#944,#933,#540,.T.);
#1188=EDGE_CURVE('',#945,#946,#541,.T.);
#1189=EDGE_CURVE('',#945,#947,#150,.T.);
#1190=EDGE_CURVE('',#947,#946,#542,.T.);
#1191=EDGE_CURVE('',#948,#949,#543,.T.);
#1192=EDGE_CURVE('',#949,#950,#151,.T.);
#1193=EDGE_CURVE('',#948,#950,#544,.T.);
#1194=EDGE_CURVE('',#951,#952,#152,.T.);
#1195=EDGE_CURVE('',#951,#953,#153,.F.);
#1196=EDGE_CURVE('',#954,#953,#154,.T.);
#1197=EDGE_CURVE('',#954,#952,#155,.F.);
#1198=EDGE_CURVE('',#934,#809,#545,.T.);
#1199=EDGE_CURVE('',#955,#933,#546,.T.);
#1200=EDGE_CURVE('',#810,#955,#547,.T.);
#1201=EDGE_CURVE('',#935,#820,#548,.T.);
#1202=EDGE_CURVE('',#833,#830,#549,.T.);
#1203=EDGE_CURVE('',#956,#837,#550,.T.);
#1204=EDGE_CURVE('',#827,#836,#551,.T.);
#1205=EDGE_CURVE('',#826,#843,#552,.T.);
#1206=EDGE_CURVE('',#842,#957,#553,.T.);
#1207=EDGE_CURVE('',#957,#958,#156,.T.);
#1208=EDGE_CURVE('',#958,#840,#554,.T.);
#1209=EDGE_CURVE('',#839,#959,#555,.T.);
#1210=EDGE_CURVE('',#959,#956,#157,.T.);
#1211=EDGE_CURVE('',#960,#847,#556,.T.);
#1212=EDGE_CURVE('',#961,#960,#158,.T.);
#1213=EDGE_CURVE('',#962,#961,#557,.F.);
#1214=EDGE_CURVE('',#963,#962,#159,.T.);
#1215=EDGE_CURVE('',#963,#848,#558,.T.);
#1216=EDGE_CURVE('',#964,#849,#559,.T.);
#1217=EDGE_CURVE('',#965,#964,#160,.T.);
#1218=EDGE_CURVE('',#966,#965,#560,.F.);
#1219=EDGE_CURVE('',#967,#966,#161,.T.);
#1220=EDGE_CURVE('',#967,#850,#561,.T.);
#1221=EDGE_CURVE('',#823,#846,#562,.T.);
#1222=EDGE_CURVE('',#824,#845,#563,.T.);
#1223=EDGE_CURVE('',#825,#844,#564,.T.);
#1224=EDGE_CURVE('',#946,#841,#565,.T.);
#1225=EDGE_CURVE('',#958,#945,#566,.T.);
#1226=EDGE_CURVE('',#939,#816,#567,.F.);
#1227=EDGE_CURVE('',#938,#817,#568,.T.);
#1228=EDGE_CURVE('',#940,#815,#569,.F.);
#1229=EDGE_CURVE('',#941,#814,#570,.T.);
#1230=EDGE_CURVE('',#942,#813,#571,.T.);
#1231=EDGE_CURVE('',#943,#812,#572,.T.);
#1232=EDGE_CURVE('',#811,#944,#573,.T.);
#1233=EDGE_CURVE('',#838,#948,#574,.T.);
#1234=EDGE_CURVE('',#950,#959,#575,.T.);
#1235=EDGE_CURVE('',#968,#969,#15,.F.);
#1236=EDGE_CURVE('',#968,#961,#576,.T.);
#1237=EDGE_CURVE('',#960,#967,#577,.T.);
#1238=EDGE_CURVE('',#966,#969,#578,.T.);
#1239=EDGE_CURVE('',#968,#970,#162,.F.);
#1240=EDGE_CURVE('',#971,#970,#163,.T.);
#1241=EDGE_CURVE('',#971,#972,#164,.F.);
#1242=EDGE_CURVE('',#973,#972,#165,.T.);
#1243=EDGE_CURVE('',#973,#969,#166,.F.);
#1244=EDGE_CURVE('',#962,#965,#579,.T.);
#1245=EDGE_CURVE('',#964,#963,#580,.T.);
#1246=EDGE_CURVE('',#972,#951,#581,.T.);
#1247=EDGE_CURVE('',#952,#973,#582,.T.);
#1248=EDGE_CURVE('',#970,#954,#583,.T.);
#1249=EDGE_CURVE('',#953,#971,#584,.T.);
#1250=EDGE_CURVE('',#851,#974,#585,.T.);
#1251=EDGE_CURVE('',#974,#974,#167,.T.);
#1252=EDGE_CURVE('',#852,#975,#586,.T.);
#1253=EDGE_CURVE('',#975,#975,#168,.T.);
#1254=EDGE_CURVE('',#956,#949,#587,.T.);
#1255=EDGE_CURVE('',#957,#947,#588,.T.);
#1256=EDGE_CURVE('',#937,#818,#589,.T.);
#1257=EDGE_CURVE('',#936,#819,#590,.F.);
#1258=EDGE_CURVE('',#828,#835,#591,.T.);
#1259=EDGE_CURVE('',#829,#834,#592,.T.);
#1260=ORIENTED_EDGE('',*,*,#976,.F.);
#1261=ORIENTED_EDGE('',*,*,#977,.F.);
#1262=ORIENTED_EDGE('',*,*,#978,.F.);
#1263=ORIENTED_EDGE('',*,*,#979,.F.);
#1264=ORIENTED_EDGE('',*,*,#980,.F.);
#1265=ORIENTED_EDGE('',*,*,#981,.F.);
#1266=ORIENTED_EDGE('',*,*,#982,.F.);
#1267=ORIENTED_EDGE('',*,*,#979,.T.);
#1268=ORIENTED_EDGE('',*,*,#983,.F.);
#1269=ORIENTED_EDGE('',*,*,#977,.T.);
#1270=ORIENTED_EDGE('',*,*,#984,.F.);
#1271=ORIENTED_EDGE('',*,*,#985,.T.);
#1272=ORIENTED_EDGE('',*,*,#986,.F.);
#1273=ORIENTED_EDGE('',*,*,#985,.F.);
#1274=ORIENTED_EDGE('',*,*,#987,.F.);
#1275=ORIENTED_EDGE('',*,*,#981,.T.);
#1276=ORIENTED_EDGE('',*,*,#988,.F.);
#1277=ORIENTED_EDGE('',*,*,#989,.T.);
#1278=ORIENTED_EDGE('',*,*,#989,.F.);
#1279=ORIENTED_EDGE('',*,*,#990,.F.);
#1280=ORIENTED_EDGE('',*,*,#991,.T.);
#1281=ORIENTED_EDGE('',*,*,#988,.T.);
#1282=ORIENTED_EDGE('',*,*,#991,.F.);
#1283=ORIENTED_EDGE('',*,*,#992,.F.);
#1284=ORIENTED_EDGE('',*,*,#993,.T.);
#1285=ORIENTED_EDGE('',*,*,#993,.F.);
#1286=ORIENTED_EDGE('',*,*,#994,.F.);
#1287=ORIENTED_EDGE('',*,*,#995,.T.);
#1288=ORIENTED_EDGE('',*,*,#992,.T.);
#1289=ORIENTED_EDGE('',*,*,#995,.F.);
#1290=ORIENTED_EDGE('',*,*,#996,.F.);
#1291=ORIENTED_EDGE('',*,*,#997,.T.);
#1292=ORIENTED_EDGE('',*,*,#997,.F.);
#1293=ORIENTED_EDGE('',*,*,#998,.F.);
#1294=ORIENTED_EDGE('',*,*,#999,.T.);
#1295=ORIENTED_EDGE('',*,*,#996,.T.);
#1296=ORIENTED_EDGE('',*,*,#999,.F.);
#1297=ORIENTED_EDGE('',*,*,#1000,.F.);
#1298=ORIENTED_EDGE('',*,*,#1001,.T.);
#1299=ORIENTED_EDGE('',*,*,#1001,.F.);
#1300=ORIENTED_EDGE('',*,*,#1002,.F.);
#1301=ORIENTED_EDGE('',*,*,#1003,.T.);
#1302=ORIENTED_EDGE('',*,*,#1000,.T.);
#1303=ORIENTED_EDGE('',*,*,#1003,.F.);
#1304=ORIENTED_EDGE('',*,*,#1004,.T.);
#1305=ORIENTED_EDGE('',*,*,#1005,.T.);
#1306=ORIENTED_EDGE('',*,*,#1006,.F.);
#1307=ORIENTED_EDGE('',*,*,#1007,.T.);
#1308=ORIENTED_EDGE('',*,*,#1008,.T.);
#1309=ORIENTED_EDGE('',*,*,#1009,.F.);
#1310=ORIENTED_EDGE('',*,*,#1010,.F.);
#1311=ORIENTED_EDGE('',*,*,#1011,.F.);
#1312=ORIENTED_EDGE('',*,*,#1012,.F.);
#1313=ORIENTED_EDGE('',*,*,#1013,.F.);
#1314=ORIENTED_EDGE('',*,*,#1014,.F.);
#1315=ORIENTED_EDGE('',*,*,#1015,.F.);
#1316=ORIENTED_EDGE('',*,*,#1016,.F.);
#1317=ORIENTED_EDGE('',*,*,#1017,.F.);
#1318=ORIENTED_EDGE('',*,*,#1018,.F.);
#1319=ORIENTED_EDGE('',*,*,#1019,.F.);
#1320=ORIENTED_EDGE('',*,*,#1020,.F.);
#1321=ORIENTED_EDGE('',*,*,#1021,.F.);
#1322=ORIENTED_EDGE('',*,*,#1022,.F.);
#1323=ORIENTED_EDGE('',*,*,#1023,.F.);
#1324=ORIENTED_EDGE('',*,*,#1024,.F.);
#1325=ORIENTED_EDGE('',*,*,#1025,.F.);
#1326=ORIENTED_EDGE('',*,*,#1026,.F.);
#1327=ORIENTED_EDGE('',*,*,#1027,.F.);
#1328=ORIENTED_EDGE('',*,*,#1028,.F.);
#1329=ORIENTED_EDGE('',*,*,#1029,.F.);
#1330=ORIENTED_EDGE('',*,*,#1030,.F.);
#1331=ORIENTED_EDGE('',*,*,#1005,.F.);
#1332=ORIENTED_EDGE('',*,*,#1031,.F.);
#1333=ORIENTED_EDGE('',*,*,#1020,.T.);
#1334=ORIENTED_EDGE('',*,*,#1004,.F.);
#1335=ORIENTED_EDGE('',*,*,#1032,.F.);
#1336=ORIENTED_EDGE('',*,*,#983,.T.);
#1337=ORIENTED_EDGE('',*,*,#986,.T.);
#1338=ORIENTED_EDGE('',*,*,#980,.T.);
#1339=ORIENTED_EDGE('',*,*,#978,.T.);
#1340=ORIENTED_EDGE('',*,*,#1031,.T.);
#1341=ORIENTED_EDGE('',*,*,#1033,.T.);
#1342=ORIENTED_EDGE('',*,*,#1034,.F.);
#1343=ORIENTED_EDGE('',*,*,#1021,.T.);
#1344=ORIENTED_EDGE('',*,*,#1032,.T.);
#1345=ORIENTED_EDGE('',*,*,#1007,.F.);
#1346=ORIENTED_EDGE('',*,*,#1035,.F.);
#1347=ORIENTED_EDGE('',*,*,#1036,.F.);
#1348=ORIENTED_EDGE('',*,*,#1037,.F.);
#1349=ORIENTED_EDGE('',*,*,#1038,.F.);
#1350=ORIENTED_EDGE('',*,*,#1039,.F.);
#1351=ORIENTED_EDGE('',*,*,#1040,.T.);
#1352=ORIENTED_EDGE('',*,*,#1041,.T.);
#1353=ORIENTED_EDGE('',*,*,#1042,.F.);
#1354=ORIENTED_EDGE('',*,*,#1043,.T.);
#1355=ORIENTED_EDGE('',*,*,#1044,.T.);
#1356=ORIENTED_EDGE('',*,*,#1045,.F.);
#1357=ORIENTED_EDGE('',*,*,#1046,.F.);
#1358=ORIENTED_EDGE('',*,*,#1047,.F.);
#1359=ORIENTED_EDGE('',*,*,#1048,.F.);
#1360=ORIENTED_EDGE('',*,*,#1049,.F.);
#1361=ORIENTED_EDGE('',*,*,#1033,.F.);
#1362=ORIENTED_EDGE('',*,*,#1050,.T.);
#1363=ORIENTED_EDGE('',*,*,#1051,.T.);
#1364=ORIENTED_EDGE('',*,*,#1052,.T.);
#1365=ORIENTED_EDGE('',*,*,#1053,.T.);
#1366=ORIENTED_EDGE('',*,*,#1054,.T.);
#1367=ORIENTED_EDGE('',*,*,#1055,.T.);
#1368=ORIENTED_EDGE('',*,*,#1056,.T.);
#1369=ORIENTED_EDGE('',*,*,#1057,.T.);
#1370=ORIENTED_EDGE('',*,*,#1058,.T.);
#1371=ORIENTED_EDGE('',*,*,#1059,.T.);
#1372=ORIENTED_EDGE('',*,*,#1060,.T.);
#1373=ORIENTED_EDGE('',*,*,#1061,.T.);
#1374=ORIENTED_EDGE('',*,*,#1062,.T.);
#1375=ORIENTED_EDGE('',*,*,#1063,.T.);
#1376=ORIENTED_EDGE('',*,*,#1064,.T.);
#1377=ORIENTED_EDGE('',*,*,#1065,.T.);
#1378=ORIENTED_EDGE('',*,*,#1066,.T.);
#1379=ORIENTED_EDGE('',*,*,#1067,.T.);
#1380=ORIENTED_EDGE('',*,*,#1068,.T.);
#1381=ORIENTED_EDGE('',*,*,#1069,.T.);
#1382=ORIENTED_EDGE('',*,*,#1070,.T.);
#1383=ORIENTED_EDGE('',*,*,#1071,.T.);
#1384=ORIENTED_EDGE('',*,*,#1072,.T.);
#1385=ORIENTED_EDGE('',*,*,#1073,.T.);
#1386=ORIENTED_EDGE('',*,*,#1074,.T.);
#1387=ORIENTED_EDGE('',*,*,#1075,.T.);
#1388=ORIENTED_EDGE('',*,*,#1076,.T.);
#1389=ORIENTED_EDGE('',*,*,#1077,.T.);
#1390=ORIENTED_EDGE('',*,*,#1078,.T.);
#1391=ORIENTED_EDGE('',*,*,#1079,.T.);
#1392=ORIENTED_EDGE('',*,*,#1080,.T.);
#1393=ORIENTED_EDGE('',*,*,#1081,.T.);
#1394=ORIENTED_EDGE('',*,*,#1082,.T.);
#1395=ORIENTED_EDGE('',*,*,#1083,.T.);
#1396=ORIENTED_EDGE('',*,*,#1084,.T.);
#1397=ORIENTED_EDGE('',*,*,#1085,.T.);
#1398=ORIENTED_EDGE('',*,*,#1086,.T.);
#1399=ORIENTED_EDGE('',*,*,#1087,.T.);
#1400=ORIENTED_EDGE('',*,*,#1088,.T.);
#1401=ORIENTED_EDGE('',*,*,#1089,.T.);
#1402=ORIENTED_EDGE('',*,*,#1090,.T.);
#1403=ORIENTED_EDGE('',*,*,#1091,.T.);
#1404=ORIENTED_EDGE('',*,*,#1092,.T.);
#1405=ORIENTED_EDGE('',*,*,#1093,.T.);
#1406=ORIENTED_EDGE('',*,*,#1094,.T.);
#1407=ORIENTED_EDGE('',*,*,#1095,.T.);
#1408=ORIENTED_EDGE('',*,*,#1088,.F.);
#1409=ORIENTED_EDGE('',*,*,#1096,.T.);
#1410=ORIENTED_EDGE('',*,*,#1097,.T.);
#1411=ORIENTED_EDGE('',*,*,#1098,.F.);
#1412=ORIENTED_EDGE('',*,*,#1095,.F.);
#1413=ORIENTED_EDGE('',*,*,#1099,.T.);
#1414=ORIENTED_EDGE('',*,*,#1100,.T.);
#1415=ORIENTED_EDGE('',*,*,#1096,.F.);
#1416=ORIENTED_EDGE('',*,*,#1094,.F.);
#1417=ORIENTED_EDGE('',*,*,#1101,.T.);
#1418=ORIENTED_EDGE('',*,*,#1102,.T.);
#1419=ORIENTED_EDGE('',*,*,#1099,.F.);
#1420=ORIENTED_EDGE('',*,*,#1093,.F.);
#1421=ORIENTED_EDGE('',*,*,#1103,.T.);
#1422=ORIENTED_EDGE('',*,*,#1104,.T.);
#1423=ORIENTED_EDGE('',*,*,#1101,.F.);
#1424=ORIENTED_EDGE('',*,*,#1092,.F.);
#1425=ORIENTED_EDGE('',*,*,#1105,.T.);
#1426=ORIENTED_EDGE('',*,*,#1106,.T.);
#1427=ORIENTED_EDGE('',*,*,#1103,.F.);
#1428=ORIENTED_EDGE('',*,*,#1091,.F.);
#1429=ORIENTED_EDGE('',*,*,#1107,.T.);
#1430=ORIENTED_EDGE('',*,*,#1108,.T.);
#1431=ORIENTED_EDGE('',*,*,#1105,.F.);
#1432=ORIENTED_EDGE('',*,*,#1090,.F.);
#1433=ORIENTED_EDGE('',*,*,#1109,.T.);
#1434=ORIENTED_EDGE('',*,*,#1110,.T.);
#1435=ORIENTED_EDGE('',*,*,#1107,.F.);
#1436=ORIENTED_EDGE('',*,*,#1089,.F.);
#1437=ORIENTED_EDGE('',*,*,#1098,.T.);
#1438=ORIENTED_EDGE('',*,*,#1111,.T.);
#1439=ORIENTED_EDGE('',*,*,#1109,.F.);
#1440=ORIENTED_EDGE('',*,*,#1111,.F.);
#1441=ORIENTED_EDGE('',*,*,#1097,.F.);
#1442=ORIENTED_EDGE('',*,*,#1100,.F.);
#1443=ORIENTED_EDGE('',*,*,#1102,.F.);
#1444=ORIENTED_EDGE('',*,*,#1104,.F.);
#1445=ORIENTED_EDGE('',*,*,#1106,.F.);
#1446=ORIENTED_EDGE('',*,*,#1108,.F.);
#1447=ORIENTED_EDGE('',*,*,#1110,.F.);
#1448=ORIENTED_EDGE('',*,*,#1080,.F.);
#1449=ORIENTED_EDGE('',*,*,#1112,.T.);
#1450=ORIENTED_EDGE('',*,*,#1113,.T.);
#1451=ORIENTED_EDGE('',*,*,#1114,.F.);
#1452=ORIENTED_EDGE('',*,*,#1087,.F.);
#1453=ORIENTED_EDGE('',*,*,#1115,.T.);
#1454=ORIENTED_EDGE('',*,*,#1116,.T.);
#1455=ORIENTED_EDGE('',*,*,#1112,.F.);
#1456=ORIENTED_EDGE('',*,*,#1086,.F.);
#1457=ORIENTED_EDGE('',*,*,#1117,.T.);
#1458=ORIENTED_EDGE('',*,*,#1118,.T.);
#1459=ORIENTED_EDGE('',*,*,#1115,.F.);
#1460=ORIENTED_EDGE('',*,*,#1085,.F.);
#1461=ORIENTED_EDGE('',*,*,#1119,.T.);
#1462=ORIENTED_EDGE('',*,*,#1120,.T.);
#1463=ORIENTED_EDGE('',*,*,#1117,.F.);
#1464=ORIENTED_EDGE('',*,*,#1084,.F.);
#1465=ORIENTED_EDGE('',*,*,#1121,.T.);
#1466=ORIENTED_EDGE('',*,*,#1122,.T.);
#1467=ORIENTED_EDGE('',*,*,#1119,.F.);
#1468=ORIENTED_EDGE('',*,*,#1083,.F.);
#1469=ORIENTED_EDGE('',*,*,#1123,.T.);
#1470=ORIENTED_EDGE('',*,*,#1124,.T.);
#1471=ORIENTED_EDGE('',*,*,#1121,.F.);
#1472=ORIENTED_EDGE('',*,*,#1082,.F.);
#1473=ORIENTED_EDGE('',*,*,#1125,.T.);
#1474=ORIENTED_EDGE('',*,*,#1126,.T.);
#1475=ORIENTED_EDGE('',*,*,#1123,.F.);
#1476=ORIENTED_EDGE('',*,*,#1081,.F.);
#1477=ORIENTED_EDGE('',*,*,#1114,.T.);
#1478=ORIENTED_EDGE('',*,*,#1127,.T.);
#1479=ORIENTED_EDGE('',*,*,#1125,.F.);
#1480=ORIENTED_EDGE('',*,*,#1127,.F.);
#1481=ORIENTED_EDGE('',*,*,#1113,.F.);
#1482=ORIENTED_EDGE('',*,*,#1116,.F.);
#1483=ORIENTED_EDGE('',*,*,#1118,.F.);
#1484=ORIENTED_EDGE('',*,*,#1120,.F.);
#1485=ORIENTED_EDGE('',*,*,#1122,.F.);
#1486=ORIENTED_EDGE('',*,*,#1124,.F.);
#1487=ORIENTED_EDGE('',*,*,#1126,.F.);
#1488=ORIENTED_EDGE('',*,*,#1072,.F.);
#1489=ORIENTED_EDGE('',*,*,#1128,.T.);
#1490=ORIENTED_EDGE('',*,*,#1129,.T.);
#1491=ORIENTED_EDGE('',*,*,#1130,.F.);
#1492=ORIENTED_EDGE('',*,*,#1079,.F.);
#1493=ORIENTED_EDGE('',*,*,#1131,.T.);
#1494=ORIENTED_EDGE('',*,*,#1132,.T.);
#1495=ORIENTED_EDGE('',*,*,#1128,.F.);
#1496=ORIENTED_EDGE('',*,*,#1078,.F.);
#1497=ORIENTED_EDGE('',*,*,#1133,.T.);
#1498=ORIENTED_EDGE('',*,*,#1134,.T.);
#1499=ORIENTED_EDGE('',*,*,#1131,.F.);
#1500=ORIENTED_EDGE('',*,*,#1077,.F.);
#1501=ORIENTED_EDGE('',*,*,#1135,.T.);
#1502=ORIENTED_EDGE('',*,*,#1136,.T.);
#1503=ORIENTED_EDGE('',*,*,#1133,.F.);
#1504=ORIENTED_EDGE('',*,*,#1076,.F.);
#1505=ORIENTED_EDGE('',*,*,#1137,.T.);
#1506=ORIENTED_EDGE('',*,*,#1138,.T.);
#1507=ORIENTED_EDGE('',*,*,#1135,.F.);
#1508=ORIENTED_EDGE('',*,*,#1075,.F.);
#1509=ORIENTED_EDGE('',*,*,#1139,.T.);
#1510=ORIENTED_EDGE('',*,*,#1140,.T.);
#1511=ORIENTED_EDGE('',*,*,#1137,.F.);
#1512=ORIENTED_EDGE('',*,*,#1074,.F.);
#1513=ORIENTED_EDGE('',*,*,#1141,.T.);
#1514=ORIENTED_EDGE('',*,*,#1142,.T.);
#1515=ORIENTED_EDGE('',*,*,#1139,.F.);
#1516=ORIENTED_EDGE('',*,*,#1073,.F.);
#1517=ORIENTED_EDGE('',*,*,#1130,.T.);
#1518=ORIENTED_EDGE('',*,*,#1143,.T.);
#1519=ORIENTED_EDGE('',*,*,#1141,.F.);
#1520=ORIENTED_EDGE('',*,*,#1143,.F.);
#1521=ORIENTED_EDGE('',*,*,#1129,.F.);
#1522=ORIENTED_EDGE('',*,*,#1132,.F.);
#1523=ORIENTED_EDGE('',*,*,#1134,.F.);
#1524=ORIENTED_EDGE('',*,*,#1136,.F.);
#1525=ORIENTED_EDGE('',*,*,#1138,.F.);
#1526=ORIENTED_EDGE('',*,*,#1140,.F.);
#1527=ORIENTED_EDGE('',*,*,#1142,.F.);
#1528=ORIENTED_EDGE('',*,*,#1064,.F.);
#1529=ORIENTED_EDGE('',*,*,#1144,.T.);
#1530=ORIENTED_EDGE('',*,*,#1145,.T.);
#1531=ORIENTED_EDGE('',*,*,#1146,.F.);
#1532=ORIENTED_EDGE('',*,*,#1071,.F.);
#1533=ORIENTED_EDGE('',*,*,#1147,.T.);
#1534=ORIENTED_EDGE('',*,*,#1148,.T.);
#1535=ORIENTED_EDGE('',*,*,#1144,.F.);
#1536=ORIENTED_EDGE('',*,*,#1070,.F.);
#1537=ORIENTED_EDGE('',*,*,#1149,.T.);
#1538=ORIENTED_EDGE('',*,*,#1150,.T.);
#1539=ORIENTED_EDGE('',*,*,#1147,.F.);
#1540=ORIENTED_EDGE('',*,*,#1069,.F.);
#1541=ORIENTED_EDGE('',*,*,#1151,.T.);
#1542=ORIENTED_EDGE('',*,*,#1152,.T.);
#1543=ORIENTED_EDGE('',*,*,#1149,.F.);
#1544=ORIENTED_EDGE('',*,*,#1068,.F.);
#1545=ORIENTED_EDGE('',*,*,#1153,.T.);
#1546=ORIENTED_EDGE('',*,*,#1154,.T.);
#1547=ORIENTED_EDGE('',*,*,#1151,.F.);
#1548=ORIENTED_EDGE('',*,*,#1067,.F.);
#1549=ORIENTED_EDGE('',*,*,#1155,.T.);
#1550=ORIENTED_EDGE('',*,*,#1156,.T.);
#1551=ORIENTED_EDGE('',*,*,#1153,.F.);
#1552=ORIENTED_EDGE('',*,*,#1066,.F.);
#1553=ORIENTED_EDGE('',*,*,#1157,.T.);
#1554=ORIENTED_EDGE('',*,*,#1158,.T.);
#1555=ORIENTED_EDGE('',*,*,#1155,.F.);
#1556=ORIENTED_EDGE('',*,*,#1065,.F.);
#1557=ORIENTED_EDGE('',*,*,#1146,.T.);
#1558=ORIENTED_EDGE('',*,*,#1159,.T.);
#1559=ORIENTED_EDGE('',*,*,#1157,.F.);
#1560=ORIENTED_EDGE('',*,*,#1159,.F.);
#1561=ORIENTED_EDGE('',*,*,#1145,.F.);
#1562=ORIENTED_EDGE('',*,*,#1148,.F.);
#1563=ORIENTED_EDGE('',*,*,#1150,.F.);
#1564=ORIENTED_EDGE('',*,*,#1152,.F.);
#1565=ORIENTED_EDGE('',*,*,#1154,.F.);
#1566=ORIENTED_EDGE('',*,*,#1156,.F.);
#1567=ORIENTED_EDGE('',*,*,#1158,.F.);
#1568=ORIENTED_EDGE('',*,*,#1056,.F.);
#1569=ORIENTED_EDGE('',*,*,#1160,.T.);
#1570=ORIENTED_EDGE('',*,*,#1161,.T.);
#1571=ORIENTED_EDGE('',*,*,#1162,.F.);
#1572=ORIENTED_EDGE('',*,*,#1063,.F.);
#1573=ORIENTED_EDGE('',*,*,#1163,.T.);
#1574=ORIENTED_EDGE('',*,*,#1164,.T.);
#1575=ORIENTED_EDGE('',*,*,#1160,.F.);
#1576=ORIENTED_EDGE('',*,*,#1062,.F.);
#1577=ORIENTED_EDGE('',*,*,#1165,.T.);
#1578=ORIENTED_EDGE('',*,*,#1166,.T.);
#1579=ORIENTED_EDGE('',*,*,#1163,.F.);
#1580=ORIENTED_EDGE('',*,*,#1061,.F.);
#1581=ORIENTED_EDGE('',*,*,#1167,.T.);
#1582=ORIENTED_EDGE('',*,*,#1168,.T.);
#1583=ORIENTED_EDGE('',*,*,#1165,.F.);
#1584=ORIENTED_EDGE('',*,*,#1060,.F.);
#1585=ORIENTED_EDGE('',*,*,#1169,.T.);
#1586=ORIENTED_EDGE('',*,*,#1170,.T.);
#1587=ORIENTED_EDGE('',*,*,#1167,.F.);
#1588=ORIENTED_EDGE('',*,*,#1059,.F.);
#1589=ORIENTED_EDGE('',*,*,#1171,.T.);
#1590=ORIENTED_EDGE('',*,*,#1172,.T.);
#1591=ORIENTED_EDGE('',*,*,#1169,.F.);
#1592=ORIENTED_EDGE('',*,*,#1058,.F.);
#1593=ORIENTED_EDGE('',*,*,#1173,.T.);
#1594=ORIENTED_EDGE('',*,*,#1174,.T.);
#1595=ORIENTED_EDGE('',*,*,#1171,.F.);
#1596=ORIENTED_EDGE('',*,*,#1057,.F.);
#1597=ORIENTED_EDGE('',*,*,#1162,.T.);
#1598=ORIENTED_EDGE('',*,*,#1175,.T.);
#1599=ORIENTED_EDGE('',*,*,#1173,.F.);
#1600=ORIENTED_EDGE('',*,*,#1175,.F.);
#1601=ORIENTED_EDGE('',*,*,#1161,.F.);
#1602=ORIENTED_EDGE('',*,*,#1164,.F.);
#1603=ORIENTED_EDGE('',*,*,#1166,.F.);
#1604=ORIENTED_EDGE('',*,*,#1168,.F.);
#1605=ORIENTED_EDGE('',*,*,#1170,.F.);
#1606=ORIENTED_EDGE('',*,*,#1172,.F.);
#1607=ORIENTED_EDGE('',*,*,#1174,.F.);
#1608=ORIENTED_EDGE('',*,*,#1176,.T.);
#1609=ORIENTED_EDGE('',*,*,#1177,.T.);
#1610=ORIENTED_EDGE('',*,*,#1178,.T.);
#1611=ORIENTED_EDGE('',*,*,#1179,.T.);
#1612=ORIENTED_EDGE('',*,*,#1180,.T.);
#1613=ORIENTED_EDGE('',*,*,#1181,.T.);
#1614=ORIENTED_EDGE('',*,*,#1182,.T.);
#1615=ORIENTED_EDGE('',*,*,#1183,.T.);
#1616=ORIENTED_EDGE('',*,*,#1184,.T.);
#1617=ORIENTED_EDGE('',*,*,#1185,.T.);
#1618=ORIENTED_EDGE('',*,*,#1186,.T.);
#1619=ORIENTED_EDGE('',*,*,#1187,.T.);
#1620=ORIENTED_EDGE('',*,*,#1188,.F.);
#1621=ORIENTED_EDGE('',*,*,#1189,.T.);
#1622=ORIENTED_EDGE('',*,*,#1190,.T.);
#1623=ORIENTED_EDGE('',*,*,#1191,.T.);
#1624=ORIENTED_EDGE('',*,*,#1192,.T.);
#1625=ORIENTED_EDGE('',*,*,#1193,.F.);
#1626=ORIENTED_EDGE('',*,*,#1194,.F.);
#1627=ORIENTED_EDGE('',*,*,#1195,.T.);
#1628=ORIENTED_EDGE('',*,*,#1196,.F.);
#1629=ORIENTED_EDGE('',*,*,#1197,.T.);
#1630=ORIENTED_EDGE('',*,*,#1008,.F.);
#1631=ORIENTED_EDGE('',*,*,#1198,.F.);
#1632=ORIENTED_EDGE('',*,*,#1176,.F.);
#1633=ORIENTED_EDGE('',*,*,#1199,.F.);
#1634=ORIENTED_EDGE('',*,*,#1200,.F.);
#1635=ORIENTED_EDGE('',*,*,#982,.T.);
#1636=ORIENTED_EDGE('',*,*,#987,.T.);
#1637=ORIENTED_EDGE('',*,*,#984,.T.);
#1638=ORIENTED_EDGE('',*,*,#976,.T.);
#1639=ORIENTED_EDGE('',*,*,#990,.T.);
#1640=ORIENTED_EDGE('',*,*,#994,.T.);
#1641=ORIENTED_EDGE('',*,*,#998,.T.);
#1642=ORIENTED_EDGE('',*,*,#1002,.T.);
#1643=ORIENTED_EDGE('',*,*,#1198,.T.);
#1644=ORIENTED_EDGE('',*,*,#1019,.T.);
#1645=ORIENTED_EDGE('',*,*,#1201,.F.);
#1646=ORIENTED_EDGE('',*,*,#1177,.F.);
#1647=ORIENTED_EDGE('',*,*,#1035,.T.);
#1648=ORIENTED_EDGE('',*,*,#1006,.T.);
#1649=ORIENTED_EDGE('',*,*,#1030,.T.);
#1650=ORIENTED_EDGE('',*,*,#1202,.F.);
#1651=ORIENTED_EDGE('',*,*,#1203,.T.);
#1652=ORIENTED_EDGE('',*,*,#1039,.T.);
#1653=ORIENTED_EDGE('',*,*,#1204,.F.);
#1654=ORIENTED_EDGE('',*,*,#1026,.T.);
#1655=ORIENTED_EDGE('',*,*,#1205,.T.);
#1656=ORIENTED_EDGE('',*,*,#1045,.T.);
#1657=ORIENTED_EDGE('',*,*,#1206,.T.);
#1658=ORIENTED_EDGE('',*,*,#1207,.T.);
#1659=ORIENTED_EDGE('',*,*,#1208,.T.);
#1660=ORIENTED_EDGE('',*,*,#1042,.T.);
#1661=ORIENTED_EDGE('',*,*,#1209,.T.);
#1662=ORIENTED_EDGE('',*,*,#1210,.T.);
#1663=ORIENTED_EDGE('',*,*,#1211,.F.);
#1664=ORIENTED_EDGE('',*,*,#1212,.F.);
#1665=ORIENTED_EDGE('',*,*,#1213,.F.);
#1666=ORIENTED_EDGE('',*,*,#1214,.F.);
#1667=ORIENTED_EDGE('',*,*,#1215,.T.);
#1668=ORIENTED_EDGE('',*,*,#1050,.F.);
#1669=ORIENTED_EDGE('',*,*,#1216,.F.);
#1670=ORIENTED_EDGE('',*,*,#1217,.F.);
#1671=ORIENTED_EDGE('',*,*,#1218,.F.);
#1672=ORIENTED_EDGE('',*,*,#1219,.F.);
#1673=ORIENTED_EDGE('',*,*,#1220,.T.);
#1674=ORIENTED_EDGE('',*,*,#1052,.F.);
#1675=ORIENTED_EDGE('',*,*,#1049,.T.);
#1676=ORIENTED_EDGE('',*,*,#1221,.F.);
#1677=ORIENTED_EDGE('',*,*,#1022,.T.);
#1678=ORIENTED_EDGE('',*,*,#1034,.T.);
#1679=ORIENTED_EDGE('',*,*,#1048,.T.);
#1680=ORIENTED_EDGE('',*,*,#1222,.F.);
#1681=ORIENTED_EDGE('',*,*,#1023,.T.);
#1682=ORIENTED_EDGE('',*,*,#1221,.T.);
#1683=ORIENTED_EDGE('',*,*,#1047,.T.);
#1684=ORIENTED_EDGE('',*,*,#1223,.F.);
#1685=ORIENTED_EDGE('',*,*,#1024,.T.);
#1686=ORIENTED_EDGE('',*,*,#1222,.T.);
#1687=ORIENTED_EDGE('',*,*,#1046,.T.);
#1688=ORIENTED_EDGE('',*,*,#1205,.F.);
#1689=ORIENTED_EDGE('',*,*,#1025,.T.);
#1690=ORIENTED_EDGE('',*,*,#1223,.T.);
#1691=ORIENTED_EDGE('',*,*,#1224,.T.);
#1692=ORIENTED_EDGE('',*,*,#1043,.F.);
#1693=ORIENTED_EDGE('',*,*,#1208,.F.);
#1694=ORIENTED_EDGE('',*,*,#1225,.T.);
#1695=ORIENTED_EDGE('',*,*,#1188,.T.);
#1696=ORIENTED_EDGE('',*,*,#1015,.T.);
#1697=ORIENTED_EDGE('',*,*,#1226,.F.);
#1698=ORIENTED_EDGE('',*,*,#1181,.F.);
#1699=ORIENTED_EDGE('',*,*,#1227,.T.);
#1700=ORIENTED_EDGE('',*,*,#1014,.T.);
#1701=ORIENTED_EDGE('',*,*,#1228,.F.);
#1702=ORIENTED_EDGE('',*,*,#1182,.F.);
#1703=ORIENTED_EDGE('',*,*,#1226,.T.);
#1704=ORIENTED_EDGE('',*,*,#1013,.T.);
#1705=ORIENTED_EDGE('',*,*,#1229,.F.);
#1706=ORIENTED_EDGE('',*,*,#1183,.F.);
#1707=ORIENTED_EDGE('',*,*,#1228,.T.);
#1708=ORIENTED_EDGE('',*,*,#1012,.T.);
#1709=ORIENTED_EDGE('',*,*,#1230,.F.);
#1710=ORIENTED_EDGE('',*,*,#1184,.F.);
#1711=ORIENTED_EDGE('',*,*,#1229,.T.);
#1712=ORIENTED_EDGE('',*,*,#1011,.T.);
#1713=ORIENTED_EDGE('',*,*,#1231,.F.);
#1714=ORIENTED_EDGE('',*,*,#1185,.F.);
#1715=ORIENTED_EDGE('',*,*,#1230,.T.);
#1716=ORIENTED_EDGE('',*,*,#1010,.T.);
#1717=ORIENTED_EDGE('',*,*,#1232,.T.);
#1718=ORIENTED_EDGE('',*,*,#1186,.F.);
#1719=ORIENTED_EDGE('',*,*,#1231,.T.);
#1720=ORIENTED_EDGE('',*,*,#1233,.T.);
#1721=ORIENTED_EDGE('',*,*,#1193,.T.);
#1722=ORIENTED_EDGE('',*,*,#1234,.T.);
#1723=ORIENTED_EDGE('',*,*,#1209,.F.);
#1724=ORIENTED_EDGE('',*,*,#1041,.F.);
#1725=ORIENTED_EDGE('',*,*,#1235,.F.);
#1726=ORIENTED_EDGE('',*,*,#1236,.T.);
#1727=ORIENTED_EDGE('',*,*,#1212,.T.);
#1728=ORIENTED_EDGE('',*,*,#1237,.T.);
#1729=ORIENTED_EDGE('',*,*,#1219,.T.);
#1730=ORIENTED_EDGE('',*,*,#1238,.T.);
#1731=ORIENTED_EDGE('',*,*,#1236,.F.);
#1732=ORIENTED_EDGE('',*,*,#1239,.T.);
#1733=ORIENTED_EDGE('',*,*,#1240,.F.);
#1734=ORIENTED_EDGE('',*,*,#1241,.T.);
#1735=ORIENTED_EDGE('',*,*,#1242,.F.);
#1736=ORIENTED_EDGE('',*,*,#1243,.T.);
#1737=ORIENTED_EDGE('',*,*,#1238,.F.);
#1738=ORIENTED_EDGE('',*,*,#1218,.T.);
#1739=ORIENTED_EDGE('',*,*,#1244,.F.);
#1740=ORIENTED_EDGE('',*,*,#1213,.T.);
#1741=ORIENTED_EDGE('',*,*,#1214,.T.);
#1742=ORIENTED_EDGE('',*,*,#1244,.T.);
#1743=ORIENTED_EDGE('',*,*,#1217,.T.);
#1744=ORIENTED_EDGE('',*,*,#1245,.T.);
#1745=ORIENTED_EDGE('',*,*,#1245,.F.);
#1746=ORIENTED_EDGE('',*,*,#1216,.T.);
#1747=ORIENTED_EDGE('',*,*,#1051,.F.);
#1748=ORIENTED_EDGE('',*,*,#1215,.F.);
#1749=ORIENTED_EDGE('',*,*,#1237,.F.);
#1750=ORIENTED_EDGE('',*,*,#1211,.T.);
#1751=ORIENTED_EDGE('',*,*,#1053,.F.);
#1752=ORIENTED_EDGE('',*,*,#1220,.F.);
#1753=ORIENTED_EDGE('',*,*,#1242,.T.);
#1754=ORIENTED_EDGE('',*,*,#1246,.T.);
#1755=ORIENTED_EDGE('',*,*,#1194,.T.);
#1756=ORIENTED_EDGE('',*,*,#1247,.T.);
#1757=ORIENTED_EDGE('',*,*,#1243,.F.);
#1758=ORIENTED_EDGE('',*,*,#1247,.F.);
#1759=ORIENTED_EDGE('',*,*,#1197,.F.);
#1760=ORIENTED_EDGE('',*,*,#1248,.F.);
#1761=ORIENTED_EDGE('',*,*,#1239,.F.);
#1762=ORIENTED_EDGE('',*,*,#1235,.T.);
#1763=ORIENTED_EDGE('',*,*,#1196,.T.);
#1764=ORIENTED_EDGE('',*,*,#1249,.T.);
#1765=ORIENTED_EDGE('',*,*,#1240,.T.);
#1766=ORIENTED_EDGE('',*,*,#1248,.T.);
#1767=ORIENTED_EDGE('',*,*,#1246,.F.);
#1768=ORIENTED_EDGE('',*,*,#1241,.F.);
#1769=ORIENTED_EDGE('',*,*,#1249,.F.);
#1770=ORIENTED_EDGE('',*,*,#1195,.F.);
#1771=ORIENTED_EDGE('',*,*,#1054,.F.);
#1772=ORIENTED_EDGE('',*,*,#1250,.T.);
#1773=ORIENTED_EDGE('',*,*,#1251,.T.);
#1774=ORIENTED_EDGE('',*,*,#1250,.F.);
#1775=ORIENTED_EDGE('',*,*,#1251,.F.);
#1776=ORIENTED_EDGE('',*,*,#1055,.F.);
#1777=ORIENTED_EDGE('',*,*,#1252,.T.);
#1778=ORIENTED_EDGE('',*,*,#1253,.T.);
#1779=ORIENTED_EDGE('',*,*,#1252,.F.);
#1780=ORIENTED_EDGE('',*,*,#1253,.F.);
#1781=ORIENTED_EDGE('',*,*,#1234,.F.);
#1782=ORIENTED_EDGE('',*,*,#1192,.F.);
#1783=ORIENTED_EDGE('',*,*,#1254,.F.);
#1784=ORIENTED_EDGE('',*,*,#1210,.F.);
#1785=ORIENTED_EDGE('',*,*,#1233,.F.);
#1786=ORIENTED_EDGE('',*,*,#1040,.F.);
#1787=ORIENTED_EDGE('',*,*,#1203,.F.);
#1788=ORIENTED_EDGE('',*,*,#1254,.T.);
#1789=ORIENTED_EDGE('',*,*,#1191,.F.);
#1790=ORIENTED_EDGE('',*,*,#1224,.F.);
#1791=ORIENTED_EDGE('',*,*,#1190,.F.);
#1792=ORIENTED_EDGE('',*,*,#1255,.F.);
#1793=ORIENTED_EDGE('',*,*,#1206,.F.);
#1794=ORIENTED_EDGE('',*,*,#1044,.F.);
#1795=ORIENTED_EDGE('',*,*,#1225,.F.);
#1796=ORIENTED_EDGE('',*,*,#1207,.F.);
#1797=ORIENTED_EDGE('',*,*,#1255,.T.);
#1798=ORIENTED_EDGE('',*,*,#1189,.F.);
#1799=ORIENTED_EDGE('',*,*,#1016,.T.);
#1800=ORIENTED_EDGE('',*,*,#1227,.F.);
#1801=ORIENTED_EDGE('',*,*,#1180,.F.);
#1802=ORIENTED_EDGE('',*,*,#1256,.T.);
#1803=ORIENTED_EDGE('',*,*,#1017,.T.);
#1804=ORIENTED_EDGE('',*,*,#1256,.F.);
#1805=ORIENTED_EDGE('',*,*,#1179,.F.);
#1806=ORIENTED_EDGE('',*,*,#1257,.T.);
#1807=ORIENTED_EDGE('',*,*,#1018,.T.);
#1808=ORIENTED_EDGE('',*,*,#1257,.F.);
#1809=ORIENTED_EDGE('',*,*,#1178,.F.);
#1810=ORIENTED_EDGE('',*,*,#1201,.T.);
#1811=ORIENTED_EDGE('',*,*,#1038,.T.);
#1812=ORIENTED_EDGE('',*,*,#1258,.F.);
#1813=ORIENTED_EDGE('',*,*,#1027,.T.);
#1814=ORIENTED_EDGE('',*,*,#1204,.T.);
#1815=ORIENTED_EDGE('',*,*,#1037,.T.);
#1816=ORIENTED_EDGE('',*,*,#1259,.F.);
#1817=ORIENTED_EDGE('',*,*,#1028,.T.);
#1818=ORIENTED_EDGE('',*,*,#1258,.T.);
#1819=ORIENTED_EDGE('',*,*,#1036,.T.);
#1820=ORIENTED_EDGE('',*,*,#1202,.T.);
#1821=ORIENTED_EDGE('',*,*,#1029,.T.);
#1822=ORIENTED_EDGE('',*,*,#1259,.T.);
#1823=ORIENTED_EDGE('',*,*,#1200,.T.);
#1824=ORIENTED_EDGE('',*,*,#1199,.T.);
#1825=ORIENTED_EDGE('',*,*,#1187,.F.);
#1826=ORIENTED_EDGE('',*,*,#1232,.F.);
#1827=ORIENTED_EDGE('',*,*,#1009,.T.);
#1828=PLANE('',#2004);
#1829=PLANE('',#2005);
#1830=PLANE('',#2006);
#1831=PLANE('',#2007);
#1832=PLANE('',#2024);
#1833=PLANE('',#2025);
#1834=PLANE('',#2036);
#1835=PLANE('',#2037);
#1836=PLANE('',#2038);
#1837=PLANE('',#2068);
#1838=PLANE('',#2071);
#1839=PLANE('',#2074);
#1840=PLANE('',#2077);
#1841=PLANE('',#2080);
#1842=PLANE('',#2081);
#1843=PLANE('',#2084);
#1844=PLANE('',#2087);
#1845=PLANE('',#2090);
#1846=PLANE('',#2093);
#1847=PLANE('',#2094);
#1848=PLANE('',#2097);
#1849=PLANE('',#2100);
#1850=PLANE('',#2103);
#1851=PLANE('',#2106);
#1852=PLANE('',#2107);
#1853=PLANE('',#2110);
#1854=PLANE('',#2113);
#1855=PLANE('',#2116);
#1856=PLANE('',#2119);
#1857=PLANE('',#2122);
#1858=PLANE('',#2125);
#1859=PLANE('',#2128);
#1860=PLANE('',#2131);
#1861=PLANE('',#2132);
#1862=PLANE('',#2133);
#1863=PLANE('',#2145);
#1864=PLANE('',#2146);
#1865=PLANE('',#2151);
#1866=PLANE('',#2154);
#1867=PLANE('',#2159);
#1868=PLANE('',#2160);
#1869=PLANE('',#2161);
#1870=PLANE('',#2162);
#1871=PLANE('',#2164);
#1872=PLANE('',#2165);
#1873=PLANE('',#2168);
#1874=PLANE('',#2170);
#1875=PLANE('',#2177);
#1876=PLANE('',#2178);
#1877=PLANE('',#2185);
#1878=PLANE('',#2188);
#1879=PLANE('',#2190);
#1880=PLANE('',#2191);
#1881=PLANE('',#2193);
#1882=PLANE('',#2196);
#1883=PLANE('',#2197);
#1884=PLANE('',#2199);
#1885=ADVANCED_FACE('',(#173),#1828,.F.);
#1886=ADVANCED_FACE('',(#174),#1829,.F.);
#1887=ADVANCED_FACE('',(#175),#1830,.F.);
#1888=ADVANCED_FACE('',(#176),#1831,.F.);
#1889=ADVANCED_FACE('',(#177),#169,.F.);
#1890=ADVANCED_FACE('',(#178),#38,.F.);
#1891=ADVANCED_FACE('',(#179),#170,.F.);
#1892=ADVANCED_FACE('',(#180),#39,.F.);
#1893=ADVANCED_FACE('',(#181),#171,.F.);
#1894=ADVANCED_FACE('',(#182),#40,.F.);
#1895=ADVANCED_FACE('',(#183),#172,.F.);
#1896=ADVANCED_FACE('',(#184),#41,.F.);
#1897=ADVANCED_FACE('',(#185),#1832,.F.);
#1898=ADVANCED_FACE('',(#186,#16),#1833,.T.);
#1899=ADVANCED_FACE('',(#187,#17),#1834,.T.);
#1900=ADVANCED_FACE('',(#188),#1835,.F.);
#1901=ADVANCED_FACE('',(#189,#18,#19,#20,#21,#22,#23,#24,#25),#1836,.T.);
#1902=ADVANCED_FACE('',(#190),#1837,.F.);
#1903=ADVANCED_FACE('',(#191),#42,.F.);
#1904=ADVANCED_FACE('',(#192),#1838,.F.);
#1905=ADVANCED_FACE('',(#193),#43,.F.);
#1906=ADVANCED_FACE('',(#194),#1839,.F.);
#1907=ADVANCED_FACE('',(#195),#44,.F.);
#1908=ADVANCED_FACE('',(#196),#1840,.F.);
#1909=ADVANCED_FACE('',(#197),#45,.F.);
#1910=ADVANCED_FACE('',(#198),#1841,.T.);
#1911=ADVANCED_FACE('',(#199),#1842,.F.);
#1912=ADVANCED_FACE('',(#200),#46,.F.);
#1913=ADVANCED_FACE('',(#201),#1843,.F.);
#1914=ADVANCED_FACE('',(#202),#47,.F.);
#1915=ADVANCED_FACE('',(#203),#1844,.F.);
#1916=ADVANCED_FACE('',(#204),#48,.F.);
#1917=ADVANCED_FACE('',(#205),#1845,.F.);
#1918=ADVANCED_FACE('',(#206),#49,.F.);
#1919=ADVANCED_FACE('',(#207),#1846,.T.);
#1920=ADVANCED_FACE('',(#208),#1847,.F.);
#1921=ADVANCED_FACE('',(#209),#50,.F.);
#1922=ADVANCED_FACE('',(#210),#1848,.F.);
#1923=ADVANCED_FACE('',(#211),#51,.F.);
#1924=ADVANCED_FACE('',(#212),#1849,.F.);
#1925=ADVANCED_FACE('',(#213),#52,.F.);
#1926=ADVANCED_FACE('',(#214),#1850,.F.);
#1927=ADVANCED_FACE('',(#215),#53,.F.);
#1928=ADVANCED_FACE('',(#216),#1851,.T.);
#1929=ADVANCED_FACE('',(#217),#1852,.F.);
#1930=ADVANCED_FACE('',(#218),#54,.F.);
#1931=ADVANCED_FACE('',(#219),#1853,.F.);
#1932=ADVANCED_FACE('',(#220),#55,.F.);
#1933=ADVANCED_FACE('',(#221),#1854,.F.);
#1934=ADVANCED_FACE('',(#222),#56,.F.);
#1935=ADVANCED_FACE('',(#223),#1855,.F.);
#1936=ADVANCED_FACE('',(#224),#57,.F.);
#1937=ADVANCED_FACE('',(#225),#1856,.T.);
#1938=ADVANCED_FACE('',(#226),#58,.F.);
#1939=ADVANCED_FACE('',(#227),#1857,.F.);
#1940=ADVANCED_FACE('',(#228),#59,.F.);
#1941=ADVANCED_FACE('',(#229),#1858,.F.);
#1942=ADVANCED_FACE('',(#230),#60,.F.);
#1943=ADVANCED_FACE('',(#231),#1859,.F.);
#1944=ADVANCED_FACE('',(#232),#61,.F.);
#1945=ADVANCED_FACE('',(#233),#1860,.F.);
#1946=ADVANCED_FACE('',(#234),#1861,.T.);
#1947=ADVANCED_FACE('',(#235,#26,#27,#28),#1862,.T.);
#1948=ADVANCED_FACE('',(#236,#29,#30,#31,#32,#33),#1863,.F.);
#1949=ADVANCED_FACE('',(#237),#1864,.T.);
#1950=ADVANCED_FACE('',(#238),#62,.F.);
#1951=ADVANCED_FACE('',(#239),#63,.F.);
#1952=ADVANCED_FACE('',(#240),#1865,.T.);
#1953=ADVANCED_FACE('',(#241),#1866,.T.);
#1954=ADVANCED_FACE('',(#242),#64,.T.);
#1955=ADVANCED_FACE('',(#243),#65,.T.);
#1956=ADVANCED_FACE('',(#244),#1867,.F.);
#1957=ADVANCED_FACE('',(#245),#1868,.F.);
#1958=ADVANCED_FACE('',(#246),#1869,.T.);
#1959=ADVANCED_FACE('',(#247),#1870,.T.);
#1960=ADVANCED_FACE('',(#248),#66,.T.);
#1961=ADVANCED_FACE('',(#249),#1871,.T.);
#1962=ADVANCED_FACE('',(#250),#1872,.T.);
#1963=ADVANCED_FACE('',(#251),#67,.T.);
#1964=ADVANCED_FACE('',(#252),#68,.T.);
#1965=ADVANCED_FACE('',(#253),#1873,.T.);
#1966=ADVANCED_FACE('',(#254),#69,.F.);
#1967=ADVANCED_FACE('',(#255),#1874,.F.);
#1968=ADVANCED_FACE('',(#256),#70,.F.);
#1969=ADVANCED_FACE('',(#257),#1875,.T.);
#1970=ADVANCED_FACE('',(#258),#1876,.T.);
#1971=ADVANCED_FACE('',(#259),#71,.T.);
#1972=ADVANCED_FACE('',(#260),#72,.F.);
#1973=ADVANCED_FACE('',(#261),#73,.T.);
#1974=ADVANCED_FACE('',(#262),#74,.F.);
#1975=ADVANCED_FACE('',(#263),#75,.F.);
#1976=ADVANCED_FACE('',(#264),#1877,.T.);
#1977=ADVANCED_FACE('',(#265),#76,.F.);
#1978=ADVANCED_FACE('',(#266),#1878,.T.);
#1979=ADVANCED_FACE('',(#267),#77,.F.);
#1980=ADVANCED_FACE('',(#268),#1879,.T.);
#1981=ADVANCED_FACE('',(#269),#1880,.T.);
#1982=ADVANCED_FACE('',(#270),#78,.F.);
#1983=ADVANCED_FACE('',(#271),#1881,.T.);
#1984=ADVANCED_FACE('',(#272),#79,.F.);
#1985=ADVANCED_FACE('',(#273),#80,.F.);
#1986=ADVANCED_FACE('',(#274),#1882,.F.);
#1987=ADVANCED_FACE('',(#275),#1883,.F.);
#1988=ADVANCED_FACE('',(#276),#81,.F.);
#1989=ADVANCED_FACE('',(#277),#1884,.T.);
#1990=CLOSED_SHELL('',(#1885,#1886,#1887,#1888,#1889,#1890,#1891,#1892,
#1893,#1894,#1895,#1896,#1897,#1898,#1899,#1900,#1901,#1902,#1903,#1904,
#1905,#1906,#1907,#1908,#1909,#1910,#1911,#1912,#1913,#1914,#1915,#1916,
#1917,#1918,#1919,#1920,#1921,#1922,#1923,#1924,#1925,#1926,#1927,#1928,
#1929,#1930,#1931,#1932,#1933,#1934,#1935,#1936,#1937,#1938,#1939,#1940,
#1941,#1942,#1943,#1944,#1945,#1946,#1947,#1948,#1949,#1950,#1951,#1952,
#1953,#1954,#1955,#1956,#1957,#1958,#1959,#1960,#1961,#1962,#1963,#1964,
#1965,#1966,#1967,#1968,#1969,#1970,#1971,#1972,#1973,#1974,#1975,#1976,
#1977,#1978,#1979,#1980,#1981,#1982,#1983,#1984,#1985,#1986,#1987,#1988,
#1989));
#1991=DERIVED_UNIT_ELEMENT(#1993,1.);
#1992=DERIVED_UNIT_ELEMENT(#3381,-3.);
#1993=(
MASS_UNIT()
NAMED_UNIT(*)
SI_UNIT(.KILO.,.GRAM.)
);
#1994=DERIVED_UNIT((#1991,#1992));
#1995=MEASURE_REPRESENTATION_ITEM('density measure',
POSITIVE_RATIO_MEASURE(7850.),#1994);
#1996=PROPERTY_DEFINITION_REPRESENTATION(#2001,#1998);
#1997=PROPERTY_DEFINITION_REPRESENTATION(#2002,#1999);
#1998=REPRESENTATION('material name',(#2000),#3378);
#1999=REPRESENTATION('density',(#1995),#3378);
#2000=DESCRIPTIVE_REPRESENTATION_ITEM('Steel','Steel');
#2001=PROPERTY_DEFINITION('material property','material name',#3388);
#2002=PROPERTY_DEFINITION('material property','density of part',#3388);
#2003=AXIS2_PLACEMENT_3D('',#2786,#2200,#2201);
#2004=AXIS2_PLACEMENT_3D('',#2787,#2202,#2203);
#2005=AXIS2_PLACEMENT_3D('',#2796,#2208,#2209);
#2006=AXIS2_PLACEMENT_3D('',#2802,#2213,#2214);
#2007=AXIS2_PLACEMENT_3D('',#2808,#2218,#2219);
#2008=AXIS2_PLACEMENT_3D('',#2811,#2222,#2223);
#2009=AXIS2_PLACEMENT_3D('',#2813,#2224,#2225);
#2010=AXIS2_PLACEMENT_3D('',#2816,#2227,#2228);
#2011=AXIS2_PLACEMENT_3D('',#2818,#2229,#2230);
#2012=AXIS2_PLACEMENT_3D('',#2820,#2232,#2233);
#2013=AXIS2_PLACEMENT_3D('',#2822,#2234,#2235);
#2014=AXIS2_PLACEMENT_3D('',#2825,#2237,#2238);
#2015=AXIS2_PLACEMENT_3D('',#2827,#2239,#2240);
#2016=AXIS2_PLACEMENT_3D('',#2829,#2242,#2243);
#2017=AXIS2_PLACEMENT_3D('',#2831,#2244,#2245);
#2018=AXIS2_PLACEMENT_3D('',#2834,#2247,#2248);
#2019=AXIS2_PLACEMENT_3D('',#2836,#2249,#2250);
#2020=AXIS2_PLACEMENT_3D('',#2838,#2252,#2253);
#2021=AXIS2_PLACEMENT_3D('',#2840,#2254,#2255);
#2022=AXIS2_PLACEMENT_3D('',#2843,#2257,#2258);
#2023=AXIS2_PLACEMENT_3D('',#2845,#2259,#2260);
#2024=AXIS2_PLACEMENT_3D('',#2847,#2262,#2263);
#2025=AXIS2_PLACEMENT_3D('',#2856,#2268,#2269);
#2026=AXIS2_PLACEMENT_3D('',#2863,#2272,#2273);
#2027=AXIS2_PLACEMENT_3D('',#2865,#2274,#2275);
#2028=AXIS2_PLACEMENT_3D('',#2871,#2278,#2279);
#2029=AXIS2_PLACEMENT_3D('',#2877,#2282,#2283);
#2030=AXIS2_PLACEMENT_3D('',#2879,#2284,#2285);
#2031=AXIS2_PLACEMENT_3D('',#2886,#2289,#2290);
#2032=AXIS2_PLACEMENT_3D('',#2888,#2291,#2292);
#2033=AXIS2_PLACEMENT_3D('',#2894,#2295,#2296);
#2034=AXIS2_PLACEMENT_3D('',#2900,#2299,#2300);
#2035=AXIS2_PLACEMENT_3D('',#2901,#2301,#2302);
#2036=AXIS2_PLACEMENT_3D('',#2902,#2303,#2304);
#2037=AXIS2_PLACEMENT_3D('',#2906,#2307,#2308);
#2038=AXIS2_PLACEMENT_3D('',#2910,#2311,#2312);
#2039=AXIS2_PLACEMENT_3D('',#2912,#2313,#2314);
#2040=AXIS2_PLACEMENT_3D('',#2914,#2315,#2316);
#2041=AXIS2_PLACEMENT_3D('',#2920,#2319,#2320);
#2042=AXIS2_PLACEMENT_3D('',#2926,#2323,#2324);
#2043=AXIS2_PLACEMENT_3D('',#2932,#2327,#2328);
#2044=AXIS2_PLACEMENT_3D('',#2938,#2331,#2332);
#2045=AXIS2_PLACEMENT_3D('',#2939,#2333,#2334);
#2046=AXIS2_PLACEMENT_3D('',#2949,#2339,#2340);
#2047=AXIS2_PLACEMENT_3D('',#2951,#2341,#2342);
#2048=AXIS2_PLACEMENT_3D('',#2954,#2343,#2344);
#2049=AXIS2_PLACEMENT_3D('',#2958,#2346,#2347);
#2050=AXIS2_PLACEMENT_3D('',#2962,#2349,#2350);
#2051=AXIS2_PLACEMENT_3D('',#2966,#2352,#2353);
#2052=AXIS2_PLACEMENT_3D('',#2972,#2356,#2357);
#2053=AXIS2_PLACEMENT_3D('',#2976,#2359,#2360);
#2054=AXIS2_PLACEMENT_3D('',#2980,#2362,#2363);
#2055=AXIS2_PLACEMENT_3D('',#2983,#2365,#2366);
#2056=AXIS2_PLACEMENT_3D('',#2988,#2368,#2369);
#2057=AXIS2_PLACEMENT_3D('',#2992,#2371,#2372);
#2058=AXIS2_PLACEMENT_3D('',#2996,#2374,#2375);
#2059=AXIS2_PLACEMENT_3D('',#2999,#2377,#2378);
#2060=AXIS2_PLACEMENT_3D('',#3004,#2380,#2381);
#2061=AXIS2_PLACEMENT_3D('',#3008,#2383,#2384);
#2062=AXIS2_PLACEMENT_3D('',#3012,#2386,#2387);
#2063=AXIS2_PLACEMENT_3D('',#3015,#2389,#2390);
#2064=AXIS2_PLACEMENT_3D('',#3020,#2392,#2393);
#2065=AXIS2_PLACEMENT_3D('',#3024,#2395,#2396);
#2066=AXIS2_PLACEMENT_3D('',#3028,#2398,#2399);
#2067=AXIS2_PLACEMENT_3D('',#3031,#2401,#2402);
#2068=AXIS2_PLACEMENT_3D('',#3032,#2403,#2404);
#2069=AXIS2_PLACEMENT_3D('',#3038,#2408,#2409);
#2070=AXIS2_PLACEMENT_3D('',#3041,#2411,#2412);
#2071=AXIS2_PLACEMENT_3D('',#3042,#2413,#2414);
#2072=AXIS2_PLACEMENT_3D('',#3046,#2417,#2418);
#2073=AXIS2_PLACEMENT_3D('',#3049,#2420,#2421);
#2074=AXIS2_PLACEMENT_3D('',#3050,#2422,#2423);
#2075=AXIS2_PLACEMENT_3D('',#3054,#2426,#2427);
#2076=AXIS2_PLACEMENT_3D('',#3057,#2429,#2430);
#2077=AXIS2_PLACEMENT_3D('',#3058,#2431,#2432);
#2078=AXIS2_PLACEMENT_3D('',#3062,#2435,#2436);
#2079=AXIS2_PLACEMENT_3D('',#3063,#2437,#2438);
#2080=AXIS2_PLACEMENT_3D('',#3064,#2439,#2440);
#2081=AXIS2_PLACEMENT_3D('',#3065,#2441,#2442);
#2082=AXIS2_PLACEMENT_3D('',#3071,#2446,#2447);
#2083=AXIS2_PLACEMENT_3D('',#3074,#2449,#2450);
#2084=AXIS2_PLACEMENT_3D('',#3075,#2451,#2452);
#2085=AXIS2_PLACEMENT_3D('',#3079,#2455,#2456);
#2086=AXIS2_PLACEMENT_3D('',#3082,#2458,#2459);
#2087=AXIS2_PLACEMENT_3D('',#3083,#2460,#2461);
#2088=AXIS2_PLACEMENT_3D('',#3087,#2464,#2465);
#2089=AXIS2_PLACEMENT_3D('',#3090,#2467,#2468);
#2090=AXIS2_PLACEMENT_3D('',#3091,#2469,#2470);
#2091=AXIS2_PLACEMENT_3D('',#3095,#2473,#2474);
#2092=AXIS2_PLACEMENT_3D('',#3096,#2475,#2476);
#2093=AXIS2_PLACEMENT_3D('',#3097,#2477,#2478);
#2094=AXIS2_PLACEMENT_3D('',#3098,#2479,#2480);
#2095=AXIS2_PLACEMENT_3D('',#3104,#2484,#2485);
#2096=AXIS2_PLACEMENT_3D('',#3107,#2487,#2488);
#2097=AXIS2_PLACEMENT_3D('',#3108,#2489,#2490);
#2098=AXIS2_PLACEMENT_3D('',#3112,#2493,#2494);
#2099=AXIS2_PLACEMENT_3D('',#3115,#2496,#2497);
#2100=AXIS2_PLACEMENT_3D('',#3116,#2498,#2499);
#2101=AXIS2_PLACEMENT_3D('',#3120,#2502,#2503);
#2102=AXIS2_PLACEMENT_3D('',#3123,#2505,#2506);
#2103=AXIS2_PLACEMENT_3D('',#3124,#2507,#2508);
#2104=AXIS2_PLACEMENT_3D('',#3128,#2511,#2512);
#2105=AXIS2_PLACEMENT_3D('',#3129,#2513,#2514);
#2106=AXIS2_PLACEMENT_3D('',#3130,#2515,#2516);
#2107=AXIS2_PLACEMENT_3D('',#3131,#2517,#2518);
#2108=AXIS2_PLACEMENT_3D('',#3137,#2522,#2523);
#2109=AXIS2_PLACEMENT_3D('',#3140,#2525,#2526);
#2110=AXIS2_PLACEMENT_3D('',#3141,#2527,#2528);
#2111=AXIS2_PLACEMENT_3D('',#3145,#2531,#2532);
#2112=AXIS2_PLACEMENT_3D('',#3148,#2534,#2535);
#2113=AXIS2_PLACEMENT_3D('',#3149,#2536,#2537);
#2114=AXIS2_PLACEMENT_3D('',#3153,#2540,#2541);
#2115=AXIS2_PLACEMENT_3D('',#3156,#2543,#2544);
#2116=AXIS2_PLACEMENT_3D('',#3157,#2545,#2546);
#2117=AXIS2_PLACEMENT_3D('',#3161,#2549,#2550);
#2118=AXIS2_PLACEMENT_3D('',#3162,#2551,#2552);
#2119=AXIS2_PLACEMENT_3D('',#3163,#2553,#2554);
#2120=AXIS2_PLACEMENT_3D('',#3164,#2555,#2556);
#2121=AXIS2_PLACEMENT_3D('',#3168,#2558,#2559);
#2122=AXIS2_PLACEMENT_3D('',#3170,#2561,#2562);
#2123=AXIS2_PLACEMENT_3D('',#3174,#2565,#2566);
#2124=AXIS2_PLACEMENT_3D('',#3177,#2568,#2569);
#2125=AXIS2_PLACEMENT_3D('',#3178,#2570,#2571);
#2126=AXIS2_PLACEMENT_3D('',#3182,#2574,#2575);
#2127=AXIS2_PLACEMENT_3D('',#3185,#2577,#2578);
#2128=AXIS2_PLACEMENT_3D('',#3186,#2579,#2580);
#2129=AXIS2_PLACEMENT_3D('',#3190,#2583,#2584);
#2130=AXIS2_PLACEMENT_3D('',#3193,#2586,#2587);
#2131=AXIS2_PLACEMENT_3D('',#3194,#2588,#2589);
#2132=AXIS2_PLACEMENT_3D('',#3196,#2591,#2592);
#2133=AXIS2_PLACEMENT_3D('',#3197,#2593,#2594);
#2134=AXIS2_PLACEMENT_3D('',#3204,#2597,#2598);
#2135=AXIS2_PLACEMENT_3D('',#3206,#2599,#2600);
#2136=AXIS2_PLACEMENT_3D('',#3212,#2603,#2604);
#2137=AXIS2_PLACEMENT_3D('',#3218,#2607,#2608);
#2138=AXIS2_PLACEMENT_3D('',#3220,#2609,#2610);
#2139=AXIS2_PLACEMENT_3D('',#3226,#2613,#2614);
#2140=AXIS2_PLACEMENT_3D('',#3232,#2617,#2618);
#2141=AXIS2_PLACEMENT_3D('',#3236,#2620,#2621);
#2142=AXIS2_PLACEMENT_3D('',#3238,#2622,#2623);
#2143=AXIS2_PLACEMENT_3D('',#3240,#2624,#2625);
#2144=AXIS2_PLACEMENT_3D('',#3241,#2626,#2627);
#2145=AXIS2_PLACEMENT_3D('',#3242,#2628,#2629);
#2146=AXIS2_PLACEMENT_3D('',#3247,#2633,#2634);
#2147=AXIS2_PLACEMENT_3D('',#3249,#2636,#2637);
#2148=AXIS2_PLACEMENT_3D('',#3251,#2639,#2640);
#2149=AXIS2_PLACEMENT_3D('',#3259,#2645,#2646);
#2150=AXIS2_PLACEMENT_3D('',#3263,#2649,#2650);
#2151=AXIS2_PLACEMENT_3D('',#3264,#2651,#2652);
#2152=AXIS2_PLACEMENT_3D('',#3268,#2654,#2655);
#2153=AXIS2_PLACEMENT_3D('',#3272,#2657,#2658);
#2154=AXIS2_PLACEMENT_3D('',#3274,#2660,#2661);
#2155=AXIS2_PLACEMENT_3D('',#3278,#2663,#2664);
#2156=AXIS2_PLACEMENT_3D('',#3282,#2666,#2667);
#2157=AXIS2_PLACEMENT_3D('',#3284,#2669,#2670);
#2158=AXIS2_PLACEMENT_3D('',#3286,#2672,#2673);
#2159=AXIS2_PLACEMENT_3D('',#3288,#2675,#2676);
#2160=AXIS2_PLACEMENT_3D('',#3290,#2678,#2679);
#2161=AXIS2_PLACEMENT_3D('',#3291,#2680,#2681);
#2162=AXIS2_PLACEMENT_3D('',#3294,#2684,#2685);
#2163=AXIS2_PLACEMENT_3D('',#3297,#2688,#2689);
#2164=AXIS2_PLACEMENT_3D('',#3299,#2691,#2692);
#2165=AXIS2_PLACEMENT_3D('',#3301,#2694,#2695);
#2166=AXIS2_PLACEMENT_3D('',#3303,#2697,#2698);
#2167=AXIS2_PLACEMENT_3D('',#3305,#2700,#2701);
#2168=AXIS2_PLACEMENT_3D('',#3307,#2703,#2704);
#2169=AXIS2_PLACEMENT_3D('',#3310,#2707,#2708);
#2170=AXIS2_PLACEMENT_3D('',#3326,#2712,#2713);
#2171=AXIS2_PLACEMENT_3D('',#3328,#2714,#2715);
#2172=AXIS2_PLACEMENT_3D('',#3330,#2716,#2717);
#2173=AXIS2_PLACEMENT_3D('',#3332,#2718,#2719);
#2174=AXIS2_PLACEMENT_3D('',#3334,#2720,#2721);
#2175=AXIS2_PLACEMENT_3D('',#3335,#2722,#2723);
#2176=AXIS2_PLACEMENT_3D('',#3337,#2725,#2726);
#2177=AXIS2_PLACEMENT_3D('',#3339,#2728,#2729);
#2178=AXIS2_PLACEMENT_3D('',#3340,#2730,#2731);
#2179=AXIS2_PLACEMENT_3D('',#3341,#2732,#2733);
#2180=AXIS2_PLACEMENT_3D('',#3344,#2736,#2737);
#2181=AXIS2_PLACEMENT_3D('',#3346,#2739,#2740);
#2182=AXIS2_PLACEMENT_3D('',#3348,#2742,#2743);
#2183=AXIS2_PLACEMENT_3D('',#3349,#2744,#2745);
#2184=AXIS2_PLACEMENT_3D('',#3352,#2747,#2748);
#2185=AXIS2_PLACEMENT_3D('',#3353,#2749,#2750);
#2186=AXIS2_PLACEMENT_3D('',#3354,#2751,#2752);
#2187=AXIS2_PLACEMENT_3D('',#3357,#2754,#2755);
#2188=AXIS2_PLACEMENT_3D('',#3358,#2756,#2757);
#2189=AXIS2_PLACEMENT_3D('',#3359,#2758,#2759);
#2190=AXIS2_PLACEMENT_3D('',#3361,#2761,#2762);
#2191=AXIS2_PLACEMENT_3D('',#3362,#2763,#2764);
#2192=AXIS2_PLACEMENT_3D('',#3364,#2766,#2767);
#2193=AXIS2_PLACEMENT_3D('',#3365,#2768,#2769);
#2194=AXIS2_PLACEMENT_3D('',#3367,#2771,#2772);
#2195=AXIS2_PLACEMENT_3D('',#3369,#2774,#2775);
#2196=AXIS2_PLACEMENT_3D('',#3370,#2776,#2777);
#2197=AXIS2_PLACEMENT_3D('',#3372,#2779,#2780);
#2198=AXIS2_PLACEMENT_3D('',#3374,#2782,#2783);
#2199=AXIS2_PLACEMENT_3D('',#3375,#2784,#2785);
#2200=DIRECTION('axis',(0.,0.,1.));
#2201=DIRECTION('refdir',(1.,0.,0.));
#2202=DIRECTION('center_axis',(0.,-1.,0.));
#2203=DIRECTION('ref_axis',(0.,0.,-1.));
#2204=DIRECTION('',(1.,0.,0.));
#2205=DIRECTION('',(0.,0.,-1.));
#2206=DIRECTION('',(-1.,0.,0.));
#2207=DIRECTION('',(0.,0.,1.));
#2208=DIRECTION('center_axis',(1.,0.,0.));
#2209=DIRECTION('ref_axis',(0.,1.,0.));
#2210=DIRECTION('',(0.,-0.999996538051436,0.002631327638829));
#2211=DIRECTION('',(0.,0.,1.));
#2212=DIRECTION('',(0.,0.999996538051436,-0.002631327638829));
#2213=DIRECTION('center_axis',(-1.,0.,0.));
#2214=DIRECTION('ref_axis',(0.,-1.,0.));
#2215=DIRECTION('',(0.,0.999996538051436,-0.002631327638829));
#2216=DIRECTION('',(0.,-0.999996538051436,0.002631327638829));
#2217=DIRECTION('',(0.,0.,1.));
#2218=DIRECTION('center_axis',(0.,1.,0.));
#2219=DIRECTION('ref_axis',(-1.,0.,0.));
#2220=DIRECTION('',(1.,0.,0.));
#2221=DIRECTION('',(-1.,0.,0.));
#2222=DIRECTION('center_axis',(0.,0.,-1.));
#2223=DIRECTION('ref_axis',(-1.,0.,0.));
#2224=DIRECTION('center_axis',(0.,0.,1.));
#2225=DIRECTION('ref_axis',(-1.,0.,0.));
#2226=DIRECTION('',(-0.857167300702112,-1.04972719113862E-16,0.515038074910054));
#2227=DIRECTION('center_axis',(0.,0.,1.));
#2228=DIRECTION('ref_axis',(-1.,0.,0.));
#2229=DIRECTION('center_axis',(0.,0.002631327638829,0.999996538051436));
#2230=DIRECTION('ref_axis',(0.,-0.999996538051436,0.002631327638829));
#2231=DIRECTION('',(0.,0.,1.));
#2232=DIRECTION('center_axis',(0.,0.,-1.));
#2233=DIRECTION('ref_axis',(-1.,0.,0.));
#2234=DIRECTION('center_axis',(0.,0.,1.));
#2235=DIRECTION('ref_axis',(-1.,0.,0.));
#2236=DIRECTION('',(-0.857167300702112,-1.04972719113862E-16,0.515038074910054));
#2237=DIRECTION('center_axis',(0.,0.,1.));
#2238=DIRECTION('ref_axis',(-1.,0.,0.));
#2239=DIRECTION('center_axis',(0.,0.002631327638829,0.999996538051436));
#2240=DIRECTION('ref_axis',(0.,-0.999996538051436,0.002631327638829));
#2241=DIRECTION('',(0.,0.,1.));
#2242=DIRECTION('center_axis',(0.,0.,-1.));
#2243=DIRECTION('ref_axis',(-1.,0.,0.));
#2244=DIRECTION('center_axis',(0.,0.,1.));
#2245=DIRECTION('ref_axis',(-1.,0.,0.));
#2246=DIRECTION('',(-0.857167300702112,-1.04972719113862E-16,0.515038074910054));
#2247=DIRECTION('center_axis',(0.,0.,1.));
#2248=DIRECTION('ref_axis',(-1.,0.,0.));
#2249=DIRECTION('center_axis',(0.,0.002631327638829,0.999996538051436));
#2250=DIRECTION('ref_axis',(0.,-0.999996538051436,0.002631327638829));
#2251=DIRECTION('',(0.,0.,1.));
#2252=DIRECTION('center_axis',(0.,0.,-1.));
#2253=DIRECTION('ref_axis',(-1.,0.,0.));
#2254=DIRECTION('center_axis',(0.,0.,1.));
#2255=DIRECTION('ref_axis',(-1.,0.,0.));
#2256=DIRECTION('',(-0.857167300702112,-1.04972719113862E-16,0.515038074910054));
#2257=DIRECTION('center_axis',(0.,0.,1.));
#2258=DIRECTION('ref_axis',(-1.,0.,0.));
#2259=DIRECTION('center_axis',(0.,0.002631327638829,0.999996538051436));
#2260=DIRECTION('ref_axis',(0.,-0.999996538051436,0.002631327638829));
#2261=DIRECTION('',(0.,0.,1.));
#2262=DIRECTION('center_axis',(0.,-1.,2.69124805951115E-16));
#2263=DIRECTION('ref_axis',(0.,2.69124805951115E-16,1.));
#2264=DIRECTION('',(-1.,0.,0.));
#2265=DIRECTION('',(8.7243303656812E-31,2.69124805951115E-16,1.));
#2266=DIRECTION('',(-1.,0.,0.));
#2267=DIRECTION('',(-8.7243303656812E-31,-2.69124805951115E-16,-1.));
#2268=DIRECTION('center_axis',(-1.,-1.29373515207597E-31,8.7243303656812E-31));
#2269=DIRECTION('ref_axis',(1.29373515207597E-31,-1.,0.));
#2270=DIRECTION('',(1.31668724485292E-31,-0.999996538051436,0.002631327638829));
#2271=DIRECTION('',(-8.7243303656812E-31,-2.69124805951115E-16,-1.));
#2272=DIRECTION('center_axis',(1.,1.29373515207597E-31,-8.7243303656812E-31));
#2273=DIRECTION('ref_axis',(0.,-1.,0.));
#2274=DIRECTION('center_axis',(1.,1.29373515207597E-31,-8.7243303656812E-31));
#2275=DIRECTION('ref_axis',(0.,-1.,7.40148683083437E-16));
#2276=DIRECTION('',(-3.94430452610507E-31,-0.819152044288993,-0.573576436351045));
#2277=DIRECTION('',(-4.36805447428026E-31,-0.786700230630853,-0.617335198352858));
#2278=DIRECTION('center_axis',(1.,1.29373515207597E-31,-8.7243303656812E-31));
#2279=DIRECTION('ref_axis',(0.,-1.,0.));
#2280=DIRECTION('',(3.91777960465526E-31,0.821074415389896,0.570821166734504));
#2281=DIRECTION('',(3.94430452800025E-31,0.819152044151195,0.57357643654784));
#2282=DIRECTION('center_axis',(-1.,-1.29373515207597E-31,8.7243303656812E-31));
#2283=DIRECTION('ref_axis',(0.,-0.999996538051436,0.00263132763882804));
#2284=DIRECTION('center_axis',(-1.,-1.29373515207597E-31,8.7243303656812E-31));
#2285=DIRECTION('ref_axis',(0.,-1.,0.));
#2286=DIRECTION('',(8.7243303656812E-31,0.,1.));
#2287=DIRECTION('',(1.3166872448529E-31,-0.999996538051436,0.00263132763882706));
#2288=DIRECTION('',(-8.7243303656812E-31,0.,-1.));
#2289=DIRECTION('center_axis',(1.,1.29373515207597E-31,-8.7243303656812E-31));
#2290=DIRECTION('ref_axis',(0.,-1.,0.));
#2291=DIRECTION('center_axis',(1.,1.29373515207597E-31,-8.7243303656812E-31));
#2292=DIRECTION('ref_axis',(0.,-0.999996538051436,0.00263132763882804));
#2293=DIRECTION('',(-3.94430452800025E-31,-0.819152044151195,-0.57357643654784));
#2294=DIRECTION('',(-3.91777960465526E-31,-0.821074415389896,-0.570821166734504));
#2295=DIRECTION('center_axis',(-1.,-1.29373515207597E-31,8.7243303656812E-31));
#2296=DIRECTION('ref_axis',(0.,-1.,0.));
#2297=DIRECTION('',(4.36805447428026E-31,0.786700230630853,0.617335198352858));
#2298=DIRECTION('',(3.94430452610507E-31,0.819152044288993,0.573576436351045));
#2299=DIRECTION('center_axis',(-1.,-1.29373515207597E-31,8.7243303656812E-31));
#2300=DIRECTION('ref_axis',(0.,-1.,7.40148683083437E-16));
#2301=DIRECTION('center_axis',(-1.,-1.29373515207597E-31,8.7243303656812E-31));
#2302=DIRECTION('ref_axis',(0.,-1.,0.));
#2303=DIRECTION('center_axis',(0.,0.002631327638829,0.999996538051436));
#2304=DIRECTION('ref_axis',(1.,0.,0.));
#2305=DIRECTION('',(1.,0.,0.));
#2306=DIRECTION('',(3.72210260194354E-15,-0.999996538051436,0.002631327638829));
#2307=DIRECTION('center_axis',(0.,1.,0.));
#2308=DIRECTION('ref_axis',(4.67488217128235E-31,0.,-1.));
#2309=DIRECTION('',(1.51863005973958E-30,0.,1.));
#2310=DIRECTION('',(1.,0.,0.));
#2311=DIRECTION('center_axis',(-1.,-3.70843097655923E-15,5.20059287930371E-15));
#2312=DIRECTION('ref_axis',(5.48312849294806E-17,-0.819152044288993,-0.573576436351044));
#2313=DIRECTION('center_axis',(1.,1.29373515207597E-31,-8.7243303656812E-31));
#2314=DIRECTION('ref_axis',(0.,-1.,0.));
#2315=DIRECTION('center_axis',(1.,5.81845542000925E-31,-1.51863005973958E-30));
#2316=DIRECTION('ref_axis',(0.,-1.,7.40148683083437E-16));
#2317=DIRECTION('',(-3.94430452610507E-31,-0.819152044288993,-0.573576436351045));
#2318=DIRECTION('',(-4.79765767070284E-31,-0.786700230630853,-0.617335198352858));
#2319=DIRECTION('center_axis',(1.,5.81845542000925E-31,-1.51863005973958E-30));
#2320=DIRECTION('ref_axis',(0.,-1.,0.));
#2321=DIRECTION('',(0.,-0.818936624099297,-0.573883965370044));
#2322=DIRECTION('',(-6.38714491258507E-15,0.573576436351044,-0.819152044288993));
#2323=DIRECTION('center_axis',(1.,3.70843097655923E-15,-5.20059287930371E-15));
#2324=DIRECTION('ref_axis',(0.,-1.,0.));
#2325=DIRECTION('',(5.48312849294806E-17,-0.819152044288993,-0.573576436351044));
#2326=DIRECTION('',(0.,0.57368731536736,-0.819074394781446));
#2327=DIRECTION('center_axis',(1.,5.81845542000925E-31,-1.51863005973958E-30));
#2328=DIRECTION('ref_axis',(0.,-1.,0.));
#2329=DIRECTION('',(3.89127694293008E-31,0.821074415389896,0.570821166734504));
#2330=DIRECTION('',(3.94430452989544E-31,0.819152044151195,0.57357643654784));
#2331=DIRECTION('center_axis',(-1.,-5.81845542000925E-31,1.51863005973958E-30));
#2332=DIRECTION('ref_axis',(0.,-0.999996538051436,0.00263132763882804));
#2333=DIRECTION('center_axis',(-1.,-5.81845542000925E-31,1.51863005973958E-30));
#2334=DIRECTION('ref_axis',(0.,-1.,0.));
#2335=DIRECTION('',(-3.94430452610506E-31,-0.819152044288993,-0.573576436351044));
#2336=DIRECTION('',(-6.38714491258507E-15,0.573576436351044,-0.819152044288993));
#2337=DIRECTION('',(3.94430452610506E-31,0.819152044288993,0.573576436351044));
#2338=DIRECTION('',(6.38714491258507E-15,-0.573576436351044,0.819152044288993));
#2339=DIRECTION('center_axis',(1.,3.70843097655923E-15,-5.20059287930371E-15));
#2340=DIRECTION('ref_axis',(-5.48312849294806E-17,0.819152044288993,0.573576436351044));
#2341=DIRECTION('center_axis',(1.,3.70843097655923E-15,-5.20059287930371E-15));
#2342=DIRECTION('ref_axis',(-5.48312849294806E-17,0.819152044288993,0.573576436351044));
#2343=DIRECTION('center_axis',(1.,3.70843097655923E-15,-5.20059287930371E-15));
#2344=DIRECTION('ref_axis',(0.,0.573576436351039,-0.819152044288997));
#2345=DIRECTION('',(-5.48312849295124E-17,0.819152044288996,0.57357643635104));
#2346=DIRECTION('center_axis',(1.,3.70843097655923E-15,-5.20059287930371E-15));
#2347=DIRECTION('ref_axis',(0.,0.819152044288998,0.573576436351037));
#2348=DIRECTION('',(6.38714491258507E-15,-0.573576436351029,0.819152044289004));
#2349=DIRECTION('center_axis',(1.,3.70843097655923E-15,-5.20059287930371E-15));
#2350=DIRECTION('ref_axis',(0.,-0.573576436351042,0.819152044288994));
#2351=DIRECTION('',(5.48312849294947E-17,-0.819152044288994,-0.573576436351042));
#2352=DIRECTION('center_axis',(1.,3.70843097655923E-15,-5.20059287930371E-15));
#2353=DIRECTION('ref_axis',(0.,-0.819152044289038,-0.573576436350981));
#2354=DIRECTION('',(-6.38714491258507E-15,0.573576436350978,-0.81915204428904));
#2355=DIRECTION('',(-5.48312849295124E-17,0.819152044288996,0.57357643635104));
#2356=DIRECTION('center_axis',(1.,3.70843097655923E-15,-5.20059287930371E-15));
#2357=DIRECTION('ref_axis',(0.,0.819152044288994,0.573576436351042));
#2358=DIRECTION('',(6.38714491258507E-15,-0.573576436351043,0.819152044288994));
#2359=DIRECTION('center_axis',(1.,3.70843097655923E-15,-5.20059287930371E-15));
#2360=DIRECTION('ref_axis',(0.,-0.573576436351047,0.819152044288991));
#2361=DIRECTION('',(5.48312849294899E-17,-0.819152044288994,-0.573576436351043));
#2362=DIRECTION('center_axis',(1.,3.70843097655923E-15,-5.20059287930371E-15));
#2363=DIRECTION('ref_axis',(0.,-0.819152044289041,-0.573576436350976));
#2364=DIRECTION('',(-6.38714491258507E-15,0.573576436350981,-0.819152044289037));
#2365=DIRECTION('center_axis',(1.,3.70843097655923E-15,-5.20059287930371E-15));
#2366=DIRECTION('ref_axis',(0.,0.573576436351039,-0.819152044288997));
#2367=DIRECTION('',(5.48312849294773E-17,-0.819152044288993,-0.573576436351045));
#2368=DIRECTION('center_axis',(1.,3.70843097655923E-15,-5.20059287930371E-15));
#2369=DIRECTION('ref_axis',(0.,-0.819152044288998,-0.573576436351037));
#2370=DIRECTION('',(-6.38714491258508E-15,0.573576436351047,-0.819152044288991));
#2371=DIRECTION('center_axis',(1.,3.70843097655923E-15,-5.20059287930371E-15));
#2372=DIRECTION('ref_axis',(0.,0.57357643635104,-0.819152044288996));
#2373=DIRECTION('',(-5.48312849294998E-17,0.819152044288995,0.573576436351042));
#2374=DIRECTION('center_axis',(1.,3.70843097655923E-15,-5.20059287930371E-15));
#2375=DIRECTION('ref_axis',(0.,0.819152044288985,0.573576436351056));
#2376=DIRECTION('',(6.38714491258508E-15,-0.573576436351068,0.819152044288976));
#2377=DIRECTION('center_axis',(1.,3.70843097655923E-15,-5.20059287930371E-15));
#2378=DIRECTION('ref_axis',(0.,-0.573576436351042,0.819152044288995));
#2379=DIRECTION('',(-6.38714491258508E-15,0.573576436351049,-0.819152044288989));
#2380=DIRECTION('center_axis',(1.,3.70843097655923E-15,-5.20059287930371E-15));
#2381=DIRECTION('ref_axis',(0.,0.573576436351027,-0.819152044289005));
#2382=DIRECTION('',(-5.48312849295124E-17,0.819152044288996,0.57357643635104));
#2383=DIRECTION('center_axis',(1.,3.70843097655923E-15,-5.20059287930371E-15));
#2384=DIRECTION('ref_axis',(0.,0.819152044288996,0.57357643635104));
#2385=DIRECTION('',(6.38714491258508E-15,-0.573576436351045,0.819152044288992));
#2386=DIRECTION('center_axis',(1.,3.70843097655923E-15,-5.20059287930371E-15));
#2387=DIRECTION('ref_axis',(0.,-0.573576436351052,0.819152044288987));
#2388=DIRECTION('',(5.48312849295424E-17,-0.819152044288999,-0.573576436351036));
#2389=DIRECTION('center_axis',(1.,3.70843097655923E-15,-5.20059287930371E-15));
#2390=DIRECTION('ref_axis',(0.,-0.819152044288989,-0.57357643635105));
#2391=DIRECTION('',(5.48312849294777E-17,-0.819152044288993,-0.573576436351044));
#2392=DIRECTION('center_axis',(1.,3.70843097655923E-15,-5.20059287930371E-15));
#2393=DIRECTION('ref_axis',(0.,-0.819152044288994,-0.573576436351042));
#2394=DIRECTION('',(-6.38714491258508E-15,0.573576436351039,-0.819152044288997));
#2395=DIRECTION('center_axis',(1.,3.70843097655923E-15,-5.20059287930371E-15));
#2396=DIRECTION('ref_axis',(0.,0.573576436351032,-0.819152044289002));
#2397=DIRECTION('',(-5.48312849295152E-17,0.819152044288996,0.57357643635104));
#2398=DIRECTION('center_axis',(1.,3.70843097655923E-15,-5.20059287930371E-15));
#2399=DIRECTION('ref_axis',(0.,0.819152044289014,0.573576436351014));
#2400=DIRECTION('',(6.38714491258508E-15,-0.573576436351051,0.819152044288988));
#2401=DIRECTION('center_axis',(1.,3.70843097655923E-15,-5.20059287930371E-15));
#2402=DIRECTION('ref_axis',(0.,-0.573576436351026,0.819152044289006));
#2403=DIRECTION('center_axis',(0.,-0.573576436351045,0.819152044288993));
#2404=DIRECTION('ref_axis',(0.,-0.819152044288993,-0.573576436351044));
#2405=DIRECTION('',(1.,0.,0.));
#2406=DIRECTION('',(0.,-0.819152044288993,-0.573576436351044));
#2407=DIRECTION('',(1.,0.,0.));
#2408=DIRECTION('center_axis',(1.,0.,0.));
#2409=DIRECTION('ref_axis',(0.,-0.573576436351026,0.819152044289006));
#2410=DIRECTION('',(1.,0.,0.));
#2411=DIRECTION('center_axis',(1.,0.,0.));
#2412=DIRECTION('ref_axis',(0.,-0.573576436351026,0.819152044289006));
#2413=DIRECTION('center_axis',(0.,0.819152044288988,0.573576436351051));
#2414=DIRECTION('ref_axis',(0.,-0.573576436351051,0.819152044288988));
#2415=DIRECTION('',(1.,0.,0.));
#2416=DIRECTION('',(0.,-0.573576436351051,0.819152044288988));
#2417=DIRECTION('center_axis',(1.,0.,0.));
#2418=DIRECTION('ref_axis',(0.,0.819152044289014,0.573576436351014));
#2419=DIRECTION('',(1.,0.,0.));
#2420=DIRECTION('center_axis',(1.,0.,0.));
#2421=DIRECTION('ref_axis',(0.,0.819152044289014,0.573576436351014));
#2422=DIRECTION('center_axis',(0.,0.57357643635104,-0.819152044288996));
#2423=DIRECTION('ref_axis',(0.,0.819152044288996,0.57357643635104));
#2424=DIRECTION('',(1.,0.,0.));
#2425=DIRECTION('',(0.,0.819152044288996,0.57357643635104));
#2426=DIRECTION('center_axis',(1.,0.,0.));
#2427=DIRECTION('ref_axis',(0.,0.573576436351032,-0.819152044289002));
#2428=DIRECTION('',(1.,0.,0.));
#2429=DIRECTION('center_axis',(1.,0.,0.));
#2430=DIRECTION('ref_axis',(0.,0.573576436351032,-0.819152044289002));
#2431=DIRECTION('center_axis',(0.,-0.819152044288997,-0.573576436351039));
#2432=DIRECTION('ref_axis',(0.,0.573576436351039,-0.819152044288997));
#2433=DIRECTION('',(1.,0.,0.));
#2434=DIRECTION('',(0.,0.573576436351039,-0.819152044288997));
#2435=DIRECTION('center_axis',(1.,0.,0.));
#2436=DIRECTION('ref_axis',(0.,-0.819152044288994,-0.573576436351042));
#2437=DIRECTION('center_axis',(1.,0.,0.));
#2438=DIRECTION('ref_axis',(0.,-0.819152044288994,-0.573576436351042));
#2439=DIRECTION('center_axis',(-1.,0.,0.));
#2440=DIRECTION('ref_axis',(0.,-1.,0.));
#2441=DIRECTION('center_axis',(0.,-0.819152044288989,-0.573576436351049));
#2442=DIRECTION('ref_axis',(0.,0.573576436351049,-0.819152044288989));
#2443=DIRECTION('',(1.,0.,0.));
#2444=DIRECTION('',(0.,0.573576436351049,-0.819152044288989));
#2445=DIRECTION('',(1.,0.,0.));
#2446=DIRECTION('center_axis',(1.,0.,0.));
#2447=DIRECTION('ref_axis',(0.,-0.819152044288989,-0.57357643635105));
#2448=DIRECTION('',(1.,0.,0.));
#2449=DIRECTION('center_axis',(1.,-1.52021505696966E-30,-1.06446604259005E-30));
#2450=DIRECTION('ref_axis',(-1.8558399110011E-30,-0.819152044288989,-0.57357643635105));
#2451=DIRECTION('center_axis',(0.,-0.573576436351036,0.819152044288999));
#2452=DIRECTION('ref_axis',(-1.8558399110011E-30,-0.819152044288999,-0.573576436351036));
#2453=DIRECTION('',(1.,0.,0.));
#2454=DIRECTION('',(-1.8558399110011E-30,-0.819152044288999,-0.573576436351036));
#2455=DIRECTION('center_axis',(1.,0.,0.));
#2456=DIRECTION('ref_axis',(0.,-0.573576436351052,0.819152044288987));
#2457=DIRECTION('',(1.,0.,0.));
#2458=DIRECTION('center_axis',(1.,3.94011952501804E-32,-3.29182888448048E-30));
#2459=DIRECTION('ref_axis',(2.7191079573313E-30,-0.573576436351052,0.819152044288987));
#2460=DIRECTION('center_axis',(0.,0.819152044288992,0.573576436351045));
#2461=DIRECTION('ref_axis',(2.71910795733127E-30,-0.573576436351045,0.819152044288992));
#2462=DIRECTION('',(1.,0.,0.));
#2463=DIRECTION('',(2.71910795733127E-30,-0.573576436351045,0.819152044288992));
#2464=DIRECTION('center_axis',(1.,0.,0.));
#2465=DIRECTION('ref_axis',(0.,0.819152044288996,0.57357643635104));
#2466=DIRECTION('',(1.,0.,0.));
#2467=DIRECTION('center_axis',(1.,1.55961625221983E-30,-2.22736284189039E-30));
#2468=DIRECTION('ref_axis',(-2.8025969286496E-45,0.819152044288996,0.57357643635104));
#2469=DIRECTION('center_axis',(0.,0.57357643635104,-0.819152044288996));
#2470=DIRECTION('ref_axis',(-3.36742607398398E-45,0.819152044288996,0.57357643635104));
#2471=DIRECTION('',(1.,0.,0.));
#2472=DIRECTION('',(-3.36742607398398E-45,0.819152044288996,0.57357643635104));
#2473=DIRECTION('center_axis',(1.,0.,0.));
#2474=DIRECTION('ref_axis',(0.,0.573576436351027,-0.819152044289005));
#2475=DIRECTION('center_axis',(1.,3.10742426174581E-45,2.17584189249006E-45));
#2476=DIRECTION('ref_axis',(0.,0.573576436351027,-0.819152044289005));
#2477=DIRECTION('center_axis',(-1.,-1.55961625221983E-30,2.22736284189038E-30));
#2478=DIRECTION('ref_axis',(1.55961625221983E-30,-1.,0.));
#2479=DIRECTION('center_axis',(0.,-0.573576436351045,0.819152044288993));
#2480=DIRECTION('ref_axis',(0.,-0.819152044288993,-0.573576436351045));
#2481=DIRECTION('',(1.,0.,0.));
#2482=DIRECTION('',(0.,-0.819152044288993,-0.573576436351045));
#2483=DIRECTION('',(1.,0.,0.));
#2484=DIRECTION('center_axis',(1.,0.,0.));
#2485=DIRECTION('ref_axis',(0.,-0.573576436351042,0.819152044288995));
#2486=DIRECTION('',(1.,0.,0.));
#2487=DIRECTION('center_axis',(1.,0.,0.));
#2488=DIRECTION('ref_axis',(0.,-0.573576436351042,0.819152044288995));
#2489=DIRECTION('center_axis',(0.,0.819152044288976,0.573576436351068));
#2490=DIRECTION('ref_axis',(0.,-0.573576436351068,0.819152044288976));
#2491=DIRECTION('',(1.,0.,0.));
#2492=DIRECTION('',(0.,-0.573576436351068,0.819152044288976));
#2493=DIRECTION('center_axis',(1.,0.,0.));
#2494=DIRECTION('ref_axis',(0.,0.819152044288985,0.573576436351056));
#2495=DIRECTION('',(1.,0.,0.));
#2496=DIRECTION('center_axis',(1.,0.,0.));
#2497=DIRECTION('ref_axis',(0.,0.819152044288985,0.573576436351056));
#2498=DIRECTION('center_axis',(0.,0.573576436351042,-0.819152044288995));
#2499=DIRECTION('ref_axis',(0.,0.819152044288995,0.573576436351042));
#2500=DIRECTION('',(1.,0.,0.));
#2501=DIRECTION('',(0.,0.819152044288995,0.573576436351042));
#2502=DIRECTION('center_axis',(1.,0.,0.));
#2503=DIRECTION('ref_axis',(0.,0.57357643635104,-0.819152044288996));
#2504=DIRECTION('',(1.,0.,0.));
#2505=DIRECTION('center_axis',(1.,0.,0.));
#2506=DIRECTION('ref_axis',(0.,0.57357643635104,-0.819152044288996));
#2507=DIRECTION('center_axis',(0.,-0.819152044288991,-0.573576436351047));
#2508=DIRECTION('ref_axis',(0.,0.573576436351047,-0.819152044288991));
#2509=DIRECTION('',(1.,0.,0.));
#2510=DIRECTION('',(0.,0.573576436351047,-0.819152044288991));
#2511=DIRECTION('center_axis',(1.,0.,0.));
#2512=DIRECTION('ref_axis',(0.,-0.819152044288998,-0.573576436351037));
#2513=DIRECTION('center_axis',(1.,0.,0.));
#2514=DIRECTION('ref_axis',(0.,-0.819152044288998,-0.573576436351037));
#2515=DIRECTION('center_axis',(-1.,0.,0.));
#2516=DIRECTION('ref_axis',(0.,-1.,0.));
#2517=DIRECTION('center_axis',(0.,0.57357643635104,-0.819152044288996));
#2518=DIRECTION('ref_axis',(0.,0.819152044288996,0.57357643635104));
#2519=DIRECTION('',(1.,0.,0.));
#2520=DIRECTION('',(0.,0.819152044288996,0.57357643635104));
#2521=DIRECTION('',(1.,0.,0.));
#2522=DIRECTION('center_axis',(1.,0.,0.));
#2523=DIRECTION('ref_axis',(0.,0.573576436351039,-0.819152044288997));
#2524=DIRECTION('',(1.,0.,0.));
#2525=DIRECTION('center_axis',(1.,0.,0.));
#2526=DIRECTION('ref_axis',(0.,0.573576436351039,-0.819152044288997));
#2527=DIRECTION('center_axis',(0.,-0.819152044289037,-0.573576436350981));
#2528=DIRECTION('ref_axis',(0.,0.573576436350981,-0.819152044289037));
#2529=DIRECTION('',(1.,0.,0.));
#2530=DIRECTION('',(0.,0.573576436350981,-0.819152044289037));
#2531=DIRECTION('center_axis',(1.,0.,0.));
#2532=DIRECTION('ref_axis',(0.,-0.819152044289041,-0.573576436350976));
#2533=DIRECTION('',(1.,0.,0.));
#2534=DIRECTION('center_axis',(1.,0.,0.));
#2535=DIRECTION('ref_axis',(0.,-0.819152044289041,-0.573576436350976));
#2536=DIRECTION('center_axis',(0.,-0.573576436351043,0.819152044288994));
#2537=DIRECTION('ref_axis',(0.,-0.819152044288994,-0.573576436351043));
#2538=DIRECTION('',(1.,0.,0.));
#2539=DIRECTION('',(0.,-0.819152044288994,-0.573576436351043));
#2540=DIRECTION('center_axis',(1.,0.,0.));
#2541=DIRECTION('ref_axis',(0.,-0.573576436351047,0.819152044288991));
#2542=DIRECTION('',(1.,0.,0.));
#2543=DIRECTION('center_axis',(1.,0.,0.));
#2544=DIRECTION('ref_axis',(0.,-0.573576436351047,0.819152044288991));
#2545=DIRECTION('center_axis',(0.,0.819152044288994,0.573576436351043));
#2546=DIRECTION('ref_axis',(0.,-0.573576436351043,0.819152044288994));
#2547=DIRECTION('',(1.,0.,0.));
#2548=DIRECTION('',(0.,-0.573576436351043,0.819152044288994));
#2549=DIRECTION('center_axis',(1.,0.,0.));
#2550=DIRECTION('ref_axis',(0.,0.819152044288994,0.573576436351042));
#2551=DIRECTION('center_axis',(1.,0.,0.));
#2552=DIRECTION('ref_axis',(0.,0.819152044288994,0.573576436351042));
#2553=DIRECTION('center_axis',(-1.,0.,0.));
#2554=DIRECTION('ref_axis',(0.,-1.,0.));
#2555=DIRECTION('center_axis',(1.,0.,0.));
#2556=DIRECTION('ref_axis',(0.,0.573576436351039,-0.819152044288997));
#2557=DIRECTION('',(1.,0.,0.));
#2558=DIRECTION('center_axis',(1.,0.,0.));
#2559=DIRECTION('ref_axis',(0.,0.573576436351039,-0.819152044288997));
#2560=DIRECTION('',(1.,0.,0.));
#2561=DIRECTION('center_axis',(0.,-0.81915204428904,-0.573576436350978));
#2562=DIRECTION('ref_axis',(0.,0.573576436350978,-0.81915204428904));
#2563=DIRECTION('',(1.,0.,0.));
#2564=DIRECTION('',(0.,0.573576436350978,-0.81915204428904));
#2565=DIRECTION('center_axis',(1.,0.,0.));
#2566=DIRECTION('ref_axis',(0.,-0.819152044289038,-0.573576436350981));
#2567=DIRECTION('',(1.,0.,0.));
#2568=DIRECTION('center_axis',(1.,0.,0.));
#2569=DIRECTION('ref_axis',(0.,-0.819152044289038,-0.573576436350981));
#2570=DIRECTION('center_axis',(0.,-0.573576436351042,0.819152044288994));
#2571=DIRECTION('ref_axis',(0.,-0.819152044288994,-0.573576436351042));
#2572=DIRECTION('',(1.,0.,0.));
#2573=DIRECTION('',(0.,-0.819152044288994,-0.573576436351042));
#2574=DIRECTION('center_axis',(1.,0.,0.));
#2575=DIRECTION('ref_axis',(0.,-0.573576436351042,0.819152044288994));
#2576=DIRECTION('',(1.,0.,0.));
#2577=DIRECTION('center_axis',(1.,0.,0.));
#2578=DIRECTION('ref_axis',(0.,-0.573576436351042,0.819152044288994));
#2579=DIRECTION('center_axis',(0.,0.819152044289004,0.573576436351029));
#2580=DIRECTION('ref_axis',(0.,-0.573576436351029,0.819152044289004));
#2581=DIRECTION('',(1.,0.,0.));
#2582=DIRECTION('',(0.,-0.573576436351029,0.819152044289004));
#2583=DIRECTION('center_axis',(1.,0.,0.));
#2584=DIRECTION('ref_axis',(0.,0.819152044288998,0.573576436351037));
#2585=DIRECTION('',(1.,0.,0.));
#2586=DIRECTION('center_axis',(1.,0.,0.));
#2587=DIRECTION('ref_axis',(0.,0.819152044288998,0.573576436351037));
#2588=DIRECTION('center_axis',(0.,0.57357643635104,-0.819152044288996));
#2589=DIRECTION('ref_axis',(0.,0.819152044288996,0.57357643635104));
#2590=DIRECTION('',(0.,0.819152044288996,0.57357643635104));
#2591=DIRECTION('center_axis',(-1.,0.,0.));
#2592=DIRECTION('ref_axis',(0.,-1.,0.));
#2593=DIRECTION('center_axis',(1.,3.70843097655923E-15,-5.20059287930371E-15));
#2594=DIRECTION('ref_axis',(5.48312849294806E-17,-0.819152044288993,-0.573576436351044));
#2595=DIRECTION('',(-3.72210260194353E-15,0.999996538051436,-0.00263132763882604));
#2596=DIRECTION('',(8.7243303656812E-31,0.,1.));
#2597=DIRECTION('center_axis',(-1.,-1.29373515207597E-31,8.7243303656812E-31));
#2598=DIRECTION('ref_axis',(0.,-1.,0.));
#2599=DIRECTION('center_axis',(-1.,-1.29373515207597E-31,8.7243303656812E-31));
#2600=DIRECTION('ref_axis',(0.,-0.999996538051436,0.00263132763882804));
#2601=DIRECTION('',(3.94430452800025E-31,0.819152044151195,0.57357643654784));
#2602=DIRECTION('',(3.91777960465526E-31,0.821074415389896,0.570821166734504));
#2603=DIRECTION('center_axis',(1.,1.29373515207597E-31,-8.7243303656812E-31));
#2604=DIRECTION('ref_axis',(0.,-1.,0.));
#2605=DIRECTION('',(-4.36805447428026E-31,-0.786700230630853,-0.617335198352858));
#2606=DIRECTION('',(-3.94430452610507E-31,-0.819152044288993,-0.573576436351045));
#2607=DIRECTION('center_axis',(1.,1.29373515207597E-31,-8.7243303656812E-31));
#2608=DIRECTION('ref_axis',(0.,-1.,7.40148683083437E-16));
#2609=DIRECTION('center_axis',(1.,1.29373515207597E-31,-8.7243303656812E-31));
#2610=DIRECTION('ref_axis',(0.,-1.,0.));
#2611=DIRECTION('',(-8.7243303656812E-31,-2.69124805951115E-16,-1.));
#2612=DIRECTION('',(5.48312849294806E-17,-0.819152044288993,-0.573576436351044));
#2613=DIRECTION('center_axis',(-1.,-1.29373515207597E-31,8.7243303656812E-31));
#2614=DIRECTION('ref_axis',(0.,-0.573576436351044,0.819152044288993));
#2615=DIRECTION('',(0.,-0.57368731536736,0.819074394781446));
#2616=DIRECTION('',(0.,0.818936624099297,0.573883965370044));
#2617=DIRECTION('center_axis',(-1.,-1.29373515207597E-31,8.7243303656812E-31));
#2618=DIRECTION('ref_axis',(0.,-0.573576436351044,0.819152044288993));
#2619=DIRECTION('',(-6.38714491258507E-15,0.573576436351044,-0.819152044288993));
#2620=DIRECTION('center_axis',(-1.,-3.70843097655923E-15,5.20059287930371E-15));
#2621=DIRECTION('ref_axis',(5.4381708730676E-15,-0.146014485508371,0.989282452094307));
#2622=DIRECTION('center_axis',(1.,3.70843097655923E-15,-5.20059287930371E-15));
#2623=DIRECTION('ref_axis',(5.48312849294806E-17,-0.819152044288993,-0.573576436351044));
#2624=DIRECTION('center_axis',(-1.,-3.70843097655923E-15,5.20059287930371E-15));
#2625=DIRECTION('ref_axis',(-5.45329932395622E-15,0.885551409397706,-0.464541388160126));
#2626=DIRECTION('center_axis',(1.,3.70843097655923E-15,-5.20059287930371E-15));
#2627=DIRECTION('ref_axis',(5.48312849294806E-17,-0.819152044288993,-0.573576436351044));
#2628=DIRECTION('center_axis',(0.,0.002631327638829,0.999996538051436));
#2629=DIRECTION('ref_axis',(1.,0.,0.));
#2630=DIRECTION('',(-1.,0.,0.));
#2631=DIRECTION('',(1.,0.,0.));
#2632=DIRECTION('',(1.,0.,0.));
#2633=DIRECTION('center_axis',(0.,1.,0.));
#2634=DIRECTION('ref_axis',(4.67488217128235E-31,0.,-1.));
#2635=DIRECTION('',(-1.,0.,0.));
#2636=DIRECTION('center_axis',(-1.,0.,0.));
#2637=DIRECTION('ref_axis',(0.,-1.,0.));
#2638=DIRECTION('',(-1.,0.,0.));
#2639=DIRECTION('center_axis',(-1.,0.,0.));
#2640=DIRECTION('ref_axis',(0.,0.819152044288993,0.573576436351045));
#2641=DIRECTION('',(-1.,0.,0.));
#2642=DIRECTION('',(1.,0.,0.));
#2643=DIRECTION('',(1.,0.,0.));
#2644=DIRECTION('',(1.,0.,0.));
#2645=DIRECTION('center_axis',(1.,0.,0.));
#2646=DIRECTION('ref_axis',(0.,-1.,0.));
#2647=DIRECTION('',(-1.,0.,0.));
#2648=DIRECTION('',(1.,0.,0.));
#2649=DIRECTION('center_axis',(1.,0.,0.));
#2650=DIRECTION('ref_axis',(0.,-1.,0.));
#2651=DIRECTION('center_axis',(0.,0.573576436351044,-0.819152044288993));
#2652=DIRECTION('ref_axis',(-3.94430452610506E-31,-0.819152044288993,-0.573576436351044));
#2653=DIRECTION('',(-1.,-3.70843097655923E-15,5.20059287930371E-15));
#2654=DIRECTION('center_axis',(6.38714491258508E-15,-0.573576436351044,
0.819152044288993));
#2655=DIRECTION('ref_axis',(0.707106781186546,0.579227965339574,0.405579787672635));
#2656=DIRECTION('',(5.48312849294806E-17,-0.819152044288993,-0.573576436351044));
#2657=DIRECTION('center_axis',(6.38714491258508E-15,-0.573576436351044,
0.819152044288993));
#2658=DIRECTION('ref_axis',(0.707106781186546,-0.579227965339569,-0.405579787672642));
#2659=DIRECTION('',(-1.,-3.70843097655923E-15,5.20059287930371E-15));
#2660=DIRECTION('center_axis',(0.,-0.573576436351044,0.819152044288993));
#2661=DIRECTION('ref_axis',(3.94430452610506E-31,0.819152044288993,0.573576436351044));
#2662=DIRECTION('',(-1.,-3.70843097655923E-15,5.20059287930371E-15));
#2663=DIRECTION('center_axis',(-6.38714491258508E-15,0.573576436351044,
-0.819152044288993));
#2664=DIRECTION('ref_axis',(0.707106781186546,-0.579227965339569,-0.405579787672642));
#2665=DIRECTION('',(-5.48312849294806E-17,0.819152044288993,0.573576436351044));
#2666=DIRECTION('center_axis',(-6.38714491258508E-15,0.573576436351044,
-0.819152044288993));
#2667=DIRECTION('ref_axis',(0.707106781186546,0.579227965339574,0.405579787672635));
#2668=DIRECTION('',(-1.,-3.70843097655923E-15,5.20059287930371E-15));
#2669=DIRECTION('center_axis',(-1.,0.,0.));
#2670=DIRECTION('ref_axis',(0.,-1.,0.));
#2671=DIRECTION('',(1.,0.,0.));
#2672=DIRECTION('center_axis',(-1.,0.,0.));
#2673=DIRECTION('ref_axis',(0.,-0.999996538051436,0.00263132763882804));
#2674=DIRECTION('',(1.,0.,0.));
#2675=DIRECTION('center_axis',(0.,0.57357643654784,-0.819152044151195));
#2676=DIRECTION('ref_axis',(0.,-0.819152044151195,-0.57357643654784));
#2677=DIRECTION('',(1.,0.,0.));
#2678=DIRECTION('center_axis',(0.,0.570821166734504,-0.821074415389896));
#2679=DIRECTION('ref_axis',(0.,-0.821074415389896,-0.570821166734504));
#2680=DIRECTION('center_axis',(-6.38714491258508E-15,0.573576436351044,
-0.819152044288993));
#2681=DIRECTION('ref_axis',(5.48312849294806E-17,-0.819152044288993,-0.573576436351044));
#2682=DIRECTION('',(-1.,-3.66422405133412E-15,5.2315469015874E-15));
#2683=DIRECTION('',(1.,0.,0.));
#2684=DIRECTION('center_axis',(0.,0.570821166734504,-0.821074415389896));
#2685=DIRECTION('ref_axis',(0.,-0.821074415389896,-0.570821166734504));
#2686=DIRECTION('',(1.,0.,0.));
#2687=DIRECTION('',(-1.,0.,0.));
#2688=DIRECTION('center_axis',(-1.,0.,0.));
#2689=DIRECTION('ref_axis',(0.,0.818598028337776,0.574366840966212));
#2690=DIRECTION('',(1.,0.,0.));
#2691=DIRECTION('center_axis',(0.,-0.617335198352858,0.786700230630853));
#2692=DIRECTION('ref_axis',(1.11257534246605E-14,0.786700230630853,0.617335198352858));
#2693=DIRECTION('',(-1.,0.,0.));
#2694=DIRECTION('center_axis',(0.,-0.573576436351045,0.819152044288993));
#2695=DIRECTION('ref_axis',(-9.38881941625449E-17,0.819152044288993,0.573576436351045));
#2696=DIRECTION('',(-1.,0.,0.));
#2697=DIRECTION('center_axis',(-1.,0.,0.));
#2698=DIRECTION('ref_axis',(0.,-1.,7.40148683083437E-16));
#2699=DIRECTION('',(-1.,0.,0.));
#2700=DIRECTION('center_axis',(-1.,0.,0.));
#2701=DIRECTION('ref_axis',(0.,-1.,0.));
#2702=DIRECTION('',(1.,0.,0.));
#2703=DIRECTION('center_axis',(-5.48312849294806E-17,0.819152044288993,
0.573576436351044));
#2704=DIRECTION('ref_axis',(-6.38714491258507E-15,0.573576436351044,-0.819152044288993));
#2705=DIRECTION('',(1.,4.49033505404117E-17,3.14667974397589E-17));
#2706=DIRECTION('',(-1.,0.,0.));
#2707=DIRECTION('center_axis',(6.38714491258508E-15,-0.573576436351044,
0.819152044288993));
#2708=DIRECTION('ref_axis',(0.707106781186546,0.579227965339574,0.405579787672635));
#2709=DIRECTION('',(6.38714491258507E-15,-0.573576436351044,0.819152044288993));
#2710=DIRECTION('',(-6.38714491258507E-15,0.573576436351044,-0.819152044288993));
#2711=DIRECTION('',(6.38714491258507E-15,-0.573576436351044,0.819152044288993));
#2712=DIRECTION('center_axis',(1.,3.70843097655923E-15,-5.20059287930371E-15));
#2713=DIRECTION('ref_axis',(5.48312849294806E-17,-0.819152044288993,-0.573576436351044));
#2714=DIRECTION('center_axis',(-1.,-3.70843097655923E-15,5.20059287930371E-15));
#2715=DIRECTION('ref_axis',(5.48312849294806E-17,-0.819152044288993,-0.573576436351044));
#2716=DIRECTION('center_axis',(1.,3.70843097655923E-15,-5.20059287930371E-15));
#2717=DIRECTION('ref_axis',(-5.45329932395622E-15,0.885551409397706,-0.464541388160126));
#2718=DIRECTION('center_axis',(-1.,-3.70843097655923E-15,5.20059287930371E-15));
#2719=DIRECTION('ref_axis',(5.48312849294806E-17,-0.819152044288993,-0.573576436351044));
#2720=DIRECTION('center_axis',(1.,3.70843097655923E-15,-5.20059287930371E-15));
#2721=DIRECTION('ref_axis',(5.4381708730676E-15,-0.146014485508371,0.989282452094307));
#2722=DIRECTION('center_axis',(-1.,-3.70843097655923E-15,5.20059287930371E-15));
#2723=DIRECTION('ref_axis',(5.48312849294806E-17,-0.819152044288993,-0.573576436351044));
#2724=DIRECTION('',(-6.38714491258507E-15,0.573576436351044,-0.819152044288993));
#2725=DIRECTION('center_axis',(-6.38714491258508E-15,0.573576436351044,
-0.819152044288993));
#2726=DIRECTION('ref_axis',(0.707106781186546,-0.579227965339569,-0.405579787672642));
#2727=DIRECTION('',(6.38714491258507E-15,-0.573576436351044,0.819152044288993));
#2728=DIRECTION('center_axis',(-5.48312849294806E-17,0.819152044288993,
0.573576436351044));
#2729=DIRECTION('ref_axis',(-6.38714491258507E-15,0.573576436351044,-0.819152044288993));
#2730=DIRECTION('center_axis',(5.48312849294806E-17,-0.819152044288993,
-0.573576436351044));
#2731=DIRECTION('ref_axis',(6.38714491258507E-15,-0.573576436351044,0.819152044288993));
#2732=DIRECTION('center_axis',(-1.,-3.70843097655923E-15,5.20059287930371E-15));
#2733=DIRECTION('ref_axis',(5.4381708730676E-15,-0.146014485508371,0.989282452094307));
#2734=DIRECTION('',(1.,3.70843097655923E-15,-5.20059287930371E-15));
#2735=DIRECTION('',(-1.,-3.70843097655923E-15,5.20059287930371E-15));
#2736=DIRECTION('center_axis',(-1.,-3.70843097655923E-15,5.20059287930371E-15));
#2737=DIRECTION('ref_axis',(-1.49505362491215E-17,0.815554814265701,0.578679829377211));
#2738=DIRECTION('',(1.,3.70843097655923E-15,-5.20059287930371E-15));
#2739=DIRECTION('center_axis',(1.,3.70843097655923E-15,-5.20059287930371E-15));
#2740=DIRECTION('ref_axis',(-5.45329932395622E-15,0.885551409397706,-0.464541388160126));
#2741=DIRECTION('',(-1.,-3.70843097655923E-15,5.20059287930371E-15));
#2742=DIRECTION('center_axis',(-1.,-3.70843097655923E-15,5.20059287930371E-15));
#2743=DIRECTION('ref_axis',(5.48312849294806E-17,-0.819152044288993,-0.573576436351044));
#2744=DIRECTION('center_axis',(1.,3.54923153505438E-15,-4.97323251424411E-15));
#2745=DIRECTION('ref_axis',(-5.48312849294806E-17,0.819152044288993,0.573576436351044));
#2746=DIRECTION('',(1.,3.54923153505438E-15,-4.97323251424411E-15));
#2747=DIRECTION('center_axis',(1.,3.54923153505438E-15,-4.97323251424411E-15));
#2748=DIRECTION('ref_axis',(-5.48312849294806E-17,0.819152044288993,0.573576436351044));
#2749=DIRECTION('center_axis',(-1.,-3.54923153505438E-15,4.97323251424411E-15));
#2750=DIRECTION('ref_axis',(-5.48312849294806E-17,0.819152044288993,0.573576436351044));
#2751=DIRECTION('center_axis',(1.,3.54923153505438E-15,-4.97323251424411E-15));
#2752=DIRECTION('ref_axis',(-5.48312849294806E-17,0.819152044288993,0.573576436351044));
#2753=DIRECTION('',(1.,3.54923153505438E-15,-4.97323251424411E-15));
#2754=DIRECTION('center_axis',(1.,3.54923153505438E-15,-4.97323251424411E-15));
#2755=DIRECTION('ref_axis',(-5.48312849294806E-17,0.819152044288993,0.573576436351044));
#2756=DIRECTION('center_axis',(-1.,-3.54923153505438E-15,4.97323251424411E-15));
#2757=DIRECTION('ref_axis',(-5.48312849294806E-17,0.819152044288993,0.573576436351044));
#2758=DIRECTION('center_axis',(1.,0.,0.));
#2759=DIRECTION('ref_axis',(0.,-0.573576436351044,0.819152044288993));
#2760=DIRECTION('',(1.,0.,0.));
#2761=DIRECTION('center_axis',(0.,0.573883965370044,-0.818936624099297));
#2762=DIRECTION('ref_axis',(1.,0.,0.));
#2763=DIRECTION('center_axis',(0.,0.819074394781446,0.57368731536736));
#2764=DIRECTION('ref_axis',(-1.,0.,0.));
#2765=DIRECTION('',(1.,0.,0.));
#2766=DIRECTION('center_axis',(1.,0.,0.));
#2767=DIRECTION('ref_axis',(0.,-0.573576436351044,0.819152044288993));
#2768=DIRECTION('center_axis',(0.,0.57357643654784,-0.819152044151195));
#2769=DIRECTION('ref_axis',(0.,-0.819152044151195,-0.57357643654784));
#2770=DIRECTION('',(-1.,0.,0.));
#2771=DIRECTION('center_axis',(-1.,0.,0.));
#2772=DIRECTION('ref_axis',(0.,-0.999996538051436,0.00263132763882804));
#2773=DIRECTION('',(1.,0.,0.));
#2774=DIRECTION('center_axis',(-1.,0.,0.));
#2775=DIRECTION('ref_axis',(0.,-1.,0.));
#2776=DIRECTION('center_axis',(0.,-0.617335198352858,0.786700230630853));
#2777=DIRECTION('ref_axis',(1.11257534246605E-14,0.786700230630853,0.617335198352858));
#2778=DIRECTION('',(1.,0.,0.));
#2779=DIRECTION('center_axis',(0.,-0.573576436351045,0.819152044288993));
#2780=DIRECTION('ref_axis',(-9.38881941625449E-17,0.819152044288993,0.573576436351045));
#2781=DIRECTION('',(1.,0.,0.));
#2782=DIRECTION('center_axis',(-1.,0.,0.));
#2783=DIRECTION('ref_axis',(0.,-1.,7.40148683083437E-16));
#2784=DIRECTION('center_axis',(0.,-1.,2.69124805951115E-16));
#2785=DIRECTION('ref_axis',(0.,2.69124805951115E-16,1.));
#2786=CARTESIAN_POINT('',(0.,0.,0.));
#2787=CARTESIAN_POINT('Origin',(-21.2000002160668,41.5000008046627,40.5));
#2788=CARTESIAN_POINT('',(-21.2000002160668,41.5000008046627,42.4900283270785));
#2789=CARTESIAN_POINT('',(-14.5000002160668,41.5000008046627,42.4900283270785));
#2790=CARTESIAN_POINT('',(-17.3162599572854,41.5000008046627,42.4900283270785));
#2791=CARTESIAN_POINT('',(-21.2000002160668,41.5000008046627,47.4900456368813));
#2792=CARTESIAN_POINT('',(-21.2000002160668,41.5000008046627,40.5));
#2793=CARTESIAN_POINT('',(-14.5000002160668,41.5000008046627,47.4900456368813));
#2794=CARTESIAN_POINT('',(-17.3162599572854,41.5000008046627,47.4900456368813));
#2795=CARTESIAN_POINT('',(-14.5000002160668,41.5000008046627,47.4795202898877));
#2796=CARTESIAN_POINT('Origin',(-14.5000002160668,45.5000008046627,40.5));
#2797=CARTESIAN_POINT('',(-14.5000002160668,54.0000008046627,47.4571539275265));
#2798=CARTESIAN_POINT('',(-14.5000002160668,54.2020023289757,47.4566223934923));
#2799=CARTESIAN_POINT('',(-14.5000002160668,54.0000008046627,42.4571366177237));
#2800=CARTESIAN_POINT('',(-14.5000002160668,54.0000008046627,40.5));
#2801=CARTESIAN_POINT('',(-14.5000002160668,54.1888456907816,42.4566397032351));
#2802=CARTESIAN_POINT('Origin',(-21.2000002160668,54.0000008046627,40.5));
#2803=CARTESIAN_POINT('',(-21.2000002160668,54.0000008046627,47.4571539275265));
#2804=CARTESIAN_POINT('',(-21.2000002160668,58.4519729024639,47.4454392897428));
#2805=CARTESIAN_POINT('',(-21.2000002160668,54.0000008046627,42.4571366177237));
#2806=CARTESIAN_POINT('',(-21.2000002160668,58.4388162642697,42.4454565994855));
#2807=CARTESIAN_POINT('',(-21.2000002160668,54.0000008046627,40.5));
#2808=CARTESIAN_POINT('Origin',(-14.5000002160668,54.0000008046627,40.5));
#2809=CARTESIAN_POINT('',(-13.9662599572854,54.0000008046627,47.4571539275265));
#2810=CARTESIAN_POINT('',(-13.9662599572854,54.0000008046627,42.4571366177237));
#2811=CARTESIAN_POINT('Origin',(-22.956286292664,55.7101753798167,45.7703872785624));
#2812=CARTESIAN_POINT('',(-22.056286292664,55.7101753798167,45.5));
#2813=CARTESIAN_POINT('Origin',(-22.956286292664,55.7101753798167,45.5));
#2814=CARTESIAN_POINT('',(-22.956286292664,55.7101753798167,46.0407745571248));
#2815=CARTESIAN_POINT('',(-22.506286292664,55.7101753798167,45.7703872785624));
#2816=CARTESIAN_POINT('Origin',(-22.956286292664,55.7101753798167,43.));
#2817=CARTESIAN_POINT('',(-22.056286292664,55.7101753798167,42.4526365725179));
#2818=CARTESIAN_POINT('Origin',(-22.956286292664,55.7101753798167,42.4526365725179));
#2819=CARTESIAN_POINT('',(-22.056286292664,55.7101753798167,43.));
#2820=CARTESIAN_POINT('Origin',(-9.44999978877604,55.7101753798167,45.7703872785624));
#2821=CARTESIAN_POINT('',(-8.54999978877604,55.7101753798167,45.5));
#2822=CARTESIAN_POINT('Origin',(-9.44999978877604,55.7101753798167,45.5));
#2823=CARTESIAN_POINT('',(-9.44999978877604,55.7101753798167,46.0407745571248));
#2824=CARTESIAN_POINT('',(-8.99999978877604,55.7101753798167,45.7703872785624));
#2825=CARTESIAN_POINT('Origin',(-9.44999978877604,55.7101753798167,43.));
#2826=CARTESIAN_POINT('',(-8.54999978877604,55.7101753798167,42.4526365725179));
#2827=CARTESIAN_POINT('Origin',(-9.44999978877604,55.7101753798167,42.4526365725179));
#2828=CARTESIAN_POINT('',(-8.54999978877604,55.7101753798167,43.));
#2829=CARTESIAN_POINT('Origin',(-9.44999978877604,41.7101753798167,45.7703872785624));
#2830=CARTESIAN_POINT('',(-8.54999978877604,41.7101753798167,45.5));
#2831=CARTESIAN_POINT('Origin',(-9.44999978877604,41.7101753798167,45.5));
#2832=CARTESIAN_POINT('',(-9.44999978877604,41.7101753798167,46.0407745571248));
#2833=CARTESIAN_POINT('',(-8.99999978877604,41.7101753798167,45.7703872785624));
#2834=CARTESIAN_POINT('Origin',(-9.44999978877604,41.7101753798167,43.));
#2835=CARTESIAN_POINT('',(-8.54999978877604,41.7101753798167,42.4894752869953));
#2836=CARTESIAN_POINT('Origin',(-9.44999978877604,41.7101753798167,42.4894752869953));
#2837=CARTESIAN_POINT('',(-8.54999978877604,41.7101753798167,43.));
#2838=CARTESIAN_POINT('Origin',(-22.956286292664,41.7101753798167,45.7703872785624));
#2839=CARTESIAN_POINT('',(-22.056286292664,41.7101753798167,45.5));
#2840=CARTESIAN_POINT('Origin',(-22.956286292664,41.7101753798167,45.5));
#2841=CARTESIAN_POINT('',(-22.956286292664,41.7101753798167,46.0407745571248));
#2842=CARTESIAN_POINT('',(-22.506286292664,41.7101753798167,45.7703872785624));
#2843=CARTESIAN_POINT('Origin',(-22.956286292664,41.7101753798167,43.));
#2844=CARTESIAN_POINT('',(-22.056286292664,41.7101753798167,42.4894752869953));
#2845=CARTESIAN_POINT('Origin',(-22.956286292664,41.7101753798167,42.4894752869953));
#2846=CARTESIAN_POINT('',(-22.056286292664,41.7101753798167,43.));
#2847=CARTESIAN_POINT('Origin',(-13.4325196985039,37.7101753798167,42.5000006339888));
#2848=CARTESIAN_POINT('',(-13.4325196985039,37.7101753798167,47.5000179437916));
#2849=CARTESIAN_POINT('',(-27.4325196985039,37.7101753798167,47.5000179437916));
#2850=CARTESIAN_POINT('',(-13.4325196985039,37.7101753798167,47.5000179437916));
#2851=CARTESIAN_POINT('',(-27.4325196985039,37.7101753798167,59.0012372361149));
#2852=CARTESIAN_POINT('',(-27.4325196985039,37.7101753798167,53.3185520993839));
#2853=CARTESIAN_POINT('',(-13.4325196985039,37.7101753798167,59.0012372361149));
#2854=CARTESIAN_POINT('',(-13.4325196985039,37.7101753798167,59.0012372361149));
#2855=CARTESIAN_POINT('',(-13.4325196985039,37.7101753798167,53.3185520993839));
#2856=CARTESIAN_POINT('Origin',(-27.4325196985039,60.4496568554501,64.137103564779));
#2857=CARTESIAN_POINT('',(-27.4325196985039,63.8724818860521,42.4311587954566));
#2858=CARTESIAN_POINT('',(-27.4325196985039,36.7101753798167,42.5026319707372));
#2859=CARTESIAN_POINT('',(-27.4325196985039,61.63252358703,42.4370528800436));
#2860=CARTESIAN_POINT('',(-27.4325196985039,36.7101753798167,59.0012372361149));
#2861=CARTESIAN_POINT('',(-27.4325196985039,36.7101753798167,53.3185520993839));
#2862=CARTESIAN_POINT('',(-27.4325196985039,43.0586560742106,70.4513801008238));
#2863=CARTESIAN_POINT('Origin',(-27.4325196985039,50.2101753798167,59.0012372361149));
#2864=CARTESIAN_POINT('',(-27.4325196985039,43.4159882134885,70.7107404092498));
#2865=CARTESIAN_POINT('Origin',(-27.4325196985039,50.8724818860521,60.0617638334929));
#2866=CARTESIAN_POINT('',(-27.4325196985039,62.766527528486,84.2601339060344));
#2867=CARTESIAN_POINT('',(-27.4325196985039,47.5865703129314,73.6310134340022));
#2868=CARTESIAN_POINT('',(-27.4325196985039,62.9231222088817,84.3830160462945));
#2869=CARTESIAN_POINT('',(-27.4325196985039,57.1524037168328,79.8546486882848));
#2870=CARTESIAN_POINT('',(-27.4325196985039,78.4310176677065,62.2808824605412));
#2871=CARTESIAN_POINT('Origin',(-27.4325196985039,70.6891383310836,73.3404170048686));
#2872=CARTESIAN_POINT('',(-27.4325196985039,78.3620819253716,62.232957473315));
#2873=CARTESIAN_POINT('',(-27.4325196985039,72.8041485075283,58.3690128919953));
#2874=CARTESIAN_POINT('',(-27.4325196985039,66.1294709419762,53.667591046375));
#2875=CARTESIAN_POINT('',(-27.4325196985039,72.8003891304713,58.3386182511279));
#2876=CARTESIAN_POINT('',(-27.4325196985039,65.7655395176563,53.3882954642798));
#2877=CARTESIAN_POINT('Origin',(-27.4325196985039,69.1407472338522,49.3670428145814));
#2878=CARTESIAN_POINT('',(-27.4325196985039,63.8724818860521,49.4707823348));
#2879=CARTESIAN_POINT('Origin',(-27.4325196985039,68.8724818860521,49.4707823348));
#2880=CARTESIAN_POINT('',(-27.4325196985039,63.8724818860521,56.8039429497895));
#2881=CARTESIAN_POINT('',(-27.4325196985039,62.8724818860521,47.4338074420077));
#2882=CARTESIAN_POINT('',(-27.4325196985039,61.6456802252242,47.4370355703008));
#2883=CARTESIAN_POINT('',(-27.4325196985039,62.8724818860521,49.4707823348));
#2884=CARTESIAN_POINT('',(-27.4325196985039,62.8724818860521,56.8039429497895));
#2885=CARTESIAN_POINT('',(-27.4325196985039,65.1332636453239,54.1631428226789));
#2886=CARTESIAN_POINT('Origin',(-27.4325196985039,68.8724818860521,49.4707823348));
#2887=CARTESIAN_POINT('',(-27.4325196985039,65.5558945054283,54.4867430905262));
#2888=CARTESIAN_POINT('Origin',(-27.4325196985039,69.1407472338522,49.3670428145814));
#2889=CARTESIAN_POINT('',(-27.4325196985039,77.7898815091225,63.0530730172526));
#2890=CARTESIAN_POINT('',(-27.4325196985039,72.2268126939234,59.1577702952791));
#2891=CARTESIAN_POINT('',(-27.4325196985039,77.8588437854717,63.1010164512562));
#2892=CARTESIAN_POINT('',(-27.4325196985039,72.2333273407937,59.1900873073852));
#2893=CARTESIAN_POINT('',(-27.4325196985039,63.5194328766956,83.5798175584811));
#2894=CARTESIAN_POINT('Origin',(-27.4325196985039,70.6891383310836,73.3404170048686));
#2895=CARTESIAN_POINT('',(-27.4325196985039,63.3624254945998,83.4566115651496));
#2896=CARTESIAN_POINT('',(-27.4325196985039,57.7697389151857,79.0679484576539));
#2897=CARTESIAN_POINT('',(-27.4325196985039,43.9895646498395,69.8915883649608));
#2898=CARTESIAN_POINT('',(-27.4325196985039,48.1601467492825,72.8118613897132));
#2899=CARTESIAN_POINT('',(-27.4325196985039,43.6251896028803,69.6261119326723));
#2900=CARTESIAN_POINT('Origin',(-27.4325196985039,50.8724818860521,60.0617638334929));
#2901=CARTESIAN_POINT('Origin',(-27.4325196985039,50.2101753798167,59.0012372361149));
#2902=CARTESIAN_POINT('Origin',(-13.4325196985039,62.8856385122243,47.4337728224938));
#2903=CARTESIAN_POINT('',(-13.432519698504,62.8724818860521,47.4338074420077));
#2904=CARTESIAN_POINT('',(-13.4325196985039,62.8724818860521,47.4338074420077));
#2905=CARTESIAN_POINT('',(-13.4325196985039,46.2444664485814,47.4775613500809));
#2906=CARTESIAN_POINT('Origin',(-13.4325196985039,62.8724818860521,49.4707823348));
#2907=CARTESIAN_POINT('',(-13.4325196985039,62.8724818860521,49.4707823348));
#2908=CARTESIAN_POINT('',(-13.4325196985039,62.8724818860521,63.8247146716054));
#2909=CARTESIAN_POINT('',(-13.4325196985039,62.8724818860521,49.4707823348));
#2910=CARTESIAN_POINT('Origin',(-13.4325196985039,54.8044115277508,62.2045433139399));
#2911=CARTESIAN_POINT('',(-13.4325196985039,43.6251896028799,69.6261119326721));
#2912=CARTESIAN_POINT('Origin',(-13.4325196985039,50.2101753798167,59.0012372361149));
#2913=CARTESIAN_POINT('',(-13.4325196985039,43.9895646498395,69.8915883649608));
#2914=CARTESIAN_POINT('Origin',(-13.4325196985039,50.8724818860521,60.0617638334929));
#2915=CARTESIAN_POINT('',(-13.4325196985039,63.3624254945998,83.4566115651496));
#2916=CARTESIAN_POINT('',(-13.4325196985039,57.2188275369765,79.154817963492));
#2917=CARTESIAN_POINT('',(-13.4325196985039,63.5194328766956,83.5798175584811));
#2918=CARTESIAN_POINT('',(-13.4325196985039,66.4920881023327,85.9125036718203));
#2919=CARTESIAN_POINT('',(-13.4325196985039,83.0762704773835,75.0164097226266));
#2920=CARTESIAN_POINT('Origin',(-13.4325196985039,70.6891383310836,73.3404170048686));
#2921=CARTESIAN_POINT('',(-13.4325196985039,83.0700995621029,75.0120853473002));
#2922=CARTESIAN_POINT('',(-13.4325196985039,83.0762704773835,75.0164097226266));
#2923=CARTESIAN_POINT('',(-13.4325196985039,83.0784605101966,75.0001446759457));
#2924=CARTESIAN_POINT('',(-13.4325196985038,76.0603023590208,85.0231132505484));
#2925=CARTESIAN_POINT('',(-13.4325196985039,83.164343420679,74.1273464632914));
#2926=CARTESIAN_POINT('Origin',(-13.4325196985039,70.6891383310836,73.3404170048686));
#2927=CARTESIAN_POINT('',(-13.4325196985039,83.1637726952248,74.1269468370262));
#2928=CARTESIAN_POINT('',(-13.4325196985039,83.5167961426948,74.3741365161094));
#2929=CARTESIAN_POINT('',(-13.4325196985039,83.1644272968231,74.1260122383458));
#2930=CARTESIAN_POINT('',(-13.4325196985039,83.1644272968231,74.1260122383458));
#2931=CARTESIAN_POINT('',(-13.4325196985039,77.8588437854717,63.1010164512562));
#2932=CARTESIAN_POINT('Origin',(-13.4325196985039,70.6891383310836,73.3404170048686));
#2933=CARTESIAN_POINT('',(-13.4325196985039,77.7898815091225,63.0530730172526));
#2934=CARTESIAN_POINT('',(-13.4325196985039,81.3109330932174,65.5009519618316));
#2935=CARTESIAN_POINT('',(-13.4325196985039,65.5558945054283,54.4867430905262));
#2936=CARTESIAN_POINT('',(-13.4325196985039,81.2854934802564,65.5007268713482));
#2937=CARTESIAN_POINT('',(-13.4325196985039,65.1332636453239,54.1631428226789));
#2938=CARTESIAN_POINT('Origin',(-13.4325196985039,69.1407472338522,49.3670428145814));
#2939=CARTESIAN_POINT('Origin',(-13.4325196985039,68.8724818860521,49.4707823348));
#2940=CARTESIAN_POINT('',(-13.4325196985038,71.9645420765442,82.1552310260584));
#2941=CARTESIAN_POINT('',(-13.4325196985038,53.1240447771521,68.9629727934045));
#2942=CARTESIAN_POINT('',(-13.4325196985039,63.5067968819083,76.2330540845174));
#2943=CARTESIAN_POINT('',(-13.4325196985039,60.5805385608261,58.3139960589654));
#2944=CARTESIAN_POINT('',(-13.4325196985038,53.1240447771521,68.9629727934045));
#2945=CARTESIAN_POINT('',(-13.4325196985039,79.4210358602182,71.5062542916194));
#2946=CARTESIAN_POINT('',(-13.4325196985039,80.3835393152784,72.1802064664054));
#2947=CARTESIAN_POINT('',(-13.4325196985039,79.4210358602182,71.5062542916194));
#2948=CARTESIAN_POINT('',(-13.4325196985039,54.1490903167943,61.7456824620795));
#2949=CARTESIAN_POINT('Origin',(-13.4325196985039,54.9272847588688,62.290580076613));
#2950=CARTESIAN_POINT('',(-13.4325196985039,76.8396014364269,77.6337493938774));
#2951=CARTESIAN_POINT('Origin',(-13.4325196985039,77.6177958785015,78.1786470084109));
#2952=CARTESIAN_POINT('',(-13.4325196985039,63.2201608206423,56.3180602833051));
#2953=CARTESIAN_POINT('',(-13.4325196985039,64.9610714214424,56.0110907733826));
#2954=CARTESIAN_POINT('Origin',(-13.4325196985039,64.2441008760036,57.0350308287439));
#2955=CARTESIAN_POINT('',(-13.4325196985039,70.4659701291766,59.865662345619));
#2956=CARTESIAN_POINT('',(-13.4325196985039,63.0084462922692,54.6438479386379));
#2957=CARTESIAN_POINT('',(-13.4325196985039,70.7729396390991,61.606572946419));
#2958=CARTESIAN_POINT('Origin',(-13.4325196985039,69.7489995837378,60.8896024009802));
#2959=CARTESIAN_POINT('',(-13.4325196985039,70.2572944228195,62.3429906342348));
#2960=CARTESIAN_POINT('',(-13.4325196985039,68.005720094146,65.5585720237618));
#2961=CARTESIAN_POINT('',(-13.4325196985039,68.5163838220194,62.6499601441572));
#2962=CARTESIAN_POINT('Origin',(-13.4325196985039,69.2333543674582,61.626020088796));
#2963=CARTESIAN_POINT('',(-13.4325196985039,63.0114851142853,58.7953885719209));
#2964=CARTESIAN_POINT('',(-13.4325196985039,63.8113093389792,59.3554315232943));
#2965=CARTESIAN_POINT('',(-13.4325196985039,62.7045156043628,57.0544779711209));
#2966=CARTESIAN_POINT('Origin',(-13.4325196985039,63.7284556597241,57.7714485165597));
#2967=CARTESIAN_POINT('',(-13.4325196985039,60.1951186675497,60.6382682045559));
#2968=CARTESIAN_POINT('',(-13.4325196985039,54.4078384579103,71.0826693949387));
#2969=CARTESIAN_POINT('',(-13.4325196985039,59.9127371656446,74.9372409671751));
#2970=CARTESIAN_POINT('',(-13.4325196985038,52.4552133287366,69.7154265601936));
#2971=CARTESIAN_POINT('',(-13.4325196985039,60.219706675567,76.6781515679751));
#2972=CARTESIAN_POINT('Origin',(-13.4325196985039,59.1957666202058,75.9611810225364));
#2973=CARTESIAN_POINT('',(-13.4325196985039,59.7038363059418,77.4148908080927));
#2974=CARTESIAN_POINT('',(-13.4325196985039,62.7291036123804,73.0943613345403));
#2975=CARTESIAN_POINT('',(-13.4325196985039,57.9629257051418,77.7218603180151));
#2976=CARTESIAN_POINT('Origin',(-13.4325196985039,58.6798962505806,76.6979202626539));
#2977=CARTESIAN_POINT('',(-13.4325196985039,52.4580269974076,73.8672887457788));
#2978=CARTESIAN_POINT('',(-13.4325196985038,53.2578512221009,74.4273316971518));
#2979=CARTESIAN_POINT('',(-13.4325196985039,52.1510574874851,72.1263781449788));
#2980=CARTESIAN_POINT('Origin',(-13.4325196985039,53.1749975428464,72.8433486904175));
#2981=CARTESIAN_POINT('',(-13.4325196985039,52.6669278571102,71.3896389048613));
#2982=CARTESIAN_POINT('',(-13.4325196985038,54.9183896091109,68.1742182914848));
#2983=CARTESIAN_POINT('Origin',(-13.4325196985039,53.6908679124715,72.1066094503));
#2984=CARTESIAN_POINT('',(-13.4325196985039,78.096199755411,69.3578194753795));
#2985=CARTESIAN_POINT('',(-13.4325196985039,72.5526882204608,65.4762109104549));
#2986=CARTESIAN_POINT('',(-13.4325196985039,68.601217305675,62.7093611889054));
#2987=CARTESIAN_POINT('',(-13.4325196985039,72.2457187105384,63.7353003096548));
#2988=CARTESIAN_POINT('Origin',(-13.4325196985039,73.2696587658996,64.4522708550936));
#2989=CARTESIAN_POINT('',(-13.4325196985039,72.7613639268179,62.9988826218391));
#2990=CARTESIAN_POINT('',(-13.4325196985039,69.7363217737249,67.3190905430897));
#2991=CARTESIAN_POINT('',(-13.4325196985039,74.502274527618,62.6919131119166));
#2992=CARTESIAN_POINT('Origin',(-13.4325196985039,73.7853039821792,63.7158531672779));
#2993=CARTESIAN_POINT('',(-13.4325196985039,80.0457860625683,66.5735216768412));
#2994=CARTESIAN_POINT('',(-13.432519698504,67.779047845357,57.9842591079049));
#2995=CARTESIAN_POINT('',(-13.4325196985039,80.3527555724907,68.3144322776413));
#2996=CARTESIAN_POINT('Origin',(-13.4325196985039,79.3288155171294,67.5974617322025));
#2997=CARTESIAN_POINT('',(-13.4325196985039,79.8371103562111,69.0508499654571));
#2998=CARTESIAN_POINT('',(-13.4325196985039,77.5855360275371,72.2664313549843));
#2999=CARTESIAN_POINT('Origin',(-13.4325196985039,78.8131703008499,68.3338794200182));
#3000=CARTESIAN_POINT('',(-13.4325196985039,45.8161136033867,68.0492379870574));
#3001=CARTESIAN_POINT('',(-13.4325196985039,46.3790275130178,67.2453136090503));
#3002=CARTESIAN_POINT('',(-13.4325196985038,48.6676974621603,63.9767541830918));
#3003=CARTESIAN_POINT('',(-13.4325196985039,48.1199381138178,66.9383440991279));
#3004=CARTESIAN_POINT('Origin',(-13.4325196985039,47.402967568379,67.9622841544892));
#3005=CARTESIAN_POINT('',(-13.4325196985039,50.2504164014092,68.4301210560915));
#3006=CARTESIAN_POINT('',(-13.4325196985038,49.2505331895457,67.7299952938153));
#3007=CARTESIAN_POINT('',(-13.4325196985039,50.5573859113316,70.1710316568915));
#3008=CARTESIAN_POINT('Origin',(-13.4325196985039,49.5334458559703,69.4540611114527));
#3009=CARTESIAN_POINT('',(-13.4325196985039,49.9944720017005,70.9749560348986));
#3010=CARTESIAN_POINT('',(-13.4325196985039,53.1275128152897,66.5005100419295));
#3011=CARTESIAN_POINT('',(-13.4325196985039,48.2535614009005,71.281925544821));
#3012=CARTESIAN_POINT('Origin',(-13.4325196985039,48.9705319463393,70.2579854894598));
#3013=CARTESIAN_POINT('',(-13.4325196985039,46.1230831133091,69.7901485878574));
#3014=CARTESIAN_POINT('',(-13.4325196985038,48.3189173328327,71.3276882610266));
#3015=CARTESIAN_POINT('Origin',(-13.4325196985039,46.8400536587479,68.7662085324962));
#3016=CARTESIAN_POINT('',(-13.4325196985039,67.5427416385334,84.4297196492374));
#3017=CARTESIAN_POINT('',(-13.4325196985039,61.9992301035831,80.5481110843127));
#3018=CARTESIAN_POINT('',(-13.4325196985038,58.0477591887967,77.7812613627629));
#3019=CARTESIAN_POINT('',(-13.4325196985039,61.6922605936607,78.8072004835127));
#3020=CARTESIAN_POINT('Origin',(-13.4325196985039,62.7162006490219,79.5241710289515));
#3021=CARTESIAN_POINT('',(-13.4325196985039,62.2081309632859,78.0704612433952));
#3022=CARTESIAN_POINT('',(-13.4325196985038,64.4595927152867,74.855040630019));
#3023=CARTESIAN_POINT('',(-13.4325196985039,63.9490415640859,77.7634917334727));
#3024=CARTESIAN_POINT('Origin',(-13.4325196985039,63.2320710186471,78.787431788834));
#3025=CARTESIAN_POINT('',(-13.4325196985039,69.4925530990362,81.6451002983973));
#3026=CARTESIAN_POINT('',(-13.4325196985038,57.2258148818244,73.0558377294606));
#3027=CARTESIAN_POINT('',(-13.4325196985039,69.7995226089587,83.3860108991974));
#3028=CARTESIAN_POINT('Origin',(-13.4325196985039,68.7755825535974,82.6690403537586));
#3029=CARTESIAN_POINT('',(-13.4325196985039,69.2836522393335,84.1227501393149));
#3030=CARTESIAN_POINT('',(-13.4325196985039,72.3089195457721,79.8022206657627));
#3031=CARTESIAN_POINT('Origin',(-13.4325196985039,68.2597121839722,83.4057795938761));
#3032=CARTESIAN_POINT('Origin',(-13.4325196985039,67.5427416385334,84.4297196492374));
#3033=CARTESIAN_POINT('',(-9.4325196985039,67.5427416385334,84.4297196492374));
#3034=CARTESIAN_POINT('',(-13.4325196985039,67.5427416385334,84.4297196492374));
#3035=CARTESIAN_POINT('',(-9.4325196985039,61.9992301035831,80.5481110843127));
#3036=CARTESIAN_POINT('',(-9.4325196985039,61.9992301035831,80.5481110843127));
#3037=CARTESIAN_POINT('',(-13.4325196985039,61.9992301035831,80.5481110843127));
#3038=CARTESIAN_POINT('Origin',(-13.4325196985039,68.2597121839722,83.4057795938761));
#3039=CARTESIAN_POINT('',(-9.4325196985039,69.2836522393335,84.1227501393149));
#3040=CARTESIAN_POINT('',(-13.4325196985039,69.2836522393335,84.1227501393149));
#3041=CARTESIAN_POINT('Origin',(-9.4325196985039,68.2597121839722,83.4057795938761));
#3042=CARTESIAN_POINT('Origin',(-13.4325196985039,69.7995226089587,83.3860108991974));
#3043=CARTESIAN_POINT('',(-9.4325196985039,69.7995226089587,83.3860108991974));
#3044=CARTESIAN_POINT('',(-13.4325196985039,69.7995226089587,83.3860108991974));
#3045=CARTESIAN_POINT('',(-9.4325196985039,69.2836522393335,84.1227501393149));
#3046=CARTESIAN_POINT('Origin',(-13.4325196985039,68.7755825535974,82.6690403537586));
#3047=CARTESIAN_POINT('',(-9.4325196985039,69.4925530990362,81.6451002983973));
#3048=CARTESIAN_POINT('',(-13.4325196985039,69.4925530990362,81.6451002983973));
#3049=CARTESIAN_POINT('Origin',(-9.4325196985039,68.7755825535974,82.6690403537586));
#3050=CARTESIAN_POINT('Origin',(-13.4325196985039,63.9490415640859,77.7634917334727));
#3051=CARTESIAN_POINT('',(-9.4325196985039,63.9490415640859,77.7634917334727));
#3052=CARTESIAN_POINT('',(-13.4325196985039,63.9490415640859,77.7634917334727));
#3053=CARTESIAN_POINT('',(-9.4325196985039,69.4925530990362,81.6451002983973));
#3054=CARTESIAN_POINT('Origin',(-13.4325196985039,63.2320710186471,78.787431788834));
#3055=CARTESIAN_POINT('',(-9.4325196985039,62.2081309632859,78.0704612433952));
#3056=CARTESIAN_POINT('',(-13.4325196985039,62.2081309632859,78.0704612433952));
#3057=CARTESIAN_POINT('Origin',(-9.4325196985039,63.2320710186471,78.787431788834));
#3058=CARTESIAN_POINT('Origin',(-13.4325196985039,61.6922605936607,78.8072004835127));
#3059=CARTESIAN_POINT('',(-9.4325196985039,61.6922605936607,78.8072004835127));
#3060=CARTESIAN_POINT('',(-13.4325196985039,61.6922605936607,78.8072004835127));
#3061=CARTESIAN_POINT('',(-9.4325196985039,61.6922605936607,78.8072004835127));
#3062=CARTESIAN_POINT('Origin',(-13.4325196985039,62.7162006490219,79.5241710289515));
#3063=CARTESIAN_POINT('Origin',(-9.4325196985039,62.7162006490219,79.5241710289515));
#3064=CARTESIAN_POINT('Origin',(-9.4325196985039,65.7458916013097,81.0966056913551));
#3065=CARTESIAN_POINT('Origin',(-13.4325196985039,45.8161136033867,68.0492379870574));
#3066=CARTESIAN_POINT('',(-9.4325196985039,45.8161136033867,68.0492379870574));
#3067=CARTESIAN_POINT('',(-13.4325196985039,45.8161136033867,68.0492379870574));
#3068=CARTESIAN_POINT('',(-9.4325196985039,46.3790275130178,67.2453136090503));
#3069=CARTESIAN_POINT('',(-9.4325196985039,46.3790275130178,67.2453136090503));
#3070=CARTESIAN_POINT('',(-13.4325196985039,46.3790275130178,67.2453136090503));
#3071=CARTESIAN_POINT('Origin',(-13.4325196985039,46.8400536587479,68.7662085324962));
#3072=CARTESIAN_POINT('',(-9.4325196985039,46.1230831133091,69.7901485878574));
#3073=CARTESIAN_POINT('',(-13.4325196985039,46.1230831133091,69.7901485878574));
#3074=CARTESIAN_POINT('Origin',(-9.4325196985039,46.8400536587479,68.7662085324962));
#3075=CARTESIAN_POINT('Origin',(-13.4325196985039,48.2535614009005,71.281925544821));
#3076=CARTESIAN_POINT('',(-9.4325196985039,48.2535614009005,71.281925544821));
#3077=CARTESIAN_POINT('',(-13.4325196985039,48.2535614009005,71.281925544821));
#3078=CARTESIAN_POINT('',(-9.4325196985039,46.1230831133091,69.7901485878574));
#3079=CARTESIAN_POINT('Origin',(-13.4325196985039,48.9705319463393,70.2579854894598));
#3080=CARTESIAN_POINT('',(-9.4325196985039,49.9944720017005,70.9749560348986));
#3081=CARTESIAN_POINT('',(-13.4325196985039,49.9944720017005,70.9749560348986));
#3082=CARTESIAN_POINT('Origin',(-9.4325196985039,48.9705319463393,70.2579854894598));
#3083=CARTESIAN_POINT('Origin',(-13.4325196985039,50.5573859113316,70.1710316568915));
#3084=CARTESIAN_POINT('',(-9.4325196985039,50.5573859113316,70.1710316568915));
#3085=CARTESIAN_POINT('',(-13.4325196985039,50.5573859113316,70.1710316568915));
#3086=CARTESIAN_POINT('',(-9.4325196985039,49.9944720017005,70.9749560348986));
#3087=CARTESIAN_POINT('Origin',(-13.4325196985039,49.5334458559703,69.4540611114527));
#3088=CARTESIAN_POINT('',(-9.4325196985039,50.2504164014092,68.4301210560915));
#3089=CARTESIAN_POINT('',(-13.4325196985039,50.2504164014092,68.4301210560915));
#3090=CARTESIAN_POINT('Origin',(-9.4325196985039,49.5334458559703,69.4540611114527));
#3091=CARTESIAN_POINT('Origin',(-13.4325196985039,48.1199381138178,66.9383440991279));
#3092=CARTESIAN_POINT('',(-9.4325196985039,48.1199381138178,66.9383440991279));
#3093=CARTESIAN_POINT('',(-13.4325196985039,48.1199381138178,66.9383440991279));
#3094=CARTESIAN_POINT('',(-9.4325196985039,50.2504164014092,68.4301210560915));
#3095=CARTESIAN_POINT('Origin',(-13.4325196985039,47.402967568379,67.9622841544892));
#3096=CARTESIAN_POINT('Origin',(-9.4325196985039,47.402967568379,67.9622841544892));
#3097=CARTESIAN_POINT('Origin',(-9.4325196985039,48.1867497573591,69.1101348219744));
#3098=CARTESIAN_POINT('Origin',(-13.4325196985039,78.096199755411,69.3578194753795));
#3099=CARTESIAN_POINT('',(-9.4325196985039,78.096199755411,69.3578194753795));
#3100=CARTESIAN_POINT('',(-13.4325196985039,78.096199755411,69.3578194753795));
#3101=CARTESIAN_POINT('',(-9.4325196985039,72.5526882204608,65.4762109104549));
#3102=CARTESIAN_POINT('',(-9.4325196985039,72.5526882204608,65.4762109104549));
#3103=CARTESIAN_POINT('',(-13.4325196985039,72.5526882204608,65.4762109104549));
#3104=CARTESIAN_POINT('Origin',(-13.4325196985039,78.8131703008499,68.3338794200182));
#3105=CARTESIAN_POINT('',(-9.4325196985039,79.8371103562111,69.0508499654571));
#3106=CARTESIAN_POINT('',(-13.4325196985039,79.8371103562111,69.0508499654571));
#3107=CARTESIAN_POINT('Origin',(-9.4325196985039,78.8131703008499,68.3338794200182));
#3108=CARTESIAN_POINT('Origin',(-13.4325196985039,80.3527555724907,68.3144322776413));
#3109=CARTESIAN_POINT('',(-9.4325196985039,80.3527555724907,68.3144322776413));
#3110=CARTESIAN_POINT('',(-13.4325196985039,80.3527555724907,68.3144322776413));
#3111=CARTESIAN_POINT('',(-9.4325196985039,79.8371103562111,69.0508499654571));
#3112=CARTESIAN_POINT('Origin',(-13.4325196985039,79.3288155171294,67.5974617322025));
#3113=CARTESIAN_POINT('',(-9.4325196985039,80.0457860625683,66.5735216768412));
#3114=CARTESIAN_POINT('',(-13.4325196985039,80.0457860625683,66.5735216768412));
#3115=CARTESIAN_POINT('Origin',(-9.4325196985039,79.3288155171294,67.5974617322025));
#3116=CARTESIAN_POINT('Origin',(-13.4325196985039,74.502274527618,62.6919131119166));
#3117=CARTESIAN_POINT('',(-9.4325196985039,74.502274527618,62.6919131119166));
#3118=CARTESIAN_POINT('',(-13.4325196985039,74.502274527618,62.6919131119166));
#3119=CARTESIAN_POINT('',(-9.4325196985039,80.0457860625683,66.5735216768412));
#3120=CARTESIAN_POINT('Origin',(-13.4325196985039,73.7853039821792,63.7158531672779));
#3121=CARTESIAN_POINT('',(-9.4325196985039,72.7613639268179,62.9988826218391));
#3122=CARTESIAN_POINT('',(-13.4325196985039,72.7613639268179,62.9988826218391));
#3123=CARTESIAN_POINT('Origin',(-9.4325196985039,73.7853039821792,63.7158531672779));
#3124=CARTESIAN_POINT('Origin',(-13.4325196985039,72.2457187105384,63.7353003096548));
#3125=CARTESIAN_POINT('',(-9.4325196985039,72.2457187105384,63.7353003096548));
#3126=CARTESIAN_POINT('',(-13.4325196985039,72.2457187105384,63.7353003096548));
#3127=CARTESIAN_POINT('',(-9.4325196985039,72.2457187105384,63.7353003096548));
#3128=CARTESIAN_POINT('Origin',(-13.4325196985039,73.2696587658996,64.4522708550936));
#3129=CARTESIAN_POINT('Origin',(-9.4325196985039,73.2696587658996,64.4522708550936));
#3130=CARTESIAN_POINT('Origin',(-9.4325196985039,76.2992371415145,66.024866293648));
#3131=CARTESIAN_POINT('Origin',(-13.4325196985039,54.4078384579103,71.0826693949387));
#3132=CARTESIAN_POINT('',(-9.4325196985039,54.4078384579103,71.0826693949387));
#3133=CARTESIAN_POINT('',(-13.4325196985039,54.4078384579103,71.0826693949387));
#3134=CARTESIAN_POINT('',(-9.4325196985039,59.9127371656446,74.9372409671751));
#3135=CARTESIAN_POINT('',(-9.4325196985039,59.9127371656446,74.9372409671751));
#3136=CARTESIAN_POINT('',(-13.4325196985039,59.9127371656446,74.9372409671751));
#3137=CARTESIAN_POINT('Origin',(-13.4325196985039,53.6908679124715,72.1066094503));
#3138=CARTESIAN_POINT('',(-9.4325196985039,52.6669278571102,71.3896389048613));
#3139=CARTESIAN_POINT('',(-13.4325196985039,52.6669278571102,71.3896389048613));
#3140=CARTESIAN_POINT('Origin',(-9.4325196985039,53.6908679124715,72.1066094503));
#3141=CARTESIAN_POINT('Origin',(-13.4325196985039,52.1510574874851,72.1263781449788));
#3142=CARTESIAN_POINT('',(-9.4325196985039,52.1510574874851,72.1263781449788));
#3143=CARTESIAN_POINT('',(-13.4325196985039,52.1510574874851,72.1263781449788));
#3144=CARTESIAN_POINT('',(-9.4325196985039,52.6669278571102,71.3896389048613));
#3145=CARTESIAN_POINT('Origin',(-13.4325196985039,53.1749975428464,72.8433486904175));
#3146=CARTESIAN_POINT('',(-9.4325196985039,52.4580269974076,73.8672887457788));
#3147=CARTESIAN_POINT('',(-13.4325196985039,52.4580269974076,73.8672887457788));
#3148=CARTESIAN_POINT('Origin',(-9.4325196985039,53.1749975428464,72.8433486904175));
#3149=CARTESIAN_POINT('Origin',(-13.4325196985039,57.9629257051418,77.7218603180151));
#3150=CARTESIAN_POINT('',(-9.4325196985039,57.9629257051418,77.7218603180151));
#3151=CARTESIAN_POINT('',(-13.4325196985039,57.9629257051418,77.7218603180151));
#3152=CARTESIAN_POINT('',(-9.4325196985039,52.4580269974076,73.8672887457788));
#3153=CARTESIAN_POINT('Origin',(-13.4325196985039,58.6798962505806,76.6979202626539));
#3154=CARTESIAN_POINT('',(-9.4325196985039,59.7038363059418,77.4148908080927));
#3155=CARTESIAN_POINT('',(-13.4325196985039,59.7038363059418,77.4148908080927));
#3156=CARTESIAN_POINT('Origin',(-9.4325196985039,58.6798962505806,76.6979202626539));
#3157=CARTESIAN_POINT('Origin',(-13.4325196985039,60.219706675567,76.6781515679751));
#3158=CARTESIAN_POINT('',(-9.4325196985039,60.219706675567,76.6781515679751));
#3159=CARTESIAN_POINT('',(-13.4325196985039,60.219706675567,76.6781515679751));
#3160=CARTESIAN_POINT('',(-9.4325196985039,59.7038363059418,77.4148908080927));
#3161=CARTESIAN_POINT('Origin',(-13.4325196985039,59.1957666202058,75.9611810225364));
#3162=CARTESIAN_POINT('Origin',(-9.4325196985039,59.1957666202058,75.9611810225364));
#3163=CARTESIAN_POINT('Origin',(-9.4325196985039,56.1853820815261,74.4022648564769));
#3164=CARTESIAN_POINT('Origin',(-13.4325196985039,64.2441008760036,57.0350308287439));
#3165=CARTESIAN_POINT('',(-9.4325196985039,63.2201608206423,56.3180602833051));
#3166=CARTESIAN_POINT('',(-13.4325196985039,63.2201608206423,56.3180602833051));
#3167=CARTESIAN_POINT('',(-9.4325196985039,64.9610714214424,56.0110907733826));
#3168=CARTESIAN_POINT('Origin',(-9.4325196985039,64.2441008760036,57.0350308287439));
#3169=CARTESIAN_POINT('',(-13.4325196985039,64.9610714214424,56.0110907733826));
#3170=CARTESIAN_POINT('Origin',(-13.4325196985039,62.7045156043628,57.0544779711209));
#3171=CARTESIAN_POINT('',(-9.4325196985039,62.7045156043628,57.0544779711209));
#3172=CARTESIAN_POINT('',(-13.4325196985039,62.7045156043628,57.0544779711209));
#3173=CARTESIAN_POINT('',(-9.4325196985039,63.2201608206423,56.3180602833051));
#3174=CARTESIAN_POINT('Origin',(-13.4325196985039,63.7284556597241,57.7714485165597));
#3175=CARTESIAN_POINT('',(-9.4325196985039,63.0114851142853,58.7953885719209));
#3176=CARTESIAN_POINT('',(-13.4325196985039,63.0114851142853,58.7953885719209));
#3177=CARTESIAN_POINT('Origin',(-9.4325196985039,63.7284556597241,57.7714485165597));
#3178=CARTESIAN_POINT('Origin',(-13.4325196985039,68.5163838220194,62.6499601441572));
#3179=CARTESIAN_POINT('',(-9.4325196985039,68.5163838220194,62.6499601441572));
#3180=CARTESIAN_POINT('',(-13.4325196985039,68.5163838220194,62.6499601441572));
#3181=CARTESIAN_POINT('',(-9.4325196985039,63.0114851142853,58.7953885719209));
#3182=CARTESIAN_POINT('Origin',(-13.4325196985039,69.2333543674582,61.626020088796));
#3183=CARTESIAN_POINT('',(-9.4325196985039,70.2572944228195,62.3429906342348));
#3184=CARTESIAN_POINT('',(-13.4325196985039,70.2572944228195,62.3429906342348));
#3185=CARTESIAN_POINT('Origin',(-9.4325196985039,69.2333543674582,61.626020088796));
#3186=CARTESIAN_POINT('Origin',(-13.4325196985039,70.7729396390991,61.606572946419));
#3187=CARTESIAN_POINT('',(-9.4325196985039,70.7729396390991,61.606572946419));
#3188=CARTESIAN_POINT('',(-13.4325196985039,70.7729396390991,61.606572946419));
#3189=CARTESIAN_POINT('',(-9.4325196985039,70.2572944228195,62.3429906342348));
#3190=CARTESIAN_POINT('Origin',(-13.4325196985039,69.7489995837378,60.8896024009802));
#3191=CARTESIAN_POINT('',(-9.4325196985039,70.4659701291766,59.865662345619));
#3192=CARTESIAN_POINT('',(-13.4325196985039,70.4659701291766,59.865662345619));
#3193=CARTESIAN_POINT('Origin',(-9.4325196985039,69.7489995837378,60.8896024009802));
#3194=CARTESIAN_POINT('Origin',(-13.4325196985039,64.9610714214424,56.0110907733826));
#3195=CARTESIAN_POINT('',(-9.4325196985039,70.4659701291766,59.865662345619));
#3196=CARTESIAN_POINT('Origin',(-9.4325196985039,66.7387276217309,59.3305254587699));
#3197=CARTESIAN_POINT('Origin',(-5.43251969850388,66.2725403186852,70.2346135425119));
#3198=CARTESIAN_POINT('',(-5.43251969850391,36.7101753798167,42.5026319707372));
#3199=CARTESIAN_POINT('',(-5.43251969850391,63.8724818860521,42.4311587954566));
#3200=CARTESIAN_POINT('',(-5.43251969850397,51.4560853313786,42.4638305159934));
#3201=CARTESIAN_POINT('',(-5.43251969850391,63.8724818860521,49.4707823348));
#3202=CARTESIAN_POINT('',(-5.43251969850391,63.8724818860521,56.8039429497895));
#3203=CARTESIAN_POINT('',(-5.4325196985039,65.7655395176566,53.3882954642801));
#3204=CARTESIAN_POINT('Origin',(-5.43251969850391,68.8724818860521,49.4707823348));
#3205=CARTESIAN_POINT('',(-5.43251969850391,66.1294709419762,53.667591046375));
#3206=CARTESIAN_POINT('Origin',(-5.43251969850391,69.1407472338522,49.3670428145814));
#3207=CARTESIAN_POINT('',(-5.43251969850391,78.3620819253716,62.232957473315));
#3208=CARTESIAN_POINT('',(-5.43251969850391,72.8003891304713,58.3386182511279));
#3209=CARTESIAN_POINT('',(-5.43251969850391,78.4310176677065,62.2808824605412));
#3210=CARTESIAN_POINT('',(-5.43251969850391,72.8041485075283,58.3690128919953));
#3211=CARTESIAN_POINT('',(-5.4325196985039,62.9231222088817,84.3830160462945));
#3212=CARTESIAN_POINT('Origin',(-5.43251969850391,70.6891383310836,73.3404170048686));
#3213=CARTESIAN_POINT('',(-5.4325196985039,62.766527528486,84.2601339060344));
#3214=CARTESIAN_POINT('',(-5.43251969850391,57.1524037168328,79.8546486882848));
#3215=CARTESIAN_POINT('',(-5.43251969850391,43.4159882134885,70.7107404092498));
#3216=CARTESIAN_POINT('',(-5.43251969850391,47.5865703129314,73.6310134340022));
#3217=CARTESIAN_POINT('',(-5.4325196985039,43.0586560742107,70.4513801008239));
#3218=CARTESIAN_POINT('Origin',(-5.43251969850391,50.8724818860521,60.0617638334929));
#3219=CARTESIAN_POINT('',(-5.43251969850391,36.7101753798167,59.0012372361149));
#3220=CARTESIAN_POINT('Origin',(-5.43251969850391,50.2101753798167,59.0012372361149));
#3221=CARTESIAN_POINT('',(-5.43251969850391,36.7101753798167,53.3185520993839));
#3222=CARTESIAN_POINT('',(-5.43251969850391,83.164343215292,74.1273463194779));
#3223=CARTESIAN_POINT('',(-5.43251969850391,83.1637726952249,74.1269468370261));
#3224=CARTESIAN_POINT('',(-5.43251969850392,83.5167961426948,74.3741365161094));
#3225=CARTESIAN_POINT('',(-5.43251969850391,83.1644272968231,74.1260122383458));
#3226=CARTESIAN_POINT('Origin',(-5.43251969850391,70.6891381267456,73.3404168444256));
#3227=CARTESIAN_POINT('',(-5.43251969850391,83.1644272968231,74.1260122383458));
#3228=CARTESIAN_POINT('',(-5.43251969850391,83.0700995621029,75.0120853473002));
#3229=CARTESIAN_POINT('',(-5.43251969850391,83.0762704773835,75.0164097226266));
#3230=CARTESIAN_POINT('',(-5.43251969850391,83.0762704773835,75.0164097226266));
#3231=CARTESIAN_POINT('',(-5.43251969850391,83.0784602309367,75.0001450747702));
#3232=CARTESIAN_POINT('Origin',(-5.43251969850391,70.6891381267456,73.3404168444256));
#3233=CARTESIAN_POINT('',(-5.43251969850384,76.0603023590208,85.0231132505484));
#3234=CARTESIAN_POINT('',(-5.4325196985039,67.0036858271088,67.3416605901678));
#3235=CARTESIAN_POINT('',(-5.4325196985039,68.6253590098904,67.5810136434291));
#3236=CARTESIAN_POINT('Origin',(-5.43251969850391,68.0485204400793,65.8759455320686));
#3237=CARTESIAN_POINT('',(-5.43251969850386,63.8209543907833,71.8272013220844));
#3238=CARTESIAN_POINT('Origin',(-5.43251969850388,65.4074107239594,69.580947484486));
#3239=CARTESIAN_POINT('',(-5.43251969850386,64.5824500686624,73.2788342400185));
#3240=CARTESIAN_POINT('Origin',(-5.43251969850385,62.7825466090681,73.2974765612397));
#3241=CARTESIAN_POINT('Origin',(-5.43251969850388,70.5321309489879,73.2172110115373));
#3242=CARTESIAN_POINT('Origin',(-13.4325196985039,62.8724818740301,42.4337901322365));
#3243=CARTESIAN_POINT('',(-13.4325196985039,63.8724818860521,42.4311587954565));
#3244=CARTESIAN_POINT('',(-13.4325196985039,36.7101788417652,42.5026319616276));
#3245=CARTESIAN_POINT('',(-9.43251969850391,36.7101753798167,42.5026319707372));
#3246=CARTESIAN_POINT('',(-9.43251969850391,36.7101753798167,42.5026319707372));
#3247=CARTESIAN_POINT('Origin',(-13.4325196985039,63.8724818860521,49.4707823348));
#3248=CARTESIAN_POINT('',(-13.4325196985039,63.8724818860521,49.4707823348));
#3249=CARTESIAN_POINT('Origin',(-13.4325196985039,50.2101753798167,59.0012372361149));
#3250=CARTESIAN_POINT('',(-13.4325196985039,43.6251896028799,69.6261119326721));
#3251=CARTESIAN_POINT('Origin',(-13.4325196985039,70.6891383310836,73.3404170048686));
#3252=CARTESIAN_POINT('',(-7.43251969850391,83.0762704773835,75.0164097226266));
#3253=CARTESIAN_POINT('',(-13.4325196985039,83.0762706838533,75.0164098673139));
#3254=CARTESIAN_POINT('',(-13.4325196985039,63.5194328766956,83.5798175584811));
#3255=CARTESIAN_POINT('',(-13.4325196985039,77.8588437854717,63.1010164512562));
#3256=CARTESIAN_POINT('',(-7.43251969850391,83.1644272968231,74.1260122383458));
#3257=CARTESIAN_POINT('',(-13.4325196985039,83.1644275324491,74.1260119019339));
#3258=CARTESIAN_POINT('',(-7.43251969850391,83.164343420679,74.1273464632914));
#3259=CARTESIAN_POINT('Origin',(-7.43251969850391,70.6891383310836,73.3404170048686));
#3260=CARTESIAN_POINT('',(-13.4325196985039,83.164343420679,74.1273464632914));
#3261=CARTESIAN_POINT('',(-7.43251969850391,83.0784605101966,75.0001446759457));
#3262=CARTESIAN_POINT('',(-13.4325196985039,83.0784605101966,75.0001446759457));
#3263=CARTESIAN_POINT('Origin',(-7.43251969850391,70.6891383310836,73.3404170048686));
#3264=CARTESIAN_POINT('Origin',(-7.43251969850391,75.718689745492,84.783913523408));
#3265=CARTESIAN_POINT('',(-8.93251969850384,71.9645420765442,82.1552310260584));
#3266=CARTESIAN_POINT('',(-5.43251969850384,71.9645420765442,82.1552310260584));
#3267=CARTESIAN_POINT('',(-7.93251969850384,71.1453900322552,81.5816545897074));
#3268=CARTESIAN_POINT('Origin',(-8.93251969850384,71.1453900322552,81.5816545897074));
#3269=CARTESIAN_POINT('',(-7.93251969850384,53.9431968214411,69.5365492297555));
#3270=CARTESIAN_POINT('',(-7.93251969850384,57.8341691020001,72.2610373515679));
#3271=CARTESIAN_POINT('',(-8.93251969850384,53.1240447771521,68.9629727934044));
#3272=CARTESIAN_POINT('Origin',(-8.93251969850384,53.9431968214411,69.5365492297555));
#3273=CARTESIAN_POINT('',(-5.43251969850384,53.1240447771521,68.9629727934044));
#3274=CARTESIAN_POINT('Origin',(-7.43251969850391,56.4847782783496,55.4461138344754));
#3275=CARTESIAN_POINT('',(-8.93251969850393,60.5805385608261,58.3139960589654));
#3276=CARTESIAN_POINT('',(-5.43251969850392,60.5805385608261,58.3139960589654));
#3277=CARTESIAN_POINT('',(-7.93251969850392,61.3996906051151,58.8875724953164));
#3278=CARTESIAN_POINT('Origin',(-8.93251969850393,61.3996906051151,58.8875724953164));
#3279=CARTESIAN_POINT('',(-7.93251969850392,78.6018838159292,70.9326778552683));
#3280=CARTESIAN_POINT('',(-7.93251969850392,74.7109115353702,68.2081897334559));
#3281=CARTESIAN_POINT('',(-8.93251969850392,79.4210358602182,71.5062542916194));
#3282=CARTESIAN_POINT('Origin',(-8.93251969850392,78.6018838159292,70.9326778552684));
#3283=CARTESIAN_POINT('',(-5.43251969850392,79.4210358602182,71.5062542916194));
#3284=CARTESIAN_POINT('Origin',(-13.4325196985039,68.8724818860521,49.4707823348));
#3285=CARTESIAN_POINT('',(-13.4325196985039,65.1332636453239,54.1631428226789));
#3286=CARTESIAN_POINT('Origin',(-13.4325196985039,69.1407472338522,49.3670428145814));
#3287=CARTESIAN_POINT('',(-13.4325196985039,65.5558945054283,54.4867430905262));
#3288=CARTESIAN_POINT('Origin',(-13.4325196985039,77.7898815091225,63.0530730172526));
#3289=CARTESIAN_POINT('',(-13.4325196985039,77.7898815091225,63.0530730172526));
#3290=CARTESIAN_POINT('Origin',(-13.4325196985039,77.8588437854717,63.1010164512562));
#3291=CARTESIAN_POINT('Origin',(-5.43251969850392,79.4210358602182,71.5062542916194));
#3292=CARTESIAN_POINT('',(-6.43251969850392,83.1637726952248,74.1269468370261));
#3293=CARTESIAN_POINT('',(-5.93251969850391,83.164343215292,74.1273463194779));
#3294=CARTESIAN_POINT('Origin',(-13.4325196985039,78.4296649522062,62.2799420358663));
#3295=CARTESIAN_POINT('',(-13.4325196985039,78.4310176677065,62.2808824605412));
#3296=CARTESIAN_POINT('',(-13.4325196985039,78.3620819253716,62.232957473315));
#3297=CARTESIAN_POINT('Origin',(-13.4325196985039,70.6891383310836,73.3404170048686));
#3298=CARTESIAN_POINT('',(-13.4325196985039,62.9231222088817,84.3830160462946));
#3299=CARTESIAN_POINT('Origin',(-13.4325196985039,62.745090296247,84.2433117957805));
#3300=CARTESIAN_POINT('',(-13.4325196985039,62.7665275284859,84.2601339060343));
#3301=CARTESIAN_POINT('Origin',(-13.4325196985039,43.4159882134885,70.7107404092498));
#3302=CARTESIAN_POINT('',(-13.4325196985039,43.4159882134885,70.7107404092498));
#3303=CARTESIAN_POINT('Origin',(-13.4325196985039,50.8724818860521,60.0617638334929));
#3304=CARTESIAN_POINT('',(-13.4325196985039,43.0586560740417,70.4513801006878));
#3305=CARTESIAN_POINT('Origin',(-13.4325196985039,50.2101753798167,59.0012372361149));
#3306=CARTESIAN_POINT('',(-12.4325196985039,36.7101753798167,59.0012372361149));
#3307=CARTESIAN_POINT('Origin',(-5.43251969850384,76.0603023590208,85.0231132505484));
#3308=CARTESIAN_POINT('',(-6.43251969850388,83.0700995621029,75.0120853473002));
#3309=CARTESIAN_POINT('',(-5.93251969850391,83.0784602309367,75.0001450747702));
#3310=CARTESIAN_POINT('Origin',(-8.9325196985039,76.7377603700107,73.5949220388781));
#3311=CARTESIAN_POINT('',(-7.93251969850386,73.3225926779886,78.4722869709296));
#3312=CARTESIAN_POINT('',(-7.9325196985039,76.4246811701959,74.0420454740461));
#3313=CARTESIAN_POINT('Ctrl Pts',(-7.9325196985039,76.4246811701962,74.0420454740434));
#3314=CARTESIAN_POINT('Ctrl Pts',(-7.93251969850371,76.3800346086408,74.3609968735408));
#3315=CARTESIAN_POINT('Ctrl Pts',(-7.96425938326839,76.3083166969018,74.6825175788465));
#3316=CARTESIAN_POINT('Ctrl Pts',(-8.07850399618156,76.0258523139849,75.5833277882471));
#3317=CARTESIAN_POINT('Ctrl Pts',(-8.17258534425191,75.7452602022667,76.1455992935237));
#3318=CARTESIAN_POINT('Ctrl Pts',(-8.1725853442519,75.0669110227481,77.1143823221284));
#3319=CARTESIAN_POINT('Ctrl Pts',(-8.07850399618154,74.6345167926274,77.5703608397833));
#3320=CARTESIAN_POINT('Ctrl Pts',(-7.96425938326836,73.8846405948547,78.1438857729736));
#3321=CARTESIAN_POINT('Ctrl Pts',(-7.93251969850368,73.607038931101,78.3212451231237));
#3322=CARTESIAN_POINT('Ctrl Pts',(-7.93251969850387,73.3225926779862,78.4722869709309));
#3323=CARTESIAN_POINT('',(-7.9325196985039,76.7377603700107,73.5949220388781));
#3324=CARTESIAN_POINT('',(-8.9325196985039,77.5569124142997,74.1684984752291));
#3325=CARTESIAN_POINT('',(-7.9325196985039,76.7377603700107,73.5949220388781));
#3326=CARTESIAN_POINT('Origin',(-7.93251969850388,66.2725403186852,70.2346135425119));
#3327=CARTESIAN_POINT('',(-7.93251969850386,64.5824500686624,73.2788342400185));
#3328=CARTESIAN_POINT('Origin',(-7.93251969850388,70.5321309489879,73.2172110115373));
#3329=CARTESIAN_POINT('',(-7.93251969850386,63.8209543907833,71.8272013220844));
#3330=CARTESIAN_POINT('Origin',(-7.93251969850385,62.7825466090681,73.2974765612397));
#3331=CARTESIAN_POINT('',(-7.9325196985039,67.0036858271088,67.3416605901678));
#3332=CARTESIAN_POINT('Origin',(-7.93251969850388,65.4074107239594,69.580947484486));
#3333=CARTESIAN_POINT('',(-7.9325196985039,68.6253590098903,67.5810136434291));
#3334=CARTESIAN_POINT('Origin',(-7.93251969850391,68.0485204400793,65.8759455320686));
#3335=CARTESIAN_POINT('Origin',(-7.93251969850388,70.5321309489879,73.2172110115373));
#3336=CARTESIAN_POINT('',(-7.93251969850386,55.8073202673596,66.8743050461457));
#3337=CARTESIAN_POINT('Origin',(-8.93251969850386,55.8073202673596,66.8743050461457));
#3338=CARTESIAN_POINT('',(-8.93251969850386,54.9881682230706,66.3007286097947));
#3339=CARTESIAN_POINT('Origin',(-5.43251969850384,53.1240447771521,68.9629727934044));
#3340=CARTESIAN_POINT('Origin',(-5.43251969850392,79.4210358602182,71.5062542916194));
#3341=CARTESIAN_POINT('Origin',(-5.43251969850391,68.0485204400793,65.8759455320686));
#3342=CARTESIAN_POINT('',(-5.4325196985039,67.0036858271088,67.3416605901678));
#3343=CARTESIAN_POINT('',(-5.4325196985039,68.6253590098904,67.5810136434291));
#3344=CARTESIAN_POINT('Origin',(-5.43251969850388,70.5321309489879,73.2172110115373));
#3345=CARTESIAN_POINT('',(-5.43251969850386,64.5824500686624,73.2788342400185));
#3346=CARTESIAN_POINT('Origin',(-5.43251969850385,62.7825466090681,73.2974765612397));
#3347=CARTESIAN_POINT('',(-5.43251969850386,63.8209543907833,71.8272013220844));
#3348=CARTESIAN_POINT('Origin',(-5.43251969850388,65.4074107239594,69.580947484486));
#3349=CARTESIAN_POINT('Origin',(-13.4325196985039,54.9272847588688,62.290580076613));
#3350=CARTESIAN_POINT('',(-6.43251969850388,54.1490903167943,61.7456824620794));
#3351=CARTESIAN_POINT('',(-13.4325196985039,54.1490903167943,61.7456824620795));
#3352=CARTESIAN_POINT('Origin',(-6.43251969850388,54.9272847588689,62.2905800766129));
#3353=CARTESIAN_POINT('Origin',(-6.43251969850388,54.9272847588689,62.2905800766129));
#3354=CARTESIAN_POINT('Origin',(-13.4325196985039,77.6177958785015,78.1786470084109));
#3355=CARTESIAN_POINT('',(-6.43251969850388,76.839601436427,77.6337493938774));
#3356=CARTESIAN_POINT('',(-13.4325196985039,76.8396014364269,77.6337493938774));
#3357=CARTESIAN_POINT('Origin',(-6.43251969850388,77.6177958785015,78.1786470084109));
#3358=CARTESIAN_POINT('Origin',(-6.43251969850388,77.6177958785015,78.1786470084109));
#3359=CARTESIAN_POINT('Origin',(-7.43251969850391,70.6891381267456,73.3404168444256));
#3360=CARTESIAN_POINT('',(-7.43251969850391,83.0762704773835,75.0164097226266));
#3361=CARTESIAN_POINT('Origin',(-7.43251969850391,83.0762704773835,75.0164097226266));
#3362=CARTESIAN_POINT('Origin',(-5.93251969850391,83.1644272968231,74.1260122383458));
#3363=CARTESIAN_POINT('',(-5.93251969850391,83.1644272968231,74.1260122383458));
#3364=CARTESIAN_POINT('Origin',(-7.43251969850391,70.6891381267456,73.3404168444256));
#3365=CARTESIAN_POINT('Origin',(-13.4325196985039,78.3634579456703,62.2339209731014));
#3366=CARTESIAN_POINT('',(-13.4325196985039,66.1294709419762,53.667591046375));
#3367=CARTESIAN_POINT('Origin',(-13.4325196985039,69.1407472338522,49.3670428145814));
#3368=CARTESIAN_POINT('',(-13.4325196985039,65.7655395176374,53.3882954642419));
#3369=CARTESIAN_POINT('Origin',(-13.4325196985039,68.8724818860521,49.4707823348));
#3370=CARTESIAN_POINT('Origin',(-13.4325196985039,63.3624254945998,83.4566115651496));
#3371=CARTESIAN_POINT('',(-13.4325196985039,63.3624254945998,83.4566115651496));
#3372=CARTESIAN_POINT('Origin',(-13.4325196985039,43.9895646498395,69.8915883649608));
#3373=CARTESIAN_POINT('',(-13.4325196985039,43.9895646498395,69.8915883649608));
#3374=CARTESIAN_POINT('Origin',(-13.4325196985039,50.8724818860521,60.0617638334929));
#3375=CARTESIAN_POINT('Origin',(-13.4325196985039,36.7101753798167,42.5000006339888));
#3376=UNCERTAINTY_MEASURE_WITH_UNIT(LENGTH_MEASURE(0.01),#3380,
'DISTANCE_ACCURACY_VALUE',
'Maximum model space distance between geometric entities at asserted c
onnectivities');
#3377=UNCERTAINTY_MEASURE_WITH_UNIT(LENGTH_MEASURE(0.01),#3380,
'DISTANCE_ACCURACY_VALUE',
'Maximum model space distance between geometric entities at asserted c
onnectivities');
#3378=(
GEOMETRIC_REPRESENTATION_CONTEXT(3)
GLOBAL_UNCERTAINTY_ASSIGNED_CONTEXT((#3376))
GLOBAL_UNIT_ASSIGNED_CONTEXT((#3380,#3382,#3383))
REPRESENTATION_CONTEXT('','3D')
);
#3379=(
GEOMETRIC_REPRESENTATION_CONTEXT(3)
GLOBAL_UNCERTAINTY_ASSIGNED_CONTEXT((#3377))
GLOBAL_UNIT_ASSIGNED_CONTEXT((#3380,#3382,#3383))
REPRESENTATION_CONTEXT('','3D')
);
#3380=(
LENGTH_UNIT()
NAMED_UNIT(*)
SI_UNIT(.MILLI.,.METRE.)
);
#3381=(
LENGTH_UNIT()
NAMED_UNIT(*)
SI_UNIT($,.METRE.)
);
#3382=(
NAMED_UNIT(*)
PLANE_ANGLE_UNIT()
SI_UNIT($,.RADIAN.)
);
#3383=(
NAMED_UNIT(*)
SI_UNIT($,.STERADIAN.)
SOLID_ANGLE_UNIT()
);
#3384=SHAPE_DEFINITION_REPRESENTATION(#3385,#3386);
#3385=PRODUCT_DEFINITION_SHAPE('',$,#3388);
#3386=SHAPE_REPRESENTATION('',(#2003),#3378);
#3387=PRODUCT_DEFINITION_CONTEXT('part definition',#3392,'design');
#3388=PRODUCT_DEFINITION('MiniArm ShoulderHousing',
'MiniArm ShoulderHousing v1',#3389,#3387);
#3389=PRODUCT_DEFINITION_FORMATION('',$,#3394);
#3390=PRODUCT_RELATED_PRODUCT_CATEGORY('MiniArm ShoulderHousing v1',
'MiniArm ShoulderHousing v1',(#3394));
#3391=APPLICATION_PROTOCOL_DEFINITION('international standard',
'automotive_design',2009,#3392);
#3392=APPLICATION_CONTEXT(
'Core Data for Automotive Mechanical Design Process');
#3393=PRODUCT_CONTEXT('part definition',#3392,'mechanical');
#3394=PRODUCT('MiniArm ShoulderHousing','MiniArm ShoulderHousing v1',$,
(#3393));
#3395=PRESENTATION_STYLE_ASSIGNMENT((#3396));
#3396=SURFACE_STYLE_USAGE(.BOTH.,#3397);
#3397=SURFACE_SIDE_STYLE('',(#3398));
#3398=SURFACE_STYLE_FILL_AREA(#3399);
#3399=FILL_AREA_STYLE('Steel - Satin',(#3400));
#3400=FILL_AREA_STYLE_COLOUR('Steel - Satin',#3401);
#3401=COLOUR_RGB('Steel - Satin',0.627450980392157,0.627450980392157,0.627450980392157);
ENDSEC;
END-ISO-10303-21;
