ISO-10303-21;
HEADER;
/* Generated by software containing ST-Developer
 * from STEP Tools, Inc. (www.steptools.com) 
 */

FILE_DESCRIPTION(
/* description */ (''),
/* implementation_level */ '2;1');

FILE_NAME(
/* name */ 'MiniArm Base v1.step',
/* time_stamp */ '2026-08-03T03:54:23+08:00',
/* author */ (''),
/* organization */ (''),
/* preprocessor_version */ 'ST-DEVELOPER v20.1',
/* originating_system */ 'Autodesk Translation Framework v15.8.0.0',
/* authorisation */ '');

FILE_SCHEMA (('AUTOMOTIVE_DESIGN { 1 0 10303 214 3 1 1 }'));
ENDSEC;

DATA;
#10=MECHANICAL_DESIGN_GEOMETRIC_PRESENTATION_REPRESENTATION('',(#13),#3932);
#11=SHAPE_REPRESENTATION_RELATIONSHIP('SRR','None',#3939,#12);
#12=ADVANCED_BREP_SHAPE_REPRESENTATION('',(#14),#3931);
#13=STYLED_ITEM('',(#3948),#14);
#14=MANIFOLD_SOLID_BREP('mainarmbase',#2287);
#15=CONICAL_SURFACE('',#2366,0.675,1.02974425867665);
#16=CONICAL_SURFACE('',#2370,0.675,1.02974425867665);
#17=CONICAL_SURFACE('',#2374,0.675,1.02974425867665);
#18=CONICAL_SURFACE('',#2378,0.675,1.02974425867665);
#19=CONICAL_SURFACE('',#2475,0.475,1.02974425867665);
#20=CONICAL_SURFACE('',#2478,0.475,1.02974425867665);
#21=FACE_BOUND('',#284,.T.);
#22=FACE_BOUND('',#338,.T.);
#23=FACE_BOUND('',#340,.T.);
#24=FACE_BOUND('',#343,.T.);
#25=FACE_BOUND('',#346,.T.);
#26=FACE_BOUND('',#353,.T.);
#27=FACE_BOUND('',#360,.T.);
#28=FACE_BOUND('',#362,.T.);
#29=FACE_BOUND('',#375,.T.);
#30=FACE_BOUND('',#381,.T.);
#31=FACE_BOUND('',#383,.T.);
#32=CIRCLE('',#2306,3.5);
#33=CIRCLE('',#2307,4.5);
#34=CIRCLE('',#2310,37.5);
#35=CIRCLE('',#2311,4.5);
#36=CIRCLE('',#2312,4.5);
#37=CIRCLE('',#2313,37.5);
#38=CIRCLE('',#2314,4.5);
#39=CIRCLE('',#2315,37.5);
#40=CIRCLE('',#2316,2.5);
#41=CIRCLE('',#2317,2.5);
#42=CIRCLE('',#2318,37.5);
#43=CIRCLE('',#2319,37.5);
#44=CIRCLE('',#2320,2.5);
#45=CIRCLE('',#2321,2.5);
#46=CIRCLE('',#2322,37.5);
#47=CIRCLE('',#2326,3.5);
#48=CIRCLE('',#2330,1.);
#49=CIRCLE('',#2332,3.5);
#50=CIRCLE('',#2334,1.);
#51=CIRCLE('',#2337,1.);
#52=CIRCLE('',#2339,3.5);
#53=CIRCLE('',#2341,1.);
#54=CIRCLE('',#2344,3.5);
#55=CIRCLE('',#2346,2.8);
#56=CIRCLE('',#2349,3.5);
#57=CIRCLE('',#2351,2.8);
#58=CIRCLE('',#2353,2.8);
#59=CIRCLE('',#2355,3.5);
#60=CIRCLE('',#2357,2.8);
#61=CIRCLE('',#2359,2.8);
#62=CIRCLE('',#2361,3.5);
#63=CIRCLE('',#2363,2.8);
#64=CIRCLE('',#2365,2.8);
#65=CIRCLE('',#2367,1.35);
#66=CIRCLE('',#2369,1.35);
#67=CIRCLE('',#2371,1.35);
#68=CIRCLE('',#2373,1.35);
#69=CIRCLE('',#2375,1.35);
#70=CIRCLE('',#2377,1.35);
#71=CIRCLE('',#2379,1.35);
#72=CIRCLE('',#2381,1.35);
#73=CIRCLE('',#2385,2.8);
#74=CIRCLE('',#2386,2.8);
#75=CIRCLE('',#2388,37.5);
#76=CIRCLE('',#2393,2.8);
#77=CIRCLE('',#2394,2.8);
#78=CIRCLE('',#2400,2.8);
#79=CIRCLE('',#2401,2.8);
#80=CIRCLE('',#2404,37.5);
#81=CIRCLE('',#2406,37.5);
#82=CIRCLE('',#2407,37.5);
#83=CIRCLE('',#2411,2.8);
#84=CIRCLE('',#2420,2.5);
#85=CIRCLE('',#2423,2.5);
#86=CIRCLE('',#2426,37.5);
#87=CIRCLE('',#2427,0.95);
#88=CIRCLE('',#2429,2.5);
#89=CIRCLE('',#2432,2.5);
#90=CIRCLE('',#2436,0.95);
#91=CIRCLE('',#2438,39.5);
#92=CIRCLE('',#2439,0.95);
#93=CIRCLE('',#2441,0.95);
#94=CIRCLE('',#2444,39.5);
#95=CIRCLE('',#2445,39.5);
#96=CIRCLE('',#2446,39.5);
#97=CIRCLE('',#2447,39.5);
#98=CIRCLE('',#2449,39.5);
#99=CIRCLE('',#2450,39.5);
#100=CIRCLE('',#2452,39.5);
#101=CIRCLE('',#2465,0.95);
#102=CIRCLE('',#2467,0.95);
#103=CIRCLE('',#2476,0.95);
#104=CIRCLE('',#2479,0.95);
#105=CIRCLE('',#2486,37.5);
#106=TOROIDAL_SURFACE('',#2305,4.5,1.);
#107=TOROIDAL_SURFACE('',#2325,4.5,1.);
#108=TOROIDAL_SURFACE('',#2331,4.5,1.);
#109=TOROIDAL_SURFACE('',#2338,4.5,1.);
#110=B_SPLINE_CURVE_WITH_KNOTS('',3,(#3162,#3163,#3164,#3165,#3166,#3167,
#3168,#3169,#3170,#3171),.UNSPECIFIED.,.F.,.F.,(4,2,2,2,4),(0.151852629844876,
0.190303579776262,0.228754529707648,0.266399090954537,0.304043652201425),
 .UNSPECIFIED.);
#111=B_SPLINE_CURVE_WITH_KNOTS('',3,(#3174,#3175,#3176,#3177,#3178,#3179,
#3180,#3181,#3182,#3183,#3184,#3185,#3186,#3187),.UNSPECIFIED.,.F.,.F.,
(4,2,2,2,2,2,4),(-0.000541428908415359,0.,0.0397016707538186,0.0787127055138868,
0.120172862058001,0.153141156368811,0.178104535046034),.UNSPECIFIED.);
#112=B_SPLINE_CURVE_WITH_KNOTS('',3,(#3193,#3194,#3195,#3196,#3197,#3198,
#3199,#3200,#3201,#3202,#3203,#3204,#3205,#3206),.UNSPECIFIED.,.F.,.F.,
(4,2,2,2,2,2,4),(-0.381821491148361,-0.381232237520566,-0.336151968568203,
-0.291965897365994,-0.247733248794541,-0.212572060806212,-0.187567424953243),
 .UNSPECIFIED.);
#113=B_SPLINE_CURVE_WITH_KNOTS('',3,(#3211,#3212,#3213,#3214,#3215,#3216,
#3217,#3218,#3219,#3220),.UNSPECIFIED.,.F.,.F.,(4,2,2,2,4),(0.307020288221159,
0.344608552235559,0.38219681624996,0.421234505141649,0.460272194033338),
 .UNSPECIFIED.);
#114=B_SPLINE_CURVE_WITH_KNOTS('',3,(#3318,#3319,#3320,#3321,#3322,#3323,
#3324,#3325,#3326,#3327),.UNSPECIFIED.,.F.,.F.,(4,2,2,2,4),(0.153769822841842,
0.192808193924741,0.231846565007639,0.269434793129195,0.30702302125075),
 .UNSPECIFIED.);
#115=B_SPLINE_CURVE_WITH_KNOTS('',3,(#3328,#3329,#3330,#3331,#3332,#3333,
#3334,#3335,#3336,#3337,#3338,#3339,#3340,#3341),.UNSPECIFIED.,.F.,.F.,
(4,2,2,2,2,2,4),(-0.00054392984590405,0.,0.0415545289250675,0.082288180023761,
0.123146783669011,0.155626041093762,0.178774307779301),.UNSPECIFIED.);
#116=B_SPLINE_CURVE_WITH_KNOTS('',3,(#3345,#3346,#3347,#3348,#3349,#3350,
#3351,#3352,#3353,#3354,#3355,#3356,#3357,#3358),.UNSPECIFIED.,.F.,.F.,
(4,2,2,2,2,2,4),(-0.380059016661506,-0.379472778436582,-0.336419369353821,
-0.294118299285979,-0.2492578346868,-0.213586357105197,-0.186634231754895),
 .UNSPECIFIED.);
#117=B_SPLINE_CURVE_WITH_KNOTS('',3,(#3361,#3362,#3363,#3364,#3365,#3366,
#3367,#3368,#3369,#3370),.UNSPECIFIED.,.F.,.F.,(4,2,2,2,4),(0.304045447357237,
0.341689989508799,0.37933453166036,0.417785980358571,0.456237429056781),
 .UNSPECIFIED.);
#118=B_SPLINE_CURVE_WITH_KNOTS('',3,(#3387,#3388,#3389,#3390,#3391,#3392,
#3393,#3394,#3395,#3396,#3397,#3398,#3399,#3400),.UNSPECIFIED.,.F.,.F.,
(4,2,2,2,2,2,4),(-0.000539660079040584,0.,0.0383330325465963,0.0760592373073938,
0.117958559638631,0.151292655499771,0.177635377580317),.UNSPECIFIED.);
#119=B_SPLINE_CURVE_WITH_KNOTS('',3,(#3403,#3404,#3405,#3406,#3407,#3408,
#3409,#3410,#3411,#3412,#3413,#3414,#3415,#3416),.UNSPECIFIED.,.F.,.F.,
(4,2,2,2,2,2,4),(-0.383075645137674,-0.382484248032251,-0.335994954270645,
-0.290504079173875,-0.246719688534941,-0.211914576933187,-0.188238084873702),
 .UNSPECIFIED.);
#120=B_SPLINE_CURVE_WITH_KNOTS('',3,(#3438,#3439,#3440,#3441,#3442,#3443,
#3444,#3445,#3446,#3447,#3448,#3449,#3450,#3451),.UNSPECIFIED.,.F.,.F.,
(4,2,2,2,2,2,4),(-0.000545848105190425,0.,0.0429087109554905,0.0848959015422014,
0.125308053011377,0.157432502393862,0.17928545776097),.UNSPECIFIED.);
#121=B_SPLINE_CURVE_WITH_KNOTS('',3,(#3454,#3455,#3456,#3457,#3458,#3459,
#3460,#3461,#3462,#3463,#3464,#3465,#3466,#3467),.UNSPECIFIED.,.F.,.F.,
(4,2,2,2,2,2,4),(-0.378724318678114,-0.378140381501808,-0.33666225531538,
-0.295840745589495,-0.250503745199288,-0.214434715311883,-0.185930684399429),
 .UNSPECIFIED.);
#122=CYLINDRICAL_SURFACE('',#2304,1.);
#123=CYLINDRICAL_SURFACE('',#2308,1.);
#124=CYLINDRICAL_SURFACE('',#2324,1.);
#125=CYLINDRICAL_SURFACE('',#2327,1.);
#126=CYLINDRICAL_SURFACE('',#2329,1.);
#127=CYLINDRICAL_SURFACE('',#2333,1.);
#128=CYLINDRICAL_SURFACE('',#2336,1.);
#129=CYLINDRICAL_SURFACE('',#2340,1.);
#130=CYLINDRICAL_SURFACE('',#2343,3.5);
#131=CYLINDRICAL_SURFACE('',#2348,3.5);
#132=CYLINDRICAL_SURFACE('',#2352,2.8);
#133=CYLINDRICAL_SURFACE('',#2354,3.5);
#134=CYLINDRICAL_SURFACE('',#2358,2.8);
#135=CYLINDRICAL_SURFACE('',#2360,3.5);
#136=CYLINDRICAL_SURFACE('',#2364,2.8);
#137=CYLINDRICAL_SURFACE('',#2368,1.35);
#138=CYLINDRICAL_SURFACE('',#2372,1.35);
#139=CYLINDRICAL_SURFACE('',#2376,1.35);
#140=CYLINDRICAL_SURFACE('',#2380,1.35);
#141=CYLINDRICAL_SURFACE('',#2384,2.8);
#142=CYLINDRICAL_SURFACE('',#2392,2.8);
#143=CYLINDRICAL_SURFACE('',#2399,2.8);
#144=CYLINDRICAL_SURFACE('',#2405,37.5);
#145=CYLINDRICAL_SURFACE('',#2410,2.8);
#146=CYLINDRICAL_SURFACE('',#2419,2.5);
#147=CYLINDRICAL_SURFACE('',#2422,2.5);
#148=CYLINDRICAL_SURFACE('',#2428,2.5);
#149=CYLINDRICAL_SURFACE('',#2431,2.5);
#150=CYLINDRICAL_SURFACE('',#2440,0.95);
#151=CYLINDRICAL_SURFACE('',#2442,0.95);
#152=CYLINDRICAL_SURFACE('',#2443,39.5);
#153=CYLINDRICAL_SURFACE('',#2451,39.5);
#154=CYLINDRICAL_SURFACE('',#2477,0.95);
#155=CYLINDRICAL_SURFACE('',#2480,0.95);
#156=CYLINDRICAL_SURFACE('',#2485,37.5);
#157=FACE_OUTER_BOUND('',#277,.T.);
#158=FACE_OUTER_BOUND('',#278,.T.);
#159=FACE_OUTER_BOUND('',#279,.T.);
#160=FACE_OUTER_BOUND('',#280,.T.);
#161=FACE_OUTER_BOUND('',#281,.T.);
#162=FACE_OUTER_BOUND('',#282,.T.);
#163=FACE_OUTER_BOUND('',#283,.T.);
#164=FACE_OUTER_BOUND('',#285,.T.);
#165=FACE_OUTER_BOUND('',#286,.T.);
#166=FACE_OUTER_BOUND('',#287,.T.);
#167=FACE_OUTER_BOUND('',#288,.T.);
#168=FACE_OUTER_BOUND('',#289,.T.);
#169=FACE_OUTER_BOUND('',#290,.T.);
#170=FACE_OUTER_BOUND('',#291,.T.);
#171=FACE_OUTER_BOUND('',#292,.T.);
#172=FACE_OUTER_BOUND('',#293,.T.);
#173=FACE_OUTER_BOUND('',#294,.T.);
#174=FACE_OUTER_BOUND('',#295,.T.);
#175=FACE_OUTER_BOUND('',#296,.T.);
#176=FACE_OUTER_BOUND('',#297,.T.);
#177=FACE_OUTER_BOUND('',#298,.T.);
#178=FACE_OUTER_BOUND('',#299,.T.);
#179=FACE_OUTER_BOUND('',#300,.T.);
#180=FACE_OUTER_BOUND('',#301,.T.);
#181=FACE_OUTER_BOUND('',#302,.T.);
#182=FACE_OUTER_BOUND('',#303,.T.);
#183=FACE_OUTER_BOUND('',#304,.T.);
#184=FACE_OUTER_BOUND('',#305,.T.);
#185=FACE_OUTER_BOUND('',#306,.T.);
#186=FACE_OUTER_BOUND('',#307,.T.);
#187=FACE_OUTER_BOUND('',#308,.T.);
#188=FACE_OUTER_BOUND('',#309,.T.);
#189=FACE_OUTER_BOUND('',#310,.T.);
#190=FACE_OUTER_BOUND('',#311,.T.);
#191=FACE_OUTER_BOUND('',#312,.T.);
#192=FACE_OUTER_BOUND('',#313,.T.);
#193=FACE_OUTER_BOUND('',#314,.T.);
#194=FACE_OUTER_BOUND('',#315,.T.);
#195=FACE_OUTER_BOUND('',#316,.T.);
#196=FACE_OUTER_BOUND('',#317,.T.);
#197=FACE_OUTER_BOUND('',#318,.T.);
#198=FACE_OUTER_BOUND('',#319,.T.);
#199=FACE_OUTER_BOUND('',#320,.T.);
#200=FACE_OUTER_BOUND('',#321,.T.);
#201=FACE_OUTER_BOUND('',#322,.T.);
#202=FACE_OUTER_BOUND('',#323,.T.);
#203=FACE_OUTER_BOUND('',#324,.T.);
#204=FACE_OUTER_BOUND('',#325,.T.);
#205=FACE_OUTER_BOUND('',#326,.T.);
#206=FACE_OUTER_BOUND('',#327,.T.);
#207=FACE_OUTER_BOUND('',#328,.T.);
#208=FACE_OUTER_BOUND('',#329,.T.);
#209=FACE_OUTER_BOUND('',#330,.T.);
#210=FACE_OUTER_BOUND('',#331,.T.);
#211=FACE_OUTER_BOUND('',#332,.T.);
#212=FACE_OUTER_BOUND('',#333,.T.);
#213=FACE_OUTER_BOUND('',#334,.T.);
#214=FACE_OUTER_BOUND('',#335,.T.);
#215=FACE_OUTER_BOUND('',#336,.T.);
#216=FACE_OUTER_BOUND('',#337,.T.);
#217=FACE_OUTER_BOUND('',#339,.T.);
#218=FACE_OUTER_BOUND('',#341,.T.);
#219=FACE_OUTER_BOUND('',#342,.T.);
#220=FACE_OUTER_BOUND('',#344,.T.);
#221=FACE_OUTER_BOUND('',#345,.T.);
#222=FACE_OUTER_BOUND('',#347,.T.);
#223=FACE_OUTER_BOUND('',#348,.T.);
#224=FACE_OUTER_BOUND('',#349,.T.);
#225=FACE_OUTER_BOUND('',#350,.T.);
#226=FACE_OUTER_BOUND('',#351,.T.);
#227=FACE_OUTER_BOUND('',#352,.T.);
#228=FACE_OUTER_BOUND('',#354,.T.);
#229=FACE_OUTER_BOUND('',#355,.T.);
#230=FACE_OUTER_BOUND('',#356,.T.);
#231=FACE_OUTER_BOUND('',#357,.T.);
#232=FACE_OUTER_BOUND('',#358,.T.);
#233=FACE_OUTER_BOUND('',#359,.T.);
#234=FACE_OUTER_BOUND('',#361,.T.);
#235=FACE_OUTER_BOUND('',#363,.T.);
#236=FACE_OUTER_BOUND('',#364,.T.);
#237=FACE_OUTER_BOUND('',#365,.T.);
#238=FACE_OUTER_BOUND('',#366,.T.);
#239=FACE_OUTER_BOUND('',#367,.T.);
#240=FACE_OUTER_BOUND('',#368,.T.);
#241=FACE_OUTER_BOUND('',#369,.T.);
#242=FACE_OUTER_BOUND('',#370,.T.);
#243=FACE_OUTER_BOUND('',#371,.T.);
#244=FACE_OUTER_BOUND('',#372,.T.);
#245=FACE_OUTER_BOUND('',#373,.T.);
#246=FACE_OUTER_BOUND('',#374,.T.);
#247=FACE_OUTER_BOUND('',#376,.T.);
#248=FACE_OUTER_BOUND('',#377,.T.);
#249=FACE_OUTER_BOUND('',#378,.T.);
#250=FACE_OUTER_BOUND('',#379,.T.);
#251=FACE_OUTER_BOUND('',#380,.T.);
#252=FACE_OUTER_BOUND('',#382,.T.);
#253=FACE_OUTER_BOUND('',#384,.T.);
#254=FACE_OUTER_BOUND('',#385,.T.);
#255=FACE_OUTER_BOUND('',#386,.T.);
#256=FACE_OUTER_BOUND('',#387,.T.);
#257=FACE_OUTER_BOUND('',#388,.T.);
#258=FACE_OUTER_BOUND('',#389,.T.);
#259=FACE_OUTER_BOUND('',#390,.T.);
#260=FACE_OUTER_BOUND('',#391,.T.);
#261=FACE_OUTER_BOUND('',#392,.T.);
#262=FACE_OUTER_BOUND('',#393,.T.);
#263=FACE_OUTER_BOUND('',#394,.T.);
#264=FACE_OUTER_BOUND('',#395,.T.);
#265=FACE_OUTER_BOUND('',#396,.T.);
#266=FACE_OUTER_BOUND('',#397,.T.);
#267=FACE_OUTER_BOUND('',#398,.T.);
#268=FACE_OUTER_BOUND('',#399,.T.);
#269=FACE_OUTER_BOUND('',#400,.T.);
#270=FACE_OUTER_BOUND('',#401,.T.);
#271=FACE_OUTER_BOUND('',#402,.T.);
#272=FACE_OUTER_BOUND('',#403,.T.);
#273=FACE_OUTER_BOUND('',#404,.T.);
#274=FACE_OUTER_BOUND('',#405,.T.);
#275=FACE_OUTER_BOUND('',#406,.T.);
#276=FACE_OUTER_BOUND('',#407,.T.);
#277=EDGE_LOOP('',(#1434,#1435,#1436,#1437,#1438,#1439));
#278=EDGE_LOOP('',(#1440,#1441,#1442,#1443));
#279=EDGE_LOOP('',(#1444,#1445,#1446,#1447));
#280=EDGE_LOOP('',(#1448,#1449,#1450,#1451));
#281=EDGE_LOOP('',(#1452,#1453,#1454,#1455));
#282=EDGE_LOOP('',(#1456,#1457,#1458,#1459));
#283=EDGE_LOOP('',(#1460,#1461,#1462,#1463,#1464,#1465,#1466,#1467,#1468,
#1469,#1470,#1471,#1472,#1473,#1474,#1475,#1476,#1477,#1478,#1479,#1480,
#1481,#1482,#1483,#1484,#1485,#1486,#1487,#1488,#1489,#1490,#1491,#1492,
#1493));
#284=EDGE_LOOP('',(#1494,#1495,#1496,#1497,#1498,#1499,#1500,#1501,#1502,
#1503));
#285=EDGE_LOOP('',(#1504,#1505,#1506,#1507,#1508,#1509));
#286=EDGE_LOOP('',(#1510,#1511,#1512,#1513));
#287=EDGE_LOOP('',(#1514,#1515,#1516,#1517));
#288=EDGE_LOOP('',(#1518,#1519,#1520,#1521));
#289=EDGE_LOOP('',(#1522,#1523,#1524,#1525,#1526,#1527));
#290=EDGE_LOOP('',(#1528,#1529,#1530,#1531));
#291=EDGE_LOOP('',(#1532,#1533,#1534,#1535));
#292=EDGE_LOOP('',(#1536,#1537,#1538,#1539));
#293=EDGE_LOOP('',(#1540,#1541,#1542,#1543,#1544,#1545,#1546,#1547));
#294=EDGE_LOOP('',(#1548,#1549,#1550,#1551));
#295=EDGE_LOOP('',(#1552,#1553,#1554,#1555));
#296=EDGE_LOOP('',(#1556,#1557,#1558,#1559));
#297=EDGE_LOOP('',(#1560,#1561,#1562,#1563,#1564,#1565));
#298=EDGE_LOOP('',(#1566,#1567,#1568,#1569));
#299=EDGE_LOOP('',(#1570,#1571,#1572,#1573,#1574));
#300=EDGE_LOOP('',(#1575,#1576,#1577,#1578,#1579,#1580));
#301=EDGE_LOOP('',(#1581,#1582,#1583,#1584));
#302=EDGE_LOOP('',(#1585,#1586,#1587,#1588));
#303=EDGE_LOOP('',(#1589,#1590,#1591,#1592,#1593));
#304=EDGE_LOOP('',(#1594,#1595,#1596,#1597));
#305=EDGE_LOOP('',(#1598,#1599,#1600,#1601,#1602));
#306=EDGE_LOOP('',(#1603,#1604,#1605,#1606,#1607,#1608));
#307=EDGE_LOOP('',(#1609,#1610,#1611,#1612));
#308=EDGE_LOOP('',(#1613,#1614,#1615,#1616));
#309=EDGE_LOOP('',(#1617,#1618,#1619,#1620,#1621));
#310=EDGE_LOOP('',(#1622,#1623,#1624));
#311=EDGE_LOOP('',(#1625,#1626,#1627,#1628));
#312=EDGE_LOOP('',(#1629,#1630,#1631));
#313=EDGE_LOOP('',(#1632,#1633,#1634,#1635));
#314=EDGE_LOOP('',(#1636,#1637,#1638));
#315=EDGE_LOOP('',(#1639,#1640,#1641,#1642));
#316=EDGE_LOOP('',(#1643,#1644,#1645));
#317=EDGE_LOOP('',(#1646,#1647,#1648,#1649));
#318=EDGE_LOOP('',(#1650,#1651,#1652,#1653,#1654,#1655));
#319=EDGE_LOOP('',(#1656,#1657,#1658,#1659));
#320=EDGE_LOOP('',(#1660,#1661,#1662,#1663,#1664,#1665));
#321=EDGE_LOOP('',(#1666,#1667,#1668,#1669,#1670));
#322=EDGE_LOOP('',(#1671,#1672));
#323=EDGE_LOOP('',(#1673,#1674,#1675,#1676,#1677,#1678,#1679,#1680));
#324=EDGE_LOOP('',(#1681,#1682,#1683,#1684,#1685));
#325=EDGE_LOOP('',(#1686,#1687,#1688,#1689,#1690));
#326=EDGE_LOOP('',(#1691,#1692,#1693,#1694,#1695,#1696));
#327=EDGE_LOOP('',(#1697,#1698,#1699,#1700,#1701));
#328=EDGE_LOOP('',(#1702,#1703,#1704,#1705,#1706,#1707,#1708,#1709,#1710,
#1711));
#329=EDGE_LOOP('',(#1712,#1713,#1714));
#330=EDGE_LOOP('',(#1715,#1716,#1717,#1718,#1719,#1720));
#331=EDGE_LOOP('',(#1721,#1722,#1723,#1724));
#332=EDGE_LOOP('',(#1725,#1726,#1727,#1728,#1729));
#333=EDGE_LOOP('',(#1730,#1731,#1732,#1733,#1734,#1735,#1736,#1737,#1738,
#1739,#1740,#1741,#1742,#1743));
#334=EDGE_LOOP('',(#1744,#1745));
#335=EDGE_LOOP('',(#1746,#1747,#1748,#1749,#1750,#1751,#1752,#1753));
#336=EDGE_LOOP('',(#1754,#1755,#1756,#1757,#1758,#1759));
#337=EDGE_LOOP('',(#1760,#1761));
#338=EDGE_LOOP('',(#1762));
#339=EDGE_LOOP('',(#1763,#1764,#1765,#1766));
#340=EDGE_LOOP('',(#1767));
#341=EDGE_LOOP('',(#1768,#1769,#1770,#1771,#1772,#1773,#1774,#1775));
#342=EDGE_LOOP('',(#1776,#1777));
#343=EDGE_LOOP('',(#1778));
#344=EDGE_LOOP('',(#1779,#1780,#1781,#1782,#1783,#1784));
#345=EDGE_LOOP('',(#1785,#1786,#1787,#1788));
#346=EDGE_LOOP('',(#1789));
#347=EDGE_LOOP('',(#1790,#1791,#1792,#1793));
#348=EDGE_LOOP('',(#1794,#1795,#1796,#1797));
#349=EDGE_LOOP('',(#1798,#1799,#1800,#1801));
#350=EDGE_LOOP('',(#1802,#1803,#1804,#1805));
#351=EDGE_LOOP('',(#1806,#1807,#1808,#1809));
#352=EDGE_LOOP('',(#1810,#1811,#1812,#1813,#1814,#1815));
#353=EDGE_LOOP('',(#1816));
#354=EDGE_LOOP('',(#1817,#1818,#1819,#1820));
#355=EDGE_LOOP('',(#1821,#1822,#1823,#1824));
#356=EDGE_LOOP('',(#1825,#1826,#1827,#1828));
#357=EDGE_LOOP('',(#1829,#1830,#1831,#1832));
#358=EDGE_LOOP('',(#1833,#1834,#1835,#1836));
#359=EDGE_LOOP('',(#1837,#1838,#1839,#1840,#1841,#1842));
#360=EDGE_LOOP('',(#1843));
#361=EDGE_LOOP('',(#1844,#1845,#1846,#1847));
#362=EDGE_LOOP('',(#1848));
#363=EDGE_LOOP('',(#1849,#1850,#1851,#1852));
#364=EDGE_LOOP('',(#1853,#1854,#1855,#1856));
#365=EDGE_LOOP('',(#1857,#1858,#1859,#1860,#1861,#1862,#1863,#1864));
#366=EDGE_LOOP('',(#1865,#1866,#1867,#1868,#1869,#1870,#1871,#1872,#1873,
#1874,#1875,#1876,#1877,#1878));
#367=EDGE_LOOP('',(#1879,#1880,#1881,#1882,#1883,#1884,#1885,#1886));
#368=EDGE_LOOP('',(#1887,#1888,#1889,#1890));
#369=EDGE_LOOP('',(#1891,#1892,#1893,#1894));
#370=EDGE_LOOP('',(#1895,#1896,#1897,#1898));
#371=EDGE_LOOP('',(#1899,#1900,#1901,#1902));
#372=EDGE_LOOP('',(#1903,#1904,#1905,#1906));
#373=EDGE_LOOP('',(#1907,#1908,#1909,#1910));
#374=EDGE_LOOP('',(#1911,#1912,#1913,#1914));
#375=EDGE_LOOP('',(#1915));
#376=EDGE_LOOP('',(#1916,#1917,#1918,#1919));
#377=EDGE_LOOP('',(#1920,#1921,#1922,#1923,#1924,#1925,#1926,#1927,#1928,
#1929,#1930,#1931,#1932,#1933));
#378=EDGE_LOOP('',(#1934,#1935,#1936,#1937,#1938,#1939));
#379=EDGE_LOOP('',(#1940,#1941,#1942,#1943));
#380=EDGE_LOOP('',(#1944,#1945,#1946,#1947));
#381=EDGE_LOOP('',(#1948));
#382=EDGE_LOOP('',(#1949,#1950,#1951,#1952));
#383=EDGE_LOOP('',(#1953));
#384=EDGE_LOOP('',(#1954,#1955,#1956,#1957));
#385=EDGE_LOOP('',(#1958,#1959,#1960,#1961));
#386=EDGE_LOOP('',(#1962,#1963,#1964,#1965,#1966,#1967,#1968,#1969));
#387=EDGE_LOOP('',(#1970,#1971,#1972,#1973));
#388=EDGE_LOOP('',(#1974,#1975,#1976,#1977,#1978));
#389=EDGE_LOOP('',(#1979,#1980,#1981,#1982,#1983));
#390=EDGE_LOOP('',(#1984,#1985,#1986,#1987,#1988,#1989,#1990,#1991));
#391=EDGE_LOOP('',(#1992,#1993,#1994));
#392=EDGE_LOOP('',(#1995,#1996,#1997,#1998));
#393=EDGE_LOOP('',(#1999,#2000,#2001));
#394=EDGE_LOOP('',(#2002,#2003,#2004,#2005));
#395=EDGE_LOOP('',(#2006,#2007,#2008,#2009));
#396=EDGE_LOOP('',(#2010,#2011,#2012,#2013,#2014,#2015));
#397=EDGE_LOOP('',(#2016,#2017,#2018,#2019));
#398=EDGE_LOOP('',(#2020,#2021,#2022,#2023));
#399=EDGE_LOOP('',(#2024,#2025,#2026,#2027,#2028,#2029,#2030,#2031,#2032,
#2033,#2034,#2035,#2036,#2037));
#400=EDGE_LOOP('',(#2038,#2039,#2040,#2041,#2042,#2043,#2044,#2045,#2046,
#2047));
#401=EDGE_LOOP('',(#2048,#2049,#2050,#2051,#2052,#2053,#2054,#2055,#2056,
#2057,#2058,#2059));
#402=EDGE_LOOP('',(#2060,#2061,#2062,#2063));
#403=EDGE_LOOP('',(#2064,#2065,#2066,#2067));
#404=EDGE_LOOP('',(#2068,#2069,#2070,#2071));
#405=EDGE_LOOP('',(#2072,#2073,#2074,#2075,#2076,#2077,#2078,#2079));
#406=EDGE_LOOP('',(#2080,#2081,#2082,#2083,#2084,#2085,#2086,#2087));
#407=EDGE_LOOP('',(#2088,#2089,#2090,#2091));
#408=LINE('',#3132,#651);
#409=LINE('',#3134,#652);
#410=LINE('',#3136,#653);
#411=LINE('',#3138,#654);
#412=LINE('',#3140,#655);
#413=LINE('',#3141,#656);
#414=LINE('',#3145,#657);
#415=LINE('',#3147,#658);
#416=LINE('',#3149,#659);
#417=LINE('',#3150,#660);
#418=LINE('',#3153,#661);
#419=LINE('',#3155,#662);
#420=LINE('',#3156,#663);
#421=LINE('',#3160,#664);
#422=LINE('',#3173,#665);
#423=LINE('',#3209,#666);
#424=LINE('',#3221,#667);
#425=LINE('',#3226,#668);
#426=LINE('',#3228,#669);
#427=LINE('',#3232,#670);
#428=LINE('',#3234,#671);
#429=LINE('',#3236,#672);
#430=LINE('',#3238,#673);
#431=LINE('',#3240,#674);
#432=LINE('',#3244,#675);
#433=LINE('',#3246,#676);
#434=LINE('',#3250,#677);
#435=LINE('',#3254,#678);
#436=LINE('',#3258,#679);
#437=LINE('',#3262,#680);
#438=LINE('',#3266,#681);
#439=LINE('',#3270,#682);
#440=LINE('',#3274,#683);
#441=LINE('',#3278,#684);
#442=LINE('',#3282,#685);
#443=LINE('',#3286,#686);
#444=LINE('',#3288,#687);
#445=LINE('',#3290,#688);
#446=LINE('',#3292,#689);
#447=LINE('',#3294,#690);
#448=LINE('',#3296,#691);
#449=LINE('',#3298,#692);
#450=LINE('',#3300,#693);
#451=LINE('',#3302,#694);
#452=LINE('',#3303,#695);
#453=LINE('',#3306,#696);
#454=LINE('',#3308,#697);
#455=LINE('',#3310,#698);
#456=LINE('',#3312,#699);
#457=LINE('',#3313,#700);
#458=LINE('',#3317,#701);
#459=LINE('',#3371,#702);
#460=LINE('',#3374,#703);
#461=LINE('',#3376,#704);
#462=LINE('',#3378,#705);
#463=LINE('',#3380,#706);
#464=LINE('',#3381,#707);
#465=LINE('',#3385,#708);
#466=LINE('',#3421,#709);
#467=LINE('',#3424,#710);
#468=LINE('',#3425,#711);
#469=LINE('',#3427,#712);
#470=LINE('',#3429,#713);
#471=LINE('',#3431,#714);
#472=LINE('',#3432,#715);
#473=LINE('',#3436,#716);
#474=LINE('',#3472,#717);
#475=LINE('',#3475,#718);
#476=LINE('',#3477,#719);
#477=LINE('',#3478,#720);
#478=LINE('',#3480,#721);
#479=LINE('',#3481,#722);
#480=LINE('',#3484,#723);
#481=LINE('',#3488,#724);
#482=LINE('',#3491,#725);
#483=LINE('',#3494,#726);
#484=LINE('',#3496,#727);
#485=LINE('',#3497,#728);
#486=LINE('',#3500,#729);
#487=LINE('',#3504,#730);
#488=LINE('',#3508,#731);
#489=LINE('',#3512,#732);
#490=LINE('',#3516,#733);
#491=LINE('',#3518,#734);
#492=LINE('',#3522,#735);
#493=LINE('',#3524,#736);
#494=LINE('',#3527,#737);
#495=LINE('',#3528,#738);
#496=LINE('',#3531,#739);
#497=LINE('',#3535,#740);
#498=LINE('',#3539,#741);
#499=LINE('',#3541,#742);
#500=LINE('',#3547,#743);
#501=LINE('',#3551,#744);
#502=LINE('',#3556,#745);
#503=LINE('',#3560,#746);
#504=LINE('',#3565,#747);
#505=LINE('',#3569,#748);
#506=LINE('',#3574,#749);
#507=LINE('',#3578,#750);
#508=LINE('',#3581,#751);
#509=LINE('',#3583,#752);
#510=LINE('',#3584,#753);
#511=LINE('',#3586,#754);
#512=LINE('',#3587,#755);
#513=LINE('',#3592,#756);
#514=LINE('',#3594,#757);
#515=LINE('',#3598,#758);
#516=LINE('',#3601,#759);
#517=LINE('',#3602,#760);
#518=LINE('',#3603,#761);
#519=LINE('',#3605,#762);
#520=LINE('',#3609,#763);
#521=LINE('',#3610,#764);
#522=LINE('',#3614,#765);
#523=LINE('',#3615,#766);
#524=LINE('',#3617,#767);
#525=LINE('',#3620,#768);
#526=LINE('',#3622,#769);
#527=LINE('',#3623,#770);
#528=LINE('',#3625,#771);
#529=LINE('',#3630,#772);
#530=LINE('',#3633,#773);
#531=LINE('',#3634,#774);
#532=LINE('',#3636,#775);
#533=LINE('',#3641,#776);
#534=LINE('',#3644,#777);
#535=LINE('',#3646,#778);
#536=LINE('',#3649,#779);
#537=LINE('',#3651,#780);
#538=LINE('',#3653,#781);
#539=LINE('',#3655,#782);
#540=LINE('',#3657,#783);
#541=LINE('',#3658,#784);
#542=LINE('',#3659,#785);
#543=LINE('',#3665,#786);
#544=LINE('',#3668,#787);
#545=LINE('',#3672,#788);
#546=LINE('',#3674,#789);
#547=LINE('',#3675,#790);
#548=LINE('',#3678,#791);
#549=LINE('',#3682,#792);
#550=LINE('',#3683,#793);
#551=LINE('',#3686,#794);
#552=LINE('',#3690,#795);
#553=LINE('',#3691,#796);
#554=LINE('',#3698,#797);
#555=LINE('',#3701,#798);
#556=LINE('',#3704,#799);
#557=LINE('',#3705,#800);
#558=LINE('',#3708,#801);
#559=LINE('',#3711,#802);
#560=LINE('',#3713,#803);
#561=LINE('',#3720,#804);
#562=LINE('',#3722,#805);
#563=LINE('',#3724,#806);
#564=LINE('',#3730,#807);
#565=LINE('',#3733,#808);
#566=LINE('',#3737,#809);
#567=LINE('',#3741,#810);
#568=LINE('',#3745,#811);
#569=LINE('',#3749,#812);
#570=LINE('',#3753,#813);
#571=LINE('',#3755,#814);
#572=LINE('',#3757,#815);
#573=LINE('',#3759,#816);
#574=LINE('',#3763,#817);
#575=LINE('',#3765,#818);
#576=LINE('',#3767,#819);
#577=LINE('',#3770,#820);
#578=LINE('',#3772,#821);
#579=LINE('',#3773,#822);
#580=LINE('',#3775,#823);
#581=LINE('',#3776,#824);
#582=LINE('',#3778,#825);
#583=LINE('',#3781,#826);
#584=LINE('',#3783,#827);
#585=LINE('',#3784,#828);
#586=LINE('',#3789,#829);
#587=LINE('',#3791,#830);
#588=LINE('',#3792,#831);
#589=LINE('',#3794,#832);
#590=LINE('',#3796,#833);
#591=LINE('',#3801,#834);
#592=LINE('',#3803,#835);
#593=LINE('',#3805,#836);
#594=LINE('',#3806,#837);
#595=LINE('',#3809,#838);
#596=LINE('',#3811,#839);
#597=LINE('',#3813,#840);
#598=LINE('',#3815,#841);
#599=LINE('',#3817,#842);
#600=LINE('',#3819,#843);
#601=LINE('',#3821,#844);
#602=LINE('',#3822,#845);
#603=LINE('',#3824,#846);
#604=LINE('',#3826,#847);
#605=LINE('',#3828,#848);
#606=LINE('',#3829,#849);
#607=LINE('',#3833,#850);
#608=LINE('',#3834,#851);
#609=LINE('',#3835,#852);
#610=LINE('',#3836,#853);
#611=LINE('',#3839,#854);
#612=LINE('',#3840,#855);
#613=LINE('',#3844,#856);
#614=LINE('',#3846,#857);
#615=LINE('',#3848,#858);
#616=LINE('',#3849,#859);
#617=LINE('',#3854,#860);
#618=LINE('',#3856,#861);
#619=LINE('',#3857,#862);
#620=LINE('',#3862,#863);
#621=LINE('',#3863,#864);
#622=LINE('',#3867,#865);
#623=LINE('',#3868,#866);
#624=LINE('',#3869,#867);
#625=LINE('',#3871,#868);
#626=LINE('',#3872,#869);
#627=LINE('',#3873,#870);
#628=LINE('',#3875,#871);
#629=LINE('',#3876,#872);
#630=LINE('',#3878,#873);
#631=LINE('',#3880,#874);
#632=LINE('',#3882,#875);
#633=LINE('',#3883,#876);
#634=LINE('',#3888,#877);
#635=LINE('',#3890,#878);
#636=LINE('',#3895,#879);
#637=LINE('',#3897,#880);
#638=LINE('',#3899,#881);
#639=LINE('',#3900,#882);
#640=LINE('',#3905,#883);
#641=LINE('',#3906,#884);
#642=LINE('',#3911,#885);
#643=LINE('',#3912,#886);
#644=LINE('',#3915,#887);
#645=LINE('',#3916,#888);
#646=LINE('',#3917,#889);
#647=LINE('',#3919,#890);
#648=LINE('',#3920,#891);
#649=LINE('',#3922,#892);
#650=LINE('',#3925,#893);
#651=VECTOR('',#2499,10.);
#652=VECTOR('',#2500,10.);
#653=VECTOR('',#2501,10.);
#654=VECTOR('',#2502,10.);
#655=VECTOR('',#2503,10.);
#656=VECTOR('',#2504,10.);
#657=VECTOR('',#2507,10.);
#658=VECTOR('',#2508,10.);
#659=VECTOR('',#2509,10.);
#660=VECTOR('',#2510,10.);
#661=VECTOR('',#2513,10.);
#662=VECTOR('',#2514,10.);
#663=VECTOR('',#2515,10.);
#664=VECTOR('',#2518,10.);
#665=VECTOR('',#2519,10.);
#666=VECTOR('',#2528,10.);
#667=VECTOR('',#2529,10.);
#668=VECTOR('',#2534,10.);
#669=VECTOR('',#2535,10.);
#670=VECTOR('',#2538,10.);
#671=VECTOR('',#2539,10.);
#672=VECTOR('',#2540,10.);
#673=VECTOR('',#2541,10.);
#674=VECTOR('',#2542,10.);
#675=VECTOR('',#2545,10.);
#676=VECTOR('',#2546,10.);
#677=VECTOR('',#2549,10.);
#678=VECTOR('',#2552,10.);
#679=VECTOR('',#2555,10.);
#680=VECTOR('',#2558,10.);
#681=VECTOR('',#2561,10.);
#682=VECTOR('',#2564,10.);
#683=VECTOR('',#2567,10.);
#684=VECTOR('',#2570,10.);
#685=VECTOR('',#2573,10.);
#686=VECTOR('',#2576,10.);
#687=VECTOR('',#2577,10.);
#688=VECTOR('',#2578,10.);
#689=VECTOR('',#2579,10.);
#690=VECTOR('',#2580,10.);
#691=VECTOR('',#2581,10.);
#692=VECTOR('',#2582,10.);
#693=VECTOR('',#2583,10.);
#694=VECTOR('',#2584,10.);
#695=VECTOR('',#2585,10.);
#696=VECTOR('',#2588,10.);
#697=VECTOR('',#2589,10.);
#698=VECTOR('',#2590,10.);
#699=VECTOR('',#2591,10.);
#700=VECTOR('',#2592,10.);
#701=VECTOR('',#2595,10.);
#702=VECTOR('',#2602,10.);
#703=VECTOR('',#2605,10.);
#704=VECTOR('',#2606,10.);
#705=VECTOR('',#2607,10.);
#706=VECTOR('',#2608,10.);
#707=VECTOR('',#2609,10.);
#708=VECTOR('',#2612,10.);
#709=VECTOR('',#2623,10.);
#710=VECTOR('',#2626,10.);
#711=VECTOR('',#2627,10.);
#712=VECTOR('',#2628,10.);
#713=VECTOR('',#2629,10.);
#714=VECTOR('',#2630,10.);
#715=VECTOR('',#2631,10.);
#716=VECTOR('',#2634,10.);
#717=VECTOR('',#2645,10.);
#718=VECTOR('',#2648,10.);
#719=VECTOR('',#2649,10.);
#720=VECTOR('',#2650,10.);
#721=VECTOR('',#2651,10.);
#722=VECTOR('',#2652,10.);
#723=VECTOR('',#2655,10.);
#724=VECTOR('',#2660,10.);
#725=VECTOR('',#2663,10.);
#726=VECTOR('',#2666,10.);
#727=VECTOR('',#2667,10.);
#728=VECTOR('',#2668,10.);
#729=VECTOR('',#2671,10.);
#730=VECTOR('',#2676,10.);
#731=VECTOR('',#2681,10.);
#732=VECTOR('',#2686,10.);
#733=VECTOR('',#2691,10.);
#734=VECTOR('',#2692,10.);
#735=VECTOR('',#2697,10.);
#736=VECTOR('',#2698,10.);
#737=VECTOR('',#2701,10.);
#738=VECTOR('',#2702,10.);
#739=VECTOR('',#2705,10.);
#740=VECTOR('',#2710,10.);
#741=VECTOR('',#2715,10.);
#742=VECTOR('',#2716,10.);
#743=VECTOR('',#2723,0.675);
#744=VECTOR('',#2728,1.35);
#745=VECTOR('',#2733,0.675);
#746=VECTOR('',#2738,1.35);
#747=VECTOR('',#2743,0.675);
#748=VECTOR('',#2748,1.35);
#749=VECTOR('',#2753,0.675);
#750=VECTOR('',#2758,1.35);
#751=VECTOR('',#2761,10.);
#752=VECTOR('',#2762,10.);
#753=VECTOR('',#2763,10.);
#754=VECTOR('',#2766,10.);
#755=VECTOR('',#2767,10.);
#756=VECTOR('',#2772,10.);
#757=VECTOR('',#2775,10.);
#758=VECTOR('',#2782,10.);
#759=VECTOR('',#2785,10.);
#760=VECTOR('',#2786,10.);
#761=VECTOR('',#2787,10.);
#762=VECTOR('',#2790,10.);
#763=VECTOR('',#2795,10.);
#764=VECTOR('',#2796,10.);
#765=VECTOR('',#2801,10.);
#766=VECTOR('',#2802,10.);
#767=VECTOR('',#2805,10.);
#768=VECTOR('',#2808,10.);
#769=VECTOR('',#2809,10.);
#770=VECTOR('',#2810,10.);
#771=VECTOR('',#2813,10.);
#772=VECTOR('',#2818,10.);
#773=VECTOR('',#2821,10.);
#774=VECTOR('',#2822,10.);
#775=VECTOR('',#2825,10.);
#776=VECTOR('',#2832,10.);
#777=VECTOR('',#2835,10.);
#778=VECTOR('',#2836,10.);
#779=VECTOR('',#2839,10.);
#780=VECTOR('',#2842,10.);
#781=VECTOR('',#2845,10.);
#782=VECTOR('',#2846,10.);
#783=VECTOR('',#2847,10.);
#784=VECTOR('',#2848,10.);
#785=VECTOR('',#2849,10.);
#786=VECTOR('',#2860,10.);
#787=VECTOR('',#2865,10.);
#788=VECTOR('',#2870,10.);
#789=VECTOR('',#2871,10.);
#790=VECTOR('',#2872,10.);
#791=VECTOR('',#2875,10.);
#792=VECTOR('',#2880,10.);
#793=VECTOR('',#2881,10.);
#794=VECTOR('',#2884,10.);
#795=VECTOR('',#2889,10.);
#796=VECTOR('',#2890,10.);
#797=VECTOR('',#2899,10.);
#798=VECTOR('',#2902,10.);
#799=VECTOR('',#2905,10.);
#800=VECTOR('',#2906,10.);
#801=VECTOR('',#2909,10.);
#802=VECTOR('',#2914,10.);
#803=VECTOR('',#2917,10.);
#804=VECTOR('',#2924,10.);
#805=VECTOR('',#2925,10.);
#806=VECTOR('',#2926,10.);
#807=VECTOR('',#2933,0.95);
#808=VECTOR('',#2938,0.95);
#809=VECTOR('',#2941,10.);
#810=VECTOR('',#2944,10.);
#811=VECTOR('',#2947,10.);
#812=VECTOR('',#2950,10.);
#813=VECTOR('',#2955,10.);
#814=VECTOR('',#2956,10.);
#815=VECTOR('',#2957,10.);
#816=VECTOR('',#2958,10.);
#817=VECTOR('',#2961,10.);
#818=VECTOR('',#2962,10.);
#819=VECTOR('',#2963,10.);
#820=VECTOR('',#2966,10.);
#821=VECTOR('',#2967,10.);
#822=VECTOR('',#2968,10.);
#823=VECTOR('',#2971,10.);
#824=VECTOR('',#2972,10.);
#825=VECTOR('',#2973,10.);
#826=VECTOR('',#2976,10.);
#827=VECTOR('',#2979,10.);
#828=VECTOR('',#2980,10.);
#829=VECTOR('',#2987,10.);
#830=VECTOR('',#2988,10.);
#831=VECTOR('',#2989,10.);
#832=VECTOR('',#2992,10.);
#833=VECTOR('',#2995,10.);
#834=VECTOR('',#3000,10.);
#835=VECTOR('',#3001,10.);
#836=VECTOR('',#3002,10.);
#837=VECTOR('',#3003,10.);
#838=VECTOR('',#3006,10.);
#839=VECTOR('',#3007,10.);
#840=VECTOR('',#3008,10.);
#841=VECTOR('',#3009,10.);
#842=VECTOR('',#3010,10.);
#843=VECTOR('',#3011,10.);
#844=VECTOR('',#3012,10.);
#845=VECTOR('',#3013,10.);
#846=VECTOR('',#3014,10.);
#847=VECTOR('',#3015,10.);
#848=VECTOR('',#3016,10.);
#849=VECTOR('',#3017,10.);
#850=VECTOR('',#3020,10.);
#851=VECTOR('',#3021,10.);
#852=VECTOR('',#3022,10.);
#853=VECTOR('',#3023,10.);
#854=VECTOR('',#3026,10.);
#855=VECTOR('',#3027,10.);
#856=VECTOR('',#3030,10.);
#857=VECTOR('',#3031,10.);
#858=VECTOR('',#3032,10.);
#859=VECTOR('',#3033,10.);
#860=VECTOR('',#3038,10.);
#861=VECTOR('',#3039,10.);
#862=VECTOR('',#3040,10.);
#863=VECTOR('',#3045,10.);
#864=VECTOR('',#3046,10.);
#865=VECTOR('',#3049,10.);
#866=VECTOR('',#3050,10.);
#867=VECTOR('',#3051,10.);
#868=VECTOR('',#3054,10.);
#869=VECTOR('',#3055,10.);
#870=VECTOR('',#3056,10.);
#871=VECTOR('',#3059,10.);
#872=VECTOR('',#3060,10.);
#873=VECTOR('',#3063,10.);
#874=VECTOR('',#3066,10.);
#875=VECTOR('',#3069,10.);
#876=VECTOR('',#3070,10.);
#877=VECTOR('',#3075,0.475);
#878=VECTOR('',#3078,0.95);
#879=VECTOR('',#3083,0.475);
#880=VECTOR('',#3086,0.95);
#881=VECTOR('',#3089,10.);
#882=VECTOR('',#3090,10.);
#883=VECTOR('',#3097,10.);
#884=VECTOR('',#3098,10.);
#885=VECTOR('',#3105,10.);
#886=VECTOR('',#3106,10.);
#887=VECTOR('',#3109,10.);
#888=VECTOR('',#3110,10.);
#889=VECTOR('',#3111,10.);
#890=VECTOR('',#3112,10.);
#891=VECTOR('',#3113,10.);
#892=VECTOR('',#3116,10.);
#893=VECTOR('',#3121,10.);
#894=VERTEX_POINT('',#3130);
#895=VERTEX_POINT('',#3131);
#896=VERTEX_POINT('',#3133);
#897=VERTEX_POINT('',#3135);
#898=VERTEX_POINT('',#3137);
#899=VERTEX_POINT('',#3139);
#900=VERTEX_POINT('',#3143);
#901=VERTEX_POINT('',#3144);
#902=VERTEX_POINT('',#3146);
#903=VERTEX_POINT('',#3148);
#904=VERTEX_POINT('',#3152);
#905=VERTEX_POINT('',#3154);
#906=VERTEX_POINT('',#3158);
#907=VERTEX_POINT('',#3159);
#908=VERTEX_POINT('',#3161);
#909=VERTEX_POINT('',#3172);
#910=VERTEX_POINT('',#3189);
#911=VERTEX_POINT('',#3191);
#912=VERTEX_POINT('',#3208);
#913=VERTEX_POINT('',#3210);
#914=VERTEX_POINT('',#3223);
#915=VERTEX_POINT('',#3225);
#916=VERTEX_POINT('',#3227);
#917=VERTEX_POINT('',#3229);
#918=VERTEX_POINT('',#3231);
#919=VERTEX_POINT('',#3233);
#920=VERTEX_POINT('',#3235);
#921=VERTEX_POINT('',#3237);
#922=VERTEX_POINT('',#3239);
#923=VERTEX_POINT('',#3241);
#924=VERTEX_POINT('',#3243);
#925=VERTEX_POINT('',#3245);
#926=VERTEX_POINT('',#3247);
#927=VERTEX_POINT('',#3249);
#928=VERTEX_POINT('',#3251);
#929=VERTEX_POINT('',#3253);
#930=VERTEX_POINT('',#3255);
#931=VERTEX_POINT('',#3257);
#932=VERTEX_POINT('',#3259);
#933=VERTEX_POINT('',#3261);
#934=VERTEX_POINT('',#3263);
#935=VERTEX_POINT('',#3265);
#936=VERTEX_POINT('',#3267);
#937=VERTEX_POINT('',#3269);
#938=VERTEX_POINT('',#3271);
#939=VERTEX_POINT('',#3273);
#940=VERTEX_POINT('',#3275);
#941=VERTEX_POINT('',#3277);
#942=VERTEX_POINT('',#3279);
#943=VERTEX_POINT('',#3281);
#944=VERTEX_POINT('',#3284);
#945=VERTEX_POINT('',#3285);
#946=VERTEX_POINT('',#3287);
#947=VERTEX_POINT('',#3289);
#948=VERTEX_POINT('',#3291);
#949=VERTEX_POINT('',#3293);
#950=VERTEX_POINT('',#3295);
#951=VERTEX_POINT('',#3297);
#952=VERTEX_POINT('',#3299);
#953=VERTEX_POINT('',#3301);
#954=VERTEX_POINT('',#3305);
#955=VERTEX_POINT('',#3307);
#956=VERTEX_POINT('',#3309);
#957=VERTEX_POINT('',#3311);
#958=VERTEX_POINT('',#3315);
#959=VERTEX_POINT('',#3316);
#960=VERTEX_POINT('',#3343);
#961=VERTEX_POINT('',#3360);
#962=VERTEX_POINT('',#3373);
#963=VERTEX_POINT('',#3375);
#964=VERTEX_POINT('',#3377);
#965=VERTEX_POINT('',#3379);
#966=VERTEX_POINT('',#3383);
#967=VERTEX_POINT('',#3384);
#968=VERTEX_POINT('',#3402);
#969=VERTEX_POINT('',#3419);
#970=VERTEX_POINT('',#3423);
#971=VERTEX_POINT('',#3426);
#972=VERTEX_POINT('',#3428);
#973=VERTEX_POINT('',#3430);
#974=VERTEX_POINT('',#3434);
#975=VERTEX_POINT('',#3435);
#976=VERTEX_POINT('',#3453);
#977=VERTEX_POINT('',#3470);
#978=VERTEX_POINT('',#3474);
#979=VERTEX_POINT('',#3476);
#980=VERTEX_POINT('',#3479);
#981=VERTEX_POINT('',#3483);
#982=VERTEX_POINT('',#3487);
#983=VERTEX_POINT('',#3489);
#984=VERTEX_POINT('',#3493);
#985=VERTEX_POINT('',#3495);
#986=VERTEX_POINT('',#3499);
#987=VERTEX_POINT('',#3503);
#988=VERTEX_POINT('',#3507);
#989=VERTEX_POINT('',#3511);
#990=VERTEX_POINT('',#3515);
#991=VERTEX_POINT('',#3517);
#992=VERTEX_POINT('',#3521);
#993=VERTEX_POINT('',#3523);
#994=VERTEX_POINT('',#3525);
#995=VERTEX_POINT('',#3530);
#996=VERTEX_POINT('',#3534);
#997=VERTEX_POINT('',#3538);
#998=VERTEX_POINT('',#3540);
#999=VERTEX_POINT('',#3544);
#1000=VERTEX_POINT('',#3546);
#1001=VERTEX_POINT('',#3549);
#1002=VERTEX_POINT('',#3553);
#1003=VERTEX_POINT('',#3555);
#1004=VERTEX_POINT('',#3558);
#1005=VERTEX_POINT('',#3562);
#1006=VERTEX_POINT('',#3564);
#1007=VERTEX_POINT('',#3567);
#1008=VERTEX_POINT('',#3571);
#1009=VERTEX_POINT('',#3573);
#1010=VERTEX_POINT('',#3576);
#1011=VERTEX_POINT('',#3580);
#1012=VERTEX_POINT('',#3582);
#1013=VERTEX_POINT('',#3589);
#1014=VERTEX_POINT('',#3590);
#1015=VERTEX_POINT('',#3600);
#1016=VERTEX_POINT('',#3607);
#1017=VERTEX_POINT('',#3613);
#1018=VERTEX_POINT('',#3619);
#1019=VERTEX_POINT('',#3621);
#1020=VERTEX_POINT('',#3627);
#1021=VERTEX_POINT('',#3628);
#1022=VERTEX_POINT('',#3631);
#1023=VERTEX_POINT('',#3640);
#1024=VERTEX_POINT('',#3642);
#1025=VERTEX_POINT('',#3645);
#1026=VERTEX_POINT('',#3647);
#1027=VERTEX_POINT('',#3654);
#1028=VERTEX_POINT('',#3656);
#1029=VERTEX_POINT('',#3671);
#1030=VERTEX_POINT('',#3673);
#1031=VERTEX_POINT('',#3677);
#1032=VERTEX_POINT('',#3681);
#1033=VERTEX_POINT('',#3685);
#1034=VERTEX_POINT('',#3689);
#1035=VERTEX_POINT('',#3694);
#1036=VERTEX_POINT('',#3697);
#1037=VERTEX_POINT('',#3699);
#1038=VERTEX_POINT('',#3703);
#1039=VERTEX_POINT('',#3707);
#1040=VERTEX_POINT('',#3715);
#1041=VERTEX_POINT('',#3718);
#1042=VERTEX_POINT('',#3719);
#1043=VERTEX_POINT('',#3721);
#1044=VERTEX_POINT('',#3723);
#1045=VERTEX_POINT('',#3726);
#1046=VERTEX_POINT('',#3729);
#1047=VERTEX_POINT('',#3735);
#1048=VERTEX_POINT('',#3736);
#1049=VERTEX_POINT('',#3738);
#1050=VERTEX_POINT('',#3740);
#1051=VERTEX_POINT('',#3742);
#1052=VERTEX_POINT('',#3744);
#1053=VERTEX_POINT('',#3746);
#1054=VERTEX_POINT('',#3748);
#1055=VERTEX_POINT('',#3752);
#1056=VERTEX_POINT('',#3754);
#1057=VERTEX_POINT('',#3756);
#1058=VERTEX_POINT('',#3758);
#1059=VERTEX_POINT('',#3760);
#1060=VERTEX_POINT('',#3762);
#1061=VERTEX_POINT('',#3764);
#1062=VERTEX_POINT('',#3766);
#1063=VERTEX_POINT('',#3768);
#1064=VERTEX_POINT('',#3771);
#1065=VERTEX_POINT('',#3777);
#1066=VERTEX_POINT('',#3779);
#1067=VERTEX_POINT('',#3788);
#1068=VERTEX_POINT('',#3790);
#1069=VERTEX_POINT('',#3799);
#1070=VERTEX_POINT('',#3800);
#1071=VERTEX_POINT('',#3802);
#1072=VERTEX_POINT('',#3804);
#1073=VERTEX_POINT('',#3808);
#1074=VERTEX_POINT('',#3810);
#1075=VERTEX_POINT('',#3812);
#1076=VERTEX_POINT('',#3814);
#1077=VERTEX_POINT('',#3816);
#1078=VERTEX_POINT('',#3818);
#1079=VERTEX_POINT('',#3820);
#1080=VERTEX_POINT('',#3823);
#1081=VERTEX_POINT('',#3825);
#1082=VERTEX_POINT('',#3827);
#1083=VERTEX_POINT('',#3831);
#1084=VERTEX_POINT('',#3832);
#1085=VERTEX_POINT('',#3838);
#1086=VERTEX_POINT('',#3842);
#1087=VERTEX_POINT('',#3843);
#1088=VERTEX_POINT('',#3845);
#1089=VERTEX_POINT('',#3847);
#1090=VERTEX_POINT('',#3850);
#1091=VERTEX_POINT('',#3853);
#1092=VERTEX_POINT('',#3855);
#1093=VERTEX_POINT('',#3858);
#1094=VERTEX_POINT('',#3861);
#1095=VERTEX_POINT('',#3865);
#1096=VERTEX_POINT('',#3866);
#1097=VERTEX_POINT('',#3885);
#1098=VERTEX_POINT('',#3887);
#1099=VERTEX_POINT('',#3892);
#1100=VERTEX_POINT('',#3894);
#1101=VERTEX_POINT('',#3904);
#1102=VERTEX_POINT('',#3910);
#1103=VERTEX_POINT('',#3914);
#1104=VERTEX_POINT('',#3918);
#1105=EDGE_CURVE('',#894,#895,#408,.T.);
#1106=EDGE_CURVE('',#896,#894,#409,.T.);
#1107=EDGE_CURVE('',#896,#897,#410,.T.);
#1108=EDGE_CURVE('',#897,#898,#411,.T.);
#1109=EDGE_CURVE('',#899,#898,#412,.T.);
#1110=EDGE_CURVE('',#895,#899,#413,.T.);
#1111=EDGE_CURVE('',#900,#901,#414,.T.);
#1112=EDGE_CURVE('',#902,#900,#415,.T.);
#1113=EDGE_CURVE('',#902,#903,#416,.T.);
#1114=EDGE_CURVE('',#903,#901,#417,.T.);
#1115=EDGE_CURVE('',#900,#904,#418,.T.);
#1116=EDGE_CURVE('',#904,#905,#419,.T.);
#1117=EDGE_CURVE('',#902,#905,#420,.T.);
#1118=EDGE_CURVE('',#906,#907,#421,.T.);
#1119=EDGE_CURVE('',#908,#907,#110,.T.);
#1120=EDGE_CURVE('',#908,#909,#422,.T.);
#1121=EDGE_CURVE('',#909,#906,#111,.T.);
#1122=EDGE_CURVE('',#910,#906,#32,.T.);
#1123=EDGE_CURVE('',#909,#911,#33,.T.);
#1124=EDGE_CURVE('',#911,#910,#112,.T.);
#1125=EDGE_CURVE('',#911,#912,#423,.T.);
#1126=EDGE_CURVE('',#913,#912,#113,.T.);
#1127=EDGE_CURVE('',#913,#910,#424,.T.);
#1128=EDGE_CURVE('',#908,#914,#34,.T.);
#1129=EDGE_CURVE('',#914,#915,#425,.T.);
#1130=EDGE_CURVE('',#916,#915,#426,.T.);
#1131=EDGE_CURVE('',#917,#916,#35,.T.);
#1132=EDGE_CURVE('',#918,#917,#427,.T.);
#1133=EDGE_CURVE('',#918,#919,#428,.T.);
#1134=EDGE_CURVE('',#919,#920,#429,.T.);
#1135=EDGE_CURVE('',#920,#921,#430,.T.);
#1136=EDGE_CURVE('',#922,#921,#431,.T.);
#1137=EDGE_CURVE('',#923,#922,#36,.T.);
#1138=EDGE_CURVE('',#924,#923,#432,.T.);
#1139=EDGE_CURVE('',#924,#925,#433,.T.);
#1140=EDGE_CURVE('',#925,#926,#37,.T.);
#1141=EDGE_CURVE('',#927,#926,#434,.T.);
#1142=EDGE_CURVE('',#928,#927,#38,.T.);
#1143=EDGE_CURVE('',#929,#928,#435,.T.);
#1144=EDGE_CURVE('',#929,#930,#39,.T.);
#1145=EDGE_CURVE('',#930,#931,#436,.T.);
#1146=EDGE_CURVE('',#931,#932,#40,.T.);
#1147=EDGE_CURVE('',#932,#933,#437,.T.);
#1148=EDGE_CURVE('',#933,#934,#41,.T.);
#1149=EDGE_CURVE('',#934,#935,#438,.T.);
#1150=EDGE_CURVE('',#935,#936,#42,.T.);
#1151=EDGE_CURVE('',#936,#937,#439,.T.);
#1152=EDGE_CURVE('',#937,#938,#43,.T.);
#1153=EDGE_CURVE('',#938,#939,#440,.T.);
#1154=EDGE_CURVE('',#939,#940,#44,.T.);
#1155=EDGE_CURVE('',#940,#941,#441,.T.);
#1156=EDGE_CURVE('',#941,#942,#45,.T.);
#1157=EDGE_CURVE('',#942,#943,#442,.T.);
#1158=EDGE_CURVE('',#943,#912,#46,.T.);
#1159=EDGE_CURVE('',#944,#945,#443,.T.);
#1160=EDGE_CURVE('',#945,#946,#444,.T.);
#1161=EDGE_CURVE('',#946,#947,#445,.T.);
#1162=EDGE_CURVE('',#947,#948,#446,.T.);
#1163=EDGE_CURVE('',#948,#949,#447,.T.);
#1164=EDGE_CURVE('',#949,#950,#448,.T.);
#1165=EDGE_CURVE('',#950,#951,#449,.T.);
#1166=EDGE_CURVE('',#951,#952,#450,.T.);
#1167=EDGE_CURVE('',#953,#952,#451,.T.);
#1168=EDGE_CURVE('',#953,#944,#452,.T.);
#1169=EDGE_CURVE('',#906,#954,#453,.T.);
#1170=EDGE_CURVE('',#954,#955,#454,.T.);
#1171=EDGE_CURVE('',#955,#956,#455,.T.);
#1172=EDGE_CURVE('',#957,#956,#456,.T.);
#1173=EDGE_CURVE('',#907,#957,#457,.T.);
#1174=EDGE_CURVE('',#958,#959,#458,.T.);
#1175=EDGE_CURVE('',#929,#959,#114,.T.);
#1176=EDGE_CURVE('',#928,#958,#115,.T.);
#1177=EDGE_CURVE('',#960,#958,#47,.T.);
#1178=EDGE_CURVE('',#927,#960,#116,.T.);
#1179=EDGE_CURVE('',#961,#926,#117,.T.);
#1180=EDGE_CURVE('',#961,#960,#459,.T.);
#1181=EDGE_CURVE('',#958,#962,#460,.T.);
#1182=EDGE_CURVE('',#962,#963,#461,.T.);
#1183=EDGE_CURVE('',#963,#964,#462,.T.);
#1184=EDGE_CURVE('',#965,#964,#463,.T.);
#1185=EDGE_CURVE('',#959,#965,#464,.T.);
#1186=EDGE_CURVE('',#966,#967,#465,.T.);
#1187=EDGE_CURVE('',#924,#967,#48,.T.);
#1188=EDGE_CURVE('',#923,#966,#118,.T.);
#1189=EDGE_CURVE('',#922,#968,#119,.T.);
#1190=EDGE_CURVE('',#968,#966,#49,.T.);
#1191=EDGE_CURVE('',#969,#921,#50,.T.);
#1192=EDGE_CURVE('',#969,#968,#466,.T.);
#1193=EDGE_CURVE('',#970,#896,#467,.T.);
#1194=EDGE_CURVE('',#967,#970,#468,.T.);
#1195=EDGE_CURVE('',#966,#971,#469,.T.);
#1196=EDGE_CURVE('',#971,#972,#470,.T.);
#1197=EDGE_CURVE('',#972,#973,#471,.T.);
#1198=EDGE_CURVE('',#973,#897,#472,.T.);
#1199=EDGE_CURVE('',#974,#975,#473,.T.);
#1200=EDGE_CURVE('',#918,#975,#51,.T.);
#1201=EDGE_CURVE('',#917,#974,#120,.T.);
#1202=EDGE_CURVE('',#916,#976,#121,.T.);
#1203=EDGE_CURVE('',#976,#974,#52,.T.);
#1204=EDGE_CURVE('',#977,#915,#53,.T.);
#1205=EDGE_CURVE('',#977,#976,#474,.T.);
#1206=EDGE_CURVE('',#974,#978,#475,.T.);
#1207=EDGE_CURVE('',#978,#979,#476,.T.);
#1208=EDGE_CURVE('',#979,#904,#477,.T.);
#1209=EDGE_CURVE('',#980,#904,#478,.T.);
#1210=EDGE_CURVE('',#975,#980,#479,.T.);
#1211=EDGE_CURVE('',#981,#910,#480,.T.);
#1212=EDGE_CURVE('',#954,#981,#54,.T.);
#1213=EDGE_CURVE('',#982,#981,#481,.T.);
#1214=EDGE_CURVE('',#983,#982,#55,.T.);
#1215=EDGE_CURVE('',#955,#983,#482,.T.);
#1216=EDGE_CURVE('',#984,#913,#483,.T.);
#1217=EDGE_CURVE('',#985,#984,#484,.T.);
#1218=EDGE_CURVE('',#982,#985,#485,.T.);
#1219=EDGE_CURVE('',#986,#976,#486,.T.);
#1220=EDGE_CURVE('',#978,#986,#56,.T.);
#1221=EDGE_CURVE('',#987,#986,#487,.T.);
#1222=EDGE_CURVE('',#979,#987,#57,.T.);
#1223=EDGE_CURVE('',#987,#988,#488,.T.);
#1224=EDGE_CURVE('',#905,#988,#58,.T.);
#1225=EDGE_CURVE('',#989,#960,#489,.T.);
#1226=EDGE_CURVE('',#962,#989,#59,.T.);
#1227=EDGE_CURVE('',#990,#989,#490,.T.);
#1228=EDGE_CURVE('',#991,#990,#491,.T.);
#1229=EDGE_CURVE('',#963,#991,#60,.T.);
#1230=EDGE_CURVE('',#991,#992,#492,.T.);
#1231=EDGE_CURVE('',#992,#993,#493,.T.);
#1232=EDGE_CURVE('',#994,#993,#61,.T.);
#1233=EDGE_CURVE('',#964,#994,#494,.T.);
#1234=EDGE_CURVE('',#963,#964,#495,.T.);
#1235=EDGE_CURVE('',#995,#968,#496,.T.);
#1236=EDGE_CURVE('',#971,#995,#62,.T.);
#1237=EDGE_CURVE('',#996,#995,#497,.T.);
#1238=EDGE_CURVE('',#972,#996,#63,.T.);
#1239=EDGE_CURVE('',#996,#997,#498,.T.);
#1240=EDGE_CURVE('',#997,#998,#499,.T.);
#1241=EDGE_CURVE('',#973,#998,#64,.T.);
#1242=EDGE_CURVE('',#999,#999,#65,.T.);
#1243=EDGE_CURVE('',#999,#1000,#500,.T.);
#1244=EDGE_CURVE('',#1001,#1001,#66,.T.);
#1245=EDGE_CURVE('',#1001,#999,#501,.T.);
#1246=EDGE_CURVE('',#1002,#1002,#67,.T.);
#1247=EDGE_CURVE('',#1002,#1003,#502,.T.);
#1248=EDGE_CURVE('',#1004,#1004,#68,.T.);
#1249=EDGE_CURVE('',#1004,#1002,#503,.T.);
#1250=EDGE_CURVE('',#1005,#1005,#69,.T.);
#1251=EDGE_CURVE('',#1005,#1006,#504,.T.);
#1252=EDGE_CURVE('',#1007,#1007,#70,.T.);
#1253=EDGE_CURVE('',#1007,#1005,#505,.T.);
#1254=EDGE_CURVE('',#1008,#1008,#71,.T.);
#1255=EDGE_CURVE('',#1008,#1009,#506,.T.);
#1256=EDGE_CURVE('',#1010,#1010,#72,.T.);
#1257=EDGE_CURVE('',#1010,#1008,#507,.T.);
#1258=EDGE_CURVE('',#1011,#961,#508,.T.);
#1259=EDGE_CURVE('',#1012,#1011,#509,.T.);
#1260=EDGE_CURVE('',#990,#1012,#510,.T.);
#1261=EDGE_CURVE('',#992,#1012,#511,.T.);
#1262=EDGE_CURVE('',#991,#992,#512,.T.);
#1263=EDGE_CURVE('',#1013,#1014,#73,.T.);
#1264=EDGE_CURVE('',#1013,#991,#513,.T.);
#1265=EDGE_CURVE('',#964,#992,#74,.T.);
#1266=EDGE_CURVE('',#1014,#963,#514,.T.);
#1267=EDGE_CURVE('',#965,#1011,#75,.T.);
#1268=EDGE_CURVE('',#1014,#1013,#515,.T.);
#1269=EDGE_CURVE('',#1015,#977,#516,.T.);
#1270=EDGE_CURVE('',#901,#1015,#517,.T.);
#1271=EDGE_CURVE('',#988,#903,#518,.T.);
#1272=EDGE_CURVE('',#980,#1015,#519,.T.);
#1273=EDGE_CURVE('',#1016,#895,#76,.T.);
#1274=EDGE_CURVE('',#1016,#996,#520,.T.);
#1275=EDGE_CURVE('',#996,#997,#521,.T.);
#1276=EDGE_CURVE('',#894,#997,#77,.T.);
#1277=EDGE_CURVE('',#1017,#969,#522,.T.);
#1278=EDGE_CURVE('',#997,#1017,#523,.T.);
#1279=EDGE_CURVE('',#970,#1017,#524,.T.);
#1280=EDGE_CURVE('',#920,#1018,#525,.T.);
#1281=EDGE_CURVE('',#1018,#1019,#526,.T.);
#1282=EDGE_CURVE('',#925,#1019,#527,.T.);
#1283=EDGE_CURVE('',#899,#1016,#528,.T.);
#1284=EDGE_CURVE('',#1020,#1021,#78,.T.);
#1285=EDGE_CURVE('',#1020,#982,#529,.T.);
#1286=EDGE_CURVE('',#1022,#985,#79,.T.);
#1287=EDGE_CURVE('',#983,#1022,#530,.T.);
#1288=EDGE_CURVE('',#1021,#983,#531,.T.);
#1289=EDGE_CURVE('',#956,#1022,#532,.T.);
#1290=EDGE_CURVE('',#957,#984,#80,.T.);
#1291=EDGE_CURVE('',#943,#1023,#533,.T.);
#1292=EDGE_CURVE('',#1023,#1024,#81,.T.);
#1293=EDGE_CURVE('',#1024,#938,#534,.T.);
#1294=EDGE_CURVE('',#937,#1025,#535,.T.);
#1295=EDGE_CURVE('',#1025,#1026,#82,.T.);
#1296=EDGE_CURVE('',#914,#1026,#536,.T.);
#1297=EDGE_CURVE('',#1021,#1020,#537,.T.);
#1298=EDGE_CURVE('',#983,#1022,#538,.T.);
#1299=EDGE_CURVE('',#1022,#1027,#539,.T.);
#1300=EDGE_CURVE('',#1028,#1027,#540,.T.);
#1301=EDGE_CURVE('',#985,#1028,#541,.T.);
#1302=EDGE_CURVE('',#982,#985,#542,.T.);
#1303=EDGE_CURVE('',#1027,#1028,#83,.T.);
#1304=EDGE_CURVE('',#993,#994,#543,.T.);
#1305=EDGE_CURVE('',#998,#898,#544,.T.);
#1306=EDGE_CURVE('',#1029,#934,#545,.T.);
#1307=EDGE_CURVE('',#1030,#1029,#546,.T.);
#1308=EDGE_CURVE('',#935,#1030,#547,.T.);
#1309=EDGE_CURVE('',#933,#1031,#548,.T.);
#1310=EDGE_CURVE('',#1031,#1029,#84,.T.);
#1311=EDGE_CURVE('',#1032,#932,#549,.T.);
#1312=EDGE_CURVE('',#1031,#1032,#550,.T.);
#1313=EDGE_CURVE('',#931,#1033,#551,.T.);
#1314=EDGE_CURVE('',#1033,#1032,#85,.T.);
#1315=EDGE_CURVE('',#1034,#930,#552,.T.);
#1316=EDGE_CURVE('',#1033,#1034,#553,.T.);
#1317=EDGE_CURVE('',#1030,#1034,#86,.T.);
#1318=EDGE_CURVE('',#1035,#1035,#87,.T.);
#1319=EDGE_CURVE('',#941,#1036,#554,.T.);
#1320=EDGE_CURVE('',#1036,#1037,#88,.T.);
#1321=EDGE_CURVE('',#1037,#942,#555,.T.);
#1322=EDGE_CURVE('',#1038,#940,#556,.T.);
#1323=EDGE_CURVE('',#1036,#1038,#557,.T.);
#1324=EDGE_CURVE('',#939,#1039,#558,.T.);
#1325=EDGE_CURVE('',#1039,#1038,#89,.T.);
#1326=EDGE_CURVE('',#1039,#1024,#559,.T.);
#1327=EDGE_CURVE('',#1023,#1037,#560,.T.);
#1328=EDGE_CURVE('',#1040,#1040,#90,.T.);
#1329=EDGE_CURVE('',#1041,#1042,#561,.T.);
#1330=EDGE_CURVE('',#1043,#1041,#562,.T.);
#1331=EDGE_CURVE('',#1044,#1043,#563,.T.);
#1332=EDGE_CURVE('',#1042,#1044,#91,.T.);
#1333=EDGE_CURVE('',#1045,#1045,#92,.T.);
#1334=EDGE_CURVE('',#1035,#1046,#564,.T.);
#1335=EDGE_CURVE('',#1046,#1046,#93,.T.);
#1336=EDGE_CURVE('',#1040,#1045,#565,.T.);
#1337=EDGE_CURVE('',#1047,#1048,#566,.T.);
#1338=EDGE_CURVE('',#1048,#1049,#94,.T.);
#1339=EDGE_CURVE('',#1049,#1050,#567,.T.);
#1340=EDGE_CURVE('',#1050,#1051,#95,.F.);
#1341=EDGE_CURVE('',#1051,#1052,#568,.T.);
#1342=EDGE_CURVE('',#1052,#1053,#96,.T.);
#1343=EDGE_CURVE('',#1054,#1053,#569,.T.);
#1344=EDGE_CURVE('',#1054,#1047,#97,.F.);
#1345=EDGE_CURVE('',#1055,#1047,#570,.T.);
#1346=EDGE_CURVE('',#1054,#1056,#571,.T.);
#1347=EDGE_CURVE('',#1056,#1057,#572,.T.);
#1348=EDGE_CURVE('',#1057,#1058,#573,.T.);
#1349=EDGE_CURVE('',#1059,#1058,#98,.F.);
#1350=EDGE_CURVE('',#1059,#1060,#574,.T.);
#1351=EDGE_CURVE('',#1060,#1061,#575,.T.);
#1352=EDGE_CURVE('',#1061,#1062,#576,.T.);
#1353=EDGE_CURVE('',#1063,#1062,#99,.F.);
#1354=EDGE_CURVE('',#1063,#1051,#577,.T.);
#1355=EDGE_CURVE('',#1050,#1064,#578,.T.);
#1356=EDGE_CURVE('',#1064,#1055,#579,.T.);
#1357=EDGE_CURVE('',#1062,#1042,#580,.T.);
#1358=EDGE_CURVE('',#1044,#1059,#581,.T.);
#1359=EDGE_CURVE('',#1058,#1065,#582,.T.);
#1360=EDGE_CURVE('',#1065,#1066,#100,.T.);
#1361=EDGE_CURVE('',#1063,#1066,#583,.T.);
#1362=EDGE_CURVE('',#1060,#1043,#584,.T.);
#1363=EDGE_CURVE('',#1061,#1041,#585,.T.);
#1364=EDGE_CURVE('',#1064,#1067,#586,.T.);
#1365=EDGE_CURVE('',#1067,#1068,#587,.T.);
#1366=EDGE_CURVE('',#1055,#1068,#588,.T.);
#1367=EDGE_CURVE('',#1049,#1067,#589,.T.);
#1368=EDGE_CURVE('',#1068,#1048,#590,.T.);
#1369=EDGE_CURVE('',#1069,#1070,#591,.T.);
#1370=EDGE_CURVE('',#1071,#1069,#592,.T.);
#1371=EDGE_CURVE('',#1072,#1071,#593,.T.);
#1372=EDGE_CURVE('',#1070,#1072,#594,.T.);
#1373=EDGE_CURVE('',#1073,#1072,#595,.T.);
#1374=EDGE_CURVE('',#1071,#1074,#596,.T.);
#1375=EDGE_CURVE('',#1074,#1075,#597,.T.);
#1376=EDGE_CURVE('',#1075,#1076,#598,.T.);
#1377=EDGE_CURVE('',#1076,#1077,#599,.T.);
#1378=EDGE_CURVE('',#1077,#1078,#600,.T.);
#1379=EDGE_CURVE('',#1079,#1078,#601,.T.);
#1380=EDGE_CURVE('',#948,#1079,#602,.T.);
#1381=EDGE_CURVE('',#1080,#947,#603,.T.);
#1382=EDGE_CURVE('',#1080,#1081,#604,.T.);
#1383=EDGE_CURVE('',#1081,#1082,#605,.T.);
#1384=EDGE_CURVE('',#1082,#1073,#606,.T.);
#1385=EDGE_CURVE('',#1083,#1084,#607,.T.);
#1386=EDGE_CURVE('',#1075,#1083,#608,.T.);
#1387=EDGE_CURVE('',#1074,#1073,#609,.T.);
#1388=EDGE_CURVE('',#1084,#1082,#610,.T.);
#1389=EDGE_CURVE('',#1085,#1083,#611,.T.);
#1390=EDGE_CURVE('',#1076,#1085,#612,.T.);
#1391=EDGE_CURVE('',#1086,#1087,#613,.T.);
#1392=EDGE_CURVE('',#1087,#1088,#614,.T.);
#1393=EDGE_CURVE('',#1088,#1089,#615,.T.);
#1394=EDGE_CURVE('',#1089,#1086,#616,.T.);
#1395=EDGE_CURVE('',#1090,#1090,#101,.T.);
#1396=EDGE_CURVE('',#1078,#1091,#617,.T.);
#1397=EDGE_CURVE('',#1091,#1092,#618,.T.);
#1398=EDGE_CURVE('',#1092,#1079,#619,.T.);
#1399=EDGE_CURVE('',#1093,#1093,#102,.T.);
#1400=EDGE_CURVE('',#1094,#1085,#620,.T.);
#1401=EDGE_CURVE('',#1094,#1077,#621,.T.);
#1402=EDGE_CURVE('',#1095,#1096,#622,.T.);
#1403=EDGE_CURVE('',#1095,#1081,#623,.T.);
#1404=EDGE_CURVE('',#1080,#1096,#624,.T.);
#1405=EDGE_CURVE('',#1084,#1095,#625,.T.);
#1406=EDGE_CURVE('',#1096,#1089,#626,.T.);
#1407=EDGE_CURVE('',#1094,#1088,#627,.T.);
#1408=EDGE_CURVE('',#1074,#952,#628,.T.);
#1409=EDGE_CURVE('',#951,#1073,#629,.T.);
#1410=EDGE_CURVE('',#1070,#950,#630,.T.);
#1411=EDGE_CURVE('',#953,#1069,#631,.T.);
#1412=EDGE_CURVE('',#949,#1092,#632,.T.);
#1413=EDGE_CURVE('',#944,#1091,#633,.T.);
#1414=EDGE_CURVE('',#1097,#1097,#103,.T.);
#1415=EDGE_CURVE('',#1097,#1098,#634,.T.);
#1416=EDGE_CURVE('',#1093,#1097,#635,.T.);
#1417=EDGE_CURVE('',#1099,#1099,#104,.T.);
#1418=EDGE_CURVE('',#1099,#1100,#636,.T.);
#1419=EDGE_CURVE('',#1090,#1099,#637,.T.);
#1420=EDGE_CURVE('',#945,#1087,#638,.T.);
#1421=EDGE_CURVE('',#946,#1086,#639,.T.);
#1422=EDGE_CURVE('',#936,#1101,#640,.T.);
#1423=EDGE_CURVE('',#1101,#1025,#641,.T.);
#1424=EDGE_CURVE('',#1019,#1101,#105,.T.);
#1425=EDGE_CURVE('',#1026,#1102,#642,.T.);
#1426=EDGE_CURVE('',#919,#1102,#643,.T.);
#1427=EDGE_CURVE('',#1103,#1018,#644,.T.);
#1428=EDGE_CURVE('',#1053,#1103,#645,.T.);
#1429=EDGE_CURVE('',#1066,#1052,#646,.T.);
#1430=EDGE_CURVE('',#1104,#1065,#647,.T.);
#1431=EDGE_CURVE('',#1102,#1104,#648,.T.);
#1432=EDGE_CURVE('',#1057,#1104,#649,.T.);
#1433=EDGE_CURVE('',#1103,#1056,#650,.T.);
#1434=ORIENTED_EDGE('',*,*,#1105,.F.);
#1435=ORIENTED_EDGE('',*,*,#1106,.F.);
#1436=ORIENTED_EDGE('',*,*,#1107,.T.);
#1437=ORIENTED_EDGE('',*,*,#1108,.T.);
#1438=ORIENTED_EDGE('',*,*,#1109,.F.);
#1439=ORIENTED_EDGE('',*,*,#1110,.F.);
#1440=ORIENTED_EDGE('',*,*,#1111,.F.);
#1441=ORIENTED_EDGE('',*,*,#1112,.F.);
#1442=ORIENTED_EDGE('',*,*,#1113,.T.);
#1443=ORIENTED_EDGE('',*,*,#1114,.T.);
#1444=ORIENTED_EDGE('',*,*,#1112,.T.);
#1445=ORIENTED_EDGE('',*,*,#1115,.T.);
#1446=ORIENTED_EDGE('',*,*,#1116,.T.);
#1447=ORIENTED_EDGE('',*,*,#1117,.F.);
#1448=ORIENTED_EDGE('',*,*,#1118,.T.);
#1449=ORIENTED_EDGE('',*,*,#1119,.F.);
#1450=ORIENTED_EDGE('',*,*,#1120,.T.);
#1451=ORIENTED_EDGE('',*,*,#1121,.T.);
#1452=ORIENTED_EDGE('',*,*,#1122,.T.);
#1453=ORIENTED_EDGE('',*,*,#1121,.F.);
#1454=ORIENTED_EDGE('',*,*,#1123,.T.);
#1455=ORIENTED_EDGE('',*,*,#1124,.T.);
#1456=ORIENTED_EDGE('',*,*,#1125,.T.);
#1457=ORIENTED_EDGE('',*,*,#1126,.F.);
#1458=ORIENTED_EDGE('',*,*,#1127,.T.);
#1459=ORIENTED_EDGE('',*,*,#1124,.F.);
#1460=ORIENTED_EDGE('',*,*,#1125,.F.);
#1461=ORIENTED_EDGE('',*,*,#1123,.F.);
#1462=ORIENTED_EDGE('',*,*,#1120,.F.);
#1463=ORIENTED_EDGE('',*,*,#1128,.T.);
#1464=ORIENTED_EDGE('',*,*,#1129,.T.);
#1465=ORIENTED_EDGE('',*,*,#1130,.F.);
#1466=ORIENTED_EDGE('',*,*,#1131,.F.);
#1467=ORIENTED_EDGE('',*,*,#1132,.F.);
#1468=ORIENTED_EDGE('',*,*,#1133,.T.);
#1469=ORIENTED_EDGE('',*,*,#1134,.T.);
#1470=ORIENTED_EDGE('',*,*,#1135,.T.);
#1471=ORIENTED_EDGE('',*,*,#1136,.F.);
#1472=ORIENTED_EDGE('',*,*,#1137,.F.);
#1473=ORIENTED_EDGE('',*,*,#1138,.F.);
#1474=ORIENTED_EDGE('',*,*,#1139,.T.);
#1475=ORIENTED_EDGE('',*,*,#1140,.T.);
#1476=ORIENTED_EDGE('',*,*,#1141,.F.);
#1477=ORIENTED_EDGE('',*,*,#1142,.F.);
#1478=ORIENTED_EDGE('',*,*,#1143,.F.);
#1479=ORIENTED_EDGE('',*,*,#1144,.T.);
#1480=ORIENTED_EDGE('',*,*,#1145,.T.);
#1481=ORIENTED_EDGE('',*,*,#1146,.T.);
#1482=ORIENTED_EDGE('',*,*,#1147,.T.);
#1483=ORIENTED_EDGE('',*,*,#1148,.T.);
#1484=ORIENTED_EDGE('',*,*,#1149,.T.);
#1485=ORIENTED_EDGE('',*,*,#1150,.T.);
#1486=ORIENTED_EDGE('',*,*,#1151,.T.);
#1487=ORIENTED_EDGE('',*,*,#1152,.T.);
#1488=ORIENTED_EDGE('',*,*,#1153,.T.);
#1489=ORIENTED_EDGE('',*,*,#1154,.T.);
#1490=ORIENTED_EDGE('',*,*,#1155,.T.);
#1491=ORIENTED_EDGE('',*,*,#1156,.T.);
#1492=ORIENTED_EDGE('',*,*,#1157,.T.);
#1493=ORIENTED_EDGE('',*,*,#1158,.T.);
#1494=ORIENTED_EDGE('',*,*,#1159,.T.);
#1495=ORIENTED_EDGE('',*,*,#1160,.T.);
#1496=ORIENTED_EDGE('',*,*,#1161,.T.);
#1497=ORIENTED_EDGE('',*,*,#1162,.T.);
#1498=ORIENTED_EDGE('',*,*,#1163,.T.);
#1499=ORIENTED_EDGE('',*,*,#1164,.T.);
#1500=ORIENTED_EDGE('',*,*,#1165,.T.);
#1501=ORIENTED_EDGE('',*,*,#1166,.T.);
#1502=ORIENTED_EDGE('',*,*,#1167,.F.);
#1503=ORIENTED_EDGE('',*,*,#1168,.T.);
#1504=ORIENTED_EDGE('',*,*,#1118,.F.);
#1505=ORIENTED_EDGE('',*,*,#1169,.T.);
#1506=ORIENTED_EDGE('',*,*,#1170,.T.);
#1507=ORIENTED_EDGE('',*,*,#1171,.T.);
#1508=ORIENTED_EDGE('',*,*,#1172,.F.);
#1509=ORIENTED_EDGE('',*,*,#1173,.F.);
#1510=ORIENTED_EDGE('',*,*,#1174,.T.);
#1511=ORIENTED_EDGE('',*,*,#1175,.F.);
#1512=ORIENTED_EDGE('',*,*,#1143,.T.);
#1513=ORIENTED_EDGE('',*,*,#1176,.T.);
#1514=ORIENTED_EDGE('',*,*,#1177,.T.);
#1515=ORIENTED_EDGE('',*,*,#1176,.F.);
#1516=ORIENTED_EDGE('',*,*,#1142,.T.);
#1517=ORIENTED_EDGE('',*,*,#1178,.T.);
#1518=ORIENTED_EDGE('',*,*,#1141,.T.);
#1519=ORIENTED_EDGE('',*,*,#1179,.F.);
#1520=ORIENTED_EDGE('',*,*,#1180,.T.);
#1521=ORIENTED_EDGE('',*,*,#1178,.F.);
#1522=ORIENTED_EDGE('',*,*,#1174,.F.);
#1523=ORIENTED_EDGE('',*,*,#1181,.T.);
#1524=ORIENTED_EDGE('',*,*,#1182,.T.);
#1525=ORIENTED_EDGE('',*,*,#1183,.T.);
#1526=ORIENTED_EDGE('',*,*,#1184,.F.);
#1527=ORIENTED_EDGE('',*,*,#1185,.F.);
#1528=ORIENTED_EDGE('',*,*,#1186,.T.);
#1529=ORIENTED_EDGE('',*,*,#1187,.F.);
#1530=ORIENTED_EDGE('',*,*,#1138,.T.);
#1531=ORIENTED_EDGE('',*,*,#1188,.T.);
#1532=ORIENTED_EDGE('',*,*,#1137,.T.);
#1533=ORIENTED_EDGE('',*,*,#1189,.T.);
#1534=ORIENTED_EDGE('',*,*,#1190,.T.);
#1535=ORIENTED_EDGE('',*,*,#1188,.F.);
#1536=ORIENTED_EDGE('',*,*,#1136,.T.);
#1537=ORIENTED_EDGE('',*,*,#1191,.F.);
#1538=ORIENTED_EDGE('',*,*,#1192,.T.);
#1539=ORIENTED_EDGE('',*,*,#1189,.F.);
#1540=ORIENTED_EDGE('',*,*,#1193,.F.);
#1541=ORIENTED_EDGE('',*,*,#1194,.F.);
#1542=ORIENTED_EDGE('',*,*,#1186,.F.);
#1543=ORIENTED_EDGE('',*,*,#1195,.T.);
#1544=ORIENTED_EDGE('',*,*,#1196,.T.);
#1545=ORIENTED_EDGE('',*,*,#1197,.T.);
#1546=ORIENTED_EDGE('',*,*,#1198,.T.);
#1547=ORIENTED_EDGE('',*,*,#1107,.F.);
#1548=ORIENTED_EDGE('',*,*,#1199,.T.);
#1549=ORIENTED_EDGE('',*,*,#1200,.F.);
#1550=ORIENTED_EDGE('',*,*,#1132,.T.);
#1551=ORIENTED_EDGE('',*,*,#1201,.T.);
#1552=ORIENTED_EDGE('',*,*,#1131,.T.);
#1553=ORIENTED_EDGE('',*,*,#1202,.T.);
#1554=ORIENTED_EDGE('',*,*,#1203,.T.);
#1555=ORIENTED_EDGE('',*,*,#1201,.F.);
#1556=ORIENTED_EDGE('',*,*,#1130,.T.);
#1557=ORIENTED_EDGE('',*,*,#1204,.F.);
#1558=ORIENTED_EDGE('',*,*,#1205,.T.);
#1559=ORIENTED_EDGE('',*,*,#1202,.F.);
#1560=ORIENTED_EDGE('',*,*,#1199,.F.);
#1561=ORIENTED_EDGE('',*,*,#1206,.T.);
#1562=ORIENTED_EDGE('',*,*,#1207,.T.);
#1563=ORIENTED_EDGE('',*,*,#1208,.T.);
#1564=ORIENTED_EDGE('',*,*,#1209,.F.);
#1565=ORIENTED_EDGE('',*,*,#1210,.F.);
#1566=ORIENTED_EDGE('',*,*,#1122,.F.);
#1567=ORIENTED_EDGE('',*,*,#1211,.F.);
#1568=ORIENTED_EDGE('',*,*,#1212,.F.);
#1569=ORIENTED_EDGE('',*,*,#1169,.F.);
#1570=ORIENTED_EDGE('',*,*,#1212,.T.);
#1571=ORIENTED_EDGE('',*,*,#1213,.F.);
#1572=ORIENTED_EDGE('',*,*,#1214,.F.);
#1573=ORIENTED_EDGE('',*,*,#1215,.F.);
#1574=ORIENTED_EDGE('',*,*,#1170,.F.);
#1575=ORIENTED_EDGE('',*,*,#1127,.F.);
#1576=ORIENTED_EDGE('',*,*,#1216,.F.);
#1577=ORIENTED_EDGE('',*,*,#1217,.F.);
#1578=ORIENTED_EDGE('',*,*,#1218,.F.);
#1579=ORIENTED_EDGE('',*,*,#1213,.T.);
#1580=ORIENTED_EDGE('',*,*,#1211,.T.);
#1581=ORIENTED_EDGE('',*,*,#1203,.F.);
#1582=ORIENTED_EDGE('',*,*,#1219,.F.);
#1583=ORIENTED_EDGE('',*,*,#1220,.F.);
#1584=ORIENTED_EDGE('',*,*,#1206,.F.);
#1585=ORIENTED_EDGE('',*,*,#1207,.F.);
#1586=ORIENTED_EDGE('',*,*,#1220,.T.);
#1587=ORIENTED_EDGE('',*,*,#1221,.F.);
#1588=ORIENTED_EDGE('',*,*,#1222,.F.);
#1589=ORIENTED_EDGE('',*,*,#1222,.T.);
#1590=ORIENTED_EDGE('',*,*,#1223,.T.);
#1591=ORIENTED_EDGE('',*,*,#1224,.F.);
#1592=ORIENTED_EDGE('',*,*,#1116,.F.);
#1593=ORIENTED_EDGE('',*,*,#1208,.F.);
#1594=ORIENTED_EDGE('',*,*,#1177,.F.);
#1595=ORIENTED_EDGE('',*,*,#1225,.F.);
#1596=ORIENTED_EDGE('',*,*,#1226,.F.);
#1597=ORIENTED_EDGE('',*,*,#1181,.F.);
#1598=ORIENTED_EDGE('',*,*,#1182,.F.);
#1599=ORIENTED_EDGE('',*,*,#1226,.T.);
#1600=ORIENTED_EDGE('',*,*,#1227,.F.);
#1601=ORIENTED_EDGE('',*,*,#1228,.F.);
#1602=ORIENTED_EDGE('',*,*,#1229,.F.);
#1603=ORIENTED_EDGE('',*,*,#1229,.T.);
#1604=ORIENTED_EDGE('',*,*,#1230,.T.);
#1605=ORIENTED_EDGE('',*,*,#1231,.T.);
#1606=ORIENTED_EDGE('',*,*,#1232,.F.);
#1607=ORIENTED_EDGE('',*,*,#1233,.F.);
#1608=ORIENTED_EDGE('',*,*,#1234,.F.);
#1609=ORIENTED_EDGE('',*,*,#1190,.F.);
#1610=ORIENTED_EDGE('',*,*,#1235,.F.);
#1611=ORIENTED_EDGE('',*,*,#1236,.F.);
#1612=ORIENTED_EDGE('',*,*,#1195,.F.);
#1613=ORIENTED_EDGE('',*,*,#1196,.F.);
#1614=ORIENTED_EDGE('',*,*,#1236,.T.);
#1615=ORIENTED_EDGE('',*,*,#1237,.F.);
#1616=ORIENTED_EDGE('',*,*,#1238,.F.);
#1617=ORIENTED_EDGE('',*,*,#1238,.T.);
#1618=ORIENTED_EDGE('',*,*,#1239,.T.);
#1619=ORIENTED_EDGE('',*,*,#1240,.T.);
#1620=ORIENTED_EDGE('',*,*,#1241,.F.);
#1621=ORIENTED_EDGE('',*,*,#1197,.F.);
#1622=ORIENTED_EDGE('',*,*,#1242,.F.);
#1623=ORIENTED_EDGE('',*,*,#1243,.T.);
#1624=ORIENTED_EDGE('',*,*,#1243,.F.);
#1625=ORIENTED_EDGE('',*,*,#1244,.F.);
#1626=ORIENTED_EDGE('',*,*,#1245,.T.);
#1627=ORIENTED_EDGE('',*,*,#1242,.T.);
#1628=ORIENTED_EDGE('',*,*,#1245,.F.);
#1629=ORIENTED_EDGE('',*,*,#1246,.F.);
#1630=ORIENTED_EDGE('',*,*,#1247,.T.);
#1631=ORIENTED_EDGE('',*,*,#1247,.F.);
#1632=ORIENTED_EDGE('',*,*,#1248,.F.);
#1633=ORIENTED_EDGE('',*,*,#1249,.T.);
#1634=ORIENTED_EDGE('',*,*,#1246,.T.);
#1635=ORIENTED_EDGE('',*,*,#1249,.F.);
#1636=ORIENTED_EDGE('',*,*,#1250,.F.);
#1637=ORIENTED_EDGE('',*,*,#1251,.T.);
#1638=ORIENTED_EDGE('',*,*,#1251,.F.);
#1639=ORIENTED_EDGE('',*,*,#1252,.F.);
#1640=ORIENTED_EDGE('',*,*,#1253,.T.);
#1641=ORIENTED_EDGE('',*,*,#1250,.T.);
#1642=ORIENTED_EDGE('',*,*,#1253,.F.);
#1643=ORIENTED_EDGE('',*,*,#1254,.F.);
#1644=ORIENTED_EDGE('',*,*,#1255,.T.);
#1645=ORIENTED_EDGE('',*,*,#1255,.F.);
#1646=ORIENTED_EDGE('',*,*,#1256,.F.);
#1647=ORIENTED_EDGE('',*,*,#1257,.T.);
#1648=ORIENTED_EDGE('',*,*,#1254,.T.);
#1649=ORIENTED_EDGE('',*,*,#1257,.F.);
#1650=ORIENTED_EDGE('',*,*,#1180,.F.);
#1651=ORIENTED_EDGE('',*,*,#1258,.F.);
#1652=ORIENTED_EDGE('',*,*,#1259,.F.);
#1653=ORIENTED_EDGE('',*,*,#1260,.F.);
#1654=ORIENTED_EDGE('',*,*,#1227,.T.);
#1655=ORIENTED_EDGE('',*,*,#1225,.T.);
#1656=ORIENTED_EDGE('',*,*,#1228,.T.);
#1657=ORIENTED_EDGE('',*,*,#1260,.T.);
#1658=ORIENTED_EDGE('',*,*,#1261,.F.);
#1659=ORIENTED_EDGE('',*,*,#1262,.F.);
#1660=ORIENTED_EDGE('',*,*,#1263,.F.);
#1661=ORIENTED_EDGE('',*,*,#1264,.T.);
#1662=ORIENTED_EDGE('',*,*,#1262,.T.);
#1663=ORIENTED_EDGE('',*,*,#1265,.F.);
#1664=ORIENTED_EDGE('',*,*,#1183,.F.);
#1665=ORIENTED_EDGE('',*,*,#1266,.F.);
#1666=ORIENTED_EDGE('',*,*,#1267,.F.);
#1667=ORIENTED_EDGE('',*,*,#1184,.T.);
#1668=ORIENTED_EDGE('',*,*,#1265,.T.);
#1669=ORIENTED_EDGE('',*,*,#1261,.T.);
#1670=ORIENTED_EDGE('',*,*,#1259,.T.);
#1671=ORIENTED_EDGE('',*,*,#1263,.T.);
#1672=ORIENTED_EDGE('',*,*,#1268,.T.);
#1673=ORIENTED_EDGE('',*,*,#1205,.F.);
#1674=ORIENTED_EDGE('',*,*,#1269,.F.);
#1675=ORIENTED_EDGE('',*,*,#1270,.F.);
#1676=ORIENTED_EDGE('',*,*,#1114,.F.);
#1677=ORIENTED_EDGE('',*,*,#1271,.F.);
#1678=ORIENTED_EDGE('',*,*,#1223,.F.);
#1679=ORIENTED_EDGE('',*,*,#1221,.T.);
#1680=ORIENTED_EDGE('',*,*,#1219,.T.);
#1681=ORIENTED_EDGE('',*,*,#1111,.T.);
#1682=ORIENTED_EDGE('',*,*,#1270,.T.);
#1683=ORIENTED_EDGE('',*,*,#1272,.F.);
#1684=ORIENTED_EDGE('',*,*,#1209,.T.);
#1685=ORIENTED_EDGE('',*,*,#1115,.F.);
#1686=ORIENTED_EDGE('',*,*,#1105,.T.);
#1687=ORIENTED_EDGE('',*,*,#1273,.F.);
#1688=ORIENTED_EDGE('',*,*,#1274,.T.);
#1689=ORIENTED_EDGE('',*,*,#1275,.T.);
#1690=ORIENTED_EDGE('',*,*,#1276,.F.);
#1691=ORIENTED_EDGE('',*,*,#1192,.F.);
#1692=ORIENTED_EDGE('',*,*,#1277,.F.);
#1693=ORIENTED_EDGE('',*,*,#1278,.F.);
#1694=ORIENTED_EDGE('',*,*,#1275,.F.);
#1695=ORIENTED_EDGE('',*,*,#1237,.T.);
#1696=ORIENTED_EDGE('',*,*,#1235,.T.);
#1697=ORIENTED_EDGE('',*,*,#1106,.T.);
#1698=ORIENTED_EDGE('',*,*,#1276,.T.);
#1699=ORIENTED_EDGE('',*,*,#1278,.T.);
#1700=ORIENTED_EDGE('',*,*,#1279,.F.);
#1701=ORIENTED_EDGE('',*,*,#1193,.T.);
#1702=ORIENTED_EDGE('',*,*,#1191,.T.);
#1703=ORIENTED_EDGE('',*,*,#1135,.F.);
#1704=ORIENTED_EDGE('',*,*,#1280,.T.);
#1705=ORIENTED_EDGE('',*,*,#1281,.T.);
#1706=ORIENTED_EDGE('',*,*,#1282,.F.);
#1707=ORIENTED_EDGE('',*,*,#1139,.F.);
#1708=ORIENTED_EDGE('',*,*,#1187,.T.);
#1709=ORIENTED_EDGE('',*,*,#1194,.T.);
#1710=ORIENTED_EDGE('',*,*,#1279,.T.);
#1711=ORIENTED_EDGE('',*,*,#1277,.T.);
#1712=ORIENTED_EDGE('',*,*,#1110,.T.);
#1713=ORIENTED_EDGE('',*,*,#1283,.T.);
#1714=ORIENTED_EDGE('',*,*,#1273,.T.);
#1715=ORIENTED_EDGE('',*,*,#1284,.F.);
#1716=ORIENTED_EDGE('',*,*,#1285,.T.);
#1717=ORIENTED_EDGE('',*,*,#1218,.T.);
#1718=ORIENTED_EDGE('',*,*,#1286,.F.);
#1719=ORIENTED_EDGE('',*,*,#1287,.F.);
#1720=ORIENTED_EDGE('',*,*,#1288,.F.);
#1721=ORIENTED_EDGE('',*,*,#1215,.T.);
#1722=ORIENTED_EDGE('',*,*,#1287,.T.);
#1723=ORIENTED_EDGE('',*,*,#1289,.F.);
#1724=ORIENTED_EDGE('',*,*,#1171,.F.);
#1725=ORIENTED_EDGE('',*,*,#1217,.T.);
#1726=ORIENTED_EDGE('',*,*,#1290,.F.);
#1727=ORIENTED_EDGE('',*,*,#1172,.T.);
#1728=ORIENTED_EDGE('',*,*,#1289,.T.);
#1729=ORIENTED_EDGE('',*,*,#1286,.T.);
#1730=ORIENTED_EDGE('',*,*,#1126,.T.);
#1731=ORIENTED_EDGE('',*,*,#1158,.F.);
#1732=ORIENTED_EDGE('',*,*,#1291,.T.);
#1733=ORIENTED_EDGE('',*,*,#1292,.T.);
#1734=ORIENTED_EDGE('',*,*,#1293,.T.);
#1735=ORIENTED_EDGE('',*,*,#1152,.F.);
#1736=ORIENTED_EDGE('',*,*,#1294,.T.);
#1737=ORIENTED_EDGE('',*,*,#1295,.T.);
#1738=ORIENTED_EDGE('',*,*,#1296,.F.);
#1739=ORIENTED_EDGE('',*,*,#1128,.F.);
#1740=ORIENTED_EDGE('',*,*,#1119,.T.);
#1741=ORIENTED_EDGE('',*,*,#1173,.T.);
#1742=ORIENTED_EDGE('',*,*,#1290,.T.);
#1743=ORIENTED_EDGE('',*,*,#1216,.T.);
#1744=ORIENTED_EDGE('',*,*,#1284,.T.);
#1745=ORIENTED_EDGE('',*,*,#1297,.T.);
#1746=ORIENTED_EDGE('',*,*,#1297,.F.);
#1747=ORIENTED_EDGE('',*,*,#1288,.T.);
#1748=ORIENTED_EDGE('',*,*,#1298,.T.);
#1749=ORIENTED_EDGE('',*,*,#1299,.T.);
#1750=ORIENTED_EDGE('',*,*,#1300,.F.);
#1751=ORIENTED_EDGE('',*,*,#1301,.F.);
#1752=ORIENTED_EDGE('',*,*,#1302,.F.);
#1753=ORIENTED_EDGE('',*,*,#1285,.F.);
#1754=ORIENTED_EDGE('',*,*,#1214,.T.);
#1755=ORIENTED_EDGE('',*,*,#1302,.T.);
#1756=ORIENTED_EDGE('',*,*,#1301,.T.);
#1757=ORIENTED_EDGE('',*,*,#1303,.F.);
#1758=ORIENTED_EDGE('',*,*,#1299,.F.);
#1759=ORIENTED_EDGE('',*,*,#1298,.F.);
#1760=ORIENTED_EDGE('',*,*,#1303,.T.);
#1761=ORIENTED_EDGE('',*,*,#1300,.T.);
#1762=ORIENTED_EDGE('',*,*,#1248,.T.);
#1763=ORIENTED_EDGE('',*,*,#1117,.T.);
#1764=ORIENTED_EDGE('',*,*,#1224,.T.);
#1765=ORIENTED_EDGE('',*,*,#1271,.T.);
#1766=ORIENTED_EDGE('',*,*,#1113,.F.);
#1767=ORIENTED_EDGE('',*,*,#1256,.T.);
#1768=ORIENTED_EDGE('',*,*,#1268,.F.);
#1769=ORIENTED_EDGE('',*,*,#1266,.T.);
#1770=ORIENTED_EDGE('',*,*,#1234,.T.);
#1771=ORIENTED_EDGE('',*,*,#1233,.T.);
#1772=ORIENTED_EDGE('',*,*,#1304,.F.);
#1773=ORIENTED_EDGE('',*,*,#1231,.F.);
#1774=ORIENTED_EDGE('',*,*,#1230,.F.);
#1775=ORIENTED_EDGE('',*,*,#1264,.F.);
#1776=ORIENTED_EDGE('',*,*,#1232,.T.);
#1777=ORIENTED_EDGE('',*,*,#1304,.T.);
#1778=ORIENTED_EDGE('',*,*,#1252,.T.);
#1779=ORIENTED_EDGE('',*,*,#1109,.T.);
#1780=ORIENTED_EDGE('',*,*,#1305,.F.);
#1781=ORIENTED_EDGE('',*,*,#1240,.F.);
#1782=ORIENTED_EDGE('',*,*,#1239,.F.);
#1783=ORIENTED_EDGE('',*,*,#1274,.F.);
#1784=ORIENTED_EDGE('',*,*,#1283,.F.);
#1785=ORIENTED_EDGE('',*,*,#1241,.T.);
#1786=ORIENTED_EDGE('',*,*,#1305,.T.);
#1787=ORIENTED_EDGE('',*,*,#1108,.F.);
#1788=ORIENTED_EDGE('',*,*,#1198,.F.);
#1789=ORIENTED_EDGE('',*,*,#1244,.T.);
#1790=ORIENTED_EDGE('',*,*,#1149,.F.);
#1791=ORIENTED_EDGE('',*,*,#1306,.F.);
#1792=ORIENTED_EDGE('',*,*,#1307,.F.);
#1793=ORIENTED_EDGE('',*,*,#1308,.F.);
#1794=ORIENTED_EDGE('',*,*,#1148,.F.);
#1795=ORIENTED_EDGE('',*,*,#1309,.T.);
#1796=ORIENTED_EDGE('',*,*,#1310,.T.);
#1797=ORIENTED_EDGE('',*,*,#1306,.T.);
#1798=ORIENTED_EDGE('',*,*,#1147,.F.);
#1799=ORIENTED_EDGE('',*,*,#1311,.F.);
#1800=ORIENTED_EDGE('',*,*,#1312,.F.);
#1801=ORIENTED_EDGE('',*,*,#1309,.F.);
#1802=ORIENTED_EDGE('',*,*,#1146,.F.);
#1803=ORIENTED_EDGE('',*,*,#1313,.T.);
#1804=ORIENTED_EDGE('',*,*,#1314,.T.);
#1805=ORIENTED_EDGE('',*,*,#1311,.T.);
#1806=ORIENTED_EDGE('',*,*,#1145,.F.);
#1807=ORIENTED_EDGE('',*,*,#1315,.F.);
#1808=ORIENTED_EDGE('',*,*,#1316,.F.);
#1809=ORIENTED_EDGE('',*,*,#1313,.F.);
#1810=ORIENTED_EDGE('',*,*,#1310,.F.);
#1811=ORIENTED_EDGE('',*,*,#1312,.T.);
#1812=ORIENTED_EDGE('',*,*,#1314,.F.);
#1813=ORIENTED_EDGE('',*,*,#1316,.T.);
#1814=ORIENTED_EDGE('',*,*,#1317,.F.);
#1815=ORIENTED_EDGE('',*,*,#1307,.T.);
#1816=ORIENTED_EDGE('',*,*,#1318,.T.);
#1817=ORIENTED_EDGE('',*,*,#1156,.F.);
#1818=ORIENTED_EDGE('',*,*,#1319,.T.);
#1819=ORIENTED_EDGE('',*,*,#1320,.T.);
#1820=ORIENTED_EDGE('',*,*,#1321,.T.);
#1821=ORIENTED_EDGE('',*,*,#1155,.F.);
#1822=ORIENTED_EDGE('',*,*,#1322,.F.);
#1823=ORIENTED_EDGE('',*,*,#1323,.F.);
#1824=ORIENTED_EDGE('',*,*,#1319,.F.);
#1825=ORIENTED_EDGE('',*,*,#1154,.F.);
#1826=ORIENTED_EDGE('',*,*,#1324,.T.);
#1827=ORIENTED_EDGE('',*,*,#1325,.T.);
#1828=ORIENTED_EDGE('',*,*,#1322,.T.);
#1829=ORIENTED_EDGE('',*,*,#1153,.F.);
#1830=ORIENTED_EDGE('',*,*,#1293,.F.);
#1831=ORIENTED_EDGE('',*,*,#1326,.F.);
#1832=ORIENTED_EDGE('',*,*,#1324,.F.);
#1833=ORIENTED_EDGE('',*,*,#1157,.F.);
#1834=ORIENTED_EDGE('',*,*,#1321,.F.);
#1835=ORIENTED_EDGE('',*,*,#1327,.F.);
#1836=ORIENTED_EDGE('',*,*,#1291,.F.);
#1837=ORIENTED_EDGE('',*,*,#1325,.F.);
#1838=ORIENTED_EDGE('',*,*,#1326,.T.);
#1839=ORIENTED_EDGE('',*,*,#1292,.F.);
#1840=ORIENTED_EDGE('',*,*,#1327,.T.);
#1841=ORIENTED_EDGE('',*,*,#1320,.F.);
#1842=ORIENTED_EDGE('',*,*,#1323,.T.);
#1843=ORIENTED_EDGE('',*,*,#1328,.T.);
#1844=ORIENTED_EDGE('',*,*,#1329,.F.);
#1845=ORIENTED_EDGE('',*,*,#1330,.F.);
#1846=ORIENTED_EDGE('',*,*,#1331,.F.);
#1847=ORIENTED_EDGE('',*,*,#1332,.F.);
#1848=ORIENTED_EDGE('',*,*,#1333,.T.);
#1849=ORIENTED_EDGE('',*,*,#1318,.F.);
#1850=ORIENTED_EDGE('',*,*,#1334,.T.);
#1851=ORIENTED_EDGE('',*,*,#1335,.F.);
#1852=ORIENTED_EDGE('',*,*,#1334,.F.);
#1853=ORIENTED_EDGE('',*,*,#1328,.F.);
#1854=ORIENTED_EDGE('',*,*,#1336,.T.);
#1855=ORIENTED_EDGE('',*,*,#1333,.F.);
#1856=ORIENTED_EDGE('',*,*,#1336,.F.);
#1857=ORIENTED_EDGE('',*,*,#1337,.T.);
#1858=ORIENTED_EDGE('',*,*,#1338,.T.);
#1859=ORIENTED_EDGE('',*,*,#1339,.T.);
#1860=ORIENTED_EDGE('',*,*,#1340,.T.);
#1861=ORIENTED_EDGE('',*,*,#1341,.T.);
#1862=ORIENTED_EDGE('',*,*,#1342,.T.);
#1863=ORIENTED_EDGE('',*,*,#1343,.F.);
#1864=ORIENTED_EDGE('',*,*,#1344,.T.);
#1865=ORIENTED_EDGE('',*,*,#1345,.T.);
#1866=ORIENTED_EDGE('',*,*,#1344,.F.);
#1867=ORIENTED_EDGE('',*,*,#1346,.T.);
#1868=ORIENTED_EDGE('',*,*,#1347,.T.);
#1869=ORIENTED_EDGE('',*,*,#1348,.T.);
#1870=ORIENTED_EDGE('',*,*,#1349,.F.);
#1871=ORIENTED_EDGE('',*,*,#1350,.T.);
#1872=ORIENTED_EDGE('',*,*,#1351,.T.);
#1873=ORIENTED_EDGE('',*,*,#1352,.T.);
#1874=ORIENTED_EDGE('',*,*,#1353,.F.);
#1875=ORIENTED_EDGE('',*,*,#1354,.T.);
#1876=ORIENTED_EDGE('',*,*,#1340,.F.);
#1877=ORIENTED_EDGE('',*,*,#1355,.T.);
#1878=ORIENTED_EDGE('',*,*,#1356,.T.);
#1879=ORIENTED_EDGE('',*,*,#1357,.T.);
#1880=ORIENTED_EDGE('',*,*,#1332,.T.);
#1881=ORIENTED_EDGE('',*,*,#1358,.T.);
#1882=ORIENTED_EDGE('',*,*,#1349,.T.);
#1883=ORIENTED_EDGE('',*,*,#1359,.T.);
#1884=ORIENTED_EDGE('',*,*,#1360,.T.);
#1885=ORIENTED_EDGE('',*,*,#1361,.F.);
#1886=ORIENTED_EDGE('',*,*,#1353,.T.);
#1887=ORIENTED_EDGE('',*,*,#1351,.F.);
#1888=ORIENTED_EDGE('',*,*,#1362,.T.);
#1889=ORIENTED_EDGE('',*,*,#1330,.T.);
#1890=ORIENTED_EDGE('',*,*,#1363,.F.);
#1891=ORIENTED_EDGE('',*,*,#1350,.F.);
#1892=ORIENTED_EDGE('',*,*,#1358,.F.);
#1893=ORIENTED_EDGE('',*,*,#1331,.T.);
#1894=ORIENTED_EDGE('',*,*,#1362,.F.);
#1895=ORIENTED_EDGE('',*,*,#1352,.F.);
#1896=ORIENTED_EDGE('',*,*,#1363,.T.);
#1897=ORIENTED_EDGE('',*,*,#1329,.T.);
#1898=ORIENTED_EDGE('',*,*,#1357,.F.);
#1899=ORIENTED_EDGE('',*,*,#1356,.F.);
#1900=ORIENTED_EDGE('',*,*,#1364,.T.);
#1901=ORIENTED_EDGE('',*,*,#1365,.T.);
#1902=ORIENTED_EDGE('',*,*,#1366,.F.);
#1903=ORIENTED_EDGE('',*,*,#1355,.F.);
#1904=ORIENTED_EDGE('',*,*,#1339,.F.);
#1905=ORIENTED_EDGE('',*,*,#1367,.T.);
#1906=ORIENTED_EDGE('',*,*,#1364,.F.);
#1907=ORIENTED_EDGE('',*,*,#1345,.F.);
#1908=ORIENTED_EDGE('',*,*,#1366,.T.);
#1909=ORIENTED_EDGE('',*,*,#1368,.T.);
#1910=ORIENTED_EDGE('',*,*,#1337,.F.);
#1911=ORIENTED_EDGE('',*,*,#1365,.F.);
#1912=ORIENTED_EDGE('',*,*,#1367,.F.);
#1913=ORIENTED_EDGE('',*,*,#1338,.F.);
#1914=ORIENTED_EDGE('',*,*,#1368,.F.);
#1915=ORIENTED_EDGE('',*,*,#1335,.T.);
#1916=ORIENTED_EDGE('',*,*,#1369,.F.);
#1917=ORIENTED_EDGE('',*,*,#1370,.F.);
#1918=ORIENTED_EDGE('',*,*,#1371,.F.);
#1919=ORIENTED_EDGE('',*,*,#1372,.F.);
#1920=ORIENTED_EDGE('',*,*,#1373,.T.);
#1921=ORIENTED_EDGE('',*,*,#1371,.T.);
#1922=ORIENTED_EDGE('',*,*,#1374,.T.);
#1923=ORIENTED_EDGE('',*,*,#1375,.T.);
#1924=ORIENTED_EDGE('',*,*,#1376,.T.);
#1925=ORIENTED_EDGE('',*,*,#1377,.T.);
#1926=ORIENTED_EDGE('',*,*,#1378,.T.);
#1927=ORIENTED_EDGE('',*,*,#1379,.F.);
#1928=ORIENTED_EDGE('',*,*,#1380,.F.);
#1929=ORIENTED_EDGE('',*,*,#1162,.F.);
#1930=ORIENTED_EDGE('',*,*,#1381,.F.);
#1931=ORIENTED_EDGE('',*,*,#1382,.T.);
#1932=ORIENTED_EDGE('',*,*,#1383,.T.);
#1933=ORIENTED_EDGE('',*,*,#1384,.T.);
#1934=ORIENTED_EDGE('',*,*,#1385,.F.);
#1935=ORIENTED_EDGE('',*,*,#1386,.F.);
#1936=ORIENTED_EDGE('',*,*,#1375,.F.);
#1937=ORIENTED_EDGE('',*,*,#1387,.T.);
#1938=ORIENTED_EDGE('',*,*,#1384,.F.);
#1939=ORIENTED_EDGE('',*,*,#1388,.F.);
#1940=ORIENTED_EDGE('',*,*,#1386,.T.);
#1941=ORIENTED_EDGE('',*,*,#1389,.F.);
#1942=ORIENTED_EDGE('',*,*,#1390,.F.);
#1943=ORIENTED_EDGE('',*,*,#1376,.F.);
#1944=ORIENTED_EDGE('',*,*,#1391,.T.);
#1945=ORIENTED_EDGE('',*,*,#1392,.T.);
#1946=ORIENTED_EDGE('',*,*,#1393,.T.);
#1947=ORIENTED_EDGE('',*,*,#1394,.T.);
#1948=ORIENTED_EDGE('',*,*,#1395,.T.);
#1949=ORIENTED_EDGE('',*,*,#1379,.T.);
#1950=ORIENTED_EDGE('',*,*,#1396,.T.);
#1951=ORIENTED_EDGE('',*,*,#1397,.T.);
#1952=ORIENTED_EDGE('',*,*,#1398,.T.);
#1953=ORIENTED_EDGE('',*,*,#1399,.T.);
#1954=ORIENTED_EDGE('',*,*,#1400,.F.);
#1955=ORIENTED_EDGE('',*,*,#1401,.T.);
#1956=ORIENTED_EDGE('',*,*,#1377,.F.);
#1957=ORIENTED_EDGE('',*,*,#1390,.T.);
#1958=ORIENTED_EDGE('',*,*,#1402,.F.);
#1959=ORIENTED_EDGE('',*,*,#1403,.T.);
#1960=ORIENTED_EDGE('',*,*,#1382,.F.);
#1961=ORIENTED_EDGE('',*,*,#1404,.T.);
#1962=ORIENTED_EDGE('',*,*,#1385,.T.);
#1963=ORIENTED_EDGE('',*,*,#1405,.T.);
#1964=ORIENTED_EDGE('',*,*,#1402,.T.);
#1965=ORIENTED_EDGE('',*,*,#1406,.T.);
#1966=ORIENTED_EDGE('',*,*,#1393,.F.);
#1967=ORIENTED_EDGE('',*,*,#1407,.F.);
#1968=ORIENTED_EDGE('',*,*,#1400,.T.);
#1969=ORIENTED_EDGE('',*,*,#1389,.T.);
#1970=ORIENTED_EDGE('',*,*,#1408,.T.);
#1971=ORIENTED_EDGE('',*,*,#1166,.F.);
#1972=ORIENTED_EDGE('',*,*,#1409,.T.);
#1973=ORIENTED_EDGE('',*,*,#1387,.F.);
#1974=ORIENTED_EDGE('',*,*,#1410,.F.);
#1975=ORIENTED_EDGE('',*,*,#1372,.T.);
#1976=ORIENTED_EDGE('',*,*,#1373,.F.);
#1977=ORIENTED_EDGE('',*,*,#1409,.F.);
#1978=ORIENTED_EDGE('',*,*,#1165,.F.);
#1979=ORIENTED_EDGE('',*,*,#1411,.F.);
#1980=ORIENTED_EDGE('',*,*,#1167,.T.);
#1981=ORIENTED_EDGE('',*,*,#1408,.F.);
#1982=ORIENTED_EDGE('',*,*,#1374,.F.);
#1983=ORIENTED_EDGE('',*,*,#1370,.T.);
#1984=ORIENTED_EDGE('',*,*,#1410,.T.);
#1985=ORIENTED_EDGE('',*,*,#1164,.F.);
#1986=ORIENTED_EDGE('',*,*,#1412,.T.);
#1987=ORIENTED_EDGE('',*,*,#1397,.F.);
#1988=ORIENTED_EDGE('',*,*,#1413,.F.);
#1989=ORIENTED_EDGE('',*,*,#1168,.F.);
#1990=ORIENTED_EDGE('',*,*,#1411,.T.);
#1991=ORIENTED_EDGE('',*,*,#1369,.T.);
#1992=ORIENTED_EDGE('',*,*,#1414,.F.);
#1993=ORIENTED_EDGE('',*,*,#1415,.T.);
#1994=ORIENTED_EDGE('',*,*,#1415,.F.);
#1995=ORIENTED_EDGE('',*,*,#1399,.F.);
#1996=ORIENTED_EDGE('',*,*,#1416,.T.);
#1997=ORIENTED_EDGE('',*,*,#1414,.T.);
#1998=ORIENTED_EDGE('',*,*,#1416,.F.);
#1999=ORIENTED_EDGE('',*,*,#1417,.F.);
#2000=ORIENTED_EDGE('',*,*,#1418,.T.);
#2001=ORIENTED_EDGE('',*,*,#1418,.F.);
#2002=ORIENTED_EDGE('',*,*,#1395,.F.);
#2003=ORIENTED_EDGE('',*,*,#1419,.T.);
#2004=ORIENTED_EDGE('',*,*,#1417,.T.);
#2005=ORIENTED_EDGE('',*,*,#1419,.F.);
#2006=ORIENTED_EDGE('',*,*,#1160,.F.);
#2007=ORIENTED_EDGE('',*,*,#1420,.T.);
#2008=ORIENTED_EDGE('',*,*,#1391,.F.);
#2009=ORIENTED_EDGE('',*,*,#1421,.F.);
#2010=ORIENTED_EDGE('',*,*,#1381,.T.);
#2011=ORIENTED_EDGE('',*,*,#1161,.F.);
#2012=ORIENTED_EDGE('',*,*,#1421,.T.);
#2013=ORIENTED_EDGE('',*,*,#1394,.F.);
#2014=ORIENTED_EDGE('',*,*,#1406,.F.);
#2015=ORIENTED_EDGE('',*,*,#1404,.F.);
#2016=ORIENTED_EDGE('',*,*,#1163,.F.);
#2017=ORIENTED_EDGE('',*,*,#1380,.T.);
#2018=ORIENTED_EDGE('',*,*,#1398,.F.);
#2019=ORIENTED_EDGE('',*,*,#1412,.F.);
#2020=ORIENTED_EDGE('',*,*,#1151,.F.);
#2021=ORIENTED_EDGE('',*,*,#1422,.T.);
#2022=ORIENTED_EDGE('',*,*,#1423,.T.);
#2023=ORIENTED_EDGE('',*,*,#1294,.F.);
#2024=ORIENTED_EDGE('',*,*,#1179,.T.);
#2025=ORIENTED_EDGE('',*,*,#1140,.F.);
#2026=ORIENTED_EDGE('',*,*,#1282,.T.);
#2027=ORIENTED_EDGE('',*,*,#1424,.T.);
#2028=ORIENTED_EDGE('',*,*,#1422,.F.);
#2029=ORIENTED_EDGE('',*,*,#1150,.F.);
#2030=ORIENTED_EDGE('',*,*,#1308,.T.);
#2031=ORIENTED_EDGE('',*,*,#1317,.T.);
#2032=ORIENTED_EDGE('',*,*,#1315,.T.);
#2033=ORIENTED_EDGE('',*,*,#1144,.F.);
#2034=ORIENTED_EDGE('',*,*,#1175,.T.);
#2035=ORIENTED_EDGE('',*,*,#1185,.T.);
#2036=ORIENTED_EDGE('',*,*,#1267,.T.);
#2037=ORIENTED_EDGE('',*,*,#1258,.T.);
#2038=ORIENTED_EDGE('',*,*,#1204,.T.);
#2039=ORIENTED_EDGE('',*,*,#1129,.F.);
#2040=ORIENTED_EDGE('',*,*,#1296,.T.);
#2041=ORIENTED_EDGE('',*,*,#1425,.T.);
#2042=ORIENTED_EDGE('',*,*,#1426,.F.);
#2043=ORIENTED_EDGE('',*,*,#1133,.F.);
#2044=ORIENTED_EDGE('',*,*,#1200,.T.);
#2045=ORIENTED_EDGE('',*,*,#1210,.T.);
#2046=ORIENTED_EDGE('',*,*,#1272,.T.);
#2047=ORIENTED_EDGE('',*,*,#1269,.T.);
#2048=ORIENTED_EDGE('',*,*,#1427,.F.);
#2049=ORIENTED_EDGE('',*,*,#1428,.F.);
#2050=ORIENTED_EDGE('',*,*,#1342,.F.);
#2051=ORIENTED_EDGE('',*,*,#1429,.F.);
#2052=ORIENTED_EDGE('',*,*,#1360,.F.);
#2053=ORIENTED_EDGE('',*,*,#1430,.F.);
#2054=ORIENTED_EDGE('',*,*,#1431,.F.);
#2055=ORIENTED_EDGE('',*,*,#1425,.F.);
#2056=ORIENTED_EDGE('',*,*,#1295,.F.);
#2057=ORIENTED_EDGE('',*,*,#1423,.F.);
#2058=ORIENTED_EDGE('',*,*,#1424,.F.);
#2059=ORIENTED_EDGE('',*,*,#1281,.F.);
#2060=ORIENTED_EDGE('',*,*,#1430,.T.);
#2061=ORIENTED_EDGE('',*,*,#1359,.F.);
#2062=ORIENTED_EDGE('',*,*,#1348,.F.);
#2063=ORIENTED_EDGE('',*,*,#1432,.T.);
#2064=ORIENTED_EDGE('',*,*,#1429,.T.);
#2065=ORIENTED_EDGE('',*,*,#1341,.F.);
#2066=ORIENTED_EDGE('',*,*,#1354,.F.);
#2067=ORIENTED_EDGE('',*,*,#1361,.T.);
#2068=ORIENTED_EDGE('',*,*,#1428,.T.);
#2069=ORIENTED_EDGE('',*,*,#1433,.T.);
#2070=ORIENTED_EDGE('',*,*,#1346,.F.);
#2071=ORIENTED_EDGE('',*,*,#1343,.T.);
#2072=ORIENTED_EDGE('',*,*,#1347,.F.);
#2073=ORIENTED_EDGE('',*,*,#1433,.F.);
#2074=ORIENTED_EDGE('',*,*,#1427,.T.);
#2075=ORIENTED_EDGE('',*,*,#1280,.F.);
#2076=ORIENTED_EDGE('',*,*,#1134,.F.);
#2077=ORIENTED_EDGE('',*,*,#1426,.T.);
#2078=ORIENTED_EDGE('',*,*,#1431,.T.);
#2079=ORIENTED_EDGE('',*,*,#1432,.F.);
#2080=ORIENTED_EDGE('',*,*,#1159,.F.);
#2081=ORIENTED_EDGE('',*,*,#1413,.T.);
#2082=ORIENTED_EDGE('',*,*,#1396,.F.);
#2083=ORIENTED_EDGE('',*,*,#1378,.F.);
#2084=ORIENTED_EDGE('',*,*,#1401,.F.);
#2085=ORIENTED_EDGE('',*,*,#1407,.T.);
#2086=ORIENTED_EDGE('',*,*,#1392,.F.);
#2087=ORIENTED_EDGE('',*,*,#1420,.F.);
#2088=ORIENTED_EDGE('',*,*,#1388,.T.);
#2089=ORIENTED_EDGE('',*,*,#1383,.F.);
#2090=ORIENTED_EDGE('',*,*,#1403,.F.);
#2091=ORIENTED_EDGE('',*,*,#1405,.F.);
#2092=PLANE('',#2301);
#2093=PLANE('',#2302);
#2094=PLANE('',#2303);
#2095=PLANE('',#2309);
#2096=PLANE('',#2323);
#2097=PLANE('',#2328);
#2098=PLANE('',#2335);
#2099=PLANE('',#2342);
#2100=PLANE('',#2345);
#2101=PLANE('',#2347);
#2102=PLANE('',#2350);
#2103=PLANE('',#2356);
#2104=PLANE('',#2362);
#2105=PLANE('',#2382);
#2106=PLANE('',#2383);
#2107=PLANE('',#2387);
#2108=PLANE('',#2389);
#2109=PLANE('',#2390);
#2110=PLANE('',#2391);
#2111=PLANE('',#2395);
#2112=PLANE('',#2396);
#2113=PLANE('',#2397);
#2114=PLANE('',#2398);
#2115=PLANE('',#2402);
#2116=PLANE('',#2403);
#2117=PLANE('',#2408);
#2118=PLANE('',#2409);
#2119=PLANE('',#2412);
#2120=PLANE('',#2413);
#2121=PLANE('',#2414);
#2122=PLANE('',#2415);
#2123=PLANE('',#2416);
#2124=PLANE('',#2417);
#2125=PLANE('',#2418);
#2126=PLANE('',#2421);
#2127=PLANE('',#2424);
#2128=PLANE('',#2425);
#2129=PLANE('',#2430);
#2130=PLANE('',#2433);
#2131=PLANE('',#2434);
#2132=PLANE('',#2435);
#2133=PLANE('',#2437);
#2134=PLANE('',#2448);
#2135=PLANE('',#2453);
#2136=PLANE('',#2454);
#2137=PLANE('',#2455);
#2138=PLANE('',#2456);
#2139=PLANE('',#2457);
#2140=PLANE('',#2458);
#2141=PLANE('',#2459);
#2142=PLANE('',#2460);
#2143=PLANE('',#2461);
#2144=PLANE('',#2462);
#2145=PLANE('',#2463);
#2146=PLANE('',#2464);
#2147=PLANE('',#2466);
#2148=PLANE('',#2468);
#2149=PLANE('',#2469);
#2150=PLANE('',#2470);
#2151=PLANE('',#2471);
#2152=PLANE('',#2472);
#2153=PLANE('',#2473);
#2154=PLANE('',#2474);
#2155=PLANE('',#2481);
#2156=PLANE('',#2482);
#2157=PLANE('',#2483);
#2158=PLANE('',#2484);
#2159=PLANE('',#2487);
#2160=PLANE('',#2488);
#2161=PLANE('',#2489);
#2162=PLANE('',#2490);
#2163=PLANE('',#2491);
#2164=PLANE('',#2492);
#2165=PLANE('',#2493);
#2166=PLANE('',#2494);
#2167=ADVANCED_FACE('',(#157),#2092,.T.);
#2168=ADVANCED_FACE('',(#158),#2093,.T.);
#2169=ADVANCED_FACE('',(#159),#2094,.T.);
#2170=ADVANCED_FACE('',(#160),#122,.F.);
#2171=ADVANCED_FACE('',(#161),#106,.F.);
#2172=ADVANCED_FACE('',(#162),#123,.F.);
#2173=ADVANCED_FACE('',(#163,#21),#2095,.T.);
#2174=ADVANCED_FACE('',(#164),#2096,.T.);
#2175=ADVANCED_FACE('',(#165),#124,.F.);
#2176=ADVANCED_FACE('',(#166),#107,.F.);
#2177=ADVANCED_FACE('',(#167),#125,.F.);
#2178=ADVANCED_FACE('',(#168),#2097,.T.);
#2179=ADVANCED_FACE('',(#169),#126,.F.);
#2180=ADVANCED_FACE('',(#170),#108,.F.);
#2181=ADVANCED_FACE('',(#171),#127,.F.);
#2182=ADVANCED_FACE('',(#172),#2098,.T.);
#2183=ADVANCED_FACE('',(#173),#128,.F.);
#2184=ADVANCED_FACE('',(#174),#109,.F.);
#2185=ADVANCED_FACE('',(#175),#129,.F.);
#2186=ADVANCED_FACE('',(#176),#2099,.T.);
#2187=ADVANCED_FACE('',(#177),#130,.T.);
#2188=ADVANCED_FACE('',(#178),#2100,.T.);
#2189=ADVANCED_FACE('',(#179),#2101,.T.);
#2190=ADVANCED_FACE('',(#180),#131,.T.);
#2191=ADVANCED_FACE('',(#181),#2102,.T.);
#2192=ADVANCED_FACE('',(#182),#132,.T.);
#2193=ADVANCED_FACE('',(#183),#133,.T.);
#2194=ADVANCED_FACE('',(#184),#2103,.T.);
#2195=ADVANCED_FACE('',(#185),#134,.T.);
#2196=ADVANCED_FACE('',(#186),#135,.T.);
#2197=ADVANCED_FACE('',(#187),#2104,.T.);
#2198=ADVANCED_FACE('',(#188),#136,.T.);
#2199=ADVANCED_FACE('',(#189),#15,.F.);
#2200=ADVANCED_FACE('',(#190),#137,.F.);
#2201=ADVANCED_FACE('',(#191),#16,.F.);
#2202=ADVANCED_FACE('',(#192),#138,.F.);
#2203=ADVANCED_FACE('',(#193),#17,.F.);
#2204=ADVANCED_FACE('',(#194),#139,.F.);
#2205=ADVANCED_FACE('',(#195),#18,.F.);
#2206=ADVANCED_FACE('',(#196),#140,.F.);
#2207=ADVANCED_FACE('',(#197),#2105,.T.);
#2208=ADVANCED_FACE('',(#198),#2106,.T.);
#2209=ADVANCED_FACE('',(#199),#141,.F.);
#2210=ADVANCED_FACE('',(#200),#2107,.T.);
#2211=ADVANCED_FACE('',(#201),#2108,.T.);
#2212=ADVANCED_FACE('',(#202),#2109,.T.);
#2213=ADVANCED_FACE('',(#203),#2110,.T.);
#2214=ADVANCED_FACE('',(#204),#142,.F.);
#2215=ADVANCED_FACE('',(#205),#2111,.T.);
#2216=ADVANCED_FACE('',(#206),#2112,.T.);
#2217=ADVANCED_FACE('',(#207),#2113,.F.);
#2218=ADVANCED_FACE('',(#208),#2114,.T.);
#2219=ADVANCED_FACE('',(#209),#143,.F.);
#2220=ADVANCED_FACE('',(#210),#2115,.T.);
#2221=ADVANCED_FACE('',(#211),#2116,.T.);
#2222=ADVANCED_FACE('',(#212),#144,.F.);
#2223=ADVANCED_FACE('',(#213),#2117,.T.);
#2224=ADVANCED_FACE('',(#214),#2118,.T.);
#2225=ADVANCED_FACE('',(#215),#145,.T.);
#2226=ADVANCED_FACE('',(#216,#22),#2119,.T.);
#2227=ADVANCED_FACE('',(#217,#23),#2120,.T.);
#2228=ADVANCED_FACE('',(#218),#2121,.T.);
#2229=ADVANCED_FACE('',(#219,#24),#2122,.T.);
#2230=ADVANCED_FACE('',(#220),#2123,.T.);
#2231=ADVANCED_FACE('',(#221,#25),#2124,.T.);
#2232=ADVANCED_FACE('',(#222),#2125,.T.);
#2233=ADVANCED_FACE('',(#223),#146,.T.);
#2234=ADVANCED_FACE('',(#224),#2126,.T.);
#2235=ADVANCED_FACE('',(#225),#147,.T.);
#2236=ADVANCED_FACE('',(#226),#2127,.T.);
#2237=ADVANCED_FACE('',(#227,#26),#2128,.T.);
#2238=ADVANCED_FACE('',(#228),#148,.T.);
#2239=ADVANCED_FACE('',(#229),#2129,.T.);
#2240=ADVANCED_FACE('',(#230),#149,.T.);
#2241=ADVANCED_FACE('',(#231),#2130,.T.);
#2242=ADVANCED_FACE('',(#232),#2131,.T.);
#2243=ADVANCED_FACE('',(#233,#27),#2132,.T.);
#2244=ADVANCED_FACE('',(#234,#28),#2133,.F.);
#2245=ADVANCED_FACE('',(#235),#150,.F.);
#2246=ADVANCED_FACE('',(#236),#151,.F.);
#2247=ADVANCED_FACE('',(#237),#152,.T.);
#2248=ADVANCED_FACE('',(#238),#2134,.F.);
#2249=ADVANCED_FACE('',(#239),#153,.T.);
#2250=ADVANCED_FACE('',(#240),#2135,.F.);
#2251=ADVANCED_FACE('',(#241),#2136,.F.);
#2252=ADVANCED_FACE('',(#242),#2137,.F.);
#2253=ADVANCED_FACE('',(#243),#2138,.F.);
#2254=ADVANCED_FACE('',(#244),#2139,.F.);
#2255=ADVANCED_FACE('',(#245),#2140,.F.);
#2256=ADVANCED_FACE('',(#246,#29),#2141,.F.);
#2257=ADVANCED_FACE('',(#247),#2142,.F.);
#2258=ADVANCED_FACE('',(#248),#2143,.T.);
#2259=ADVANCED_FACE('',(#249),#2144,.T.);
#2260=ADVANCED_FACE('',(#250),#2145,.F.);
#2261=ADVANCED_FACE('',(#251,#30),#2146,.T.);
#2262=ADVANCED_FACE('',(#252,#31),#2147,.T.);
#2263=ADVANCED_FACE('',(#253),#2148,.T.);
#2264=ADVANCED_FACE('',(#254),#2149,.T.);
#2265=ADVANCED_FACE('',(#255),#2150,.F.);
#2266=ADVANCED_FACE('',(#256),#2151,.F.);
#2267=ADVANCED_FACE('',(#257),#2152,.F.);
#2268=ADVANCED_FACE('',(#258),#2153,.F.);
#2269=ADVANCED_FACE('',(#259),#2154,.T.);
#2270=ADVANCED_FACE('',(#260),#19,.F.);
#2271=ADVANCED_FACE('',(#261),#154,.F.);
#2272=ADVANCED_FACE('',(#262),#20,.F.);
#2273=ADVANCED_FACE('',(#263),#155,.F.);
#2274=ADVANCED_FACE('',(#264),#2155,.T.);
#2275=ADVANCED_FACE('',(#265),#2156,.T.);
#2276=ADVANCED_FACE('',(#266),#2157,.T.);
#2277=ADVANCED_FACE('',(#267),#2158,.F.);
#2278=ADVANCED_FACE('',(#268),#156,.F.);
#2279=ADVANCED_FACE('',(#269),#2159,.F.);
#2280=ADVANCED_FACE('',(#270),#2160,.T.);
#2281=ADVANCED_FACE('',(#271),#2161,.T.);
#2282=ADVANCED_FACE('',(#272),#2162,.T.);
#2283=ADVANCED_FACE('',(#273),#2163,.T.);
#2284=ADVANCED_FACE('',(#274),#2164,.T.);
#2285=ADVANCED_FACE('',(#275),#2165,.T.);
#2286=ADVANCED_FACE('',(#276),#2166,.F.);
#2287=CLOSED_SHELL('',(#2167,#2168,#2169,#2170,#2171,#2172,#2173,#2174,
#2175,#2176,#2177,#2178,#2179,#2180,#2181,#2182,#2183,#2184,#2185,#2186,
#2187,#2188,#2189,#2190,#2191,#2192,#2193,#2194,#2195,#2196,#2197,#2198,
#2199,#2200,#2201,#2202,#2203,#2204,#2205,#2206,#2207,#2208,#2209,#2210,
#2211,#2212,#2213,#2214,#2215,#2216,#2217,#2218,#2219,#2220,#2221,#2222,
#2223,#2224,#2225,#2226,#2227,#2228,#2229,#2230,#2231,#2232,#2233,#2234,
#2235,#2236,#2237,#2238,#2239,#2240,#2241,#2242,#2243,#2244,#2245,#2246,
#2247,#2248,#2249,#2250,#2251,#2252,#2253,#2254,#2255,#2256,#2257,#2258,
#2259,#2260,#2261,#2262,#2263,#2264,#2265,#2266,#2267,#2268,#2269,#2270,
#2271,#2272,#2273,#2274,#2275,#2276,#2277,#2278,#2279,#2280,#2281,#2282,
#2283,#2284,#2285,#2286));
#2288=DERIVED_UNIT_ELEMENT(#2290,1.);
#2289=DERIVED_UNIT_ELEMENT(#3934,-3.);
#2290=(
MASS_UNIT()
NAMED_UNIT(*)
SI_UNIT(.KILO.,.GRAM.)
);
#2291=DERIVED_UNIT((#2288,#2289));
#2292=MEASURE_REPRESENTATION_ITEM('density measure',
POSITIVE_RATIO_MEASURE(7850.),#2291);
#2293=PROPERTY_DEFINITION_REPRESENTATION(#2298,#2295);
#2294=PROPERTY_DEFINITION_REPRESENTATION(#2299,#2296);
#2295=REPRESENTATION('material name',(#2297),#3931);
#2296=REPRESENTATION('density',(#2292),#3931);
#2297=DESCRIPTIVE_REPRESENTATION_ITEM('Steel','Steel');
#2298=PROPERTY_DEFINITION('material property','material name',#3941);
#2299=PROPERTY_DEFINITION('material property','density of part',#3941);
#2300=AXIS2_PLACEMENT_3D('',#3128,#2495,#2496);
#2301=AXIS2_PLACEMENT_3D('',#3129,#2497,#2498);
#2302=AXIS2_PLACEMENT_3D('',#3142,#2505,#2506);
#2303=AXIS2_PLACEMENT_3D('',#3151,#2511,#2512);
#2304=AXIS2_PLACEMENT_3D('',#3157,#2516,#2517);
#2305=AXIS2_PLACEMENT_3D('',#3188,#2520,#2521);
#2306=AXIS2_PLACEMENT_3D('',#3190,#2522,#2523);
#2307=AXIS2_PLACEMENT_3D('',#3192,#2524,#2525);
#2308=AXIS2_PLACEMENT_3D('',#3207,#2526,#2527);
#2309=AXIS2_PLACEMENT_3D('',#3222,#2530,#2531);
#2310=AXIS2_PLACEMENT_3D('',#3224,#2532,#2533);
#2311=AXIS2_PLACEMENT_3D('',#3230,#2536,#2537);
#2312=AXIS2_PLACEMENT_3D('',#3242,#2543,#2544);
#2313=AXIS2_PLACEMENT_3D('',#3248,#2547,#2548);
#2314=AXIS2_PLACEMENT_3D('',#3252,#2550,#2551);
#2315=AXIS2_PLACEMENT_3D('',#3256,#2553,#2554);
#2316=AXIS2_PLACEMENT_3D('',#3260,#2556,#2557);
#2317=AXIS2_PLACEMENT_3D('',#3264,#2559,#2560);
#2318=AXIS2_PLACEMENT_3D('',#3268,#2562,#2563);
#2319=AXIS2_PLACEMENT_3D('',#3272,#2565,#2566);
#2320=AXIS2_PLACEMENT_3D('',#3276,#2568,#2569);
#2321=AXIS2_PLACEMENT_3D('',#3280,#2571,#2572);
#2322=AXIS2_PLACEMENT_3D('',#3283,#2574,#2575);
#2323=AXIS2_PLACEMENT_3D('',#3304,#2586,#2587);
#2324=AXIS2_PLACEMENT_3D('',#3314,#2593,#2594);
#2325=AXIS2_PLACEMENT_3D('',#3342,#2596,#2597);
#2326=AXIS2_PLACEMENT_3D('',#3344,#2598,#2599);
#2327=AXIS2_PLACEMENT_3D('',#3359,#2600,#2601);
#2328=AXIS2_PLACEMENT_3D('',#3372,#2603,#2604);
#2329=AXIS2_PLACEMENT_3D('',#3382,#2610,#2611);
#2330=AXIS2_PLACEMENT_3D('',#3386,#2613,#2614);
#2331=AXIS2_PLACEMENT_3D('',#3401,#2615,#2616);
#2332=AXIS2_PLACEMENT_3D('',#3417,#2617,#2618);
#2333=AXIS2_PLACEMENT_3D('',#3418,#2619,#2620);
#2334=AXIS2_PLACEMENT_3D('',#3420,#2621,#2622);
#2335=AXIS2_PLACEMENT_3D('',#3422,#2624,#2625);
#2336=AXIS2_PLACEMENT_3D('',#3433,#2632,#2633);
#2337=AXIS2_PLACEMENT_3D('',#3437,#2635,#2636);
#2338=AXIS2_PLACEMENT_3D('',#3452,#2637,#2638);
#2339=AXIS2_PLACEMENT_3D('',#3468,#2639,#2640);
#2340=AXIS2_PLACEMENT_3D('',#3469,#2641,#2642);
#2341=AXIS2_PLACEMENT_3D('',#3471,#2643,#2644);
#2342=AXIS2_PLACEMENT_3D('',#3473,#2646,#2647);
#2343=AXIS2_PLACEMENT_3D('',#3482,#2653,#2654);
#2344=AXIS2_PLACEMENT_3D('',#3485,#2656,#2657);
#2345=AXIS2_PLACEMENT_3D('',#3486,#2658,#2659);
#2346=AXIS2_PLACEMENT_3D('',#3490,#2661,#2662);
#2347=AXIS2_PLACEMENT_3D('',#3492,#2664,#2665);
#2348=AXIS2_PLACEMENT_3D('',#3498,#2669,#2670);
#2349=AXIS2_PLACEMENT_3D('',#3501,#2672,#2673);
#2350=AXIS2_PLACEMENT_3D('',#3502,#2674,#2675);
#2351=AXIS2_PLACEMENT_3D('',#3505,#2677,#2678);
#2352=AXIS2_PLACEMENT_3D('',#3506,#2679,#2680);
#2353=AXIS2_PLACEMENT_3D('',#3509,#2682,#2683);
#2354=AXIS2_PLACEMENT_3D('',#3510,#2684,#2685);
#2355=AXIS2_PLACEMENT_3D('',#3513,#2687,#2688);
#2356=AXIS2_PLACEMENT_3D('',#3514,#2689,#2690);
#2357=AXIS2_PLACEMENT_3D('',#3519,#2693,#2694);
#2358=AXIS2_PLACEMENT_3D('',#3520,#2695,#2696);
#2359=AXIS2_PLACEMENT_3D('',#3526,#2699,#2700);
#2360=AXIS2_PLACEMENT_3D('',#3529,#2703,#2704);
#2361=AXIS2_PLACEMENT_3D('',#3532,#2706,#2707);
#2362=AXIS2_PLACEMENT_3D('',#3533,#2708,#2709);
#2363=AXIS2_PLACEMENT_3D('',#3536,#2711,#2712);
#2364=AXIS2_PLACEMENT_3D('',#3537,#2713,#2714);
#2365=AXIS2_PLACEMENT_3D('',#3542,#2717,#2718);
#2366=AXIS2_PLACEMENT_3D('',#3543,#2719,#2720);
#2367=AXIS2_PLACEMENT_3D('',#3545,#2721,#2722);
#2368=AXIS2_PLACEMENT_3D('',#3548,#2724,#2725);
#2369=AXIS2_PLACEMENT_3D('',#3550,#2726,#2727);
#2370=AXIS2_PLACEMENT_3D('',#3552,#2729,#2730);
#2371=AXIS2_PLACEMENT_3D('',#3554,#2731,#2732);
#2372=AXIS2_PLACEMENT_3D('',#3557,#2734,#2735);
#2373=AXIS2_PLACEMENT_3D('',#3559,#2736,#2737);
#2374=AXIS2_PLACEMENT_3D('',#3561,#2739,#2740);
#2375=AXIS2_PLACEMENT_3D('',#3563,#2741,#2742);
#2376=AXIS2_PLACEMENT_3D('',#3566,#2744,#2745);
#2377=AXIS2_PLACEMENT_3D('',#3568,#2746,#2747);
#2378=AXIS2_PLACEMENT_3D('',#3570,#2749,#2750);
#2379=AXIS2_PLACEMENT_3D('',#3572,#2751,#2752);
#2380=AXIS2_PLACEMENT_3D('',#3575,#2754,#2755);
#2381=AXIS2_PLACEMENT_3D('',#3577,#2756,#2757);
#2382=AXIS2_PLACEMENT_3D('',#3579,#2759,#2760);
#2383=AXIS2_PLACEMENT_3D('',#3585,#2764,#2765);
#2384=AXIS2_PLACEMENT_3D('',#3588,#2768,#2769);
#2385=AXIS2_PLACEMENT_3D('',#3591,#2770,#2771);
#2386=AXIS2_PLACEMENT_3D('',#3593,#2773,#2774);
#2387=AXIS2_PLACEMENT_3D('',#3595,#2776,#2777);
#2388=AXIS2_PLACEMENT_3D('',#3596,#2778,#2779);
#2389=AXIS2_PLACEMENT_3D('',#3597,#2780,#2781);
#2390=AXIS2_PLACEMENT_3D('',#3599,#2783,#2784);
#2391=AXIS2_PLACEMENT_3D('',#3604,#2788,#2789);
#2392=AXIS2_PLACEMENT_3D('',#3606,#2791,#2792);
#2393=AXIS2_PLACEMENT_3D('',#3608,#2793,#2794);
#2394=AXIS2_PLACEMENT_3D('',#3611,#2797,#2798);
#2395=AXIS2_PLACEMENT_3D('',#3612,#2799,#2800);
#2396=AXIS2_PLACEMENT_3D('',#3616,#2803,#2804);
#2397=AXIS2_PLACEMENT_3D('',#3618,#2806,#2807);
#2398=AXIS2_PLACEMENT_3D('',#3624,#2811,#2812);
#2399=AXIS2_PLACEMENT_3D('',#3626,#2814,#2815);
#2400=AXIS2_PLACEMENT_3D('',#3629,#2816,#2817);
#2401=AXIS2_PLACEMENT_3D('',#3632,#2819,#2820);
#2402=AXIS2_PLACEMENT_3D('',#3635,#2823,#2824);
#2403=AXIS2_PLACEMENT_3D('',#3637,#2826,#2827);
#2404=AXIS2_PLACEMENT_3D('',#3638,#2828,#2829);
#2405=AXIS2_PLACEMENT_3D('',#3639,#2830,#2831);
#2406=AXIS2_PLACEMENT_3D('',#3643,#2833,#2834);
#2407=AXIS2_PLACEMENT_3D('',#3648,#2837,#2838);
#2408=AXIS2_PLACEMENT_3D('',#3650,#2840,#2841);
#2409=AXIS2_PLACEMENT_3D('',#3652,#2843,#2844);
#2410=AXIS2_PLACEMENT_3D('',#3660,#2850,#2851);
#2411=AXIS2_PLACEMENT_3D('',#3661,#2852,#2853);
#2412=AXIS2_PLACEMENT_3D('',#3662,#2854,#2855);
#2413=AXIS2_PLACEMENT_3D('',#3663,#2856,#2857);
#2414=AXIS2_PLACEMENT_3D('',#3664,#2858,#2859);
#2415=AXIS2_PLACEMENT_3D('',#3666,#2861,#2862);
#2416=AXIS2_PLACEMENT_3D('',#3667,#2863,#2864);
#2417=AXIS2_PLACEMENT_3D('',#3669,#2866,#2867);
#2418=AXIS2_PLACEMENT_3D('',#3670,#2868,#2869);
#2419=AXIS2_PLACEMENT_3D('',#3676,#2873,#2874);
#2420=AXIS2_PLACEMENT_3D('',#3679,#2876,#2877);
#2421=AXIS2_PLACEMENT_3D('',#3680,#2878,#2879);
#2422=AXIS2_PLACEMENT_3D('',#3684,#2882,#2883);
#2423=AXIS2_PLACEMENT_3D('',#3687,#2885,#2886);
#2424=AXIS2_PLACEMENT_3D('',#3688,#2887,#2888);
#2425=AXIS2_PLACEMENT_3D('',#3692,#2891,#2892);
#2426=AXIS2_PLACEMENT_3D('',#3693,#2893,#2894);
#2427=AXIS2_PLACEMENT_3D('',#3695,#2895,#2896);
#2428=AXIS2_PLACEMENT_3D('',#3696,#2897,#2898);
#2429=AXIS2_PLACEMENT_3D('',#3700,#2900,#2901);
#2430=AXIS2_PLACEMENT_3D('',#3702,#2903,#2904);
#2431=AXIS2_PLACEMENT_3D('',#3706,#2907,#2908);
#2432=AXIS2_PLACEMENT_3D('',#3709,#2910,#2911);
#2433=AXIS2_PLACEMENT_3D('',#3710,#2912,#2913);
#2434=AXIS2_PLACEMENT_3D('',#3712,#2915,#2916);
#2435=AXIS2_PLACEMENT_3D('',#3714,#2918,#2919);
#2436=AXIS2_PLACEMENT_3D('',#3716,#2920,#2921);
#2437=AXIS2_PLACEMENT_3D('',#3717,#2922,#2923);
#2438=AXIS2_PLACEMENT_3D('',#3725,#2927,#2928);
#2439=AXIS2_PLACEMENT_3D('',#3727,#2929,#2930);
#2440=AXIS2_PLACEMENT_3D('',#3728,#2931,#2932);
#2441=AXIS2_PLACEMENT_3D('',#3731,#2934,#2935);
#2442=AXIS2_PLACEMENT_3D('',#3732,#2936,#2937);
#2443=AXIS2_PLACEMENT_3D('',#3734,#2939,#2940);
#2444=AXIS2_PLACEMENT_3D('',#3739,#2942,#2943);
#2445=AXIS2_PLACEMENT_3D('',#3743,#2945,#2946);
#2446=AXIS2_PLACEMENT_3D('',#3747,#2948,#2949);
#2447=AXIS2_PLACEMENT_3D('',#3750,#2951,#2952);
#2448=AXIS2_PLACEMENT_3D('',#3751,#2953,#2954);
#2449=AXIS2_PLACEMENT_3D('',#3761,#2959,#2960);
#2450=AXIS2_PLACEMENT_3D('',#3769,#2964,#2965);
#2451=AXIS2_PLACEMENT_3D('',#3774,#2969,#2970);
#2452=AXIS2_PLACEMENT_3D('',#3780,#2974,#2975);
#2453=AXIS2_PLACEMENT_3D('',#3782,#2977,#2978);
#2454=AXIS2_PLACEMENT_3D('',#3785,#2981,#2982);
#2455=AXIS2_PLACEMENT_3D('',#3786,#2983,#2984);
#2456=AXIS2_PLACEMENT_3D('',#3787,#2985,#2986);
#2457=AXIS2_PLACEMENT_3D('',#3793,#2990,#2991);
#2458=AXIS2_PLACEMENT_3D('',#3795,#2993,#2994);
#2459=AXIS2_PLACEMENT_3D('',#3797,#2996,#2997);
#2460=AXIS2_PLACEMENT_3D('',#3798,#2998,#2999);
#2461=AXIS2_PLACEMENT_3D('',#3807,#3004,#3005);
#2462=AXIS2_PLACEMENT_3D('',#3830,#3018,#3019);
#2463=AXIS2_PLACEMENT_3D('',#3837,#3024,#3025);
#2464=AXIS2_PLACEMENT_3D('',#3841,#3028,#3029);
#2465=AXIS2_PLACEMENT_3D('',#3851,#3034,#3035);
#2466=AXIS2_PLACEMENT_3D('',#3852,#3036,#3037);
#2467=AXIS2_PLACEMENT_3D('',#3859,#3041,#3042);
#2468=AXIS2_PLACEMENT_3D('',#3860,#3043,#3044);
#2469=AXIS2_PLACEMENT_3D('',#3864,#3047,#3048);
#2470=AXIS2_PLACEMENT_3D('',#3870,#3052,#3053);
#2471=AXIS2_PLACEMENT_3D('',#3874,#3057,#3058);
#2472=AXIS2_PLACEMENT_3D('',#3877,#3061,#3062);
#2473=AXIS2_PLACEMENT_3D('',#3879,#3064,#3065);
#2474=AXIS2_PLACEMENT_3D('',#3881,#3067,#3068);
#2475=AXIS2_PLACEMENT_3D('',#3884,#3071,#3072);
#2476=AXIS2_PLACEMENT_3D('',#3886,#3073,#3074);
#2477=AXIS2_PLACEMENT_3D('',#3889,#3076,#3077);
#2478=AXIS2_PLACEMENT_3D('',#3891,#3079,#3080);
#2479=AXIS2_PLACEMENT_3D('',#3893,#3081,#3082);
#2480=AXIS2_PLACEMENT_3D('',#3896,#3084,#3085);
#2481=AXIS2_PLACEMENT_3D('',#3898,#3087,#3088);
#2482=AXIS2_PLACEMENT_3D('',#3901,#3091,#3092);
#2483=AXIS2_PLACEMENT_3D('',#3902,#3093,#3094);
#2484=AXIS2_PLACEMENT_3D('',#3903,#3095,#3096);
#2485=AXIS2_PLACEMENT_3D('',#3907,#3099,#3100);
#2486=AXIS2_PLACEMENT_3D('',#3908,#3101,#3102);
#2487=AXIS2_PLACEMENT_3D('',#3909,#3103,#3104);
#2488=AXIS2_PLACEMENT_3D('',#3913,#3107,#3108);
#2489=AXIS2_PLACEMENT_3D('',#3921,#3114,#3115);
#2490=AXIS2_PLACEMENT_3D('',#3923,#3117,#3118);
#2491=AXIS2_PLACEMENT_3D('',#3924,#3119,#3120);
#2492=AXIS2_PLACEMENT_3D('',#3926,#3122,#3123);
#2493=AXIS2_PLACEMENT_3D('',#3927,#3124,#3125);
#2494=AXIS2_PLACEMENT_3D('',#3928,#3126,#3127);
#2495=DIRECTION('axis',(0.,0.,1.));
#2496=DIRECTION('refdir',(1.,0.,0.));
#2497=DIRECTION('center_axis',(1.,0.,0.));
#2498=DIRECTION('ref_axis',(0.,0.,-1.));
#2499=DIRECTION('',(0.,0.,-1.));
#2500=DIRECTION('',(0.,-1.,0.));
#2501=DIRECTION('',(0.,0.,1.));
#2502=DIRECTION('',(0.,-1.,0.));
#2503=DIRECTION('',(0.,0.,1.));
#2504=DIRECTION('',(0.,-1.,0.));
#2505=DIRECTION('center_axis',(-1.,0.,0.));
#2506=DIRECTION('ref_axis',(0.,0.,1.));
#2507=DIRECTION('',(0.,1.,0.));
#2508=DIRECTION('',(0.,0.,-1.));
#2509=DIRECTION('',(0.,1.,0.));
#2510=DIRECTION('',(0.,0.,-1.));
#2511=DIRECTION('center_axis',(0.,1.,0.));
#2512=DIRECTION('ref_axis',(-1.,0.,0.));
#2513=DIRECTION('',(-1.,0.,0.));
#2514=DIRECTION('',(0.,0.,1.));
#2515=DIRECTION('',(-1.,0.,0.));
#2516=DIRECTION('center_axis',(-1.,0.,0.));
#2517=DIRECTION('ref_axis',(0.,0.707106781186546,-0.707106781186549));
#2518=DIRECTION('',(-1.,0.,0.));
#2519=DIRECTION('',(1.,0.,0.));
#2520=DIRECTION('center_axis',(0.,0.,-1.));
#2521=DIRECTION('ref_axis',(0.999955449694603,0.00943920685562655,0.));
#2522=DIRECTION('center_axis',(0.,0.,-1.));
#2523=DIRECTION('ref_axis',(0.999955449694603,0.00943920685562563,0.));
#2524=DIRECTION('center_axis',(0.,0.,1.));
#2525=DIRECTION('ref_axis',(0.999955449694603,0.00943920685562563,0.));
#2526=DIRECTION('center_axis',(1.,0.,0.));
#2527=DIRECTION('ref_axis',(0.,-0.707106781186546,-0.707106781186549));
#2528=DIRECTION('',(-1.,0.,0.));
#2529=DIRECTION('',(1.,0.,0.));
#2530=DIRECTION('center_axis',(0.,0.,1.));
#2531=DIRECTION('ref_axis',(1.,0.,0.));
#2532=DIRECTION('center_axis',(0.,0.,1.));
#2533=DIRECTION('ref_axis',(-5.9211894646675E-17,1.,0.));
#2534=DIRECTION('',(0.,-1.,0.));
#2535=DIRECTION('',(-1.,0.,0.));
#2536=DIRECTION('center_axis',(0.,0.,1.));
#2537=DIRECTION('ref_axis',(0.999746015887188,-0.0225367193196835,0.));
#2538=DIRECTION('',(1.,0.,0.));
#2539=DIRECTION('',(0.,-1.,0.));
#2540=DIRECTION('',(1.,0.,0.));
#2541=DIRECTION('',(-1.83129571072191E-16,1.,0.));
#2542=DIRECTION('',(1.,0.,0.));
#2543=DIRECTION('center_axis',(0.,0.,1.));
#2544=DIRECTION('ref_axis',(-0.999746013462932,-0.0225368268612604,0.));
#2545=DIRECTION('',(-1.,0.,0.));
#2546=DIRECTION('',(-1.83129571072191E-16,1.,0.));
#2547=DIRECTION('center_axis',(0.,0.,1.));
#2548=DIRECTION('ref_axis',(1.,0.,0.));
#2549=DIRECTION('',(1.,0.,0.));
#2550=DIRECTION('center_axis',(0.,0.,1.));
#2551=DIRECTION('ref_axis',(-0.999961415208786,0.00878453718990915,0.));
#2552=DIRECTION('',(-1.,0.,0.));
#2553=DIRECTION('center_axis',(0.,0.,1.));
#2554=DIRECTION('ref_axis',(1.,0.,0.));
#2555=DIRECTION('',(-0.743144825477393,-0.669130606358859,0.));
#2556=DIRECTION('center_axis',(0.,0.,-1.));
#2557=DIRECTION('ref_axis',(-0.0523359562429434,-0.998629534754574,0.));
#2558=DIRECTION('',(-0.669130606358856,0.743144825477396,0.));
#2559=DIRECTION('center_axis',(0.,0.,-1.));
#2560=DIRECTION('ref_axis',(-0.998629534754574,0.0523359562429454,0.));
#2561=DIRECTION('',(0.743144825477395,0.669130606358857,0.));
#2562=DIRECTION('center_axis',(0.,0.,1.));
#2563=DIRECTION('ref_axis',(1.,0.,0.));
#2564=DIRECTION('',(-1.,0.,0.));
#2565=DIRECTION('center_axis',(0.,0.,1.));
#2566=DIRECTION('ref_axis',(-5.9211894646675E-17,1.,0.));
#2567=DIRECTION('',(0.743144825477395,-0.669130606358857,0.));
#2568=DIRECTION('center_axis',(0.,0.,-1.));
#2569=DIRECTION('ref_axis',(0.998629534754574,0.0523359562429455,0.));
#2570=DIRECTION('',(-0.669130606358857,-0.743144825477395,0.));
#2571=DIRECTION('center_axis',(0.,0.,-1.));
#2572=DIRECTION('ref_axis',(0.0523359562429454,-0.998629534754574,0.));
#2573=DIRECTION('',(-0.743144825477396,0.669130606358856,0.));
#2574=DIRECTION('center_axis',(0.,0.,1.));
#2575=DIRECTION('ref_axis',(-5.9211894646675E-17,1.,0.));
#2576=DIRECTION('',(0.,-1.,0.));
#2577=DIRECTION('',(-1.,0.,0.));
#2578=DIRECTION('',(0.,1.,0.));
#2579=DIRECTION('',(-1.,0.,0.));
#2580=DIRECTION('',(0.,1.,0.));
#2581=DIRECTION('',(1.,0.,0.));
#2582=DIRECTION('',(0.,-1.,0.));
#2583=DIRECTION('',(1.,0.,0.));
#2584=DIRECTION('',(0.,-1.,0.));
#2585=DIRECTION('',(1.,0.,0.));
#2586=DIRECTION('center_axis',(0.,-1.,0.));
#2587=DIRECTION('ref_axis',(1.,0.,0.));
#2588=DIRECTION('',(0.,0.,1.));
#2589=DIRECTION('',(1.,0.,0.));
#2590=DIRECTION('',(0.,0.,1.));
#2591=DIRECTION('',(1.,0.,0.));
#2592=DIRECTION('',(0.,0.,1.));
#2593=DIRECTION('center_axis',(1.,0.,0.));
#2594=DIRECTION('ref_axis',(0.,-0.707106781186546,-0.707106781186549));
#2595=DIRECTION('',(1.,0.,0.));
#2596=DIRECTION('center_axis',(0.,0.,-1.));
#2597=DIRECTION('ref_axis',(-1.,0.,0.));
#2598=DIRECTION('center_axis',(0.,0.,-1.));
#2599=DIRECTION('ref_axis',(-0.999961415208786,0.00878453718990915,0.));
#2600=DIRECTION('center_axis',(-1.,0.,0.));
#2601=DIRECTION('ref_axis',(0.,0.707106781186546,-0.707106781186549));
#2602=DIRECTION('',(-1.,0.,0.));
#2603=DIRECTION('center_axis',(0.,1.,0.));
#2604=DIRECTION('ref_axis',(-1.,0.,0.));
#2605=DIRECTION('',(0.,0.,1.));
#2606=DIRECTION('',(-1.,0.,0.));
#2607=DIRECTION('',(0.,0.,1.));
#2608=DIRECTION('',(-1.,0.,0.));
#2609=DIRECTION('',(0.,0.,1.));
#2610=DIRECTION('center_axis',(1.,0.,0.));
#2611=DIRECTION('ref_axis',(0.,-0.707106781186549,-0.707106781186546));
#2612=DIRECTION('',(1.,0.,0.));
#2613=DIRECTION('center_axis',(-1.,-1.83129571072191E-16,0.));
#2614=DIRECTION('ref_axis',(0.,-0.707106781186549,-0.707106781186546));
#2615=DIRECTION('center_axis',(0.,0.,-1.));
#2616=DIRECTION('ref_axis',(-1.,0.,0.));
#2617=DIRECTION('center_axis',(0.,0.,-1.));
#2618=DIRECTION('ref_axis',(-0.999746013462932,-0.0225368268612604,0.));
#2619=DIRECTION('center_axis',(-1.,0.,0.));
#2620=DIRECTION('ref_axis',(0.,0.707106781186546,-0.707106781186549));
#2621=DIRECTION('center_axis',(-1.,-1.83129571072191E-16,0.));
#2622=DIRECTION('ref_axis',(0.,0.707106781186546,-0.707106781186549));
#2623=DIRECTION('',(-1.,0.,0.));
#2624=DIRECTION('center_axis',(0.,1.,0.));
#2625=DIRECTION('ref_axis',(-1.,0.,0.));
#2626=DIRECTION('',(-1.,0.,0.));
#2627=DIRECTION('',(0.,0.,1.));
#2628=DIRECTION('',(0.,0.,1.));
#2629=DIRECTION('',(-1.,0.,0.));
#2630=DIRECTION('',(0.,0.,1.));
#2631=DIRECTION('',(1.,0.,0.));
#2632=DIRECTION('center_axis',(-1.,0.,0.));
#2633=DIRECTION('ref_axis',(0.,0.707106781186546,-0.707106781186549));
#2634=DIRECTION('',(-1.,0.,0.));
#2635=DIRECTION('center_axis',(1.,0.,0.));
#2636=DIRECTION('ref_axis',(0.,0.707106781186546,-0.707106781186549));
#2637=DIRECTION('center_axis',(0.,0.,-1.));
#2638=DIRECTION('ref_axis',(0.999746015887188,-0.022536719319685,0.));
#2639=DIRECTION('center_axis',(0.,0.,-1.));
#2640=DIRECTION('ref_axis',(0.999746015887188,-0.0225367193196835,0.));
#2641=DIRECTION('center_axis',(1.,0.,0.));
#2642=DIRECTION('ref_axis',(0.,-0.707106781186549,-0.707106781186546));
#2643=DIRECTION('center_axis',(1.,0.,0.));
#2644=DIRECTION('ref_axis',(0.,-0.707106781186549,-0.707106781186546));
#2645=DIRECTION('',(1.,0.,0.));
#2646=DIRECTION('center_axis',(0.,-1.,0.));
#2647=DIRECTION('ref_axis',(1.,0.,0.));
#2648=DIRECTION('',(0.,0.,1.));
#2649=DIRECTION('',(1.,0.,0.));
#2650=DIRECTION('',(0.,0.,1.));
#2651=DIRECTION('',(1.,0.,0.));
#2652=DIRECTION('',(0.,0.,1.));
#2653=DIRECTION('center_axis',(0.,0.,1.));
#2654=DIRECTION('ref_axis',(0.999955449694603,0.00943920685562511,0.));
#2655=DIRECTION('',(0.,0.,-1.));
#2656=DIRECTION('center_axis',(0.,0.,1.));
#2657=DIRECTION('ref_axis',(-1.,0.,0.));
#2658=DIRECTION('center_axis',(0.,0.,1.));
#2659=DIRECTION('ref_axis',(-1.,0.,0.));
#2660=DIRECTION('',(-1.,0.,0.));
#2661=DIRECTION('center_axis',(0.,0.,1.));
#2662=DIRECTION('ref_axis',(-1.,0.,0.));
#2663=DIRECTION('',(0.,1.,0.));
#2664=DIRECTION('center_axis',(0.,1.,0.));
#2665=DIRECTION('ref_axis',(-1.,0.,0.));
#2666=DIRECTION('',(0.,0.,-1.));
#2667=DIRECTION('',(-1.,0.,0.));
#2668=DIRECTION('',(0.,0.,1.));
#2669=DIRECTION('center_axis',(0.,0.,1.));
#2670=DIRECTION('ref_axis',(0.999746015887188,-0.0225367193196841,0.));
#2671=DIRECTION('',(0.,0.,-1.));
#2672=DIRECTION('center_axis',(0.,0.,1.));
#2673=DIRECTION('ref_axis',(-1.,0.,0.));
#2674=DIRECTION('center_axis',(0.,0.,1.));
#2675=DIRECTION('ref_axis',(-1.,0.,0.));
#2676=DIRECTION('',(-1.,0.,0.));
#2677=DIRECTION('center_axis',(0.,0.,1.));
#2678=DIRECTION('ref_axis',(-1.,0.,0.));
#2679=DIRECTION('center_axis',(0.,0.,1.));
#2680=DIRECTION('ref_axis',(0.999598408068885,-0.0283376531517977,0.));
#2681=DIRECTION('',(0.,0.,1.));
#2682=DIRECTION('center_axis',(0.,0.,1.));
#2683=DIRECTION('ref_axis',(-1.,0.,0.));
#2684=DIRECTION('center_axis',(0.,0.,1.));
#2685=DIRECTION('ref_axis',(-1.,0.,0.));
#2686=DIRECTION('',(0.,0.,-1.));
#2687=DIRECTION('center_axis',(0.,0.,1.));
#2688=DIRECTION('ref_axis',(-1.,0.,0.));
#2689=DIRECTION('center_axis',(0.,0.,1.));
#2690=DIRECTION('ref_axis',(-1.,0.,0.));
#2691=DIRECTION('',(1.,0.,0.));
#2692=DIRECTION('',(0.,-1.,0.));
#2693=DIRECTION('center_axis',(0.,0.,1.));
#2694=DIRECTION('ref_axis',(-1.,0.,0.));
#2695=DIRECTION('center_axis',(0.,0.,1.));
#2696=DIRECTION('ref_axis',(-1.,0.,0.));
#2697=DIRECTION('',(0.,0.,1.));
#2698=DIRECTION('',(0.,0.,1.));
#2699=DIRECTION('center_axis',(0.,0.,1.));
#2700=DIRECTION('ref_axis',(-1.,0.,0.));
#2701=DIRECTION('',(0.,0.,1.));
#2702=DIRECTION('',(0.,0.,1.));
#2703=DIRECTION('center_axis',(0.,0.,1.));
#2704=DIRECTION('ref_axis',(-1.,0.,0.));
#2705=DIRECTION('',(0.,0.,-1.));
#2706=DIRECTION('center_axis',(0.,0.,1.));
#2707=DIRECTION('ref_axis',(-1.,0.,0.));
#2708=DIRECTION('center_axis',(0.,0.,1.));
#2709=DIRECTION('ref_axis',(-1.,0.,0.));
#2710=DIRECTION('',(1.,0.,0.));
#2711=DIRECTION('center_axis',(0.,0.,1.));
#2712=DIRECTION('ref_axis',(-1.,0.,0.));
#2713=DIRECTION('center_axis',(0.,0.,1.));
#2714=DIRECTION('ref_axis',(-1.,0.,0.));
#2715=DIRECTION('',(0.,0.,1.));
#2716=DIRECTION('',(0.,0.,1.));
#2717=DIRECTION('center_axis',(0.,0.,1.));
#2718=DIRECTION('ref_axis',(-1.,0.,0.));
#2719=DIRECTION('center_axis',(0.,0.,1.));
#2720=DIRECTION('ref_axis',(1.,0.,0.));
#2721=DIRECTION('center_axis',(0.,0.,-1.));
#2722=DIRECTION('ref_axis',(1.,0.,0.));
#2723=DIRECTION('',(0.857167300702112,-1.04972719113862E-16,-0.515038074910054));
#2724=DIRECTION('center_axis',(0.,0.,-1.));
#2725=DIRECTION('ref_axis',(1.,0.,0.));
#2726=DIRECTION('center_axis',(0.,0.,-1.));
#2727=DIRECTION('ref_axis',(1.,0.,0.));
#2728=DIRECTION('',(0.,0.,-1.));
#2729=DIRECTION('center_axis',(0.,0.,1.));
#2730=DIRECTION('ref_axis',(1.,0.,0.));
#2731=DIRECTION('center_axis',(0.,0.,-1.));
#2732=DIRECTION('ref_axis',(1.,0.,0.));
#2733=DIRECTION('',(0.857167300702112,-1.04972719113862E-16,-0.515038074910054));
#2734=DIRECTION('center_axis',(0.,0.,-1.));
#2735=DIRECTION('ref_axis',(1.,0.,0.));
#2736=DIRECTION('center_axis',(0.,0.,-1.));
#2737=DIRECTION('ref_axis',(1.,0.,0.));
#2738=DIRECTION('',(0.,0.,-1.));
#2739=DIRECTION('center_axis',(0.,0.,1.));
#2740=DIRECTION('ref_axis',(1.,0.,0.));
#2741=DIRECTION('center_axis',(0.,0.,-1.));
#2742=DIRECTION('ref_axis',(1.,0.,0.));
#2743=DIRECTION('',(0.857167300702112,-1.04972719113862E-16,-0.515038074910054));
#2744=DIRECTION('center_axis',(0.,0.,-1.));
#2745=DIRECTION('ref_axis',(1.,0.,0.));
#2746=DIRECTION('center_axis',(0.,0.,-1.));
#2747=DIRECTION('ref_axis',(1.,0.,0.));
#2748=DIRECTION('',(0.,0.,-1.));
#2749=DIRECTION('center_axis',(0.,0.,1.));
#2750=DIRECTION('ref_axis',(1.,0.,0.));
#2751=DIRECTION('center_axis',(0.,0.,-1.));
#2752=DIRECTION('ref_axis',(1.,0.,0.));
#2753=DIRECTION('',(0.857167300702112,-1.04972719113862E-16,-0.515038074910054));
#2754=DIRECTION('center_axis',(0.,0.,-1.));
#2755=DIRECTION('ref_axis',(1.,0.,0.));
#2756=DIRECTION('center_axis',(0.,0.,-1.));
#2757=DIRECTION('ref_axis',(1.,0.,0.));
#2758=DIRECTION('',(0.,0.,-1.));
#2759=DIRECTION('center_axis',(0.,-1.,0.));
#2760=DIRECTION('ref_axis',(1.,0.,0.));
#2761=DIRECTION('',(0.,0.,-1.));
#2762=DIRECTION('',(1.,0.,0.));
#2763=DIRECTION('',(0.,0.,1.));
#2764=DIRECTION('center_axis',(-1.,0.,0.));
#2765=DIRECTION('ref_axis',(0.,-1.,0.));
#2766=DIRECTION('',(0.,-1.,0.));
#2767=DIRECTION('',(0.,0.,1.));
#2768=DIRECTION('center_axis',(0.,0.,1.));
#2769=DIRECTION('ref_axis',(1.,-1.89882151931499E-15,0.));
#2770=DIRECTION('center_axis',(0.,0.,1.));
#2771=DIRECTION('ref_axis',(-1.,0.,0.));
#2772=DIRECTION('',(0.,0.,1.));
#2773=DIRECTION('center_axis',(0.,0.,-1.));
#2774=DIRECTION('ref_axis',(-1.,0.,0.));
#2775=DIRECTION('',(0.,0.,1.));
#2776=DIRECTION('center_axis',(0.,0.,1.));
#2777=DIRECTION('ref_axis',(-1.,0.,0.));
#2778=DIRECTION('center_axis',(0.,0.,-1.));
#2779=DIRECTION('ref_axis',(1.,0.,0.));
#2780=DIRECTION('center_axis',(0.,0.,1.));
#2781=DIRECTION('ref_axis',(1.,0.,0.));
#2782=DIRECTION('',(0.,-1.,0.));
#2783=DIRECTION('center_axis',(0.,1.,0.));
#2784=DIRECTION('ref_axis',(-1.,0.,0.));
#2785=DIRECTION('',(0.,0.,-1.));
#2786=DIRECTION('',(-1.,0.,0.));
#2787=DIRECTION('',(-1.,0.,0.));
#2788=DIRECTION('center_axis',(0.,0.,1.));
#2789=DIRECTION('ref_axis',(1.,0.,0.));
#2790=DIRECTION('',(0.,1.,0.));
#2791=DIRECTION('center_axis',(0.,0.,1.));
#2792=DIRECTION('ref_axis',(0.999714783195611,0.0238820489102633,0.));
#2793=DIRECTION('center_axis',(0.,0.,1.));
#2794=DIRECTION('ref_axis',(-1.,0.,0.));
#2795=DIRECTION('',(0.,0.,1.));
#2796=DIRECTION('',(0.,0.,1.));
#2797=DIRECTION('center_axis',(0.,0.,-1.));
#2798=DIRECTION('ref_axis',(-1.,0.,0.));
#2799=DIRECTION('center_axis',(0.,-1.,0.));
#2800=DIRECTION('ref_axis',(1.,0.,0.));
#2801=DIRECTION('',(0.,0.,-1.));
#2802=DIRECTION('',(1.,0.,0.));
#2803=DIRECTION('center_axis',(0.,0.,1.));
#2804=DIRECTION('ref_axis',(-1.,0.,0.));
#2805=DIRECTION('',(1.83129571072191E-16,-1.,0.));
#2806=DIRECTION('center_axis',(1.,1.83129571072191E-16,0.));
#2807=DIRECTION('ref_axis',(-1.83129571072191E-16,1.,0.));
#2808=DIRECTION('',(0.,0.,1.));
#2809=DIRECTION('',(-1.83129571072191E-16,1.,0.));
#2810=DIRECTION('',(0.,0.,1.));
#2811=DIRECTION('center_axis',(0.,0.,1.));
#2812=DIRECTION('ref_axis',(1.,0.,0.));
#2813=DIRECTION('',(1.,0.,0.));
#2814=DIRECTION('center_axis',(0.,0.,1.));
#2815=DIRECTION('ref_axis',(-1.,0.,0.));
#2816=DIRECTION('center_axis',(0.,0.,1.));
#2817=DIRECTION('ref_axis',(-1.,0.,0.));
#2818=DIRECTION('',(0.,0.,1.));
#2819=DIRECTION('center_axis',(0.,0.,-1.));
#2820=DIRECTION('ref_axis',(-1.,0.,0.));
#2821=DIRECTION('',(0.,0.,1.));
#2822=DIRECTION('',(0.,0.,1.));
#2823=DIRECTION('center_axis',(1.,0.,0.));
#2824=DIRECTION('ref_axis',(0.,1.,0.));
#2825=DIRECTION('',(0.,1.,0.));
#2826=DIRECTION('center_axis',(0.,0.,1.));
#2827=DIRECTION('ref_axis',(-1.,0.,0.));
#2828=DIRECTION('center_axis',(0.,0.,-1.));
#2829=DIRECTION('ref_axis',(-5.9211894646675E-17,1.,0.));
#2830=DIRECTION('center_axis',(0.,0.,1.));
#2831=DIRECTION('ref_axis',(-5.9211894646675E-17,1.,0.));
#2832=DIRECTION('',(0.,0.,1.));
#2833=DIRECTION('center_axis',(0.,0.,-1.));
#2834=DIRECTION('ref_axis',(-5.9211894646675E-17,1.,0.));
#2835=DIRECTION('',(0.,0.,-1.));
#2836=DIRECTION('',(0.,0.,1.));
#2837=DIRECTION('center_axis',(0.,0.,1.));
#2838=DIRECTION('ref_axis',(-5.9211894646675E-17,1.,0.));
#2839=DIRECTION('',(0.,0.,1.));
#2840=DIRECTION('center_axis',(0.,0.,1.));
#2841=DIRECTION('ref_axis',(1.,0.,0.));
#2842=DIRECTION('',(0.,1.,0.));
#2843=DIRECTION('center_axis',(-1.,0.,0.));
#2844=DIRECTION('ref_axis',(0.,-1.,0.));
#2845=DIRECTION('',(0.,0.,1.));
#2846=DIRECTION('',(0.,0.,1.));
#2847=DIRECTION('',(0.,-1.,0.));
#2848=DIRECTION('',(0.,0.,1.));
#2849=DIRECTION('',(0.,0.,1.));
#2850=DIRECTION('center_axis',(0.,0.,1.));
#2851=DIRECTION('ref_axis',(1.,-5.00744598826542E-15,0.));
#2852=DIRECTION('center_axis',(0.,0.,1.));
#2853=DIRECTION('ref_axis',(-1.,0.,0.));
#2854=DIRECTION('center_axis',(0.,0.,1.));
#2855=DIRECTION('ref_axis',(-1.,0.,0.));
#2856=DIRECTION('center_axis',(0.,0.,1.));
#2857=DIRECTION('ref_axis',(-1.,0.,0.));
#2858=DIRECTION('center_axis',(1.,0.,0.));
#2859=DIRECTION('ref_axis',(0.,1.,0.));
#2860=DIRECTION('',(0.,1.,0.));
#2861=DIRECTION('center_axis',(0.,0.,1.));
#2862=DIRECTION('ref_axis',(-1.,0.,0.));
#2863=DIRECTION('center_axis',(0.,1.,0.));
#2864=DIRECTION('ref_axis',(-1.,0.,0.));
#2865=DIRECTION('',(-1.,0.,0.));
#2866=DIRECTION('center_axis',(0.,0.,1.));
#2867=DIRECTION('ref_axis',(-1.,0.,0.));
#2868=DIRECTION('center_axis',(-0.669130606358857,0.743144825477395,0.));
#2869=DIRECTION('ref_axis',(-0.743144825477395,-0.669130606358857,0.));
#2870=DIRECTION('',(0.,0.,-1.));
#2871=DIRECTION('',(-0.743144825477395,-0.669130606358857,0.));
#2872=DIRECTION('',(0.,0.,1.));
#2873=DIRECTION('center_axis',(0.,0.,1.));
#2874=DIRECTION('ref_axis',(-0.998629534754574,0.0523359562429454,0.));
#2875=DIRECTION('',(0.,0.,1.));
#2876=DIRECTION('center_axis',(0.,0.,-1.));
#2877=DIRECTION('ref_axis',(-0.998629534754574,0.0523359562429454,0.));
#2878=DIRECTION('center_axis',(-0.743144825477396,-0.669130606358856,0.));
#2879=DIRECTION('ref_axis',(0.669130606358856,-0.743144825477396,0.));
#2880=DIRECTION('',(0.,0.,-1.));
#2881=DIRECTION('',(0.669130606358856,-0.743144825477396,0.));
#2882=DIRECTION('center_axis',(0.,0.,1.));
#2883=DIRECTION('ref_axis',(-0.0523359562429434,-0.998629534754574,0.));
#2884=DIRECTION('',(0.,0.,1.));
#2885=DIRECTION('center_axis',(0.,0.,-1.));
#2886=DIRECTION('ref_axis',(-0.0523359562429434,-0.998629534754574,0.));
#2887=DIRECTION('center_axis',(0.66913060635886,-0.743144825477393,0.));
#2888=DIRECTION('ref_axis',(0.743144825477393,0.669130606358859,0.));
#2889=DIRECTION('',(0.,0.,-1.));
#2890=DIRECTION('',(0.743144825477393,0.669130606358859,0.));
#2891=DIRECTION('center_axis',(0.,0.,1.));
#2892=DIRECTION('ref_axis',(1.,0.,0.));
#2893=DIRECTION('center_axis',(0.,0.,-1.));
#2894=DIRECTION('ref_axis',(1.,0.,0.));
#2895=DIRECTION('center_axis',(0.,0.,-1.));
#2896=DIRECTION('ref_axis',(1.,0.,0.));
#2897=DIRECTION('center_axis',(0.,0.,1.));
#2898=DIRECTION('ref_axis',(0.0523359562429454,-0.998629534754574,0.));
#2899=DIRECTION('',(0.,0.,1.));
#2900=DIRECTION('center_axis',(0.,0.,-1.));
#2901=DIRECTION('ref_axis',(0.0523359562429454,-0.998629534754574,0.));
#2902=DIRECTION('',(0.,0.,-1.));
#2903=DIRECTION('center_axis',(0.743144825477395,-0.669130606358857,0.));
#2904=DIRECTION('ref_axis',(0.669130606358857,0.743144825477395,0.));
#2905=DIRECTION('',(0.,0.,-1.));
#2906=DIRECTION('',(0.669130606358857,0.743144825477395,0.));
#2907=DIRECTION('center_axis',(0.,0.,1.));
#2908=DIRECTION('ref_axis',(0.998629534754574,0.0523359562429455,0.));
#2909=DIRECTION('',(0.,0.,1.));
#2910=DIRECTION('center_axis',(0.,0.,-1.));
#2911=DIRECTION('ref_axis',(0.998629534754574,0.0523359562429455,0.));
#2912=DIRECTION('center_axis',(0.669130606358857,0.743144825477395,0.));
#2913=DIRECTION('ref_axis',(-0.743144825477395,0.669130606358857,0.));
#2914=DIRECTION('',(-0.743144825477395,0.669130606358857,0.));
#2915=DIRECTION('center_axis',(-0.669130606358856,-0.743144825477396,0.));
#2916=DIRECTION('ref_axis',(0.743144825477396,-0.669130606358856,0.));
#2917=DIRECTION('',(0.743144825477396,-0.669130606358856,0.));
#2918=DIRECTION('center_axis',(0.,0.,1.));
#2919=DIRECTION('ref_axis',(1.,0.,0.));
#2920=DIRECTION('center_axis',(0.,0.,-1.));
#2921=DIRECTION('ref_axis',(1.,0.,0.));
#2922=DIRECTION('center_axis',(0.,0.,1.));
#2923=DIRECTION('ref_axis',(1.,0.,0.));
#2924=DIRECTION('',(-0.743144825477395,0.669130606358857,0.));
#2925=DIRECTION('',(0.669130606358857,0.743144825477395,0.));
#2926=DIRECTION('',(0.743144825477396,-0.669130606358856,0.));
#2927=DIRECTION('center_axis',(0.,0.,1.));
#2928=DIRECTION('ref_axis',(-5.9211894646675E-17,1.,0.));
#2929=DIRECTION('center_axis',(0.,0.,1.));
#2930=DIRECTION('ref_axis',(1.,0.,0.));
#2931=DIRECTION('center_axis',(0.,0.,-1.));
#2932=DIRECTION('ref_axis',(1.,0.,0.));
#2933=DIRECTION('',(0.,0.,-1.));
#2934=DIRECTION('center_axis',(0.,0.,1.));
#2935=DIRECTION('ref_axis',(1.,0.,0.));
#2936=DIRECTION('center_axis',(0.,0.,-1.));
#2937=DIRECTION('ref_axis',(1.,0.,0.));
#2938=DIRECTION('',(0.,0.,-1.));
#2939=DIRECTION('center_axis',(0.,0.,1.));
#2940=DIRECTION('ref_axis',(1.,0.,0.));
#2941=DIRECTION('',(0.,0.,1.));
#2942=DIRECTION('center_axis',(-4.12528247938024E-16,-3.71442102830497E-16,
1.));
#2943=DIRECTION('ref_axis',(1.,0.,0.));
#2944=DIRECTION('',(0.,0.,-1.));
#2945=DIRECTION('center_axis',(0.,0.,-1.));
#2946=DIRECTION('ref_axis',(1.,0.,0.));
#2947=DIRECTION('',(0.,0.,1.));
#2948=DIRECTION('center_axis',(0.,0.,-1.));
#2949=DIRECTION('ref_axis',(1.,0.,0.));
#2950=DIRECTION('',(0.,0.,1.));
#2951=DIRECTION('center_axis',(0.,0.,-1.));
#2952=DIRECTION('ref_axis',(1.,0.,0.));
#2953=DIRECTION('center_axis',(0.,0.,1.));
#2954=DIRECTION('ref_axis',(1.,0.,0.));
#2955=DIRECTION('',(0.743144825477396,0.669130606358856,0.));
#2956=DIRECTION('',(1.83129571072191E-16,-1.,0.));
#2957=DIRECTION('',(-1.,0.,0.));
#2958=DIRECTION('',(0.,1.,0.));
#2959=DIRECTION('center_axis',(0.,0.,-1.));
#2960=DIRECTION('ref_axis',(-5.9211894646675E-17,1.,0.));
#2961=DIRECTION('',(0.743144825477396,-0.669130606358856,0.));
#2962=DIRECTION('',(0.669130606358857,0.743144825477395,0.));
#2963=DIRECTION('',(-0.743144825477395,0.669130606358857,0.));
#2964=DIRECTION('center_axis',(0.,0.,-1.));
#2965=DIRECTION('ref_axis',(-5.9211894646675E-17,1.,0.));
#2966=DIRECTION('',(1.,0.,0.));
#2967=DIRECTION('',(-0.743144825477395,-0.669130606358857,0.));
#2968=DIRECTION('',(0.669130606358856,-0.743144825477396,0.));
#2969=DIRECTION('center_axis',(0.,0.,1.));
#2970=DIRECTION('ref_axis',(-5.9211894646675E-17,1.,0.));
#2971=DIRECTION('',(0.,0.,1.));
#2972=DIRECTION('',(0.,0.,-1.));
#2973=DIRECTION('',(0.,0.,1.));
#2974=DIRECTION('center_axis',(0.,0.,-1.));
#2975=DIRECTION('ref_axis',(-5.9211894646675E-17,1.,0.));
#2976=DIRECTION('',(0.,0.,1.));
#2977=DIRECTION('center_axis',(0.743144825477395,-0.669130606358857,0.));
#2978=DIRECTION('ref_axis',(0.669130606358857,0.743144825477395,0.));
#2979=DIRECTION('',(0.,0.,1.));
#2980=DIRECTION('',(0.,0.,1.));
#2981=DIRECTION('center_axis',(-0.669130606358856,-0.743144825477396,0.));
#2982=DIRECTION('ref_axis',(0.743144825477396,-0.669130606358856,0.));
#2983=DIRECTION('center_axis',(0.669130606358857,0.743144825477395,0.));
#2984=DIRECTION('ref_axis',(-0.743144825477395,0.669130606358857,0.));
#2985=DIRECTION('center_axis',(-0.743144825477396,-0.669130606358856,0.));
#2986=DIRECTION('ref_axis',(0.669130606358856,-0.743144825477396,0.));
#2987=DIRECTION('',(0.,0.,1.));
#2988=DIRECTION('',(0.669130606358856,-0.743144825477396,0.));
#2989=DIRECTION('',(0.,0.,1.));
#2990=DIRECTION('center_axis',(-0.669130606358857,0.743144825477395,0.));
#2991=DIRECTION('ref_axis',(-0.743144825477395,-0.669130606358857,0.));
#2992=DIRECTION('',(-0.743144825477395,-0.669130606358857,0.));
#2993=DIRECTION('center_axis',(0.66913060635886,-0.743144825477393,0.));
#2994=DIRECTION('ref_axis',(0.743144825477393,0.669130606358859,0.));
#2995=DIRECTION('',(0.743144825477396,0.669130606358856,5.55111512312578E-16));
#2996=DIRECTION('center_axis',(0.,0.,1.));
#2997=DIRECTION('ref_axis',(1.,0.,0.));
#2998=DIRECTION('center_axis',(0.,0.,1.));
#2999=DIRECTION('ref_axis',(1.,0.,0.));
#3000=DIRECTION('',(-1.,0.,0.));
#3001=DIRECTION('',(0.,1.,0.));
#3002=DIRECTION('',(1.,0.,0.));
#3003=DIRECTION('',(0.,-1.,0.));
#3004=DIRECTION('center_axis',(0.,-1.,0.));
#3005=DIRECTION('ref_axis',(1.,0.,0.));
#3006=DIRECTION('',(0.,0.,1.));
#3007=DIRECTION('',(0.,0.,-1.));
#3008=DIRECTION('',(1.,0.,0.));
#3009=DIRECTION('',(0.,0.,1.));
#3010=DIRECTION('',(1.,0.,0.));
#3011=DIRECTION('',(0.,0.,1.));
#3012=DIRECTION('',(1.,0.,0.));
#3013=DIRECTION('',(0.,0.,1.));
#3014=DIRECTION('',(0.,0.,-1.));
#3015=DIRECTION('',(1.,0.,0.));
#3016=DIRECTION('',(0.,0.,-1.));
#3017=DIRECTION('',(1.,0.,0.));
#3018=DIRECTION('center_axis',(0.,0.,1.));
#3019=DIRECTION('ref_axis',(1.,0.,0.));
#3020=DIRECTION('',(-1.,0.,0.));
#3021=DIRECTION('',(0.,-1.,0.));
#3022=DIRECTION('',(-1.,0.,0.));
#3023=DIRECTION('',(0.,1.,0.));
#3024=DIRECTION('center_axis',(1.,0.,0.));
#3025=DIRECTION('ref_axis',(0.,1.,0.));
#3026=DIRECTION('',(0.,0.,-1.));
#3027=DIRECTION('',(0.,-1.,0.));
#3028=DIRECTION('center_axis',(0.,0.,1.));
#3029=DIRECTION('ref_axis',(1.,0.,0.));
#3030=DIRECTION('',(1.,0.,0.));
#3031=DIRECTION('',(0.,1.,0.));
#3032=DIRECTION('',(-1.,0.,0.));
#3033=DIRECTION('',(0.,-1.,0.));
#3034=DIRECTION('center_axis',(0.,0.,-1.));
#3035=DIRECTION('ref_axis',(1.,0.,0.));
#3036=DIRECTION('center_axis',(0.,0.,1.));
#3037=DIRECTION('ref_axis',(1.,0.,0.));
#3038=DIRECTION('',(0.,1.,0.));
#3039=DIRECTION('',(-1.,0.,0.));
#3040=DIRECTION('',(0.,-1.,0.));
#3041=DIRECTION('center_axis',(0.,0.,-1.));
#3042=DIRECTION('ref_axis',(1.,0.,0.));
#3043=DIRECTION('center_axis',(0.,0.,1.));
#3044=DIRECTION('ref_axis',(1.,0.,0.));
#3045=DIRECTION('',(-1.,0.,0.));
#3046=DIRECTION('',(0.,1.,0.));
#3047=DIRECTION('center_axis',(0.,0.,1.));
#3048=DIRECTION('ref_axis',(1.,0.,0.));
#3049=DIRECTION('',(-1.,0.,0.));
#3050=DIRECTION('',(0.,1.,0.));
#3051=DIRECTION('',(0.,-1.,0.));
#3052=DIRECTION('center_axis',(0.,-1.,0.));
#3053=DIRECTION('ref_axis',(1.,0.,0.));
#3054=DIRECTION('',(0.,0.,1.));
#3055=DIRECTION('',(0.,0.,1.));
#3056=DIRECTION('',(0.,0.,1.));
#3057=DIRECTION('center_axis',(0.,-1.,0.));
#3058=DIRECTION('ref_axis',(0.,0.,-1.));
#3059=DIRECTION('',(0.,0.,-1.));
#3060=DIRECTION('',(0.,0.,1.));
#3061=DIRECTION('center_axis',(-1.,0.,0.));
#3062=DIRECTION('ref_axis',(0.,0.,-1.));
#3063=DIRECTION('',(0.,0.,-1.));
#3064=DIRECTION('center_axis',(1.,0.,0.));
#3065=DIRECTION('ref_axis',(0.,0.,1.));
#3066=DIRECTION('',(0.,0.,1.));
#3067=DIRECTION('center_axis',(0.,1.,0.));
#3068=DIRECTION('ref_axis',(-1.,0.,0.));
#3069=DIRECTION('',(0.,0.,1.));
#3070=DIRECTION('',(0.,0.,1.));
#3071=DIRECTION('center_axis',(0.,0.,1.));
#3072=DIRECTION('ref_axis',(1.,0.,0.));
#3073=DIRECTION('center_axis',(0.,0.,-1.));
#3074=DIRECTION('ref_axis',(1.,0.,0.));
#3075=DIRECTION('',(0.857167300702112,-1.04972719113862E-16,-0.515038074910054));
#3076=DIRECTION('center_axis',(0.,0.,-1.));
#3077=DIRECTION('ref_axis',(1.,0.,0.));
#3078=DIRECTION('',(0.,0.,-1.));
#3079=DIRECTION('center_axis',(0.,0.,1.));
#3080=DIRECTION('ref_axis',(1.,0.,0.));
#3081=DIRECTION('center_axis',(0.,0.,-1.));
#3082=DIRECTION('ref_axis',(1.,0.,0.));
#3083=DIRECTION('',(0.857167300702112,-1.04972719113862E-16,-0.515038074910054));
#3084=DIRECTION('center_axis',(0.,0.,-1.));
#3085=DIRECTION('ref_axis',(1.,0.,0.));
#3086=DIRECTION('',(0.,0.,-1.));
#3087=DIRECTION('center_axis',(0.,-1.,0.));
#3088=DIRECTION('ref_axis',(1.,0.,0.));
#3089=DIRECTION('',(0.,0.,1.));
#3090=DIRECTION('',(0.,0.,1.));
#3091=DIRECTION('center_axis',(-1.,0.,0.));
#3092=DIRECTION('ref_axis',(0.,-1.,0.));
#3093=DIRECTION('center_axis',(-1.,0.,0.));
#3094=DIRECTION('ref_axis',(0.,-1.,0.));
#3095=DIRECTION('center_axis',(0.,1.,0.));
#3096=DIRECTION('ref_axis',(-1.,0.,0.));
#3097=DIRECTION('',(0.,0.,1.));
#3098=DIRECTION('',(-1.,0.,0.));
#3099=DIRECTION('center_axis',(0.,0.,1.));
#3100=DIRECTION('ref_axis',(1.,0.,0.));
#3101=DIRECTION('center_axis',(0.,0.,1.));
#3102=DIRECTION('ref_axis',(1.,0.,0.));
#3103=DIRECTION('center_axis',(-1.,0.,0.));
#3104=DIRECTION('ref_axis',(0.,-1.,0.));
#3105=DIRECTION('',(0.,-1.,0.));
#3106=DIRECTION('',(0.,0.,1.));
#3107=DIRECTION('center_axis',(0.,0.,1.));
#3108=DIRECTION('ref_axis',(1.,0.,0.));
#3109=DIRECTION('',(-1.,0.,0.));
#3110=DIRECTION('',(1.83129571072191E-16,-1.,0.));
#3111=DIRECTION('',(1.,0.,0.));
#3112=DIRECTION('',(0.,1.,0.));
#3113=DIRECTION('',(-1.,0.,0.));
#3114=DIRECTION('center_axis',(-1.,0.,0.));
#3115=DIRECTION('ref_axis',(0.,-1.,0.));
#3116=DIRECTION('',(0.,0.,1.));
#3117=DIRECTION('center_axis',(0.,1.,0.));
#3118=DIRECTION('ref_axis',(-1.,0.,0.));
#3119=DIRECTION('center_axis',(1.,1.83129571072191E-16,0.));
#3120=DIRECTION('ref_axis',(-1.83129571072191E-16,1.,0.));
#3121=DIRECTION('',(0.,0.,-1.));
#3122=DIRECTION('center_axis',(0.,-1.,0.));
#3123=DIRECTION('ref_axis',(0.,0.,-1.));
#3124=DIRECTION('center_axis',(1.,0.,0.));
#3125=DIRECTION('ref_axis',(0.,1.,0.));
#3126=DIRECTION('center_axis',(-1.,0.,0.));
#3127=DIRECTION('ref_axis',(0.,-1.,0.));
#3128=CARTESIAN_POINT('',(0.,0.,0.));
#3129=CARTESIAN_POINT('Origin',(42.7447223194236,24.5780694450739,3.));
#3130=CARTESIAN_POINT('',(42.7447223194236,25.5536238698414,23.));
#3131=CARTESIAN_POINT('',(42.7447223194236,25.5536238698414,3.));
#3132=CARTESIAN_POINT('',(42.7447223194236,25.5536238698414,3.));
#3133=CARTESIAN_POINT('',(42.7447223194236,25.5780694450739,23.));
#3134=CARTESIAN_POINT('',(42.7447223194235,24.8280694450739,23.));
#3135=CARTESIAN_POINT('',(42.7447223194236,25.5780694450739,38.856));
#3136=CARTESIAN_POINT('',(42.7447223194236,25.5780694450739,3.));
#3137=CARTESIAN_POINT('',(42.7447223194236,24.5780694450739,38.856));
#3138=CARTESIAN_POINT('',(42.7447223194236,24.5780694450739,38.856));
#3139=CARTESIAN_POINT('',(42.7447223194236,24.5780694450739,3.));
#3140=CARTESIAN_POINT('',(42.7447223194236,24.5780694450739,3.));
#3141=CARTESIAN_POINT('',(42.7447223194236,40.2890348271323,3.));
#3142=CARTESIAN_POINT('Origin',(-42.7616916385922,25.5780694450739,3.));
#3143=CARTESIAN_POINT('',(-42.7616916385922,24.5780694450739,23.));
#3144=CARTESIAN_POINT('',(-42.7616916385922,25.5780694450739,23.));
#3145=CARTESIAN_POINT('',(-42.7616916385922,25.3280694450739,23.));
#3146=CARTESIAN_POINT('',(-42.7616916385922,24.5780694450739,38.856));
#3147=CARTESIAN_POINT('',(-42.7616916385922,24.5780694450739,3.));
#3148=CARTESIAN_POINT('',(-42.7616916385922,25.5780694450739,38.856));
#3149=CARTESIAN_POINT('',(-42.7616916385922,25.5780694450739,38.856));
#3150=CARTESIAN_POINT('',(-42.7616916385922,25.5780694450739,3.));
#3151=CARTESIAN_POINT('Origin',(-42.4216916385922,24.5780694450739,3.));
#3152=CARTESIAN_POINT('',(-42.7680277441172,24.5780694450739,23.));
#3153=CARTESIAN_POINT('',(-44.3675881490883,24.5780694450739,23.));
#3154=CARTESIAN_POINT('',(-42.7680277441172,24.5780694450739,38.856));
#3155=CARTESIAN_POINT('',(-42.7680277441172,24.5780694450739,3.));
#3156=CARTESIAN_POINT('',(-42.4216916385922,24.5780694450739,38.856));
#3157=CARTESIAN_POINT('Origin',(-24.612140319654,71.467302746421,4.));
#3158=CARTESIAN_POINT('',(-46.4592249001914,72.467302746421,4.));
#3159=CARTESIAN_POINT('',(-49.3491324215865,72.467302746421,4.));
#3160=CARTESIAN_POINT('',(-24.612140319654,72.467302746421,4.));
#3161=CARTESIAN_POINT('',(-49.5523494143616,71.467302746421,3.));
#3162=CARTESIAN_POINT('Ctrl Pts',(-49.5523494143616,71.467302746421,3.));
#3163=CARTESIAN_POINT('Ctrl Pts',(-49.5285361342713,71.5932409606747,3.));
#3164=CARTESIAN_POINT('Ctrl Pts',(-49.5023989010532,71.7275705695974,3.02521963615812));
#3165=CARTESIAN_POINT('Ctrl Pts',(-49.4529559634332,71.9748944725972,3.12805577352852));
#3166=CARTESIAN_POINT('Ctrl Pts',(-49.4296865075948,72.0878932587748,3.2056788958286));
#3167=CARTESIAN_POINT('Ctrl Pts',(-49.3927202137073,72.2646341026444,3.38382309059743));
#3168=CARTESIAN_POINT('Ctrl Pts',(-49.3764275942046,72.3408834894555,3.49554735832251));
#3169=CARTESIAN_POINT('Ctrl Pts',(-49.354612187964,72.442227023822,3.74088916073778));
#3170=CARTESIAN_POINT('Ctrl Pts',(-49.3491324215865,72.467302746421,3.87451812917704));
#3171=CARTESIAN_POINT('Ctrl Pts',(-49.3491324215865,72.467302746421,4.));
#3172=CARTESIAN_POINT('',(-47.2309385739251,71.467302746421,3.));
#3173=CARTESIAN_POINT('',(-24.612140319654,71.467302746421,3.));
#3174=CARTESIAN_POINT('Ctrl Pts',(-47.2309385739251,71.467302746421,3.));
#3175=CARTESIAN_POINT('Ctrl Pts',(-47.2299022875683,71.4687803391166,3.));
#3176=CARTESIAN_POINT('Ctrl Pts',(-47.228865745744,71.4702577532075,3.00000327492014));
#3177=CARTESIAN_POINT('Ctrl Pts',(-47.151803637015,71.5800562849265,3.00048993220523));
#3178=CARTESIAN_POINT('Ctrl Pts',(-47.0742413639748,71.6875669618247,3.0185712462184));
#3179=CARTESIAN_POINT('Ctrl Pts',(-46.9234797193785,71.8907060594043,3.08783543443259));
#3180=CARTESIAN_POINT('Ctrl Pts',(-46.8497760329862,71.9870983027532,3.13863921979443));
#3181=CARTESIAN_POINT('Ctrl Pts',(-46.7081303171332,72.1675914957606,3.2766077726406));
#3182=CARTESIAN_POINT('Ctrl Pts',(-46.6403340309373,72.2511504432932,3.36638004835919));
#3183=CARTESIAN_POINT('Ctrl Pts',(-46.5417372933212,72.370285538075,3.55878528156506));
#3184=CARTESIAN_POINT('Ctrl Pts',(-46.5066178393114,72.4117562109201,3.65439222928095));
#3185=CARTESIAN_POINT('Ctrl Pts',(-46.4679178194991,72.4572028322515,3.83673586628902));
#3186=CARTESIAN_POINT('Ctrl Pts',(-46.4592249001914,72.467302746421,3.91788142728666));
#3187=CARTESIAN_POINT('Ctrl Pts',(-46.4592249001914,72.467302746421,4.));
#3188=CARTESIAN_POINT('Origin',(-43.0000006407499,73.0000010877848,4.));
#3189=CARTESIAN_POINT('',(-46.4686645275853,73.467302746421,4.));
#3190=CARTESIAN_POINT('Origin',(-43.0000006407499,73.0000010877848,4.));
#3191=CARTESIAN_POINT('',(-47.2540605654058,74.467302746421,3.));
#3192=CARTESIAN_POINT('Origin',(-43.0000006407499,73.0000010877848,3.));
#3193=CARTESIAN_POINT('Ctrl Pts',(-47.2540605654058,74.467302746421,3.));
#3194=CARTESIAN_POINT('Ctrl Pts',(-47.2530079071289,74.4658261500417,3.));
#3195=CARTESIAN_POINT('Ctrl Pts',(-47.2519549894967,74.4643497379301,3.00000327050515));
#3196=CARTESIAN_POINT('Ctrl Pts',(-47.1703300954807,74.3499369875893,3.00051003535282));
#3197=CARTESIAN_POINT('Ctrl Pts',(-47.0880631652676,74.2379278863505,3.02013359836625));
#3198=CARTESIAN_POINT('Ctrl Pts',(-46.9286768229152,74.0273061825838,3.09520544703571));
#3199=CARTESIAN_POINT('Ctrl Pts',(-46.8509522113321,73.9277907620597,3.15019093485462));
#3200=CARTESIAN_POINT('Ctrl Pts',(-46.7072609661143,73.7487324395271,3.29506504661644));
#3201=CARTESIAN_POINT('Ctrl Pts',(-46.6407876964312,73.6685846652601,3.38556277274987));
#3202=CARTESIAN_POINT('Ctrl Pts',(-46.5450236134426,73.5553035886885,3.57805034436065));
#3203=CARTESIAN_POINT('Ctrl Pts',(-46.5113419189626,73.5163460181156,3.67317956826287));
#3204=CARTESIAN_POINT('Ctrl Pts',(-46.4762107386858,73.4759080063121,3.84911815405893));
#3205=CARTESIAN_POINT('Ctrl Pts',(-46.4686645275853,73.467302746421,3.9242086442741));
#3206=CARTESIAN_POINT('Ctrl Pts',(-46.4686645275853,73.467302746421,4.));
#3207=CARTESIAN_POINT('Origin',(-22.8179393411191,74.467302746421,4.));
#3208=CARTESIAN_POINT('',(-48.8563894218677,74.467302746421,3.));
#3209=CARTESIAN_POINT('',(-22.8179393411191,74.467302746421,3.));
#3210=CARTESIAN_POINT('',(-49.1173290537933,73.467302746421,4.));
#3211=CARTESIAN_POINT('Ctrl Pts',(-49.1173290537933,73.467302746421,4.));
#3212=CARTESIAN_POINT('Ctrl Pts',(-49.1173290537933,73.467302746421,3.87470578661866));
#3213=CARTESIAN_POINT('Ctrl Pts',(-49.1111972869967,73.4923145907439,3.74132129311146));
#3214=CARTESIAN_POINT('Ctrl Pts',(-49.0861357615921,73.5931770811201,3.49659073488783));
#3215=CARTESIAN_POINT('Ctrl Pts',(-49.0671719437893,73.669004536504,3.38523860202996));
#3216=CARTESIAN_POINT('Ctrl Pts',(-49.0221833775652,73.8456400381272,3.2063106146051));
#3217=CARTESIAN_POINT('Ctrl Pts',(-48.9928265518937,73.9594009933132,3.12817082621272));
#3218=CARTESIAN_POINT('Ctrl Pts',(-48.9272393814201,74.2075208415527,3.02503145847671));
#3219=CARTESIAN_POINT('Ctrl Pts',(-48.8909761290266,74.3418577816881,3.));
#3220=CARTESIAN_POINT('Ctrl Pts',(-48.8563894218677,74.467302746421,3.));
#3221=CARTESIAN_POINT('',(-22.8179393411191,73.467302746421,4.));
#3222=CARTESIAN_POINT('Origin',(0.12485178227859,56.0000002091908,3.));
#3223=CARTESIAN_POINT('',(-50.2052776805765,64.5000002091908,3.));
#3224=CARTESIAN_POINT('Origin',(-12.7052776805765,64.5000002091908,3.));
#3225=CARTESIAN_POINT('',(-50.2052776805765,26.5780694450739,3.));
#3226=CARTESIAN_POINT('',(-50.2052776805765,60.2500002091908,3.));
#3227=CARTESIAN_POINT('',(-44.2142262665911,26.5780694450739,3.));
#3228=CARTESIAN_POINT('',(-21.1484199281568,26.5780694450739,3.));
#3229=CARTESIAN_POINT('',(-44.2694399547382,23.5780694450739,3.));
#3230=CARTESIAN_POINT('Origin',(-40.0000005960464,25.000000372529,3.));
#3231=CARTESIAN_POINT('',(-50.2052776805765,23.5780694450739,3.));
#3232=CARTESIAN_POINT('',(-25.0402129491489,23.5780694450739,3.));
#3233=CARTESIAN_POINT('',(-50.2052776805765,16.0000002091908,3.));
#3234=CARTESIAN_POINT('',(-50.2052776805765,60.2500002091908,3.));
#3235=CARTESIAN_POINT('',(50.4549839947577,16.0000002091908,3.));
#3236=CARTESIAN_POINT('',(-25.0402129491489,16.0000002091908,3.));
#3237=CARTESIAN_POINT('',(50.4549839947577,23.5780694450739,3.));
#3238=CARTESIAN_POINT('',(50.4549839947577,36.0000002091908,3.));
#3239=CARTESIAN_POINT('',(44.269439482762,23.5780694450739,3.));
#3240=CARTESIAN_POINT('',(21.446439493567,23.5780694450739,3.));
#3241=CARTESIAN_POINT('',(44.2142255310465,26.5780694450739,3.));
#3242=CARTESIAN_POINT('Origin',(40.,25.,3.));
#3243=CARTESIAN_POINT('',(50.4549839947577,26.5780694450739,3.));
#3244=CARTESIAN_POINT('',(25.2899178885181,26.5780694450739,3.));
#3245=CARTESIAN_POINT('',(50.4549839947577,64.5000002091907,3.));
#3246=CARTESIAN_POINT('',(50.4549839947577,36.0000002091908,3.));
#3247=CARTESIAN_POINT('',(49.8016268406846,71.4695705678788,3.));
#3248=CARTESIAN_POINT('Origin',(12.9549839947576,64.5000002091907,3.));
#3249=CARTESIAN_POINT('',(47.2317594322397,71.4695705678788,3.));
#3250=CARTESIAN_POINT('',(22.9425987088285,71.4695705678788,3.));
#3251=CARTESIAN_POINT('',(47.2532776713911,74.4695705678788,3.));
#3252=CARTESIAN_POINT('Origin',(43.0000006407499,73.0000010728836,3.));
#3253=CARTESIAN_POINT('',(49.1054703934656,74.4695705678788,3.));
#3254=CARTESIAN_POINT('',(24.7456642861569,74.4695705678788,3.));
#3255=CARTESIAN_POINT('',(45.1387608298913,83.7471950340559,3.));
#3256=CARTESIAN_POINT('Origin',(12.9549839947576,64.5000002091907,3.));
#3257=CARTESIAN_POINT('',(35.2697274220144,74.8610774402931,3.));
#3258=CARTESIAN_POINT('',(19.9467289505043,61.0641876457757,3.));
#3259=CARTESIAN_POINT('',(31.7390388424238,75.0461129880894,3.));
#3260=CARTESIAN_POINT('Origin',(33.5969009061173,76.7189395039866,3.));
#3261=CARTESIAN_POINT('',(22.3712103533998,85.4501405447729,3.));
#3262=CARTESIAN_POINT('',(23.8767542177073,83.7780646874487,3.));
#3263=CARTESIAN_POINT('',(22.5562459011961,88.9808291243636,3.));
#3264=CARTESIAN_POINT('Origin',(24.2290724170933,87.1229670606701,3.));
#3265=CARTESIAN_POINT('',(31.5405517388186,97.0703344357675,3.));
#3266=CARTESIAN_POINT('',(12.654331380344,80.0651052434968,3.));
#3267=CARTESIAN_POINT('',(12.9549839947576,102.000000209191,3.));
#3268=CARTESIAN_POINT('Origin',(12.9549839947576,64.5000002091907,3.));
#3269=CARTESIAN_POINT('',(-12.7052776805765,102.000000209191,3.));
#3270=CARTESIAN_POINT('',(6.53991788851812,102.000000209191,3.));
#3271=CARTESIAN_POINT('',(-31.2908454246375,97.0703344357675,3.));
#3272=CARTESIAN_POINT('Origin',(-12.7052776805765,64.5000002091908,3.));
#3273=CARTESIAN_POINT('',(-22.306539587015,88.9808291243635,3.));
#3274=CARTESIAN_POINT('',(-6.98354187476434,75.1839400134865,3.));
#3275=CARTESIAN_POINT('',(-22.1215040392186,85.4501405447729,3.));
#3276=CARTESIAN_POINT('Origin',(-23.9793661029121,87.12296706067,3.));
#3277=CARTESIAN_POINT('',(-31.4893337594115,75.0461116207378,3.));
#3278=CARTESIAN_POINT('',(-29.9837898950722,76.7181874780974,3.));
#3279=CARTESIAN_POINT('',(-35.0200223390022,74.8610760729414,3.));
#3280=CARTESIAN_POINT('Origin',(-33.347195823105,76.7189381366349,3.));
#3281=CARTESIAN_POINT('',(-44.8890554781474,83.7471934247372,3.));
#3282=CARTESIAN_POINT('',(-25.5604722281709,66.3436588959109,3.));
#3283=CARTESIAN_POINT('Origin',(-12.7052776805765,64.5000002091908,3.));
#3284=CARTESIAN_POINT('',(7.77485178227859,67.5159959439192,3.));
#3285=CARTESIAN_POINT('',(7.77485178227859,33.4159959439192,3.));
#3286=CARTESIAN_POINT('',(7.77485178227859,44.707998076555,3.));
#3287=CARTESIAN_POINT('',(-7.52514821772141,33.4159959439192,3.));
#3288=CARTESIAN_POINT('',(-3.70014821772141,33.4159959439192,3.));
#3289=CARTESIAN_POINT('',(-7.52514821772142,62.0159959439192,3.));
#3290=CARTESIAN_POINT('',(-7.52514821772141,47.457998076555,3.));
#3291=CARTESIAN_POINT('',(-7.59999983012676,62.0159959439192,3.));
#3292=CARTESIAN_POINT('',(-3.73757402392409,62.0159959439192,3.));
#3293=CARTESIAN_POINT('',(-7.59999983012676,67.5159959439192,3.));
#3294=CARTESIAN_POINT('',(-7.59999983012676,61.757998076555,3.));
#3295=CARTESIAN_POINT('',(-5.00000007450581,67.5159959439192,3.00000004470348));
#3296=CARTESIAN_POINT('',(3.94985178227859,67.5159959439192,3.));
#3297=CARTESIAN_POINT('',(-5.00000007450581,62.0159959439192,3.00000004470348));
#3298=CARTESIAN_POINT('',(-5.00000007450581,67.5159959439192,3.00000004470348));
#3299=CARTESIAN_POINT('',(5.00000007450581,62.0159959439192,3.00000004470348));
#3300=CARTESIAN_POINT('',(5.00000007450581,62.0159959439192,3.00000004470348));
#3301=CARTESIAN_POINT('',(5.00000007450581,67.5159959439192,3.00000004470348));
#3302=CARTESIAN_POINT('',(5.00000007450581,67.5159959439192,3.00000004470348));
#3303=CARTESIAN_POINT('',(3.94985178227859,67.5159959439192,3.));
#3304=CARTESIAN_POINT('Origin',(-49.3491324215865,72.467302746421,3.));
#3305=CARTESIAN_POINT('',(-46.4592249001914,72.467302746421,7.));
#3306=CARTESIAN_POINT('',(-46.4592249001914,72.467302746421,3.));
#3307=CARTESIAN_POINT('',(-45.7607304645168,72.467302746421,7.));
#3308=CARTESIAN_POINT('',(-46.1667325028771,72.467302746421,7.));
#3309=CARTESIAN_POINT('',(-45.7607304645168,72.467302746421,23.));
#3310=CARTESIAN_POINT('',(-45.7607304645168,72.467302746421,3.));
#3311=CARTESIAN_POINT('',(-49.3491324215865,72.467302746421,23.));
#3312=CARTESIAN_POINT('',(-49.5000007376075,72.467302746421,23.));
#3313=CARTESIAN_POINT('',(-49.3491324215865,72.467302746421,2.));
#3314=CARTESIAN_POINT('Origin',(24.7456642861569,74.4695705678788,4.));
#3315=CARTESIAN_POINT('',(46.4683582476541,73.4695705678788,4.));
#3316=CARTESIAN_POINT('',(49.3664767900352,73.4695705678788,4.));
#3317=CARTESIAN_POINT('',(24.7456642861569,73.4695705678788,4.));
#3318=CARTESIAN_POINT('Ctrl Pts',(49.1054703934656,74.4695705678788,3.));
#3319=CARTESIAN_POINT('Ctrl Pts',(49.14006557455,74.3441255809579,3.));
#3320=CARTESIAN_POINT('Ctrl Pts',(49.1763379158826,74.2097884180621,3.02503145584795));
#3321=CARTESIAN_POINT('Ctrl Pts',(49.2419419078923,73.9616677339295,3.12817137995124));
#3322=CARTESIAN_POINT('Ctrl Pts',(49.2713064641194,73.8479061725128,3.2063117398788));
#3323=CARTESIAN_POINT('Ctrl Pts',(49.3163066313641,73.6712711646841,3.38524037282121));
#3324=CARTESIAN_POINT('Ctrl Pts',(49.3352753295606,73.5954442765292,3.49659195215219));
#3325=CARTESIAN_POINT('Ctrl Pts',(49.3603433807039,73.4945823761369,3.74132168238696));
#3326=CARTESIAN_POINT('Ctrl Pts',(49.3664767900352,73.4695705678788,3.87470590626148));
#3327=CARTESIAN_POINT('Ctrl Pts',(49.3664767900352,73.4695705678788,4.));
#3328=CARTESIAN_POINT('Ctrl Pts',(47.2532776713911,74.4695705678788,3.));
#3329=CARTESIAN_POINT('Ctrl Pts',(47.2522255822342,74.4680939372028,3.));
#3330=CARTESIAN_POINT('Ctrl Pts',(47.2511732338508,74.4666174905875,3.0000032706571));
#3331=CARTESIAN_POINT('Ctrl Pts',(47.1697052685841,74.3523602497849,3.00050935853632));
#3332=CARTESIAN_POINT('Ctrl Pts',(47.0876012576206,74.2405039396562,3.02007962768787));
#3333=CARTESIAN_POINT('Ctrl Pts',(46.9285109777726,74.0301323683496,3.09495186933358));
#3334=CARTESIAN_POINT('Ctrl Pts',(46.8509242608278,73.9307207451616,3.14979373088145));
#3335=CARTESIAN_POINT('Ctrl Pts',(46.7073012576685,73.7516098150016,3.29443401670599));
#3336=CARTESIAN_POINT('Ctrl Pts',(46.6407824118907,73.6713463789069,3.38490991446592));
#3337=CARTESIAN_POINT('Ctrl Pts',(46.5449218375447,73.5578681654035,3.57739896590595));
#3338=CARTESIAN_POINT('Ctrl Pts',(46.5111914468379,73.5188264078071,3.67254582534315));
#3339=CARTESIAN_POINT('Ctrl Pts',(46.4759417583067,73.4782239588793,3.84870272258024));
#3340=CARTESIAN_POINT('Ctrl Pts',(46.4683582476541,73.4695705678788,3.92399673924014));
#3341=CARTESIAN_POINT('Ctrl Pts',(46.4683582476541,73.4695705678788,4.));
#3342=CARTESIAN_POINT('Origin',(43.0000006407499,73.0000010728836,4.));
#3343=CARTESIAN_POINT('',(46.4595733715016,72.4695705678788,4.));
#3344=CARTESIAN_POINT('Origin',(43.0000006407499,73.0000010728836,4.));
#3345=CARTESIAN_POINT('Ctrl Pts',(47.2317594322397,71.4695705678788,3.));
#3346=CARTESIAN_POINT('Ctrl Pts',(47.2307225794699,71.4710481257643,3.));
#3347=CARTESIAN_POINT('Ctrl Pts',(47.2296854710984,71.4725255048502,3.00000327476583));
#3348=CARTESIAN_POINT('Ctrl Pts',(47.1524644905286,71.5824876744296,3.00049064579115));
#3349=CARTESIAN_POINT('Ctrl Pts',(47.0747373900434,71.6901596010315,3.01862594730225));
#3350=CARTESIAN_POINT('Ctrl Pts',(46.9236742291987,71.8935668637053,3.0880929475698));
#3351=CARTESIAN_POINT('Ctrl Pts',(46.8498294947342,71.9900720786067,3.13904310114554));
#3352=CARTESIAN_POINT('Ctrl Pts',(46.7081100505707,72.1705185315448,3.27725688689033));
#3353=CARTESIAN_POINT('Ctrl Pts',(46.6403599303182,72.2539565192293,3.36705778824699));
#3354=CARTESIAN_POINT('Ctrl Pts',(46.5418631818202,72.3728825975098,3.5594704197398));
#3355=CARTESIAN_POINT('Ctrl Pts',(46.5067947760544,72.4142630694255,3.65506193143932));
#3356=CARTESIAN_POINT('Ctrl Pts',(46.4682239451382,72.4595263775695,3.83717965301454));
#3357=CARTESIAN_POINT('Ctrl Pts',(46.4595733715016,72.4695705678788,3.91810860520918));
#3358=CARTESIAN_POINT('Ctrl Pts',(46.4595733715016,72.4695705678788,4.));
#3359=CARTESIAN_POINT('Origin',(22.9425987088285,71.4695705678788,4.));
#3360=CARTESIAN_POINT('',(49.5983455804244,72.4695705678788,4.));
#3361=CARTESIAN_POINT('Ctrl Pts',(49.5983455804244,72.4695705678788,4.));
#3362=CARTESIAN_POINT('Ctrl Pts',(49.5983455804244,72.4695705678788,3.87451819282813));
#3363=CARTESIAN_POINT('Ctrl Pts',(49.6038269692363,72.4444948620513,3.74088941996296));
#3364=CARTESIAN_POINT('Ctrl Pts',(49.6256488397918,72.3431517743197,3.49554826155722));
#3365=CARTESIAN_POINT('Ctrl Pts',(49.6419462958178,72.2669028284267,3.38382443609582));
#3366=CARTESIAN_POINT('Ctrl Pts',(49.6789238969657,72.0901624582255,3.20567984147561));
#3367=CARTESIAN_POINT('Ctrl Pts',(49.7022007074497,71.9771632922089,3.1280562978254));
#3368=CARTESIAN_POINT('Ctrl Pts',(49.7516596337239,71.7298387841483,3.02521969033592));
#3369=CARTESIAN_POINT('Ctrl Pts',(49.7778055004983,71.5955089498425,3.));
#3370=CARTESIAN_POINT('Ctrl Pts',(49.8016268406846,71.4695705678788,3.));
#3371=CARTESIAN_POINT('',(22.9425987088285,72.4695705678788,4.));
#3372=CARTESIAN_POINT('Origin',(49.3664767900351,73.4695705678788,3.));
#3373=CARTESIAN_POINT('',(46.4683582476541,73.4695705678788,7.));
#3374=CARTESIAN_POINT('',(46.4683582476541,73.4695705678788,3.));
#3375=CARTESIAN_POINT('',(45.7603456353783,73.4695705678788,7.));
#3376=CARTESIAN_POINT('',(46.1753281171186,73.4695705678788,7.));
#3377=CARTESIAN_POINT('',(45.7603456353783,73.4695705678788,23.));
#3378=CARTESIAN_POINT('',(45.7603456353783,73.4695705678788,3.));
#3379=CARTESIAN_POINT('',(49.3664767900351,73.4695705678788,23.));
#3380=CARTESIAN_POINT('',(45.7603456353783,73.4695705678788,23.));
#3381=CARTESIAN_POINT('',(49.3664767900352,73.4695705678788,2.));
#3382=CARTESIAN_POINT('Origin',(25.2899178885181,26.5780694450739,4.));
#3383=CARTESIAN_POINT('',(43.4519321715051,25.5780694450739,4.));
#3384=CARTESIAN_POINT('',(50.4549839947577,25.5780694450739,4.));
#3385=CARTESIAN_POINT('',(25.2899178885181,25.5780694450739,4.));
#3386=CARTESIAN_POINT('Origin',(50.4549839947577,26.5780694450739,4.));
#3387=CARTESIAN_POINT('Ctrl Pts',(44.2142255310465,26.5780694450739,3.));
#3388=CARTESIAN_POINT('Ctrl Pts',(44.2132005573317,26.5765911517619,3.));
#3389=CARTESIAN_POINT('Ctrl Pts',(44.2121753308434,26.5751130332038,3.00000327802654));
#3390=CARTESIAN_POINT('Ctrl Pts',(44.1383087048697,26.4686548454845,3.00047535498311));
#3391=CARTESIAN_POINT('Ctrl Pts',(44.0640585215973,26.3644363142885,3.01747229195848));
#3392=CARTESIAN_POINT('Ctrl Pts',(43.9193747962403,26.1668091226318,3.08265641537761));
#3393=CARTESIAN_POINT('Ctrl Pts',(43.8485191469713,26.0727520029056,3.13051252833737));
#3394=CARTESIAN_POINT('Ctrl Pts',(43.7083935398856,25.8913743102781,3.26348468689308));
#3395=CARTESIAN_POINT('Ctrl Pts',(43.6396698732606,25.8053542074257,3.3526278139538));
#3396=CARTESIAN_POINT('Ctrl Pts',(43.5390457216672,25.6819427488637,3.54481029155237));
#3397=CARTESIAN_POINT('Ctrl Pts',(43.502886261814,25.6386188664198,3.64070713854515));
#3398=CARTESIAN_POINT('Ctrl Pts',(43.4615145944644,25.5893486411876,3.82762757150211));
#3399=CARTESIAN_POINT('Ctrl Pts',(43.4519321715051,25.5780694450739,3.91321191573805));
#3400=CARTESIAN_POINT('Ctrl Pts',(43.4519321715051,25.5780694450739,4.));
#3401=CARTESIAN_POINT('Origin',(40.,25.,4.));
#3402=CARTESIAN_POINT('',(43.4744747238712,24.5780694450739,4.));
#3403=CARTESIAN_POINT('Ctrl Pts',(44.269439482762,23.5780694450739,3.));
#3404=CARTESIAN_POINT('Ctrl Pts',(44.2683754168823,23.579545358779,3.));
#3405=CARTESIAN_POINT('Ctrl Pts',(44.2673110889332,23.5810210842257,3.00000326748175));
#3406=CARTESIAN_POINT('Ctrl Pts',(44.1825604289944,23.6984866623426,3.00052331214057));
#3407=CARTESIAN_POINT('Ctrl Pts',(44.0970456713441,23.8134942758373,3.02120773294217));
#3408=CARTESIAN_POINT('Ctrl Pts',(43.9317744766292,24.028992371281,3.100246828615));
#3409=CARTESIAN_POINT('Ctrl Pts',(43.8513126407663,24.1305204222803,3.15808404389483));
#3410=CARTESIAN_POINT('Ctrl Pts',(43.7062941803196,24.3084875755685,3.30755400797223));
#3411=CARTESIAN_POINT('Ctrl Pts',(43.6407277184356,24.3863601098008,3.39844177478851));
#3412=CARTESIAN_POINT('Ctrl Pts',(43.546868330244,24.4957820764973,3.59083959306283));
#3413=CARTESIAN_POINT('Ctrl Pts',(43.5141440276304,24.5330977883345,3.68560140789184));
#3414=CARTESIAN_POINT('Ctrl Pts',(43.4813090356163,24.5703761032115,3.85722973459007));
#3415=CARTESIAN_POINT('Ctrl Pts',(43.4744747238712,24.5780694450739,3.9283411636891));
#3416=CARTESIAN_POINT('Ctrl Pts',(43.4744747238712,24.5780694450739,4.));
#3417=CARTESIAN_POINT('Origin',(40.,25.,4.));
#3418=CARTESIAN_POINT('Origin',(21.446439493567,23.5780694450739,4.));
#3419=CARTESIAN_POINT('',(50.4549839947577,24.5780694450739,4.));
#3420=CARTESIAN_POINT('Origin',(50.4549839947577,23.5780694450739,4.));
#3421=CARTESIAN_POINT('',(21.446439493567,24.5780694450739,4.));
#3422=CARTESIAN_POINT('Origin',(50.4549839947577,25.5780694450739,3.));
#3423=CARTESIAN_POINT('',(50.4549839947577,25.5780694450739,23.));
#3424=CARTESIAN_POINT('',(42.6947223194236,25.5780694450739,23.));
#3425=CARTESIAN_POINT('',(50.4549839947577,25.5780694450739,2.5));
#3426=CARTESIAN_POINT('',(43.4519321715051,25.5780694450739,7.));
#3427=CARTESIAN_POINT('',(43.4519321715051,25.5780694450739,3.));
#3428=CARTESIAN_POINT('',(42.7396780315709,25.5780694450739,7.));
#3429=CARTESIAN_POINT('',(45.2211106783466,25.5780694450739,7.));
#3430=CARTESIAN_POINT('',(42.7396780315709,25.5780694450739,38.856));
#3431=CARTESIAN_POINT('',(42.7396780315709,25.5780694450739,3.));
#3432=CARTESIAN_POINT('',(42.6947223194236,25.5780694450739,38.856));
#3433=CARTESIAN_POINT('Origin',(-25.0402129491489,23.5780694450739,4.));
#3434=CARTESIAN_POINT('',(-43.4744752746787,24.5780694450739,4.));
#3435=CARTESIAN_POINT('',(-50.2052776805765,24.5780694450739,4.));
#3436=CARTESIAN_POINT('',(-25.0402129491489,24.5780694450739,4.));
#3437=CARTESIAN_POINT('Origin',(-50.2052776805765,23.5780694450739,4.));
#3438=CARTESIAN_POINT('Ctrl Pts',(-44.2694399547382,23.5780694450739,3.));
#3439=CARTESIAN_POINT('Ctrl Pts',(-44.2683758889543,23.5795453587819,3.));
#3440=CARTESIAN_POINT('Ctrl Pts',(-44.267311561095,23.5810210842395,3.00000326748178));
#3441=CARTESIAN_POINT('Ctrl Pts',(-44.1825609267813,23.6984866376534,3.0005233120332));
#3442=CARTESIAN_POINT('Ctrl Pts',(-44.0970461956602,23.8134942270404,3.02120772416218));
#3443=CARTESIAN_POINT('Ctrl Pts',(-43.9317750489623,24.0289922834377,3.10024678747471));
#3444=CARTESIAN_POINT('Ctrl Pts',(-43.8513132354112,24.130520318399,3.15808397951169));
#3445=CARTESIAN_POINT('Ctrl Pts',(-43.7062947855726,24.3084874809354,3.30755390648606));
#3446=CARTESIAN_POINT('Ctrl Pts',(-43.6407283162834,24.3863600335496,3.39844167045344));
#3447=CARTESIAN_POINT('Ctrl Pts',(-43.5468689126523,24.4957820312807,3.59083948991854));
#3448=CARTESIAN_POINT('Ctrl Pts',(-43.5141446023073,24.5330977562744,3.68560130787352));
#3449=CARTESIAN_POINT('Ctrl Pts',(-43.4813095920097,24.5703760961078,3.85722966951435));
#3450=CARTESIAN_POINT('Ctrl Pts',(-43.4744752746787,24.5780694450739,3.92834113057385));
#3451=CARTESIAN_POINT('Ctrl Pts',(-43.4744752746787,24.5780694450739,4.));
#3452=CARTESIAN_POINT('Origin',(-40.0000005960464,25.000000372529,4.));
#3453=CARTESIAN_POINT('',(-43.4519328299362,25.5780694450739,4.));
#3454=CARTESIAN_POINT('Ctrl Pts',(-44.2142262665911,26.5780694450739,3.));
#3455=CARTESIAN_POINT('Ctrl Pts',(-44.2132012927848,26.5765911517694,3.));
#3456=CARTESIAN_POINT('Ctrl Pts',(-44.2121760662012,26.5751130332137,3.00000327802652));
#3457=CARTESIAN_POINT('Ctrl Pts',(-44.1383094138758,26.4686548175656,3.00047535510507));
#3458=CARTESIAN_POINT('Ctrl Pts',(-44.0640592032887,26.3644362588083,3.01747230100704));
#3459=CARTESIAN_POINT('Ctrl Pts',(-43.9193754276404,26.1668090206917,3.08265645810513));
#3460=CARTESIAN_POINT('Ctrl Pts',(-43.8485197547757,26.0727518811901,3.13051259541472));
#3461=CARTESIAN_POINT('Ctrl Pts',(-43.7083941348461,25.8913741954111,3.26348479571053));
#3462=CARTESIAN_POINT('Ctrl Pts',(-43.6396704758628,25.8053541130916,3.35262792839317));
#3463=CARTESIAN_POINT('Ctrl Pts',(-43.5390463411285,25.6819426903959,3.54481040842756));
#3464=CARTESIAN_POINT('Ctrl Pts',(-43.5028868899635,25.6386188235574,3.64070725319481));
#3465=CARTESIAN_POINT('Ctrl Pts',(-43.4615152452488,25.5893486309801,3.82762764812874));
#3466=CARTESIAN_POINT('Ctrl Pts',(-43.4519328299362,25.5780694450739,3.91321195507804));
#3467=CARTESIAN_POINT('Ctrl Pts',(-43.4519328299362,25.5780694450739,4.));
#3468=CARTESIAN_POINT('Origin',(-40.0000005960464,25.000000372529,4.));
#3469=CARTESIAN_POINT('Origin',(-21.1484199281568,26.5780694450739,4.));
#3470=CARTESIAN_POINT('',(-50.2052776805765,25.5780694450739,4.));
#3471=CARTESIAN_POINT('Origin',(-50.2052776805765,26.5780694450739,4.));
#3472=CARTESIAN_POINT('',(-21.1484199281568,25.5780694450739,4.));
#3473=CARTESIAN_POINT('Origin',(-50.2052776805765,24.5780694450739,3.));
#3474=CARTESIAN_POINT('',(-43.4744752746787,24.5780694450739,7.));
#3475=CARTESIAN_POINT('',(-43.4744752746787,24.5780694450739,3.));
#3476=CARTESIAN_POINT('',(-42.7680277441172,24.5780694450739,7.));
#3477=CARTESIAN_POINT('',(-45.0962578079695,24.5780694450739,7.));
#3478=CARTESIAN_POINT('',(-42.7680277441172,24.5780694450739,3.));
#3479=CARTESIAN_POINT('',(-50.2052776805765,24.5780694450739,23.));
#3480=CARTESIAN_POINT('',(-42.4216916385922,24.5780694450739,23.));
#3481=CARTESIAN_POINT('',(-50.2052776805765,24.5780694450739,2.5));
#3482=CARTESIAN_POINT('Origin',(-43.0000006407499,73.0000010877848,3.));
#3483=CARTESIAN_POINT('',(-46.4686645275853,73.467302746421,7.));
#3484=CARTESIAN_POINT('',(-46.4686645275853,73.467302746421,3.));
#3485=CARTESIAN_POINT('Origin',(-43.0000006407499,73.0000010877848,7.));
#3486=CARTESIAN_POINT('Origin',(-42.9843325841676,73.0000010877848,7.));
#3487=CARTESIAN_POINT('',(-45.7607304645168,73.467302746421,7.));
#3488=CARTESIAN_POINT('',(-44.3725315243422,73.467302746421,7.));
#3489=CARTESIAN_POINT('',(-45.7607304645168,72.5326994291486,7.));
#3490=CARTESIAN_POINT('Origin',(-43.0000006407499,73.0000010877848,7.));
#3491=CARTESIAN_POINT('',(-45.7607304645168,72.7336519171029,7.));
#3492=CARTESIAN_POINT('Origin',(-45.7607304645168,73.467302746421,3.));
#3493=CARTESIAN_POINT('',(-49.1173290537933,73.467302746421,23.));
#3494=CARTESIAN_POINT('',(-49.1173290537933,73.467302746421,2.));
#3495=CARTESIAN_POINT('',(-45.7607304645168,73.467302746421,23.));
#3496=CARTESIAN_POINT('',(-45.7607304645168,73.467302746421,23.));
#3497=CARTESIAN_POINT('',(-45.7607304645168,73.467302746421,3.));
#3498=CARTESIAN_POINT('Origin',(-40.0000005960464,25.000000372529,3.));
#3499=CARTESIAN_POINT('',(-43.4519328299362,25.5780694450739,7.));
#3500=CARTESIAN_POINT('',(-43.4519328299362,25.5780694450739,3.));
#3501=CARTESIAN_POINT('Origin',(-40.0000005960464,25.000000372529,7.));
#3502=CARTESIAN_POINT('Origin',(-39.9872379353626,25.000000372529,7.));
#3503=CARTESIAN_POINT('',(-42.7396787062206,25.5780694450739,7.));
#3504=CARTESIAN_POINT('',(-41.2044647869774,25.5780694450739,7.));
#3505=CARTESIAN_POINT('Origin',(-40.0000005960464,25.000000372529,7.));
#3506=CARTESIAN_POINT('Origin',(-40.0000005960464,25.000000372529,3.));
#3507=CARTESIAN_POINT('',(-42.7396787062206,25.5780694450739,38.856));
#3508=CARTESIAN_POINT('',(-42.7396787062206,25.5780694450739,3.));
#3509=CARTESIAN_POINT('Origin',(-40.0000005960464,25.000000372529,38.856));
#3510=CARTESIAN_POINT('Origin',(43.0000006407499,73.0000010728836,3.));
#3511=CARTESIAN_POINT('',(46.4595733715016,72.4695705678788,7.));
#3512=CARTESIAN_POINT('',(46.4595733715016,72.4695705678788,3.));
#3513=CARTESIAN_POINT('Origin',(43.0000006407499,73.0000010728836,7.));
#3514=CARTESIAN_POINT('Origin',(42.984179444202,73.0000010728836,7.));
#3515=CARTESIAN_POINT('',(45.7603456353783,72.4695705678788,7.));
#3516=CARTESIAN_POINT('',(44.3722625397902,72.4695705678788,7.));
#3517=CARTESIAN_POINT('',(45.7603456353783,72.5304315778884,7.));
#3518=CARTESIAN_POINT('',(45.7603456353783,72.765216325386,7.));
#3519=CARTESIAN_POINT('Origin',(43.0000006407499,73.0000010728836,7.));
#3520=CARTESIAN_POINT('Origin',(43.0000006407499,73.0000010728836,3.));
#3521=CARTESIAN_POINT('',(45.7603456353783,72.5304315778884,23.));
#3522=CARTESIAN_POINT('',(45.7603456353783,72.5304315778884,3.));
#3523=CARTESIAN_POINT('',(45.7603456353783,72.5304315778884,38.856));
#3524=CARTESIAN_POINT('',(45.7603456353783,72.5304315778884,3.));
#3525=CARTESIAN_POINT('',(45.7603456353783,73.4695705678788,38.856));
#3526=CARTESIAN_POINT('Origin',(43.0000006407499,73.0000010728836,38.856));
#3527=CARTESIAN_POINT('',(45.7603456353783,73.4695705678788,3.));
#3528=CARTESIAN_POINT('',(45.7603456353783,73.4695705678788,3.));
#3529=CARTESIAN_POINT('Origin',(40.,25.,3.));
#3530=CARTESIAN_POINT('',(43.4744747238712,24.5780694450739,7.));
#3531=CARTESIAN_POINT('',(43.4744747238712,24.5780694450739,3.));
#3532=CARTESIAN_POINT('Origin',(40.,25.,7.));
#3533=CARTESIAN_POINT('Origin',(39.9872373619356,25.,7.));
#3534=CARTESIAN_POINT('',(42.7680272048554,24.5780694450739,7.));
#3535=CARTESIAN_POINT('',(41.3776322833955,24.5780694450739,7.));
#3536=CARTESIAN_POINT('Origin',(40.,25.,7.));
#3537=CARTESIAN_POINT('Origin',(40.,25.,3.));
#3538=CARTESIAN_POINT('',(42.7680272048554,24.5780694450739,23.));
#3539=CARTESIAN_POINT('',(42.7680272048554,24.5780694450739,3.));
#3540=CARTESIAN_POINT('',(42.7680272048554,24.5780694450739,38.856));
#3541=CARTESIAN_POINT('',(42.7680272048554,24.5780694450739,3.));
#3542=CARTESIAN_POINT('Origin',(40.,25.,38.856));
#3543=CARTESIAN_POINT('Origin',(40.0000005960464,25.000000372529,34.0944190821564));
#3544=CARTESIAN_POINT('',(38.6500005960465,25.000000372529,34.5));
#3545=CARTESIAN_POINT('Origin',(40.0000005960464,25.000000372529,34.5));
#3546=CARTESIAN_POINT('',(40.0000005960464,25.000000372529,33.6888381643128));
#3547=CARTESIAN_POINT('',(39.3250005960465,25.000000372529,34.0944190821564));
#3548=CARTESIAN_POINT('Origin',(40.0000005960464,25.000000372529,38.5));
#3549=CARTESIAN_POINT('',(38.6500005960465,25.000000372529,38.856));
#3550=CARTESIAN_POINT('Origin',(40.0000005960464,25.000000372529,38.856));
#3551=CARTESIAN_POINT('',(38.6500005960465,25.000000372529,38.5));
#3552=CARTESIAN_POINT('Origin',(-43.0000006407499,73.0000010877848,34.0944190821564));
#3553=CARTESIAN_POINT('',(-44.3500006407499,73.0000010877848,34.5));
#3554=CARTESIAN_POINT('Origin',(-43.0000006407499,73.0000010877848,34.5));
#3555=CARTESIAN_POINT('',(-43.0000006407499,73.0000010877848,33.6888381643128));
#3556=CARTESIAN_POINT('',(-43.6750006407499,73.0000010877848,34.0944190821564));
#3557=CARTESIAN_POINT('Origin',(-43.0000006407499,73.0000010877848,38.5));
#3558=CARTESIAN_POINT('',(-44.3500006407499,73.0000010877848,38.856));
#3559=CARTESIAN_POINT('Origin',(-43.0000006407499,73.0000010877848,38.856));
#3560=CARTESIAN_POINT('',(-44.3500006407499,73.0000010877848,38.5));
#3561=CARTESIAN_POINT('Origin',(43.0000006407499,73.0000010877848,34.0944190821564));
#3562=CARTESIAN_POINT('',(41.6500006407499,73.0000010877848,34.5));
#3563=CARTESIAN_POINT('Origin',(43.0000006407499,73.0000010877848,34.5));
#3564=CARTESIAN_POINT('',(43.0000006407499,73.0000010877848,33.6888381643128));
#3565=CARTESIAN_POINT('',(42.3250006407499,73.0000010877848,34.0944190821564));
#3566=CARTESIAN_POINT('Origin',(43.0000006407499,73.0000010877848,38.5));
#3567=CARTESIAN_POINT('',(41.6500006407499,73.0000010877848,38.856));
#3568=CARTESIAN_POINT('Origin',(43.0000006407499,73.0000010877848,38.856));
#3569=CARTESIAN_POINT('',(41.6500006407499,73.0000010877848,38.5));
#3570=CARTESIAN_POINT('Origin',(-40.0000005960464,25.000000372529,34.0944190821564));
#3571=CARTESIAN_POINT('',(-41.3500005960464,25.000000372529,34.5));
#3572=CARTESIAN_POINT('Origin',(-40.0000005960464,25.000000372529,34.5));
#3573=CARTESIAN_POINT('',(-40.0000005960464,25.000000372529,33.6888381643128));
#3574=CARTESIAN_POINT('',(-40.6750005960464,25.000000372529,34.0944190821564));
#3575=CARTESIAN_POINT('Origin',(-40.0000005960464,25.000000372529,38.5));
#3576=CARTESIAN_POINT('',(-41.3500005960464,25.000000372529,38.856));
#3577=CARTESIAN_POINT('Origin',(-40.0000005960464,25.000000372529,38.856));
#3578=CARTESIAN_POINT('',(-41.3500005960464,25.000000372529,38.5));
#3579=CARTESIAN_POINT('Origin',(45.7603456353783,72.4695705678788,3.));
#3580=CARTESIAN_POINT('',(49.5983455804244,72.4695705678788,23.));
#3581=CARTESIAN_POINT('',(49.5983455804244,72.4695705678788,2.));
#3582=CARTESIAN_POINT('',(45.7603456353783,72.4695705678788,23.));
#3583=CARTESIAN_POINT('',(49.7999988868833,72.4695705678788,23.));
#3584=CARTESIAN_POINT('',(45.7603456353783,72.4695705678788,3.));
#3585=CARTESIAN_POINT('Origin',(45.7603456353783,72.5304315778884,3.));
#3586=CARTESIAN_POINT('',(45.7603456353783,72.4695705678788,23.));
#3587=CARTESIAN_POINT('',(45.7603456353783,72.5304315778884,3.));
#3588=CARTESIAN_POINT('Origin',(43.0000006407499,73.0000010728836,3.));
#3589=CARTESIAN_POINT('',(45.7603456353783,72.5304315778884,3.));
#3590=CARTESIAN_POINT('',(45.7603456353783,73.4695705678788,3.));
#3591=CARTESIAN_POINT('Origin',(43.0000006407499,73.0000010728836,3.));
#3592=CARTESIAN_POINT('',(45.7603456353783,72.5304315778884,3.));
#3593=CARTESIAN_POINT('Origin',(43.0000006407499,73.0000010728836,23.));
#3594=CARTESIAN_POINT('',(45.7603456353783,73.4695705678788,3.));
#3595=CARTESIAN_POINT('Origin',(47.6793456079014,72.9695705678788,23.));
#3596=CARTESIAN_POINT('Origin',(12.9549839947576,64.5000002091907,23.));
#3597=CARTESIAN_POINT('Origin',(0.12485178227859,56.0000002091908,3.));
#3598=CARTESIAN_POINT('',(45.7603456353783,64.2652158935396,3.));
#3599=CARTESIAN_POINT('Origin',(-42.4216916385922,25.5780694450739,3.));
#3600=CARTESIAN_POINT('',(-50.2052776805765,25.5780694450739,23.));
#3601=CARTESIAN_POINT('',(-50.2052776805765,25.5780694450739,2.5));
#3602=CARTESIAN_POINT('',(-50.2052776805765,25.5780694450739,23.));
#3603=CARTESIAN_POINT('',(-42.4216916385922,25.5780694450739,38.856));
#3604=CARTESIAN_POINT('Origin',(-46.3134846595843,25.0780694450739,23.));
#3605=CARTESIAN_POINT('',(-50.2052776805765,44.7890348271323,23.));
#3606=CARTESIAN_POINT('Origin',(40.,25.,3.));
#3607=CARTESIAN_POINT('',(42.7680272048554,24.5780694450739,3.));
#3608=CARTESIAN_POINT('Origin',(40.,25.,3.));
#3609=CARTESIAN_POINT('',(42.7680272048554,24.5780694450739,3.));
#3610=CARTESIAN_POINT('',(42.7680272048554,24.5780694450739,3.));
#3611=CARTESIAN_POINT('Origin',(40.,25.,23.));
#3612=CARTESIAN_POINT('Origin',(42.7680272048554,24.5780694450739,3.));
#3613=CARTESIAN_POINT('',(50.4549839947577,24.5780694450739,23.));
#3614=CARTESIAN_POINT('',(50.4549839947577,24.5780694450739,2.5));
#3615=CARTESIAN_POINT('',(50.4783083614078,24.5780694450739,23.));
#3616=CARTESIAN_POINT('Origin',(46.5973310131643,25.0780694450739,23.));
#3617=CARTESIAN_POINT('',(50.4549839947577,20.5390348271323,23.));
#3618=CARTESIAN_POINT('Origin',(50.4549839947577,16.0000002091908,2.));
#3619=CARTESIAN_POINT('',(50.4549839947577,16.0000002091908,38.8));
#3620=CARTESIAN_POINT('',(50.4549839947577,16.0000002091908,2.));
#3621=CARTESIAN_POINT('',(50.4549839947577,64.5000002091907,38.8));
#3622=CARTESIAN_POINT('',(50.4549839947577,36.0000002091908,38.8));
#3623=CARTESIAN_POINT('',(50.4549839947577,64.5000002091907,2.));
#3624=CARTESIAN_POINT('Origin',(0.12485178227859,56.0000002091908,3.));
#3625=CARTESIAN_POINT('',(21.446439493567,24.5780694450739,3.));
#3626=CARTESIAN_POINT('Origin',(-43.0000006407499,73.0000010877848,3.));
#3627=CARTESIAN_POINT('',(-45.7607304645168,73.467302746421,3.));
#3628=CARTESIAN_POINT('',(-45.7607304645168,72.5326994291486,3.));
#3629=CARTESIAN_POINT('Origin',(-43.0000006407499,73.0000010877848,3.));
#3630=CARTESIAN_POINT('',(-45.7607304645168,73.467302746421,3.));
#3631=CARTESIAN_POINT('',(-45.7607304645168,72.5326994291486,23.));
#3632=CARTESIAN_POINT('Origin',(-43.0000006407499,73.0000010877848,23.));
#3633=CARTESIAN_POINT('',(-45.7607304645168,72.5326994291486,3.));
#3634=CARTESIAN_POINT('',(-45.7607304645168,72.5326994291486,3.));
#3635=CARTESIAN_POINT('Origin',(-45.7607304645168,72.467302746421,3.));
#3636=CARTESIAN_POINT('',(-45.7607304645168,72.467302746421,23.));
#3637=CARTESIAN_POINT('Origin',(-47.5549314430516,72.967302746421,23.));
#3638=CARTESIAN_POINT('Origin',(-12.7052776805765,64.5000002091908,23.));
#3639=CARTESIAN_POINT('Origin',(-12.7052776805765,64.5000002091908,2.));
#3640=CARTESIAN_POINT('',(-44.8890554781474,83.7471934247372,5.));
#3641=CARTESIAN_POINT('',(-44.8890554781474,83.7471934247372,2.));
#3642=CARTESIAN_POINT('',(-31.2908454246375,97.0703344357675,5.));
#3643=CARTESIAN_POINT('Origin',(-12.7052776805765,64.5000002091908,5.));
#3644=CARTESIAN_POINT('',(-31.2908454246375,97.0703344357675,2.));
#3645=CARTESIAN_POINT('',(-12.7052776805765,102.000000209191,38.8));
#3646=CARTESIAN_POINT('',(-12.7052776805765,102.000000209191,2.));
#3647=CARTESIAN_POINT('',(-50.2052776805764,64.5000002091908,38.8));
#3648=CARTESIAN_POINT('Origin',(-12.7052776805765,64.5000002091908,38.8));
#3649=CARTESIAN_POINT('',(-50.2052776805765,64.5000002091908,2.));
#3650=CARTESIAN_POINT('Origin',(0.12485178227859,56.0000002091908,3.));
#3651=CARTESIAN_POINT('',(-45.7607304645168,64.7336514778059,3.));
#3652=CARTESIAN_POINT('Origin',(-45.7607304645168,73.467302746421,3.));
#3653=CARTESIAN_POINT('',(-45.7607304645168,72.5326994291486,3.));
#3654=CARTESIAN_POINT('',(-45.7607304645168,72.5326994291486,38.856));
#3655=CARTESIAN_POINT('',(-45.7607304645168,72.5326994291486,3.));
#3656=CARTESIAN_POINT('',(-45.7607304645168,73.467302746421,38.856));
#3657=CARTESIAN_POINT('',(-45.7607304645168,72.467302746421,38.856));
#3658=CARTESIAN_POINT('',(-45.7607304645168,73.467302746421,3.));
#3659=CARTESIAN_POINT('',(-45.7607304645168,73.467302746421,3.));
#3660=CARTESIAN_POINT('Origin',(-43.0000006407499,73.0000010877848,3.));
#3661=CARTESIAN_POINT('Origin',(-43.0000006407499,73.0000010877848,38.856));
#3662=CARTESIAN_POINT('Origin',(-42.9803655526334,73.0000010877848,38.856));
#3663=CARTESIAN_POINT('Origin',(-39.9840141700818,25.000000372529,38.856));
#3664=CARTESIAN_POINT('Origin',(45.7603456353783,72.5304315778884,3.));
#3665=CARTESIAN_POINT('',(45.7603456353783,72.4695705678788,38.856));
#3666=CARTESIAN_POINT('Origin',(42.9801731380641,73.0000010728836,38.856));
#3667=CARTESIAN_POINT('Origin',(42.7680272048554,24.5780694450739,3.));
#3668=CARTESIAN_POINT('',(50.4783083614078,24.5780694450739,38.856));
#3669=CARTESIAN_POINT('Origin',(39.9840136024277,25.,38.856));
#3670=CARTESIAN_POINT('Origin',(31.5405517388186,97.0703344357675,0.));
#3671=CARTESIAN_POINT('',(22.5562459011961,88.9808291243636,5.));
#3672=CARTESIAN_POINT('',(22.5562459011961,88.9808291243636,0.));
#3673=CARTESIAN_POINT('',(31.5405517388186,97.0703344357675,5.));
#3674=CARTESIAN_POINT('',(22.1846734884574,88.6462638211841,5.));
#3675=CARTESIAN_POINT('',(31.5405517388186,97.0703344357675,2.));
#3676=CARTESIAN_POINT('Origin',(24.2290724170933,87.1229670606701,0.));
#3677=CARTESIAN_POINT('',(22.3712103533998,85.4501405447729,5.));
#3678=CARTESIAN_POINT('',(22.3712103533998,85.4501405447729,0.));
#3679=CARTESIAN_POINT('Origin',(24.2290724170933,87.1229670606701,5.));
#3680=CARTESIAN_POINT('Origin',(20.6983838375027,87.3080026084664,0.));
#3681=CARTESIAN_POINT('',(31.7390388424238,75.0461129880894,5.));
#3682=CARTESIAN_POINT('',(31.7390388424238,75.0461129880894,0.));
#3683=CARTESIAN_POINT('',(33.4118653583209,73.1882509243959,5.));
#3684=CARTESIAN_POINT('Origin',(33.5969009061173,76.7189395039866,0.));
#3685=CARTESIAN_POINT('',(35.2697274220144,74.8610774402931,5.));
#3686=CARTESIAN_POINT('',(35.2697274220144,74.8610774402931,0.));
#3687=CARTESIAN_POINT('Origin',(33.5969009061173,76.7189395039866,5.));
#3688=CARTESIAN_POINT('Origin',(33.4118653583209,73.1882509243959,0.));
#3689=CARTESIAN_POINT('',(45.1387608298913,83.7471950340559,5.));
#3690=CARTESIAN_POINT('',(45.1387608298913,83.7471950340559,2.));
#3691=CARTESIAN_POINT('',(34.8981550092757,74.5265121371136,5.));
#3692=CARTESIAN_POINT('Origin',(32.918572333697,85.1292926800817,5.));
#3693=CARTESIAN_POINT('Origin',(12.9549839947576,64.5000002091907,5.));
#3694=CARTESIAN_POINT('',(32.8497592398635,86.3148498535156,5.));
#3695=CARTESIAN_POINT('Origin',(33.7997592398635,86.3148498535156,5.));
#3696=CARTESIAN_POINT('Origin',(-33.347195823105,76.7189381366349,0.));
#3697=CARTESIAN_POINT('',(-31.4893337594115,75.0461116207378,5.));
#3698=CARTESIAN_POINT('',(-31.4893337594115,75.0461116207378,0.));
#3699=CARTESIAN_POINT('',(-35.0200223390022,74.8610760729414,5.));
#3700=CARTESIAN_POINT('Origin',(-33.347195823105,76.7189381366349,5.));
#3701=CARTESIAN_POINT('',(-35.0200223390022,74.8610760729414,0.));
#3702=CARTESIAN_POINT('Origin',(-33.1621602753087,73.1882495570443,0.));
#3703=CARTESIAN_POINT('',(-22.1215040392186,85.4501405447729,5.));
#3704=CARTESIAN_POINT('',(-22.1215040392186,85.4501405447729,0.));
#3705=CARTESIAN_POINT('',(-20.4486775233215,87.3080026084664,5.));
#3706=CARTESIAN_POINT('Origin',(-23.9793661029121,87.12296706067,0.));
#3707=CARTESIAN_POINT('',(-22.306539587015,88.9808291243635,5.));
#3708=CARTESIAN_POINT('',(-22.306539587015,88.9808291243635,0.));
#3709=CARTESIAN_POINT('Origin',(-23.9793661029121,87.12296706067,5.));
#3710=CARTESIAN_POINT('Origin',(-20.4486775233215,87.3080026084664,0.));
#3711=CARTESIAN_POINT('',(-21.9349671742763,88.6462638211841,5.));
#3712=CARTESIAN_POINT('Origin',(-44.8890554781474,83.7471934247372,0.));
#3713=CARTESIAN_POINT('',(-34.6484499262635,74.526510769762,5.));
#3714=CARTESIAN_POINT('Origin',(-32.6688665007345,85.1292919964059,5.));
#3715=CARTESIAN_POINT('',(-34.8361199105732,86.6183975090156,5.));
#3716=CARTESIAN_POINT('Origin',(-33.8861199105732,86.6183975090156,5.));
#3717=CARTESIAN_POINT('Origin',(-32.6688665007345,85.1292919964059,2.));
#3718=CARTESIAN_POINT('',(-20.4486775233215,87.3080026084664,2.));
#3719=CARTESIAN_POINT('',(-32.8519085888512,98.4759220222299,2.));
#3720=CARTESIAN_POINT('',(-20.4486775233215,87.3080026084664,2.));
#3721=CARTESIAN_POINT('',(-33.1621602753087,73.1882495570443,2.));
#3722=CARTESIAN_POINT('',(-20.4486775233215,87.3080026084664,2.));
#3723=CARTESIAN_POINT('',(-46.4022993729623,85.1097243476376,2.));
#3724=CARTESIAN_POINT('',(-34.6484499262635,74.526510769762,2.));
#3725=CARTESIAN_POINT('Origin',(-12.7052776805765,64.5000002091908,2.));
#3726=CARTESIAN_POINT('',(-34.8361199105732,86.6183975090156,2.));
#3727=CARTESIAN_POINT('Origin',(-33.8861199105732,86.6183975090156,2.));
#3728=CARTESIAN_POINT('Origin',(33.7997592398635,86.3148498535156,2.5));
#3729=CARTESIAN_POINT('',(32.8497592398635,86.3148498535156,2.));
#3730=CARTESIAN_POINT('',(32.8497592398635,86.3148498535156,2.5));
#3731=CARTESIAN_POINT('Origin',(33.7997592398635,86.3148498535156,2.));
#3732=CARTESIAN_POINT('Origin',(-33.8861199105732,86.6183975090156,2.5));
#3733=CARTESIAN_POINT('',(-34.8361199105732,86.6183975090156,2.5));
#3734=CARTESIAN_POINT('Origin',(12.9549839947576,64.5000002091907,2.));
#3735=CARTESIAN_POINT('',(46.6520047106146,85.1097259442681,9.99200722162641E-15));
#3736=CARTESIAN_POINT('',(46.6520047106146,85.1097259442681,2.00000000000001));
#3737=CARTESIAN_POINT('',(46.6520047106146,85.1097259442681,2.));
#3738=CARTESIAN_POINT('',(33.1016149030324,98.4759220222299,2.00000000000001));
#3739=CARTESIAN_POINT('Origin',(12.9549839947576,64.5000002091907,2.));
#3740=CARTESIAN_POINT('',(33.1016149030324,98.4759220222299,0.));
#3741=CARTESIAN_POINT('',(33.1016149030324,98.4759220222299,2.));
#3742=CARTESIAN_POINT('',(12.9549839947576,104.000000209191,0.));
#3743=CARTESIAN_POINT('Origin',(12.9549839947576,64.5000002091907,0.));
#3744=CARTESIAN_POINT('',(12.9549839947576,104.000000209191,38.8));
#3745=CARTESIAN_POINT('',(12.9549839947576,104.000000209191,2.));
#3746=CARTESIAN_POINT('',(52.4549839947577,64.5000002091907,38.8));
#3747=CARTESIAN_POINT('Origin',(12.9549839947576,64.5000002091907,38.8));
#3748=CARTESIAN_POINT('',(52.4549839947577,64.5000002091907,0.));
#3749=CARTESIAN_POINT('',(52.4549839947577,64.5000002091907,2.));
#3750=CARTESIAN_POINT('Origin',(12.9549839947576,64.5000002091907,0.));
#3751=CARTESIAN_POINT('Origin',(0.12485178227859,56.0000002091908,2.77555756156289E-16));
#3752=CARTESIAN_POINT('',(33.4118653583209,73.1882509243959,0.));
#3753=CARTESIAN_POINT('',(19.9467289505042,61.0641876457758,4.16333634234434E-16));
#3754=CARTESIAN_POINT('',(52.4549839947577,16.0000002091908,0.));
#3755=CARTESIAN_POINT('',(52.4549839947577,36.0000002091908,0.));
#3756=CARTESIAN_POINT('',(-52.2052776805764,16.0000002091908,0.));
#3757=CARTESIAN_POINT('',(-25.0402129491489,16.0000002091908,0.));
#3758=CARTESIAN_POINT('',(-52.2052776805765,64.5000002091908,0.));
#3759=CARTESIAN_POINT('',(-52.2052776805765,60.2500002091908,0.));
#3760=CARTESIAN_POINT('',(-46.4022993729623,85.1097243476376,0.));
#3761=CARTESIAN_POINT('Origin',(-12.7052776805765,64.5000002091908,0.));
#3762=CARTESIAN_POINT('',(-33.1621602753087,73.1882495570443,0.));
#3763=CARTESIAN_POINT('',(-25.5604722281709,66.3436588959109,2.77555756156289E-16));
#3764=CARTESIAN_POINT('',(-20.4486775233215,87.3080026084664,0.));
#3765=CARTESIAN_POINT('',(-29.9837898950722,76.7181874780974,2.77555756156289E-16));
#3766=CARTESIAN_POINT('',(-32.8519085888512,98.4759220222299,0.));
#3767=CARTESIAN_POINT('',(-6.98354187476434,75.1839400134865,4.16333634234434E-16));
#3768=CARTESIAN_POINT('',(-12.7052776805765,104.000000209191,0.));
#3769=CARTESIAN_POINT('Origin',(-12.7052776805765,64.5000002091908,0.));
#3770=CARTESIAN_POINT('',(6.53991788851812,104.000000209191,0.));
#3771=CARTESIAN_POINT('',(20.6983838375027,87.3080026084664,0.));
#3772=CARTESIAN_POINT('',(12.654331380344,80.0651052434968,2.77555756156289E-16));
#3773=CARTESIAN_POINT('',(23.8767542177073,83.7780646874487,2.77555756156289E-16));
#3774=CARTESIAN_POINT('Origin',(-12.7052776805765,64.5000002091908,2.));
#3775=CARTESIAN_POINT('',(-32.8519085888512,98.4759220222299,2.));
#3776=CARTESIAN_POINT('',(-46.4022993729623,85.1097243476376,2.));
#3777=CARTESIAN_POINT('',(-52.2052776805765,64.5000002091908,38.8));
#3778=CARTESIAN_POINT('',(-52.2052776805765,64.5000002091908,2.));
#3779=CARTESIAN_POINT('',(-12.7052776805765,104.000000209191,38.8));
#3780=CARTESIAN_POINT('Origin',(-12.7052776805765,64.5000002091908,38.8));
#3781=CARTESIAN_POINT('',(-12.7052776805765,104.000000209191,2.));
#3782=CARTESIAN_POINT('Origin',(-33.1621602753087,73.1882495570443,0.));
#3783=CARTESIAN_POINT('',(-33.1621602753087,73.1882495570443,0.));
#3784=CARTESIAN_POINT('',(-20.4486775233215,87.3080026084664,0.));
#3785=CARTESIAN_POINT('Origin',(-44.8890554781474,83.7471934247372,0.));
#3786=CARTESIAN_POINT('Origin',(-20.4486775233215,87.3080026084664,0.));
#3787=CARTESIAN_POINT('Origin',(20.6983838375027,87.3080026084664,0.));
#3788=CARTESIAN_POINT('',(20.6983838375027,87.3080026084664,2.));
#3789=CARTESIAN_POINT('',(20.6983838375027,87.3080026084664,0.));
#3790=CARTESIAN_POINT('',(33.4118653583209,73.1882509243959,2.));
#3791=CARTESIAN_POINT('',(33.4118653583209,73.1882509243959,2.));
#3792=CARTESIAN_POINT('',(33.4118653583209,73.1882509243959,0.));
#3793=CARTESIAN_POINT('Origin',(31.5405517388186,97.0703344357675,0.));
#3794=CARTESIAN_POINT('',(22.1846734884574,88.6462638211841,2.));
#3795=CARTESIAN_POINT('Origin',(33.4118653583209,73.1882509243959,0.));
#3796=CARTESIAN_POINT('',(33.4118653583209,73.1882509243959,2.));
#3797=CARTESIAN_POINT('Origin',(32.918572333697,85.1292926800817,2.));
#3798=CARTESIAN_POINT('Origin',(5.00000007450581,67.5159959439192,11.5000001341105));
#3799=CARTESIAN_POINT('',(5.00000007450581,67.5159959439192,11.5000001341105));
#3800=CARTESIAN_POINT('',(-5.00000007450581,67.5159959439192,11.5000001341105));
#3801=CARTESIAN_POINT('',(6.3874259283922,67.5159959439192,11.5000001341105));
#3802=CARTESIAN_POINT('',(5.00000007450581,62.0159959439192,11.5000001341105));
#3803=CARTESIAN_POINT('',(5.00000007450581,67.5159959439192,11.5000001341105));
#3804=CARTESIAN_POINT('',(-5.00000007450581,62.0159959439192,11.5000001341105));
#3805=CARTESIAN_POINT('',(-1.29999987781048,62.0159959439192,11.5000001341105));
#3806=CARTESIAN_POINT('',(-5.00000007450581,67.5159959439192,11.5000001341105));
#3807=CARTESIAN_POINT('Origin',(-7.59999983012676,62.0159959439192,0.));
#3808=CARTESIAN_POINT('',(-5.00000007450581,62.0159959439192,5.5));
#3809=CARTESIAN_POINT('',(-5.00000007450581,62.0159959439192,4.50000006705523));
#3810=CARTESIAN_POINT('',(5.00000007450581,62.0159959439192,5.5));
#3811=CARTESIAN_POINT('',(5.00000007450581,62.0159959439192,4.50000006705523));
#3812=CARTESIAN_POINT('',(6.27485178227859,62.0159959439192,5.5));
#3813=CARTESIAN_POINT('',(-3.73757402392409,62.0159959439192,5.5));
#3814=CARTESIAN_POINT('',(6.27485178227859,62.0159959439192,7.));
#3815=CARTESIAN_POINT('',(6.27485178227859,62.0159959439192,2.75));
#3816=CARTESIAN_POINT('',(7.77485178227859,62.0159959439192,7.));
#3817=CARTESIAN_POINT('',(-3.73757402392409,62.0159959439192,7.));
#3818=CARTESIAN_POINT('',(7.77485178227859,62.0159959439192,22.6));
#3819=CARTESIAN_POINT('',(7.77485178227859,62.0159959439192,0.));
#3820=CARTESIAN_POINT('',(-7.59999983012676,62.0159959439192,22.6));
#3821=CARTESIAN_POINT('',(-6.09999984130263,62.0159959439192,22.6));
#3822=CARTESIAN_POINT('',(-7.59999983012676,62.0159959439192,0.));
#3823=CARTESIAN_POINT('',(-7.52514821772141,62.0159959439192,7.));
#3824=CARTESIAN_POINT('',(-7.52514821772141,62.0159959439192,1.));
#3825=CARTESIAN_POINT('',(-6.02514821772141,62.0159959439192,7.));
#3826=CARTESIAN_POINT('',(-3.73757402392409,62.0159959439192,7.));
#3827=CARTESIAN_POINT('',(-6.02514821772141,62.0159959439192,5.5));
#3828=CARTESIAN_POINT('',(-6.02514821772141,62.0159959439192,2.75));
#3829=CARTESIAN_POINT('',(-3.73757402392409,62.0159959439192,5.5));
#3830=CARTESIAN_POINT('Origin',(0.12485178227859,50.4659959439192,5.5));
#3831=CARTESIAN_POINT('',(6.27485178227859,38.9159959439192,5.5));
#3832=CARTESIAN_POINT('',(-6.02514821772141,38.9159959439192,5.5));
#3833=CARTESIAN_POINT('',(-2.95014821772141,38.9159959439192,5.5));
#3834=CARTESIAN_POINT('',(6.27485178227859,44.6909959439192,5.5));
#3835=CARTESIAN_POINT('',(3.19985178227859,62.0159959439192,5.5));
#3836=CARTESIAN_POINT('',(-6.02514821772141,56.2409959439192,5.5));
#3837=CARTESIAN_POINT('Origin',(6.27485178227859,38.9159959439192,1.));
#3838=CARTESIAN_POINT('',(6.27485178227859,38.9159959439192,7.));
#3839=CARTESIAN_POINT('',(6.27485178227859,38.9159959439192,3.25));
#3840=CARTESIAN_POINT('',(6.27485178227859,62.0159959439192,7.));
#3841=CARTESIAN_POINT('Origin',(0.12485178227859,36.1659959439192,22.6));
#3842=CARTESIAN_POINT('',(-7.52514821772141,33.4159959439192,22.6));
#3843=CARTESIAN_POINT('',(7.77485178227859,33.4159959439192,22.6));
#3844=CARTESIAN_POINT('',(-7.52514821772141,33.4159959439192,22.6));
#3845=CARTESIAN_POINT('',(7.77485178227859,38.9159959439192,22.6));
#3846=CARTESIAN_POINT('',(7.77485178227859,33.4159959439192,22.6));
#3847=CARTESIAN_POINT('',(-7.52514821772141,38.9159959439192,22.6));
#3848=CARTESIAN_POINT('',(7.77485178227859,38.9159959439192,22.6));
#3849=CARTESIAN_POINT('',(-7.52514821772141,38.9159959439192,22.6));
#3850=CARTESIAN_POINT('',(-0.792963895646992,36.1481442455193,22.6));
#3851=CARTESIAN_POINT('Origin',(0.157036104353008,36.1481442455193,22.6));
#3852=CARTESIAN_POINT('Origin',(0.0874259760759144,64.7659959439192,22.6));
#3853=CARTESIAN_POINT('',(7.77485178227859,67.5159959439192,22.6));
#3854=CARTESIAN_POINT('',(7.77485178227859,62.0159959439192,22.6));
#3855=CARTESIAN_POINT('',(-7.59999983012676,67.5159959439192,22.6));
#3856=CARTESIAN_POINT('',(7.77485178227859,67.5159959439192,22.6));
#3857=CARTESIAN_POINT('',(-7.59999983012676,62.0159959439192,22.6));
#3858=CARTESIAN_POINT('',(-0.862574023924085,64.7659959439192,22.6));
#3859=CARTESIAN_POINT('Origin',(0.087425976075915,64.7659959439192,22.6));
#3860=CARTESIAN_POINT('Origin',(0.12485178227859,50.4659959439192,7.));
#3861=CARTESIAN_POINT('',(7.77485178227859,38.9159959439192,7.));
#3862=CARTESIAN_POINT('',(-2.95014821772141,38.9159959439192,7.));
#3863=CARTESIAN_POINT('',(7.77485178227859,44.6909959439192,7.));
#3864=CARTESIAN_POINT('Origin',(0.12485178227859,50.4659959439192,7.));
#3865=CARTESIAN_POINT('',(-6.02514821772141,38.9159959439192,7.));
#3866=CARTESIAN_POINT('',(-7.52514821772141,38.9159959439192,7.));
#3867=CARTESIAN_POINT('',(-2.95014821772141,38.9159959439192,7.));
#3868=CARTESIAN_POINT('',(-6.02514821772141,38.9159959439192,7.));
#3869=CARTESIAN_POINT('',(-7.52514821772141,56.2409959439192,7.));
#3870=CARTESIAN_POINT('Origin',(-6.02514821772141,38.9159959439192,1.));
#3871=CARTESIAN_POINT('',(-6.02514821772141,38.9159959439192,1.));
#3872=CARTESIAN_POINT('',(-7.52514821772141,38.9159959439192,0.));
#3873=CARTESIAN_POINT('',(7.77485178227859,38.9159959439192,0.));
#3874=CARTESIAN_POINT('Origin',(0.,62.0159959439192,6.00000008940697));
#3875=CARTESIAN_POINT('',(5.00000007450581,62.0159959439192,4.50000006705523));
#3876=CARTESIAN_POINT('',(-5.00000007450581,62.0159959439192,4.50000006705523));
#3877=CARTESIAN_POINT('Origin',(-5.00000007450581,67.5159959439192,9.00000013411045));
#3878=CARTESIAN_POINT('',(-5.00000007450581,67.5159959439192,4.50000006705523));
#3879=CARTESIAN_POINT('Origin',(5.00000007450581,67.5159959439192,3.00000004470348));
#3880=CARTESIAN_POINT('',(5.00000007450581,67.5159959439192,4.50000006705523));
#3881=CARTESIAN_POINT('Origin',(7.77485178227859,67.5159959439192,0.));
#3882=CARTESIAN_POINT('',(-7.59999983012676,67.5159959439192,0.));
#3883=CARTESIAN_POINT('',(7.77485178227859,67.5159959439192,0.));
#3884=CARTESIAN_POINT('Origin',(0.087425976075915,64.7659959439192,12.7145912059619));
#3885=CARTESIAN_POINT('',(-0.862574023924084,64.7659959439192,13.));
#3886=CARTESIAN_POINT('Origin',(0.087425976075915,64.7659959439192,13.));
#3887=CARTESIAN_POINT('',(0.087425976075915,64.7659959439192,12.4291824119238));
#3888=CARTESIAN_POINT('',(-0.387574023924085,64.7659959439192,12.7145912059619));
#3889=CARTESIAN_POINT('Origin',(0.087425976075915,64.7659959439192,16.5));
#3890=CARTESIAN_POINT('',(-0.862574023924085,64.7659959439192,16.5));
#3891=CARTESIAN_POINT('Origin',(0.157036104353008,36.1481442455193,12.7145912059619));
#3892=CARTESIAN_POINT('',(-0.792963895646994,36.1481442455193,13.));
#3893=CARTESIAN_POINT('Origin',(0.157036104353008,36.1481442455193,13.));
#3894=CARTESIAN_POINT('',(0.157036104353008,36.1481442455193,12.4291824119238));
#3895=CARTESIAN_POINT('',(-0.317963895646992,36.1481442455193,12.7145912059619));
#3896=CARTESIAN_POINT('Origin',(0.157036104353008,36.1481442455193,16.5));
#3897=CARTESIAN_POINT('',(-0.792963895646992,36.1481442455193,16.5));
#3898=CARTESIAN_POINT('Origin',(-7.52514821772141,33.4159959439192,0.));
#3899=CARTESIAN_POINT('',(7.77485178227859,33.4159959439192,0.));
#3900=CARTESIAN_POINT('',(-7.52514821772141,33.4159959439192,0.));
#3901=CARTESIAN_POINT('Origin',(-7.52514821772141,62.0159959439192,1.));
#3902=CARTESIAN_POINT('Origin',(-7.59999983012676,67.5159959439192,0.));
#3903=CARTESIAN_POINT('Origin',(12.9549839947576,102.000000209191,2.));
#3904=CARTESIAN_POINT('',(12.9549839947576,102.000000209191,38.8));
#3905=CARTESIAN_POINT('',(12.9549839947576,102.000000209191,2.));
#3906=CARTESIAN_POINT('',(6.53991788851812,102.000000209191,38.8));
#3907=CARTESIAN_POINT('Origin',(12.9549839947576,64.5000002091907,2.));
#3908=CARTESIAN_POINT('Origin',(12.9549839947576,64.5000002091907,38.8));
#3909=CARTESIAN_POINT('Origin',(-50.2052776805765,64.5000002091908,2.));
#3910=CARTESIAN_POINT('',(-50.2052776805764,16.0000002091908,38.8));
#3911=CARTESIAN_POINT('',(-50.2052776805765,60.2500002091908,38.8));
#3912=CARTESIAN_POINT('',(-50.2052776805765,16.0000002091908,2.));
#3913=CARTESIAN_POINT('Origin',(0.12485178227859,56.0000002091908,38.8));
#3914=CARTESIAN_POINT('',(52.4549839947577,16.0000002091908,38.8));
#3915=CARTESIAN_POINT('',(-25.0402129491489,16.0000002091908,38.8));
#3916=CARTESIAN_POINT('',(52.4549839947577,36.0000002091908,38.8));
#3917=CARTESIAN_POINT('',(6.53991788851812,104.000000209191,38.8));
#3918=CARTESIAN_POINT('',(-52.2052776805764,16.0000002091908,38.8));
#3919=CARTESIAN_POINT('',(-52.2052776805765,60.2500002091908,38.8));
#3920=CARTESIAN_POINT('',(-25.0402129491489,16.0000002091908,38.8));
#3921=CARTESIAN_POINT('Origin',(-52.2052776805765,64.5000002091908,2.));
#3922=CARTESIAN_POINT('',(-52.2052776805765,16.0000002091908,2.));
#3923=CARTESIAN_POINT('Origin',(12.9549839947576,104.000000209191,2.));
#3924=CARTESIAN_POINT('Origin',(52.4549839947577,16.0000002091908,2.));
#3925=CARTESIAN_POINT('',(52.4549839947577,16.0000002091908,2.));
#3926=CARTESIAN_POINT('Origin',(-50.2052776805764,16.0000002091908,0.));
#3927=CARTESIAN_POINT('Origin',(7.77485178227859,38.9159959439192,1.));
#3928=CARTESIAN_POINT('Origin',(-6.02514821772141,62.0159959439192,1.));
#3929=UNCERTAINTY_MEASURE_WITH_UNIT(LENGTH_MEASURE(0.01),#3933,
'DISTANCE_ACCURACY_VALUE',
'Maximum model space distance between geometric entities at asserted c
onnectivities');
#3930=UNCERTAINTY_MEASURE_WITH_UNIT(LENGTH_MEASURE(0.01),#3933,
'DISTANCE_ACCURACY_VALUE',
'Maximum model space distance between geometric entities at asserted c
onnectivities');
#3931=(
GEOMETRIC_REPRESENTATION_CONTEXT(3)
GLOBAL_UNCERTAINTY_ASSIGNED_CONTEXT((#3929))
GLOBAL_UNIT_ASSIGNED_CONTEXT((#3933,#3935,#3936))
REPRESENTATION_CONTEXT('','3D')
);
#3932=(
GEOMETRIC_REPRESENTATION_CONTEXT(3)
GLOBAL_UNCERTAINTY_ASSIGNED_CONTEXT((#3930))
GLOBAL_UNIT_ASSIGNED_CONTEXT((#3933,#3935,#3936))
REPRESENTATION_CONTEXT('','3D')
);
#3933=(
LENGTH_UNIT()
NAMED_UNIT(*)
SI_UNIT(.MILLI.,.METRE.)
);
#3934=(
LENGTH_UNIT()
NAMED_UNIT(*)
SI_UNIT($,.METRE.)
);
#3935=(
NAMED_UNIT(*)
PLANE_ANGLE_UNIT()
SI_UNIT($,.RADIAN.)
);
#3936=(
NAMED_UNIT(*)
SI_UNIT($,.STERADIAN.)
SOLID_ANGLE_UNIT()
);
#3937=SHAPE_DEFINITION_REPRESENTATION(#3938,#3939);
#3938=PRODUCT_DEFINITION_SHAPE('',$,#3941);
#3939=SHAPE_REPRESENTATION('',(#2300),#3931);
#3940=PRODUCT_DEFINITION_CONTEXT('part definition',#3945,'design');
#3941=PRODUCT_DEFINITION('MiniArm Base','MiniArm Base v1',#3942,#3940);
#3942=PRODUCT_DEFINITION_FORMATION('',$,#3947);
#3943=PRODUCT_RELATED_PRODUCT_CATEGORY('MiniArm Base v1',
'MiniArm Base v1',(#3947));
#3944=APPLICATION_PROTOCOL_DEFINITION('international standard',
'automotive_design',2009,#3945);
#3945=APPLICATION_CONTEXT(
'Core Data for Automotive Mechanical Design Process');
#3946=PRODUCT_CONTEXT('part definition',#3945,'mechanical');
#3947=PRODUCT('MiniArm Base','MiniArm Base v1',$,(#3946));
#3948=PRESENTATION_STYLE_ASSIGNMENT((#3949));
#3949=SURFACE_STYLE_USAGE(.BOTH.,#3950);
#3950=SURFACE_SIDE_STYLE('',(#3951));
#3951=SURFACE_STYLE_FILL_AREA(#3952);
#3952=FILL_AREA_STYLE('Steel - Satin',(#3953));
#3953=FILL_AREA_STYLE_COLOUR('Steel - Satin',#3954);
#3954=COLOUR_RGB('Steel - Satin',0.627450980392157,0.627450980392157,0.627450980392157);
ENDSEC;
END-ISO-10303-21;
