ISO-10303-21;
HEADER;
/* Generated by software containing ST-Developer
 * from STEP Tools, Inc. (www.steptools.com) 
 */

FILE_DESCRIPTION(
/* description */ (''),
/* implementation_level */ '2;1');

FILE_NAME(
/* name */ 'Modular Brain Base.step',
/* time_stamp */ '2026-08-03T03:51:13+08:00',
/* author */ (''),
/* organization */ (''),
/* preprocessor_version */ 'ST-DEVELOPER v20.1',
/* originating_system */ 'Autodesk Translation Framework v15.8.0.0',
/* authorisation */ '');

FILE_SCHEMA (('AUTOMOTIVE_DESIGN { 1 0 10303 214 3 1 1 }'));
ENDSEC;

DATA;
#10=MECHANICAL_DESIGN_GEOMETRIC_PRESENTATION_REPRESENTATION('',(#20,#21,
#22),#6619);
#11=CONTEXT_DEPENDENT_OVER_RIDING_STYLED_ITEM('',(#6644),#6630,#22,(#15));
#12=MAPPED_ITEM('',#13,#4206);
#13=REPRESENTATION_MAP(#4206,#6629);
#14=ITEM_DEFINED_TRANSFORMATION($,$,#3807,#4205);
#15=(
REPRESENTATION_RELATIONSHIP($,$,#6630,#6629)
REPRESENTATION_RELATIONSHIP_WITH_TRANSFORMATION(#14)
SHAPE_REPRESENTATION_RELATIONSHIP()
);
#16=CONTEXT_DEPENDENT_SHAPE_REPRESENTATION(#15,#6628);
#17=NEXT_ASSEMBLY_USAGE_OCCURRENCE('ModularBrain Base v1:1',
'ModularBrain Base v1:1','ModularBrain Base v1:1',#6632,#6633,
'ModularBrain Base v1:1');
#18=SHAPE_REPRESENTATION_RELATIONSHIP('SRR','None',#6630,#19);
#19=ADVANCED_BREP_SHAPE_REPRESENTATION('',(#23,#24),#6618);
#20=STYLED_ITEM('',(#6644),#23);
#21=STYLED_ITEM('',(#6644),#24);
#22=STYLED_ITEM('',(#6647),#12);
#23=MANIFOLD_SOLID_BREP('mainbase',#3792);
#24=MANIFOLD_SOLID_BREP('mainwall',#3793);
#25=CONICAL_SURFACE('',#4026,0.675,1.02974425867665);
#26=CONICAL_SURFACE('',#4030,0.675,1.02974425867665);
#27=CONICAL_SURFACE('',#4034,0.675,1.02974425867665);
#28=CONICAL_SURFACE('',#4038,0.675,1.02974425867665);
#29=CONICAL_SURFACE('',#4046,0.475,1.02974425867665);
#30=CONICAL_SURFACE('',#4050,0.475,1.02974425867665);
#31=CONICAL_SURFACE('',#4054,0.475,1.02974425867665);
#32=CONICAL_SURFACE('',#4058,0.475,1.02974425867665);
#33=CONICAL_SURFACE('',#4068,0.675,1.02974425867665);
#34=CONICAL_SURFACE('',#4072,0.675,1.02974425867665);
#35=TOROIDAL_SURFACE('',#3888,4.30000002980232,1.5);
#36=TOROIDAL_SURFACE('',#3893,4.3,1.5);
#37=TOROIDAL_SURFACE('',#3935,4.3,1.5);
#38=TOROIDAL_SURFACE('',#3936,4.3,1.5);
#39=TOROIDAL_SURFACE('',#3937,4.,1.);
#40=TOROIDAL_SURFACE('',#3943,4.,1.);
#41=TOROIDAL_SURFACE('',#3949,3.5,1.);
#42=TOROIDAL_SURFACE('',#3951,3.5,1.);
#43=TOROIDAL_SURFACE('',#3955,3.5,1.);
#44=TOROIDAL_SURFACE('',#3961,3.5,1.);
#45=TOROIDAL_SURFACE('',#3967,3.5,1.);
#46=FACE_BOUND('',#398,.T.);
#47=FACE_BOUND('',#399,.T.);
#48=FACE_BOUND('',#400,.T.);
#49=FACE_BOUND('',#401,.T.);
#50=FACE_BOUND('',#402,.T.);
#51=FACE_BOUND('',#403,.T.);
#52=FACE_BOUND('',#404,.T.);
#53=FACE_BOUND('',#405,.T.);
#54=FACE_BOUND('',#406,.T.);
#55=FACE_BOUND('',#407,.T.);
#56=FACE_BOUND('',#408,.T.);
#57=FACE_BOUND('',#409,.T.);
#58=FACE_BOUND('',#410,.T.);
#59=FACE_BOUND('',#411,.T.);
#60=FACE_BOUND('',#508,.T.);
#61=FACE_BOUND('',#510,.T.);
#62=FACE_BOUND('',#512,.T.);
#63=FACE_BOUND('',#514,.T.);
#64=FACE_BOUND('',#524,.T.);
#65=FACE_BOUND('',#526,.T.);
#66=FACE_BOUND('',#528,.T.);
#67=FACE_BOUND('',#530,.T.);
#68=FACE_BOUND('',#537,.T.);
#69=FACE_BOUND('',#539,.T.);
#70=FACE_BOUND('',#573,.T.);
#71=FACE_BOUND('',#608,.T.);
#72=FACE_BOUND('',#609,.T.);
#73=FACE_BOUND('',#610,.T.);
#74=FACE_BOUND('',#611,.T.);
#75=FACE_BOUND('',#612,.T.);
#76=FACE_BOUND('',#613,.T.);
#77=FACE_BOUND('',#614,.T.);
#78=FACE_BOUND('',#615,.T.);
#79=FACE_BOUND('',#621,.T.);
#80=FACE_BOUND('',#622,.T.);
#81=FACE_BOUND('',#623,.T.);
#82=FACE_BOUND('',#624,.T.);
#83=FACE_BOUND('',#625,.T.);
#84=B_SPLINE_CURVE_WITH_KNOTS('',3,(#5456,#5457,#5458,#5459,#5460,#5461,
#5462,#5463,#5464,#5465),.UNSPECIFIED.,.F.,.F.,(4,2,2,2,4),(0.222404613187906,
0.278194328230362,0.333964817591982,0.389596626358269,0.44503212996576),
 .UNSPECIFIED.);
#85=B_SPLINE_CURVE_WITH_KNOTS('',3,(#5470,#5471,#5472,#5473,#5474,#5475,
#5476,#5477,#5478,#5479),.UNSPECIFIED.,.F.,.F.,(4,2,2,2,4),(0.447298992668307,
0.502428400266136,0.558356610037732,0.614847225907958,0.671407943691033),
 .UNSPECIFIED.);
#86=B_SPLINE_CURVE_WITH_KNOTS('',3,(#5653,#5654,#5655,#5656,#5657,#5658,
#5659,#5660,#5661,#5662),.UNSPECIFIED.,.F.,.F.,(4,2,2,2,4),(0.223011928186232,
0.279397074131816,0.335722680464544,0.391582656567011,0.446781812902488),
 .UNSPECIFIED.);
#87=B_SPLINE_CURVE_WITH_KNOTS('',3,(#5664,#5665,#5666,#5667,#5668,#5669,
#5670,#5671,#5672,#5673),.UNSPECIFIED.,.F.,.F.,(4,2,2,2,4),(0.445318139794936,
0.500714968546632,0.556383795727493,0.612244698201652,0.668131893438233),
 .UNSPECIFIED.);
#88=B_SPLINE_CURVE_WITH_KNOTS('',3,(#5676,#5677,#5678,#5679,#5680,#5681,
#5682,#5683,#5684,#5685),.UNSPECIFIED.,.F.,.F.,(4,2,2,2,4),(0.248466756100627,
0.278838105901399,0.334904581084536,0.390657784440659,0.445966940279132),
 .UNSPECIFIED.);
#89=B_SPLINE_CURVE_WITH_KNOTS('',3,(#5690,#5691,#5692,#5693,#5694,#5695,
#5696,#5697,#5698,#5699),.UNSPECIFIED.,.F.,.F.,(4,2,2,2,4),(0.445966940177665,
0.501276096029842,0.557029299372725,0.61309577452366,0.643467124127577),
 .UNSPECIFIED.);
#90=B_SPLINE_CURVE_WITH_KNOTS('',3,(#5701,#5702,#5703,#5704,#5705,#5706),
 .UNSPECIFIED.,.F.,.F.,(4,2,4),(0.975557539098723,1.03194864567083,1.07650486174887),
 .UNSPECIFIED.);
#91=B_SPLINE_CURVE_WITH_KNOTS('',3,(#5707,#5708,#5709,#5710,#5711,#5712),
 .UNSPECIFIED.,.F.,.F.,(4,2,4),(0.780552971636221,0.825109187714264,0.881500292930256),
 .UNSPECIFIED.);
#92=B_SPLINE_CURVE_WITH_KNOTS('',3,(#5714,#5715,#5716,#5717,#5718,#5719,
#5720,#5721,#5722,#5723),.UNSPECIFIED.,.F.,.F.,(4,2,2,2,4),(0.222848191909281,
0.279072316513787,0.335247124676556,0.391044909279258,0.44630800889377),
 .UNSPECIFIED.);
#93=B_SPLINE_CURVE_WITH_KNOTS('',3,(#5727,#5728,#5729,#5730,#5731,#5732,
#5733,#5734,#5735,#5736),.UNSPECIFIED.,.F.,.F.,(4,2,2,2,4),(0.445658614695694,
0.501009424605046,0.556722460578711,0.612691160360601,0.668694324416978),
 .UNSPECIFIED.);
#94=B_SPLINE_CURVE_WITH_KNOTS('',3,(#5860,#5861,#5862,#5863,#5864,#5865,
#5866,#5867,#5868,#5869,#5870,#5871,#5872,#5873,#5874,#5875,#5876,#5877,
#5878,#5879,#5880,#5881,#5882,#5883,#5884,#5885,#5886,#5887,#5888,#5889,
#5890,#5891,#5892,#5893,#5894,#5895,#5896),.UNSPECIFIED.,.F.,.F.,(4,3,3,
3,3,3,3,3,3,3,3,3,4),(0.,0.133017992969356,0.266030788884414,0.39903885004829,
0.532042638299548,0.665084682368824,0.79811328505645,0.931130290249764,
1.06413753968796,1.19717690383614,1.33019192114992,1.46322606564594,1.57079715204336),
 .UNSPECIFIED.);
#95=B_SPLINE_CURVE_WITH_KNOTS('',3,(#5899,#5900,#5901,#5902,#5903,#5904,
#5905,#5906,#5907,#5908,#5909,#5910,#5911,#5912,#5913,#5914,#5915,#5916,
#5917,#5918,#5919,#5920,#5921,#5922,#5923,#5924,#5925,#5926,#5927,#5928,
#5929,#5930,#5931,#5932,#5933,#5934,#5935),.UNSPECIFIED.,.F.,.F.,(4,3,3,
3,3,3,3,3,3,3,3,3,4),(0.,0.133018061542246,0.266030920531699,0.399039035371502,
0.532042864582521,0.66508492573243,0.798113529390113,0.931130519401891,
1.06413773833425,1.1971770517378,1.3301920098117,1.46322608634527,1.57079715204336),
 .UNSPECIFIED.);
#96=CYLINDRICAL_SURFACE('',#3810,2.8);
#97=CYLINDRICAL_SURFACE('',#3816,2.8);
#98=CYLINDRICAL_SURFACE('',#3823,2.8);
#99=CYLINDRICAL_SURFACE('',#3828,2.80000002980232);
#100=CYLINDRICAL_SURFACE('',#3897,4.);
#101=CYLINDRICAL_SURFACE('',#3900,4.);
#102=CYLINDRICAL_SURFACE('',#3903,4.);
#103=CYLINDRICAL_SURFACE('',#3906,3.99999999999999);
#104=CYLINDRICAL_SURFACE('',#3910,2.99999999999998);
#105=CYLINDRICAL_SURFACE('',#3913,2.99999999999998);
#106=CYLINDRICAL_SURFACE('',#3916,2.99999999999997);
#107=CYLINDRICAL_SURFACE('',#3919,2.99999999999997);
#108=CYLINDRICAL_SURFACE('',#3923,3.99999999999999);
#109=CYLINDRICAL_SURFACE('',#3926,4.);
#110=CYLINDRICAL_SURFACE('',#3929,4.);
#111=CYLINDRICAL_SURFACE('',#3932,4.);
#112=CYLINDRICAL_SURFACE('',#3941,3.);
#113=CYLINDRICAL_SURFACE('',#3947,3.);
#114=CYLINDRICAL_SURFACE('',#3953,2.5);
#115=CYLINDRICAL_SURFACE('',#3959,2.5);
#116=CYLINDRICAL_SURFACE('',#3965,2.5);
#117=CYLINDRICAL_SURFACE('',#3971,2.5);
#118=CYLINDRICAL_SURFACE('',#3974,1.99999999999999);
#119=CYLINDRICAL_SURFACE('',#3977,2.00000000000001);
#120=CYLINDRICAL_SURFACE('',#3980,2.00000000000001);
#121=CYLINDRICAL_SURFACE('',#3983,1.99999999999999);
#122=CYLINDRICAL_SURFACE('',#3991,1.00000000003987);
#123=CYLINDRICAL_SURFACE('',#3998,3.);
#124=CYLINDRICAL_SURFACE('',#4005,1.00000000003987);
#125=CYLINDRICAL_SURFACE('',#4012,3.);
#126=CYLINDRICAL_SURFACE('',#4015,2.99999999999999);
#127=CYLINDRICAL_SURFACE('',#4016,3.00000000000001);
#128=CYLINDRICAL_SURFACE('',#4018,0.999999999999205);
#129=CYLINDRICAL_SURFACE('',#4019,1.00000000000199);
#130=CYLINDRICAL_SURFACE('',#4021,2.99999999999999);
#131=CYLINDRICAL_SURFACE('',#4022,3.00000000000001);
#132=CYLINDRICAL_SURFACE('',#4024,0.999999999999204);
#133=CYLINDRICAL_SURFACE('',#4025,1.00000000000199);
#134=CYLINDRICAL_SURFACE('',#4028,1.35);
#135=CYLINDRICAL_SURFACE('',#4032,1.35);
#136=CYLINDRICAL_SURFACE('',#4036,1.35);
#137=CYLINDRICAL_SURFACE('',#4040,1.35);
#138=CYLINDRICAL_SURFACE('',#4048,0.95);
#139=CYLINDRICAL_SURFACE('',#4052,0.95);
#140=CYLINDRICAL_SURFACE('',#4056,0.95);
#141=CYLINDRICAL_SURFACE('',#4060,0.95);
#142=CYLINDRICAL_SURFACE('',#4067,2.5);
#143=CYLINDRICAL_SURFACE('',#4070,1.35);
#144=CYLINDRICAL_SURFACE('',#4074,1.35);
#145=CYLINDRICAL_SURFACE('',#4078,2.);
#146=CYLINDRICAL_SURFACE('',#4086,2.);
#147=CYLINDRICAL_SURFACE('',#4087,2.);
#148=CYLINDRICAL_SURFACE('',#4089,2.);
#149=CYLINDRICAL_SURFACE('',#4093,9.99999999999998);
#150=CYLINDRICAL_SURFACE('',#4095,10.);
#151=CYLINDRICAL_SURFACE('',#4106,2.95);
#152=CYLINDRICAL_SURFACE('',#4110,2.45000000000001);
#153=CYLINDRICAL_SURFACE('',#4112,2.95);
#154=CYLINDRICAL_SURFACE('',#4116,2.45000000000001);
#155=CYLINDRICAL_SURFACE('',#4118,2.45000000000001);
#156=CYLINDRICAL_SURFACE('',#4122,2.95);
#157=CYLINDRICAL_SURFACE('',#4135,2.25);
#158=CYLINDRICAL_SURFACE('',#4140,2.25);
#159=CYLINDRICAL_SURFACE('',#4143,2.25);
#160=CYLINDRICAL_SURFACE('',#4150,6.);
#161=CYLINDRICAL_SURFACE('',#4155,2.);
#162=CYLINDRICAL_SURFACE('',#4170,2.);
#163=CYLINDRICAL_SURFACE('',#4173,2.);
#164=CYLINDRICAL_SURFACE('',#4176,2.);
#165=CYLINDRICAL_SURFACE('',#4182,5.);
#166=CYLINDRICAL_SURFACE('',#4184,5.);
#167=CYLINDRICAL_SURFACE('',#4186,5.);
#168=CYLINDRICAL_SURFACE('',#4189,5.);
#169=CYLINDRICAL_SURFACE('',#4191,9.99999999999998);
#170=CYLINDRICAL_SURFACE('',#4193,10.);
#171=CYLINDRICAL_SURFACE('',#4196,12.);
#172=CYLINDRICAL_SURFACE('',#4199,12.);
#173=FACE_OUTER_BOUND('',#383,.T.);
#174=FACE_OUTER_BOUND('',#384,.T.);
#175=FACE_OUTER_BOUND('',#385,.T.);
#176=FACE_OUTER_BOUND('',#386,.T.);
#177=FACE_OUTER_BOUND('',#387,.T.);
#178=FACE_OUTER_BOUND('',#388,.T.);
#179=FACE_OUTER_BOUND('',#389,.T.);
#180=FACE_OUTER_BOUND('',#390,.T.);
#181=FACE_OUTER_BOUND('',#391,.T.);
#182=FACE_OUTER_BOUND('',#392,.T.);
#183=FACE_OUTER_BOUND('',#393,.T.);
#184=FACE_OUTER_BOUND('',#394,.T.);
#185=FACE_OUTER_BOUND('',#395,.T.);
#186=FACE_OUTER_BOUND('',#396,.T.);
#187=FACE_OUTER_BOUND('',#397,.T.);
#188=FACE_OUTER_BOUND('',#412,.T.);
#189=FACE_OUTER_BOUND('',#413,.T.);
#190=FACE_OUTER_BOUND('',#414,.T.);
#191=FACE_OUTER_BOUND('',#415,.T.);
#192=FACE_OUTER_BOUND('',#416,.T.);
#193=FACE_OUTER_BOUND('',#417,.T.);
#194=FACE_OUTER_BOUND('',#418,.T.);
#195=FACE_OUTER_BOUND('',#419,.T.);
#196=FACE_OUTER_BOUND('',#420,.T.);
#197=FACE_OUTER_BOUND('',#421,.T.);
#198=FACE_OUTER_BOUND('',#422,.T.);
#199=FACE_OUTER_BOUND('',#423,.T.);
#200=FACE_OUTER_BOUND('',#424,.T.);
#201=FACE_OUTER_BOUND('',#425,.T.);
#202=FACE_OUTER_BOUND('',#426,.T.);
#203=FACE_OUTER_BOUND('',#427,.T.);
#204=FACE_OUTER_BOUND('',#428,.T.);
#205=FACE_OUTER_BOUND('',#429,.T.);
#206=FACE_OUTER_BOUND('',#430,.T.);
#207=FACE_OUTER_BOUND('',#431,.T.);
#208=FACE_OUTER_BOUND('',#432,.T.);
#209=FACE_OUTER_BOUND('',#433,.T.);
#210=FACE_OUTER_BOUND('',#434,.T.);
#211=FACE_OUTER_BOUND('',#435,.T.);
#212=FACE_OUTER_BOUND('',#436,.T.);
#213=FACE_OUTER_BOUND('',#437,.T.);
#214=FACE_OUTER_BOUND('',#438,.T.);
#215=FACE_OUTER_BOUND('',#439,.T.);
#216=FACE_OUTER_BOUND('',#440,.T.);
#217=FACE_OUTER_BOUND('',#441,.T.);
#218=FACE_OUTER_BOUND('',#442,.T.);
#219=FACE_OUTER_BOUND('',#443,.T.);
#220=FACE_OUTER_BOUND('',#444,.T.);
#221=FACE_OUTER_BOUND('',#445,.T.);
#222=FACE_OUTER_BOUND('',#446,.T.);
#223=FACE_OUTER_BOUND('',#447,.T.);
#224=FACE_OUTER_BOUND('',#448,.T.);
#225=FACE_OUTER_BOUND('',#449,.T.);
#226=FACE_OUTER_BOUND('',#450,.T.);
#227=FACE_OUTER_BOUND('',#451,.T.);
#228=FACE_OUTER_BOUND('',#452,.T.);
#229=FACE_OUTER_BOUND('',#453,.T.);
#230=FACE_OUTER_BOUND('',#454,.T.);
#231=FACE_OUTER_BOUND('',#455,.T.);
#232=FACE_OUTER_BOUND('',#456,.T.);
#233=FACE_OUTER_BOUND('',#457,.T.);
#234=FACE_OUTER_BOUND('',#458,.T.);
#235=FACE_OUTER_BOUND('',#459,.T.);
#236=FACE_OUTER_BOUND('',#460,.T.);
#237=FACE_OUTER_BOUND('',#461,.T.);
#238=FACE_OUTER_BOUND('',#462,.T.);
#239=FACE_OUTER_BOUND('',#463,.T.);
#240=FACE_OUTER_BOUND('',#464,.T.);
#241=FACE_OUTER_BOUND('',#465,.T.);
#242=FACE_OUTER_BOUND('',#466,.T.);
#243=FACE_OUTER_BOUND('',#467,.T.);
#244=FACE_OUTER_BOUND('',#468,.T.);
#245=FACE_OUTER_BOUND('',#469,.T.);
#246=FACE_OUTER_BOUND('',#470,.T.);
#247=FACE_OUTER_BOUND('',#471,.T.);
#248=FACE_OUTER_BOUND('',#472,.T.);
#249=FACE_OUTER_BOUND('',#473,.T.);
#250=FACE_OUTER_BOUND('',#474,.T.);
#251=FACE_OUTER_BOUND('',#475,.T.);
#252=FACE_OUTER_BOUND('',#476,.T.);
#253=FACE_OUTER_BOUND('',#477,.T.);
#254=FACE_OUTER_BOUND('',#478,.T.);
#255=FACE_OUTER_BOUND('',#479,.T.);
#256=FACE_OUTER_BOUND('',#480,.T.);
#257=FACE_OUTER_BOUND('',#481,.T.);
#258=FACE_OUTER_BOUND('',#482,.T.);
#259=FACE_OUTER_BOUND('',#483,.T.);
#260=FACE_OUTER_BOUND('',#484,.T.);
#261=FACE_OUTER_BOUND('',#485,.T.);
#262=FACE_OUTER_BOUND('',#486,.T.);
#263=FACE_OUTER_BOUND('',#487,.T.);
#264=FACE_OUTER_BOUND('',#488,.T.);
#265=FACE_OUTER_BOUND('',#489,.T.);
#266=FACE_OUTER_BOUND('',#490,.T.);
#267=FACE_OUTER_BOUND('',#491,.T.);
#268=FACE_OUTER_BOUND('',#492,.T.);
#269=FACE_OUTER_BOUND('',#493,.T.);
#270=FACE_OUTER_BOUND('',#494,.T.);
#271=FACE_OUTER_BOUND('',#495,.T.);
#272=FACE_OUTER_BOUND('',#496,.T.);
#273=FACE_OUTER_BOUND('',#497,.T.);
#274=FACE_OUTER_BOUND('',#498,.T.);
#275=FACE_OUTER_BOUND('',#499,.T.);
#276=FACE_OUTER_BOUND('',#500,.T.);
#277=FACE_OUTER_BOUND('',#501,.T.);
#278=FACE_OUTER_BOUND('',#502,.T.);
#279=FACE_OUTER_BOUND('',#503,.T.);
#280=FACE_OUTER_BOUND('',#504,.T.);
#281=FACE_OUTER_BOUND('',#505,.T.);
#282=FACE_OUTER_BOUND('',#506,.T.);
#283=FACE_OUTER_BOUND('',#507,.T.);
#284=FACE_OUTER_BOUND('',#509,.T.);
#285=FACE_OUTER_BOUND('',#511,.T.);
#286=FACE_OUTER_BOUND('',#513,.T.);
#287=FACE_OUTER_BOUND('',#515,.T.);
#288=FACE_OUTER_BOUND('',#516,.T.);
#289=FACE_OUTER_BOUND('',#517,.T.);
#290=FACE_OUTER_BOUND('',#518,.T.);
#291=FACE_OUTER_BOUND('',#519,.T.);
#292=FACE_OUTER_BOUND('',#520,.T.);
#293=FACE_OUTER_BOUND('',#521,.T.);
#294=FACE_OUTER_BOUND('',#522,.T.);
#295=FACE_OUTER_BOUND('',#523,.T.);
#296=FACE_OUTER_BOUND('',#525,.T.);
#297=FACE_OUTER_BOUND('',#527,.T.);
#298=FACE_OUTER_BOUND('',#529,.T.);
#299=FACE_OUTER_BOUND('',#531,.T.);
#300=FACE_OUTER_BOUND('',#532,.T.);
#301=FACE_OUTER_BOUND('',#533,.T.);
#302=FACE_OUTER_BOUND('',#534,.T.);
#303=FACE_OUTER_BOUND('',#535,.T.);
#304=FACE_OUTER_BOUND('',#536,.T.);
#305=FACE_OUTER_BOUND('',#538,.T.);
#306=FACE_OUTER_BOUND('',#540,.T.);
#307=FACE_OUTER_BOUND('',#541,.T.);
#308=FACE_OUTER_BOUND('',#542,.T.);
#309=FACE_OUTER_BOUND('',#543,.T.);
#310=FACE_OUTER_BOUND('',#544,.T.);
#311=FACE_OUTER_BOUND('',#545,.T.);
#312=FACE_OUTER_BOUND('',#546,.T.);
#313=FACE_OUTER_BOUND('',#547,.T.);
#314=FACE_OUTER_BOUND('',#548,.T.);
#315=FACE_OUTER_BOUND('',#549,.T.);
#316=FACE_OUTER_BOUND('',#550,.T.);
#317=FACE_OUTER_BOUND('',#551,.T.);
#318=FACE_OUTER_BOUND('',#552,.T.);
#319=FACE_OUTER_BOUND('',#553,.T.);
#320=FACE_OUTER_BOUND('',#554,.T.);
#321=FACE_OUTER_BOUND('',#555,.T.);
#322=FACE_OUTER_BOUND('',#556,.T.);
#323=FACE_OUTER_BOUND('',#557,.T.);
#324=FACE_OUTER_BOUND('',#558,.T.);
#325=FACE_OUTER_BOUND('',#559,.T.);
#326=FACE_OUTER_BOUND('',#560,.T.);
#327=FACE_OUTER_BOUND('',#561,.T.);
#328=FACE_OUTER_BOUND('',#562,.T.);
#329=FACE_OUTER_BOUND('',#563,.T.);
#330=FACE_OUTER_BOUND('',#564,.T.);
#331=FACE_OUTER_BOUND('',#565,.T.);
#332=FACE_OUTER_BOUND('',#566,.T.);
#333=FACE_OUTER_BOUND('',#567,.T.);
#334=FACE_OUTER_BOUND('',#568,.T.);
#335=FACE_OUTER_BOUND('',#569,.T.);
#336=FACE_OUTER_BOUND('',#570,.T.);
#337=FACE_OUTER_BOUND('',#571,.T.);
#338=FACE_OUTER_BOUND('',#572,.T.);
#339=FACE_OUTER_BOUND('',#574,.T.);
#340=FACE_OUTER_BOUND('',#575,.T.);
#341=FACE_OUTER_BOUND('',#576,.T.);
#342=FACE_OUTER_BOUND('',#577,.T.);
#343=FACE_OUTER_BOUND('',#578,.T.);
#344=FACE_OUTER_BOUND('',#579,.T.);
#345=FACE_OUTER_BOUND('',#580,.T.);
#346=FACE_OUTER_BOUND('',#581,.T.);
#347=FACE_OUTER_BOUND('',#582,.T.);
#348=FACE_OUTER_BOUND('',#583,.T.);
#349=FACE_OUTER_BOUND('',#584,.T.);
#350=FACE_OUTER_BOUND('',#585,.T.);
#351=FACE_OUTER_BOUND('',#586,.T.);
#352=FACE_OUTER_BOUND('',#587,.T.);
#353=FACE_OUTER_BOUND('',#588,.T.);
#354=FACE_OUTER_BOUND('',#589,.T.);
#355=FACE_OUTER_BOUND('',#590,.T.);
#356=FACE_OUTER_BOUND('',#591,.T.);
#357=FACE_OUTER_BOUND('',#592,.T.);
#358=FACE_OUTER_BOUND('',#593,.T.);
#359=FACE_OUTER_BOUND('',#594,.T.);
#360=FACE_OUTER_BOUND('',#595,.T.);
#361=FACE_OUTER_BOUND('',#596,.T.);
#362=FACE_OUTER_BOUND('',#597,.T.);
#363=FACE_OUTER_BOUND('',#598,.T.);
#364=FACE_OUTER_BOUND('',#599,.T.);
#365=FACE_OUTER_BOUND('',#600,.T.);
#366=FACE_OUTER_BOUND('',#601,.T.);
#367=FACE_OUTER_BOUND('',#602,.T.);
#368=FACE_OUTER_BOUND('',#603,.T.);
#369=FACE_OUTER_BOUND('',#604,.T.);
#370=FACE_OUTER_BOUND('',#605,.T.);
#371=FACE_OUTER_BOUND('',#606,.T.);
#372=FACE_OUTER_BOUND('',#607,.T.);
#373=FACE_OUTER_BOUND('',#616,.T.);
#374=FACE_OUTER_BOUND('',#617,.T.);
#375=FACE_OUTER_BOUND('',#618,.T.);
#376=FACE_OUTER_BOUND('',#619,.T.);
#377=FACE_OUTER_BOUND('',#620,.T.);
#378=FACE_OUTER_BOUND('',#626,.T.);
#379=FACE_OUTER_BOUND('',#627,.T.);
#380=FACE_OUTER_BOUND('',#628,.T.);
#381=FACE_OUTER_BOUND('',#629,.T.);
#382=FACE_OUTER_BOUND('',#630,.T.);
#383=EDGE_LOOP('',(#2394,#2395,#2396,#2397));
#384=EDGE_LOOP('',(#2398,#2399,#2400,#2401,#2402,#2403,#2404,#2405));
#385=EDGE_LOOP('',(#2406,#2407,#2408,#2409));
#386=EDGE_LOOP('',(#2410,#2411,#2412,#2413,#2414,#2415,#2416,#2417));
#387=EDGE_LOOP('',(#2418,#2419,#2420,#2421,#2422));
#388=EDGE_LOOP('',(#2423,#2424,#2425,#2426,#2427,#2428,#2429,#2430));
#389=EDGE_LOOP('',(#2431,#2432,#2433,#2434));
#390=EDGE_LOOP('',(#2435,#2436,#2437,#2438,#2439,#2440,#2441,#2442));
#391=EDGE_LOOP('',(#2443,#2444,#2445,#2446));
#392=EDGE_LOOP('',(#2447,#2448,#2449,#2450));
#393=EDGE_LOOP('',(#2451,#2452,#2453,#2454));
#394=EDGE_LOOP('',(#2455,#2456,#2457,#2458));
#395=EDGE_LOOP('',(#2459,#2460,#2461,#2462,#2463,#2464));
#396=EDGE_LOOP('',(#2465,#2466,#2467,#2468,#2469,#2470));
#397=EDGE_LOOP('',(#2471,#2472,#2473,#2474,#2475,#2476,#2477,#2478,#2479,
#2480,#2481,#2482,#2483,#2484,#2485,#2486,#2487,#2488,#2489,#2490,#2491,
#2492,#2493,#2494,#2495,#2496));
#398=EDGE_LOOP('',(#2497));
#399=EDGE_LOOP('',(#2498));
#400=EDGE_LOOP('',(#2499));
#401=EDGE_LOOP('',(#2500,#2501,#2502,#2503,#2504,#2505,#2506,#2507));
#402=EDGE_LOOP('',(#2508,#2509,#2510,#2511,#2512,#2513));
#403=EDGE_LOOP('',(#2514,#2515,#2516,#2517,#2518,#2519));
#404=EDGE_LOOP('',(#2520,#2521,#2522,#2523,#2524,#2525));
#405=EDGE_LOOP('',(#2526,#2527,#2528,#2529,#2530,#2531));
#406=EDGE_LOOP('',(#2532));
#407=EDGE_LOOP('',(#2533,#2534));
#408=EDGE_LOOP('',(#2535));
#409=EDGE_LOOP('',(#2536,#2537,#2538,#2539,#2540,#2541,#2542,#2543));
#410=EDGE_LOOP('',(#2544,#2545,#2546,#2547,#2548,#2549,#2550,#2551));
#411=EDGE_LOOP('',(#2552,#2553,#2554,#2555,#2556,#2557,#2558,#2559));
#412=EDGE_LOOP('',(#2560,#2561,#2562,#2563,#2564));
#413=EDGE_LOOP('',(#2565,#2566,#2567,#2568,#2569,#2570));
#414=EDGE_LOOP('',(#2571,#2572,#2573,#2574,#2575,#2576));
#415=EDGE_LOOP('',(#2577,#2578,#2579,#2580));
#416=EDGE_LOOP('',(#2581,#2582,#2583,#2584));
#417=EDGE_LOOP('',(#2585,#2586,#2587,#2588,#2589,#2590,#2591));
#418=EDGE_LOOP('',(#2592,#2593,#2594,#2595,#2596));
#419=EDGE_LOOP('',(#2597,#2598,#2599,#2600,#2601));
#420=EDGE_LOOP('',(#2602,#2603,#2604,#2605));
#421=EDGE_LOOP('',(#2606,#2607,#2608,#2609));
#422=EDGE_LOOP('',(#2610,#2611,#2612,#2613));
#423=EDGE_LOOP('',(#2614,#2615,#2616,#2617));
#424=EDGE_LOOP('',(#2618,#2619,#2620,#2621));
#425=EDGE_LOOP('',(#2622,#2623,#2624,#2625));
#426=EDGE_LOOP('',(#2626,#2627,#2628,#2629));
#427=EDGE_LOOP('',(#2630,#2631,#2632,#2633));
#428=EDGE_LOOP('',(#2634,#2635,#2636,#2637,#2638,#2639,#2640,#2641));
#429=EDGE_LOOP('',(#2642,#2643,#2644,#2645));
#430=EDGE_LOOP('',(#2646,#2647,#2648,#2649));
#431=EDGE_LOOP('',(#2650,#2651,#2652,#2653));
#432=EDGE_LOOP('',(#2654,#2655,#2656,#2657));
#433=EDGE_LOOP('',(#2658,#2659,#2660,#2661));
#434=EDGE_LOOP('',(#2662,#2663,#2664,#2665));
#435=EDGE_LOOP('',(#2666,#2667,#2668,#2669));
#436=EDGE_LOOP('',(#2670,#2671,#2672,#2673));
#437=EDGE_LOOP('',(#2674,#2675,#2676,#2677,#2678,#2679,#2680,#2681));
#438=EDGE_LOOP('',(#2682,#2683,#2684,#2685));
#439=EDGE_LOOP('',(#2686,#2687,#2688,#2689));
#440=EDGE_LOOP('',(#2690,#2691,#2692,#2693));
#441=EDGE_LOOP('',(#2694,#2695,#2696,#2697));
#442=EDGE_LOOP('',(#2698,#2699,#2700,#2701));
#443=EDGE_LOOP('',(#2702,#2703,#2704,#2705));
#444=EDGE_LOOP('',(#2706,#2707,#2708,#2709));
#445=EDGE_LOOP('',(#2710,#2711,#2712,#2713));
#446=EDGE_LOOP('',(#2714,#2715,#2716,#2717,#2718,#2719,#2720,#2721));
#447=EDGE_LOOP('',(#2722,#2723,#2724,#2725,#2726));
#448=EDGE_LOOP('',(#2727,#2728,#2729,#2730));
#449=EDGE_LOOP('',(#2731,#2732,#2733,#2734,#2735));
#450=EDGE_LOOP('',(#2736,#2737,#2738,#2739,#2740));
#451=EDGE_LOOP('',(#2741,#2742,#2743,#2744,#2745));
#452=EDGE_LOOP('',(#2746,#2747,#2748,#2749,#2750));
#453=EDGE_LOOP('',(#2751,#2752,#2753,#2754));
#454=EDGE_LOOP('',(#2755,#2756,#2757,#2758));
#455=EDGE_LOOP('',(#2759,#2760,#2761,#2762));
#456=EDGE_LOOP('',(#2763,#2764,#2765,#2766,#2767));
#457=EDGE_LOOP('',(#2768,#2769,#2770,#2771,#2772));
#458=EDGE_LOOP('',(#2773,#2774,#2775,#2776,#2777));
#459=EDGE_LOOP('',(#2778,#2779,#2780,#2781,#2782));
#460=EDGE_LOOP('',(#2783,#2784,#2785,#2786,#2787));
#461=EDGE_LOOP('',(#2788,#2789,#2790,#2791,#2792));
#462=EDGE_LOOP('',(#2793,#2794,#2795,#2796));
#463=EDGE_LOOP('',(#2797,#2798,#2799,#2800));
#464=EDGE_LOOP('',(#2801,#2802,#2803,#2804));
#465=EDGE_LOOP('',(#2805,#2806,#2807,#2808));
#466=EDGE_LOOP('',(#2809,#2810,#2811,#2812));
#467=EDGE_LOOP('',(#2813,#2814,#2815,#2816));
#468=EDGE_LOOP('',(#2817,#2818,#2819,#2820));
#469=EDGE_LOOP('',(#2821,#2822,#2823,#2824));
#470=EDGE_LOOP('',(#2825,#2826,#2827,#2828,#2829,#2830,#2831,#2832));
#471=EDGE_LOOP('',(#2833,#2834,#2835,#2836,#2837,#2838));
#472=EDGE_LOOP('',(#2839,#2840,#2841,#2842));
#473=EDGE_LOOP('',(#2843,#2844,#2845,#2846));
#474=EDGE_LOOP('',(#2847,#2848,#2849,#2850));
#475=EDGE_LOOP('',(#2851,#2852,#2853,#2854,#2855,#2856));
#476=EDGE_LOOP('',(#2857,#2858,#2859,#2860));
#477=EDGE_LOOP('',(#2861,#2862,#2863,#2864));
#478=EDGE_LOOP('',(#2865,#2866,#2867,#2868));
#479=EDGE_LOOP('',(#2869,#2870,#2871,#2872,#2873,#2874));
#480=EDGE_LOOP('',(#2875,#2876,#2877,#2878));
#481=EDGE_LOOP('',(#2879,#2880,#2881,#2882));
#482=EDGE_LOOP('',(#2883,#2884,#2885,#2886));
#483=EDGE_LOOP('',(#2887,#2888,#2889,#2890,#2891,#2892));
#484=EDGE_LOOP('',(#2893,#2894,#2895,#2896));
#485=EDGE_LOOP('',(#2897,#2898,#2899,#2900));
#486=EDGE_LOOP('',(#2901,#2902,#2903,#2904));
#487=EDGE_LOOP('',(#2905,#2906,#2907,#2908));
#488=EDGE_LOOP('',(#2909,#2910,#2911,#2912));
#489=EDGE_LOOP('',(#2913,#2914,#2915,#2916));
#490=EDGE_LOOP('',(#2917,#2918,#2919,#2920));
#491=EDGE_LOOP('',(#2921,#2922,#2923,#2924));
#492=EDGE_LOOP('',(#2925,#2926,#2927,#2928));
#493=EDGE_LOOP('',(#2929,#2930,#2931,#2932));
#494=EDGE_LOOP('',(#2933,#2934,#2935,#2936));
#495=EDGE_LOOP('',(#2937,#2938,#2939,#2940));
#496=EDGE_LOOP('',(#2941,#2942,#2943,#2944));
#497=EDGE_LOOP('',(#2945,#2946,#2947,#2948));
#498=EDGE_LOOP('',(#2949,#2950,#2951,#2952));
#499=EDGE_LOOP('',(#2953,#2954,#2955));
#500=EDGE_LOOP('',(#2956,#2957,#2958,#2959));
#501=EDGE_LOOP('',(#2960,#2961,#2962));
#502=EDGE_LOOP('',(#2963,#2964,#2965,#2966));
#503=EDGE_LOOP('',(#2967,#2968,#2969));
#504=EDGE_LOOP('',(#2970,#2971,#2972,#2973));
#505=EDGE_LOOP('',(#2974,#2975,#2976));
#506=EDGE_LOOP('',(#2977,#2978,#2979,#2980));
#507=EDGE_LOOP('',(#2981));
#508=EDGE_LOOP('',(#2982));
#509=EDGE_LOOP('',(#2983));
#510=EDGE_LOOP('',(#2984));
#511=EDGE_LOOP('',(#2985));
#512=EDGE_LOOP('',(#2986));
#513=EDGE_LOOP('',(#2987));
#514=EDGE_LOOP('',(#2988));
#515=EDGE_LOOP('',(#2989,#2990,#2991));
#516=EDGE_LOOP('',(#2992,#2993,#2994,#2995));
#517=EDGE_LOOP('',(#2996,#2997,#2998));
#518=EDGE_LOOP('',(#2999,#3000,#3001,#3002));
#519=EDGE_LOOP('',(#3003,#3004,#3005));
#520=EDGE_LOOP('',(#3006,#3007,#3008,#3009));
#521=EDGE_LOOP('',(#3010,#3011,#3012));
#522=EDGE_LOOP('',(#3013,#3014,#3015,#3016));
#523=EDGE_LOOP('',(#3017));
#524=EDGE_LOOP('',(#3018));
#525=EDGE_LOOP('',(#3019));
#526=EDGE_LOOP('',(#3020));
#527=EDGE_LOOP('',(#3021,#3022));
#528=EDGE_LOOP('',(#3023));
#529=EDGE_LOOP('',(#3024));
#530=EDGE_LOOP('',(#3025));
#531=EDGE_LOOP('',(#3026,#3027,#3028,#3029));
#532=EDGE_LOOP('',(#3030,#3031,#3032));
#533=EDGE_LOOP('',(#3033,#3034,#3035,#3036));
#534=EDGE_LOOP('',(#3037,#3038,#3039));
#535=EDGE_LOOP('',(#3040,#3041,#3042,#3043));
#536=EDGE_LOOP('',(#3044));
#537=EDGE_LOOP('',(#3045));
#538=EDGE_LOOP('',(#3046));
#539=EDGE_LOOP('',(#3047));
#540=EDGE_LOOP('',(#3048,#3049,#3050,#3051));
#541=EDGE_LOOP('',(#3052,#3053,#3054,#3055,#3056,#3057,#3058,#3059,#3060,
#3061,#3062,#3063));
#542=EDGE_LOOP('',(#3064,#3065,#3066,#3067));
#543=EDGE_LOOP('',(#3068,#3069,#3070,#3071));
#544=EDGE_LOOP('',(#3072,#3073,#3074,#3075));
#545=EDGE_LOOP('',(#3076,#3077,#3078,#3079));
#546=EDGE_LOOP('',(#3080,#3081,#3082,#3083,#3084,#3085,#3086,#3087));
#547=EDGE_LOOP('',(#3088,#3089,#3090,#3091));
#548=EDGE_LOOP('',(#3092,#3093,#3094,#3095,#3096,#3097,#3098,#3099,#3100,
#3101));
#549=EDGE_LOOP('',(#3102,#3103,#3104,#3105,#3106,#3107));
#550=EDGE_LOOP('',(#3108,#3109,#3110,#3111));
#551=EDGE_LOOP('',(#3112,#3113,#3114,#3115,#3116,#3117));
#552=EDGE_LOOP('',(#3118,#3119,#3120,#3121));
#553=EDGE_LOOP('',(#3122,#3123,#3124,#3125));
#554=EDGE_LOOP('',(#3126,#3127,#3128,#3129));
#555=EDGE_LOOP('',(#3130,#3131,#3132,#3133));
#556=EDGE_LOOP('',(#3134,#3135,#3136,#3137));
#557=EDGE_LOOP('',(#3138,#3139,#3140,#3141));
#558=EDGE_LOOP('',(#3142,#3143,#3144,#3145));
#559=EDGE_LOOP('',(#3146,#3147,#3148,#3149));
#560=EDGE_LOOP('',(#3150,#3151,#3152,#3153));
#561=EDGE_LOOP('',(#3154,#3155,#3156,#3157));
#562=EDGE_LOOP('',(#3158,#3159,#3160,#3161));
#563=EDGE_LOOP('',(#3162,#3163,#3164,#3165));
#564=EDGE_LOOP('',(#3166,#3167,#3168,#3169));
#565=EDGE_LOOP('',(#3170,#3171,#3172,#3173));
#566=EDGE_LOOP('',(#3174,#3175,#3176,#3177));
#567=EDGE_LOOP('',(#3178,#3179,#3180,#3181));
#568=EDGE_LOOP('',(#3182,#3183,#3184,#3185));
#569=EDGE_LOOP('',(#3186,#3187,#3188,#3189));
#570=EDGE_LOOP('',(#3190,#3191,#3192,#3193));
#571=EDGE_LOOP('',(#3194,#3195,#3196,#3197));
#572=EDGE_LOOP('',(#3198,#3199,#3200,#3201));
#573=EDGE_LOOP('',(#3202,#3203,#3204,#3205));
#574=EDGE_LOOP('',(#3206,#3207,#3208,#3209));
#575=EDGE_LOOP('',(#3210,#3211,#3212,#3213));
#576=EDGE_LOOP('',(#3214,#3215,#3216,#3217));
#577=EDGE_LOOP('',(#3218,#3219,#3220,#3221));
#578=EDGE_LOOP('',(#3222,#3223,#3224,#3225));
#579=EDGE_LOOP('',(#3226,#3227,#3228,#3229));
#580=EDGE_LOOP('',(#3230,#3231,#3232,#3233));
#581=EDGE_LOOP('',(#3234,#3235,#3236,#3237));
#582=EDGE_LOOP('',(#3238,#3239,#3240,#3241));
#583=EDGE_LOOP('',(#3242,#3243,#3244,#3245));
#584=EDGE_LOOP('',(#3246,#3247,#3248,#3249));
#585=EDGE_LOOP('',(#3250,#3251,#3252,#3253));
#586=EDGE_LOOP('',(#3254,#3255,#3256,#3257));
#587=EDGE_LOOP('',(#3258,#3259,#3260,#3261));
#588=EDGE_LOOP('',(#3262,#3263,#3264,#3265));
#589=EDGE_LOOP('',(#3266,#3267,#3268,#3269));
#590=EDGE_LOOP('',(#3270,#3271,#3272,#3273));
#591=EDGE_LOOP('',(#3274,#3275,#3276,#3277));
#592=EDGE_LOOP('',(#3278,#3279,#3280,#3281));
#593=EDGE_LOOP('',(#3282,#3283,#3284,#3285,#3286,#3287,#3288,#3289,#3290,
#3291,#3292,#3293,#3294,#3295,#3296,#3297,#3298,#3299,#3300,#3301,#3302,
#3303,#3304,#3305));
#594=EDGE_LOOP('',(#3306,#3307,#3308,#3309));
#595=EDGE_LOOP('',(#3310,#3311,#3312,#3313,#3314,#3315));
#596=EDGE_LOOP('',(#3316,#3317,#3318,#3319));
#597=EDGE_LOOP('',(#3320,#3321,#3322,#3323));
#598=EDGE_LOOP('',(#3324,#3325,#3326,#3327));
#599=EDGE_LOOP('',(#3328,#3329,#3330,#3331,#3332,#3333,#3334,#3335,#3336,
#3337,#3338,#3339));
#600=EDGE_LOOP('',(#3340,#3341,#3342,#3343,#3344,#3345));
#601=EDGE_LOOP('',(#3346,#3347,#3348,#3349));
#602=EDGE_LOOP('',(#3350,#3351,#3352,#3353));
#603=EDGE_LOOP('',(#3354,#3355,#3356,#3357));
#604=EDGE_LOOP('',(#3358,#3359,#3360,#3361));
#605=EDGE_LOOP('',(#3362,#3363,#3364,#3365));
#606=EDGE_LOOP('',(#3366,#3367,#3368,#3369));
#607=EDGE_LOOP('',(#3370,#3371,#3372,#3373));
#608=EDGE_LOOP('',(#3374,#3375,#3376,#3377));
#609=EDGE_LOOP('',(#3378,#3379,#3380,#3381));
#610=EDGE_LOOP('',(#3382,#3383,#3384,#3385));
#611=EDGE_LOOP('',(#3386,#3387,#3388,#3389));
#612=EDGE_LOOP('',(#3390,#3391,#3392));
#613=EDGE_LOOP('',(#3393,#3394,#3395));
#614=EDGE_LOOP('',(#3396,#3397,#3398));
#615=EDGE_LOOP('',(#3399,#3400,#3401));
#616=EDGE_LOOP('',(#3402,#3403,#3404,#3405));
#617=EDGE_LOOP('',(#3406,#3407,#3408,#3409));
#618=EDGE_LOOP('',(#3410,#3411,#3412,#3413));
#619=EDGE_LOOP('',(#3414,#3415,#3416,#3417));
#620=EDGE_LOOP('',(#3418,#3419,#3420,#3421));
#621=EDGE_LOOP('',(#3422,#3423,#3424,#3425));
#622=EDGE_LOOP('',(#3426,#3427,#3428));
#623=EDGE_LOOP('',(#3429,#3430,#3431));
#624=EDGE_LOOP('',(#3432,#3433,#3434));
#625=EDGE_LOOP('',(#3435,#3436,#3437));
#626=EDGE_LOOP('',(#3438,#3439,#3440,#3441));
#627=EDGE_LOOP('',(#3442,#3443,#3444,#3445));
#628=EDGE_LOOP('',(#3446,#3447,#3448,#3449));
#629=EDGE_LOOP('',(#3450,#3451,#3452,#3453,#3454,#3455,#3456,#3457));
#630=EDGE_LOOP('',(#3458,#3459,#3460,#3461,#3462,#3463,#3464,#3465,#3466,
#3467,#3468,#3469));
#631=LINE('',#5355,#970);
#632=LINE('',#5357,#971);
#633=LINE('',#5358,#972);
#634=LINE('',#5363,#973);
#635=LINE('',#5366,#974);
#636=LINE('',#5368,#975);
#637=LINE('',#5375,#976);
#638=LINE('',#5377,#977);
#639=LINE('',#5378,#978);
#640=LINE('',#5383,#979);
#641=LINE('',#5386,#980);
#642=LINE('',#5388,#981);
#643=LINE('',#5395,#982);
#644=LINE('',#5397,#983);
#645=LINE('',#5399,#984);
#646=LINE('',#5404,#985);
#647=LINE('',#5406,#986);
#648=LINE('',#5409,#987);
#649=LINE('',#5415,#988);
#650=LINE('',#5417,#989);
#651=LINE('',#5418,#990);
#652=LINE('',#5423,#991);
#653=LINE('',#5426,#992);
#654=LINE('',#5428,#993);
#655=LINE('',#5435,#994);
#656=LINE('',#5437,#995);
#657=LINE('',#5438,#996);
#658=LINE('',#5440,#997);
#659=LINE('',#5441,#998);
#660=LINE('',#5447,#999);
#661=LINE('',#5449,#1000);
#662=LINE('',#5450,#1001);
#663=LINE('',#5452,#1002);
#664=LINE('',#5453,#1003);
#665=LINE('',#5466,#1004);
#666=LINE('',#5469,#1005);
#667=LINE('',#5482,#1006);
#668=LINE('',#5485,#1007);
#669=LINE('',#5489,#1008);
#670=LINE('',#5495,#1009);
#671=LINE('',#5499,#1010);
#672=LINE('',#5505,#1011);
#673=LINE('',#5507,#1012);
#674=LINE('',#5509,#1013);
#675=LINE('',#5515,#1014);
#676=LINE('',#5517,#1015);
#677=LINE('',#5521,#1016);
#678=LINE('',#5523,#1017);
#679=LINE('',#5533,#1018);
#680=LINE('',#5537,#1019);
#681=LINE('',#5541,#1020);
#682=LINE('',#5545,#1021);
#683=LINE('',#5549,#1022);
#684=LINE('',#5553,#1023);
#685=LINE('',#5557,#1024);
#686=LINE('',#5561,#1025);
#687=LINE('',#5565,#1026);
#688=LINE('',#5569,#1027);
#689=LINE('',#5573,#1028);
#690=LINE('',#5577,#1029);
#691=LINE('',#5581,#1030);
#692=LINE('',#5585,#1031);
#693=LINE('',#5589,#1032);
#694=LINE('',#5593,#1033);
#695=LINE('',#5605,#1034);
#696=LINE('',#5609,#1035);
#697=LINE('',#5613,#1036);
#698=LINE('',#5617,#1037);
#699=LINE('',#5621,#1038);
#700=LINE('',#5625,#1039);
#701=LINE('',#5629,#1040);
#702=LINE('',#5633,#1041);
#703=LINE('',#5637,#1042);
#704=LINE('',#5641,#1043);
#705=LINE('',#5645,#1044);
#706=LINE('',#5649,#1045);
#707=LINE('',#5686,#1046);
#708=LINE('',#5689,#1047);
#709=LINE('',#5724,#1048);
#710=LINE('',#5726,#1049);
#711=LINE('',#5739,#1050);
#712=LINE('',#5741,#1051);
#713=LINE('',#5742,#1052);
#714=LINE('',#5745,#1053);
#715=LINE('',#5749,#1054);
#716=LINE('',#5750,#1055);
#717=LINE('',#5753,#1056);
#718=LINE('',#5757,#1057);
#719=LINE('',#5758,#1058);
#720=LINE('',#5761,#1059);
#721=LINE('',#5765,#1060);
#722=LINE('',#5766,#1061);
#723=LINE('',#5772,#1062);
#724=LINE('',#5774,#1063);
#725=LINE('',#5775,#1064);
#726=LINE('',#5778,#1065);
#727=LINE('',#5782,#1066);
#728=LINE('',#5783,#1067);
#729=LINE('',#5786,#1068);
#730=LINE('',#5790,#1069);
#731=LINE('',#5791,#1070);
#732=LINE('',#5794,#1071);
#733=LINE('',#5798,#1072);
#734=LINE('',#5799,#1073);
#735=LINE('',#5805,#1074);
#736=LINE('',#5807,#1075);
#737=LINE('',#5808,#1076);
#738=LINE('',#5811,#1077);
#739=LINE('',#5815,#1078);
#740=LINE('',#5816,#1079);
#741=LINE('',#5819,#1080);
#742=LINE('',#5823,#1081);
#743=LINE('',#5824,#1082);
#744=LINE('',#5827,#1083);
#745=LINE('',#5831,#1084);
#746=LINE('',#5832,#1085);
#747=LINE('',#5847,#1086);
#748=LINE('',#5857,#1087);
#749=LINE('',#5940,#1088);
#750=LINE('',#5943,#1089);
#751=LINE('',#5953,#1090);
#752=LINE('',#5963,#1091);
#753=LINE('',#5973,#1092);
#754=LINE('',#5976,#1093);
#755=LINE('',#5978,#1094);
#756=LINE('',#5979,#1095);
#757=LINE('',#5982,#1096);
#758=LINE('',#5986,#1097);
#759=LINE('',#5987,#1098);
#760=LINE('',#5990,#1099);
#761=LINE('',#5994,#1100);
#762=LINE('',#5995,#1101);
#763=LINE('',#5998,#1102);
#764=LINE('',#6002,#1103);
#765=LINE('',#6003,#1104);
#766=LINE('',#6012,#1105);
#767=LINE('',#6016,#1106);
#768=LINE('',#6019,#1107);
#769=LINE('',#6021,#1108);
#770=LINE('',#6022,#1109);
#771=LINE('',#6024,#1110);
#772=LINE('',#6026,#1111);
#773=LINE('',#6032,#1112);
#774=LINE('',#6036,#1113);
#775=LINE('',#6039,#1114);
#776=LINE('',#6041,#1115);
#777=LINE('',#6042,#1116);
#778=LINE('',#6044,#1117);
#779=LINE('',#6046,#1118);
#780=LINE('',#6052,#1119);
#781=LINE('',#6056,#1120);
#782=LINE('',#6059,#1121);
#783=LINE('',#6061,#1122);
#784=LINE('',#6062,#1123);
#785=LINE('',#6064,#1124);
#786=LINE('',#6066,#1125);
#787=LINE('',#6072,#1126);
#788=LINE('',#6076,#1127);
#789=LINE('',#6079,#1128);
#790=LINE('',#6081,#1129);
#791=LINE('',#6082,#1130);
#792=LINE('',#6084,#1131);
#793=LINE('',#6086,#1132);
#794=LINE('',#6088,#1133);
#795=LINE('',#6089,#1134);
#796=LINE('',#6093,#1135);
#797=LINE('',#6094,#1136);
#798=LINE('',#6098,#1137);
#799=LINE('',#6099,#1138);
#800=LINE('',#6103,#1139);
#801=LINE('',#6104,#1140);
#802=LINE('',#6111,#1141);
#803=LINE('',#6115,#1142);
#804=LINE('',#6120,#1143);
#805=LINE('',#6124,#1144);
#806=LINE('',#6129,#1145);
#807=LINE('',#6133,#1146);
#808=LINE('',#6138,#1147);
#809=LINE('',#6142,#1148);
#810=LINE('',#6151,#1149);
#811=LINE('',#6155,#1150);
#812=LINE('',#6160,#1151);
#813=LINE('',#6164,#1152);
#814=LINE('',#6169,#1153);
#815=LINE('',#6173,#1154);
#816=LINE('',#6178,#1155);
#817=LINE('',#6182,#1156);
#818=LINE('',#6193,#1157);
#819=LINE('',#6197,#1158);
#820=LINE('',#6202,#1159);
#821=LINE('',#6206,#1160);
#822=LINE('',#6211,#1161);
#823=LINE('',#6214,#1162);
#824=LINE('',#6219,#1163);
#825=LINE('',#6223,#1164);
#826=LINE('',#6227,#1165);
#827=LINE('',#6233,#1166);
#828=LINE('',#6235,#1167);
#829=LINE('',#6236,#1168);
#830=LINE('',#6238,#1169);
#831=LINE('',#6240,#1170);
#832=LINE('',#6241,#1171);
#833=LINE('',#6243,#1172);
#834=LINE('',#6245,#1173);
#835=LINE('',#6247,#1174);
#836=LINE('',#6249,#1175);
#837=LINE('',#6251,#1176);
#838=LINE('',#6253,#1177);
#839=LINE('',#6255,#1178);
#840=LINE('',#6263,#1179);
#841=LINE('',#6266,#1180);
#842=LINE('',#6272,#1181);
#843=LINE('',#6275,#1182);
#844=LINE('',#6281,#1183);
#845=LINE('',#6284,#1184);
#846=LINE('',#6289,#1185);
#847=LINE('',#6290,#1186);
#848=LINE('',#6293,#1187);
#849=LINE('',#6294,#1188);
#850=LINE('',#6297,#1189);
#851=LINE('',#6298,#1190);
#852=LINE('',#6305,#1191);
#853=LINE('',#6306,#1192);
#854=LINE('',#6309,#1193);
#855=LINE('',#6310,#1194);
#856=LINE('',#6313,#1195);
#857=LINE('',#6314,#1196);
#858=LINE('',#6321,#1197);
#859=LINE('',#6322,#1198);
#860=LINE('',#6325,#1199);
#861=LINE('',#6326,#1200);
#862=LINE('',#6329,#1201);
#863=LINE('',#6330,#1202);
#864=LINE('',#6336,#1203);
#865=LINE('',#6338,#1204);
#866=LINE('',#6340,#1205);
#867=LINE('',#6341,#1206);
#868=LINE('',#6344,#1207);
#869=LINE('',#6346,#1208);
#870=LINE('',#6347,#1209);
#871=LINE('',#6350,#1210);
#872=LINE('',#6352,#1211);
#873=LINE('',#6353,#1212);
#874=LINE('',#6355,#1213);
#875=LINE('',#6356,#1214);
#876=LINE('',#6360,#1215);
#877=LINE('',#6362,#1216);
#878=LINE('',#6364,#1217);
#879=LINE('',#6365,#1218);
#880=LINE('',#6369,#1219);
#881=LINE('',#6370,#1220);
#882=LINE('',#6371,#1221);
#883=LINE('',#6374,#1222);
#884=LINE('',#6375,#1223);
#885=LINE('',#6378,#1224);
#886=LINE('',#6379,#1225);
#887=LINE('',#6381,#1226);
#888=LINE('',#6385,#1227);
#889=LINE('',#6387,#1228);
#890=LINE('',#6389,#1229);
#891=LINE('',#6390,#1230);
#892=LINE('',#6393,#1231);
#893=LINE('',#6395,#1232);
#894=LINE('',#6396,#1233);
#895=LINE('',#6403,#1234);
#896=LINE('',#6405,#1235);
#897=LINE('',#6407,#1236);
#898=LINE('',#6408,#1237);
#899=LINE('',#6411,#1238);
#900=LINE('',#6413,#1239);
#901=LINE('',#6414,#1240);
#902=LINE('',#6423,#1241);
#903=LINE('',#6426,#1242);
#904=LINE('',#6429,#1243);
#905=LINE('',#6431,#1244);
#906=LINE('',#6432,#1245);
#907=LINE('',#6434,#1246);
#908=LINE('',#6435,#1247);
#909=LINE('',#6439,#1248);
#910=LINE('',#6441,#1249);
#911=LINE('',#6443,#1250);
#912=LINE('',#6444,#1251);
#913=LINE('',#6447,#1252);
#914=LINE('',#6449,#1253);
#915=LINE('',#6450,#1254);
#916=LINE('',#6457,#1255);
#917=LINE('',#6459,#1256);
#918=LINE('',#6461,#1257);
#919=LINE('',#6462,#1258);
#920=LINE('',#6465,#1259);
#921=LINE('',#6467,#1260);
#922=LINE('',#6468,#1261);
#923=LINE('',#6474,#1262);
#924=LINE('',#6477,#1263);
#925=LINE('',#6481,#1264);
#926=LINE('',#6487,#1265);
#927=LINE('',#6491,#1266);
#928=LINE('',#6494,#1267);
#929=LINE('',#6498,#1268);
#930=LINE('',#6500,#1269);
#931=LINE('',#6502,#1270);
#932=LINE('',#6508,#1271);
#933=LINE('',#6512,#1272);
#934=LINE('',#6516,#1273);
#935=LINE('',#6522,#1274);
#936=LINE('',#6523,#1275);
#937=LINE('',#6527,#1276);
#938=LINE('',#6529,#1277);
#939=LINE('',#6530,#1278);
#940=LINE('',#6533,#1279);
#941=LINE('',#6536,#1280);
#942=LINE('',#6539,#1281);
#943=LINE('',#6540,#1282);
#944=LINE('',#6543,#1283);
#945=LINE('',#6547,#1284);
#946=LINE('',#6551,#1285);
#947=LINE('',#6553,#1286);
#948=LINE('',#6555,#1287);
#949=LINE('',#6558,#1288);
#950=LINE('',#6561,#1289);
#951=LINE('',#6565,#1290);
#952=LINE('',#6568,#1291);
#953=LINE('',#6571,#1292);
#954=LINE('',#6574,#1293);
#955=LINE('',#6575,#1294);
#956=LINE('',#6578,#1295);
#957=LINE('',#6581,#1296);
#958=LINE('',#6583,#1297);
#959=LINE('',#6585,#1298);
#960=LINE('',#6589,#1299);
#961=LINE('',#6590,#1300);
#962=LINE('',#6594,#1301);
#963=LINE('',#6597,#1302);
#964=LINE('',#6598,#1303);
#965=LINE('',#6602,#1304);
#966=LINE('',#6604,#1305);
#967=LINE('',#6607,#1306);
#968=LINE('',#6608,#1307);
#969=LINE('',#6610,#1308);
#970=VECTOR('',#4215,10.);
#971=VECTOR('',#4216,10.);
#972=VECTOR('',#4217,10.);
#973=VECTOR('',#4222,2.);
#974=VECTOR('',#4225,10.);
#975=VECTOR('',#4226,10.);
#976=VECTOR('',#4233,10.);
#977=VECTOR('',#4234,10.);
#978=VECTOR('',#4235,10.);
#979=VECTOR('',#4240,2.);
#980=VECTOR('',#4243,10.);
#981=VECTOR('',#4244,10.);
#982=VECTOR('',#4251,10.);
#983=VECTOR('',#4252,10.);
#984=VECTOR('',#4253,10.);
#985=VECTOR('',#4260,2.);
#986=VECTOR('',#4261,10.);
#987=VECTOR('',#4264,10.);
#988=VECTOR('',#4269,10.);
#989=VECTOR('',#4270,10.);
#990=VECTOR('',#4271,10.);
#991=VECTOR('',#4276,2.00000002980232);
#992=VECTOR('',#4279,10.);
#993=VECTOR('',#4280,10.);
#994=VECTOR('',#4287,10.);
#995=VECTOR('',#4288,10.);
#996=VECTOR('',#4289,10.);
#997=VECTOR('',#4292,10.);
#998=VECTOR('',#4293,10.);
#999=VECTOR('',#4298,10.);
#1000=VECTOR('',#4299,10.);
#1001=VECTOR('',#4300,10.);
#1002=VECTOR('',#4303,10.);
#1003=VECTOR('',#4304,10.);
#1004=VECTOR('',#4307,10.);
#1005=VECTOR('',#4310,10.);
#1006=VECTOR('',#4313,10.);
#1007=VECTOR('',#4316,10.);
#1008=VECTOR('',#4319,10.);
#1009=VECTOR('',#4326,10.);
#1010=VECTOR('',#4329,10.);
#1011=VECTOR('',#4334,10.);
#1012=VECTOR('',#4335,10.);
#1013=VECTOR('',#4336,10.);
#1014=VECTOR('',#4341,10.);
#1015=VECTOR('',#4342,10.);
#1016=VECTOR('',#4345,10.);
#1017=VECTOR('',#4346,10.);
#1018=VECTOR('',#4355,10.);
#1019=VECTOR('',#4358,10.);
#1020=VECTOR('',#4361,10.);
#1021=VECTOR('',#4364,10.);
#1022=VECTOR('',#4367,10.);
#1023=VECTOR('',#4370,10.);
#1024=VECTOR('',#4373,10.);
#1025=VECTOR('',#4376,10.);
#1026=VECTOR('',#4379,10.);
#1027=VECTOR('',#4382,10.);
#1028=VECTOR('',#4385,10.);
#1029=VECTOR('',#4388,10.);
#1030=VECTOR('',#4391,10.);
#1031=VECTOR('',#4394,10.);
#1032=VECTOR('',#4397,10.);
#1033=VECTOR('',#4400,10.);
#1034=VECTOR('',#4411,10.);
#1035=VECTOR('',#4414,10.);
#1036=VECTOR('',#4417,10.);
#1037=VECTOR('',#4420,10.);
#1038=VECTOR('',#4423,10.);
#1039=VECTOR('',#4426,10.);
#1040=VECTOR('',#4429,10.);
#1041=VECTOR('',#4432,10.);
#1042=VECTOR('',#4435,10.);
#1043=VECTOR('',#4438,10.);
#1044=VECTOR('',#4441,10.);
#1045=VECTOR('',#4444,10.);
#1046=VECTOR('',#4455,10.);
#1047=VECTOR('',#4458,10.);
#1048=VECTOR('',#4463,10.);
#1049=VECTOR('',#4466,10.);
#1050=VECTOR('',#4469,10.);
#1051=VECTOR('',#4470,10.);
#1052=VECTOR('',#4471,10.);
#1053=VECTOR('',#4474,10.);
#1054=VECTOR('',#4479,10.);
#1055=VECTOR('',#4480,10.);
#1056=VECTOR('',#4483,10.);
#1057=VECTOR('',#4488,10.);
#1058=VECTOR('',#4489,10.);
#1059=VECTOR('',#4492,10.);
#1060=VECTOR('',#4497,10.);
#1061=VECTOR('',#4498,10.);
#1062=VECTOR('',#4507,10.);
#1063=VECTOR('',#4508,10.);
#1064=VECTOR('',#4509,10.);
#1065=VECTOR('',#4512,10.);
#1066=VECTOR('',#4517,10.);
#1067=VECTOR('',#4518,10.);
#1068=VECTOR('',#4521,10.);
#1069=VECTOR('',#4526,10.);
#1070=VECTOR('',#4527,10.);
#1071=VECTOR('',#4530,10.);
#1072=VECTOR('',#4535,10.);
#1073=VECTOR('',#4536,10.);
#1074=VECTOR('',#4545,10.);
#1075=VECTOR('',#4546,10.);
#1076=VECTOR('',#4547,10.);
#1077=VECTOR('',#4550,10.);
#1078=VECTOR('',#4555,10.);
#1079=VECTOR('',#4556,10.);
#1080=VECTOR('',#4559,10.);
#1081=VECTOR('',#4564,10.);
#1082=VECTOR('',#4565,10.);
#1083=VECTOR('',#4568,10.);
#1084=VECTOR('',#4573,10.);
#1085=VECTOR('',#4574,10.);
#1086=VECTOR('',#4597,2.);
#1087=VECTOR('',#4610,2.);
#1088=VECTOR('',#4621,10.);
#1089=VECTOR('',#4624,10.);
#1090=VECTOR('',#4637,1.5);
#1091=VECTOR('',#4650,1.5);
#1092=VECTOR('',#4663,1.5);
#1093=VECTOR('',#4666,10.);
#1094=VECTOR('',#4667,10.);
#1095=VECTOR('',#4668,10.);
#1096=VECTOR('',#4671,10.);
#1097=VECTOR('',#4676,10.);
#1098=VECTOR('',#4677,10.);
#1099=VECTOR('',#4680,10.);
#1100=VECTOR('',#4685,10.);
#1101=VECTOR('',#4686,10.);
#1102=VECTOR('',#4689,10.);
#1103=VECTOR('',#4694,10.);
#1104=VECTOR('',#4695,10.);
#1105=VECTOR('',#4706,10.);
#1106=VECTOR('',#4709,10.);
#1107=VECTOR('',#4712,10.);
#1108=VECTOR('',#4715,10.);
#1109=VECTOR('',#4716,10.);
#1110=VECTOR('',#4719,10.);
#1111=VECTOR('',#4722,10.);
#1112=VECTOR('',#4727,10.);
#1113=VECTOR('',#4730,10.);
#1114=VECTOR('',#4733,10.);
#1115=VECTOR('',#4736,10.);
#1116=VECTOR('',#4737,10.);
#1117=VECTOR('',#4740,10.);
#1118=VECTOR('',#4743,10.);
#1119=VECTOR('',#4748,10.);
#1120=VECTOR('',#4751,10.);
#1121=VECTOR('',#4754,10.);
#1122=VECTOR('',#4757,10.);
#1123=VECTOR('',#4758,10.);
#1124=VECTOR('',#4761,10.);
#1125=VECTOR('',#4764,10.);
#1126=VECTOR('',#4769,10.);
#1127=VECTOR('',#4772,10.);
#1128=VECTOR('',#4775,10.);
#1129=VECTOR('',#4778,10.);
#1130=VECTOR('',#4779,10.);
#1131=VECTOR('',#4782,10.);
#1132=VECTOR('',#4785,10.);
#1133=VECTOR('',#4788,10.);
#1134=VECTOR('',#4789,10.);
#1135=VECTOR('',#4796,10.);
#1136=VECTOR('',#4797,10.);
#1137=VECTOR('',#4804,10.);
#1138=VECTOR('',#4805,10.);
#1139=VECTOR('',#4812,10.);
#1140=VECTOR('',#4813,10.);
#1141=VECTOR('',#4822,0.675);
#1142=VECTOR('',#4827,1.35);
#1143=VECTOR('',#4832,0.675);
#1144=VECTOR('',#4837,1.35);
#1145=VECTOR('',#4842,0.675);
#1146=VECTOR('',#4847,1.35);
#1147=VECTOR('',#4852,0.675);
#1148=VECTOR('',#4857,1.35);
#1149=VECTOR('',#4870,0.475);
#1150=VECTOR('',#4875,0.95);
#1151=VECTOR('',#4880,0.475);
#1152=VECTOR('',#4885,0.95);
#1153=VECTOR('',#4890,0.475);
#1154=VECTOR('',#4895,0.95);
#1155=VECTOR('',#4900,0.475);
#1156=VECTOR('',#4905,0.95);
#1157=VECTOR('',#4922,0.675);
#1158=VECTOR('',#4927,1.35);
#1159=VECTOR('',#4932,0.675);
#1160=VECTOR('',#4937,1.35);
#1161=VECTOR('',#4944,10.);
#1162=VECTOR('',#4947,10.);
#1163=VECTOR('',#4952,10.);
#1164=VECTOR('',#4955,10.);
#1165=VECTOR('',#4958,10.);
#1166=VECTOR('',#4963,10.);
#1167=VECTOR('',#4964,10.);
#1168=VECTOR('',#4965,10.);
#1169=VECTOR('',#4968,10.);
#1170=VECTOR('',#4971,10.);
#1171=VECTOR('',#4972,10.);
#1172=VECTOR('',#4975,10.);
#1173=VECTOR('',#4978,10.);
#1174=VECTOR('',#4981,10.);
#1175=VECTOR('',#4984,10.);
#1176=VECTOR('',#4987,10.);
#1177=VECTOR('',#4990,10.);
#1178=VECTOR('',#4993,10.);
#1179=VECTOR('',#5002,10.);
#1180=VECTOR('',#5005,10.);
#1181=VECTOR('',#5010,10.);
#1182=VECTOR('',#5013,10.);
#1183=VECTOR('',#5018,10.);
#1184=VECTOR('',#5021,10.);
#1185=VECTOR('',#5026,10.);
#1186=VECTOR('',#5027,10.);
#1187=VECTOR('',#5030,10.);
#1188=VECTOR('',#5031,10.);
#1189=VECTOR('',#5034,10.);
#1190=VECTOR('',#5035,10.);
#1191=VECTOR('',#5044,10.);
#1192=VECTOR('',#5045,10.);
#1193=VECTOR('',#5048,10.);
#1194=VECTOR('',#5049,10.);
#1195=VECTOR('',#5052,10.);
#1196=VECTOR('',#5053,10.);
#1197=VECTOR('',#5062,10.);
#1198=VECTOR('',#5063,10.);
#1199=VECTOR('',#5066,10.);
#1200=VECTOR('',#5067,10.);
#1201=VECTOR('',#5070,10.);
#1202=VECTOR('',#5071,10.);
#1203=VECTOR('',#5078,10.);
#1204=VECTOR('',#5079,10.);
#1205=VECTOR('',#5080,10.);
#1206=VECTOR('',#5081,10.);
#1207=VECTOR('',#5084,10.);
#1208=VECTOR('',#5085,10.);
#1209=VECTOR('',#5086,10.);
#1210=VECTOR('',#5089,10.);
#1211=VECTOR('',#5090,10.);
#1212=VECTOR('',#5091,10.);
#1213=VECTOR('',#5094,10.);
#1214=VECTOR('',#5095,10.);
#1215=VECTOR('',#5098,10.);
#1216=VECTOR('',#5099,10.);
#1217=VECTOR('',#5100,10.);
#1218=VECTOR('',#5101,10.);
#1219=VECTOR('',#5104,10.);
#1220=VECTOR('',#5105,10.);
#1221=VECTOR('',#5106,10.);
#1222=VECTOR('',#5109,10.);
#1223=VECTOR('',#5110,10.);
#1224=VECTOR('',#5113,10.);
#1225=VECTOR('',#5114,10.);
#1226=VECTOR('',#5117,10.);
#1227=VECTOR('',#5120,10.);
#1228=VECTOR('',#5121,10.);
#1229=VECTOR('',#5122,10.);
#1230=VECTOR('',#5123,10.);
#1231=VECTOR('',#5126,10.);
#1232=VECTOR('',#5127,10.);
#1233=VECTOR('',#5128,10.);
#1234=VECTOR('',#5137,10.);
#1235=VECTOR('',#5138,10.);
#1236=VECTOR('',#5139,10.);
#1237=VECTOR('',#5140,10.);
#1238=VECTOR('',#5143,10.);
#1239=VECTOR('',#5144,10.);
#1240=VECTOR('',#5145,10.);
#1241=VECTOR('',#5156,10.);
#1242=VECTOR('',#5159,10.);
#1243=VECTOR('',#5162,10.);
#1244=VECTOR('',#5163,10.);
#1245=VECTOR('',#5164,10.);
#1246=VECTOR('',#5167,10.);
#1247=VECTOR('',#5168,10.);
#1248=VECTOR('',#5171,10.);
#1249=VECTOR('',#5172,10.);
#1250=VECTOR('',#5173,10.);
#1251=VECTOR('',#5174,10.);
#1252=VECTOR('',#5177,10.);
#1253=VECTOR('',#5178,10.);
#1254=VECTOR('',#5179,10.);
#1255=VECTOR('',#5188,10.);
#1256=VECTOR('',#5189,10.);
#1257=VECTOR('',#5190,10.);
#1258=VECTOR('',#5191,10.);
#1259=VECTOR('',#5194,10.);
#1260=VECTOR('',#5195,10.);
#1261=VECTOR('',#5196,10.);
#1262=VECTOR('',#5201,10.);
#1263=VECTOR('',#5204,10.);
#1264=VECTOR('',#5207,10.);
#1265=VECTOR('',#5212,10.);
#1266=VECTOR('',#5215,10.);
#1267=VECTOR('',#5218,10.);
#1268=VECTOR('',#5221,10.);
#1269=VECTOR('',#5222,10.);
#1270=VECTOR('',#5223,10.);
#1271=VECTOR('',#5228,10.);
#1272=VECTOR('',#5231,10.);
#1273=VECTOR('',#5234,10.);
#1274=VECTOR('',#5239,10.);
#1275=VECTOR('',#5240,10.);
#1276=VECTOR('',#5245,10.);
#1277=VECTOR('',#5248,10.);
#1278=VECTOR('',#5249,10.);
#1279=VECTOR('',#5252,10.);
#1280=VECTOR('',#5255,10.);
#1281=VECTOR('',#5258,10.);
#1282=VECTOR('',#5259,10.);
#1283=VECTOR('',#5262,10.);
#1284=VECTOR('',#5267,10.);
#1285=VECTOR('',#5270,10.);
#1286=VECTOR('',#5273,10.);
#1287=VECTOR('',#5276,10.);
#1288=VECTOR('',#5279,10.);
#1289=VECTOR('',#5282,10.);
#1290=VECTOR('',#5287,5.);
#1291=VECTOR('',#5290,10.);
#1292=VECTOR('',#5293,10.);
#1293=VECTOR('',#5296,10.);
#1294=VECTOR('',#5297,10.);
#1295=VECTOR('',#5300,5.);
#1296=VECTOR('',#5305,10.);
#1297=VECTOR('',#5308,10.);
#1298=VECTOR('',#5311,10.);
#1299=VECTOR('',#5316,10.);
#1300=VECTOR('',#5317,10.);
#1301=VECTOR('',#5322,10.);
#1302=VECTOR('',#5325,10.);
#1303=VECTOR('',#5326,10.);
#1304=VECTOR('',#5331,10.);
#1305=VECTOR('',#5334,10.);
#1306=VECTOR('',#5337,10.);
#1307=VECTOR('',#5338,10.);
#1308=VECTOR('',#5341,10.);
#1309=CIRCLE('',#3809,2.8);
#1310=CIRCLE('',#3811,2.8);
#1311=CIRCLE('',#3812,2.8);
#1312=CIRCLE('',#3813,2.8);
#1313=CIRCLE('',#3815,2.8);
#1314=CIRCLE('',#3817,2.8);
#1315=CIRCLE('',#3818,2.8);
#1316=CIRCLE('',#3819,2.8);
#1317=CIRCLE('',#3821,2.8);
#1318=CIRCLE('',#3822,2.8);
#1319=CIRCLE('',#3824,2.8);
#1320=CIRCLE('',#3825,2.8);
#1321=CIRCLE('',#3827,2.80000002980232);
#1322=CIRCLE('',#3829,2.80000002980232);
#1323=CIRCLE('',#3830,2.80000002980232);
#1324=CIRCLE('',#3831,2.80000002980232);
#1325=CIRCLE('',#3833,10.);
#1326=CIRCLE('',#3836,9.99999999999998);
#1327=CIRCLE('',#3841,4.3);
#1328=CIRCLE('',#3842,10.);
#1329=CIRCLE('',#3843,9.99999999999998);
#1330=CIRCLE('',#3844,4.30000002980232);
#1331=CIRCLE('',#3845,9.99999999999998);
#1332=CIRCLE('',#3846,4.3);
#1333=CIRCLE('',#3847,2.);
#1334=CIRCLE('',#3848,2.);
#1335=CIRCLE('',#3849,2.);
#1336=CIRCLE('',#3850,2.);
#1337=CIRCLE('',#3851,4.3);
#1338=CIRCLE('',#3852,10.);
#1339=CIRCLE('',#3853,4.);
#1340=CIRCLE('',#3854,3.5);
#1341=CIRCLE('',#3855,3.5);
#1342=CIRCLE('',#3856,1.99999999999999);
#1343=CIRCLE('',#3857,2.00000000000001);
#1344=CIRCLE('',#3858,2.00000000000001);
#1345=CIRCLE('',#3859,1.99999999999999);
#1346=CIRCLE('',#3860,2.99999999999999);
#1347=CIRCLE('',#3861,3.);
#1348=CIRCLE('',#3862,3.00000000000001);
#1349=CIRCLE('',#3863,0.999999999999205);
#1350=CIRCLE('',#3864,1.00000000003987);
#1351=CIRCLE('',#3865,1.00000000000199);
#1352=CIRCLE('',#3866,2.99999999999999);
#1353=CIRCLE('',#3867,3.);
#1354=CIRCLE('',#3868,3.00000000000001);
#1355=CIRCLE('',#3869,0.999999999999204);
#1356=CIRCLE('',#3870,1.00000000003987);
#1357=CIRCLE('',#3871,1.00000000000199);
#1358=CIRCLE('',#3872,3.5);
#1359=CIRCLE('',#3873,3.5);
#1360=CIRCLE('',#3874,3.5);
#1361=CIRCLE('',#3875,4.);
#1362=CIRCLE('',#3876,4.);
#1363=CIRCLE('',#3877,4.);
#1364=CIRCLE('',#3878,4.);
#1365=CIRCLE('',#3879,3.99999999999999);
#1366=CIRCLE('',#3880,2.99999999999997);
#1367=CIRCLE('',#3881,2.99999999999997);
#1368=CIRCLE('',#3882,2.99999999999998);
#1369=CIRCLE('',#3883,2.99999999999998);
#1370=CIRCLE('',#3884,3.99999999999999);
#1371=CIRCLE('',#3885,4.);
#1372=CIRCLE('',#3886,4.);
#1373=CIRCLE('',#3887,4.);
#1374=CIRCLE('',#3898,4.);
#1375=CIRCLE('',#3901,4.);
#1376=CIRCLE('',#3904,4.);
#1377=CIRCLE('',#3907,3.99999999999999);
#1378=CIRCLE('',#3911,2.99999999999998);
#1379=CIRCLE('',#3914,2.99999999999998);
#1380=CIRCLE('',#3917,2.99999999999997);
#1381=CIRCLE('',#3920,2.99999999999997);
#1382=CIRCLE('',#3924,3.99999999999999);
#1383=CIRCLE('',#3927,4.);
#1384=CIRCLE('',#3930,4.);
#1385=CIRCLE('',#3933,4.);
#1386=CIRCLE('',#3938,3.);
#1387=CIRCLE('',#3939,1.);
#1388=CIRCLE('',#3940,3.);
#1389=CIRCLE('',#3942,3.);
#1390=CIRCLE('',#3944,3.);
#1391=CIRCLE('',#3945,1.);
#1392=CIRCLE('',#3946,3.);
#1393=CIRCLE('',#3948,3.);
#1394=CIRCLE('',#3950,2.5);
#1395=CIRCLE('',#3952,2.5);
#1396=CIRCLE('',#3954,2.5);
#1397=CIRCLE('',#3956,2.5);
#1398=CIRCLE('',#3957,1.);
#1399=CIRCLE('',#3958,2.5);
#1400=CIRCLE('',#3960,2.5);
#1401=CIRCLE('',#3962,2.5);
#1402=CIRCLE('',#3963,1.);
#1403=CIRCLE('',#3964,2.5);
#1404=CIRCLE('',#3966,2.5);
#1405=CIRCLE('',#3968,2.5);
#1406=CIRCLE('',#3969,1.);
#1407=CIRCLE('',#3970,2.5);
#1408=CIRCLE('',#3972,2.5);
#1409=CIRCLE('',#3975,1.99999999999999);
#1410=CIRCLE('',#3978,2.00000000000001);
#1411=CIRCLE('',#3981,2.00000000000001);
#1412=CIRCLE('',#3984,1.99999999999999);
#1413=CIRCLE('',#3987,1.00000000000199);
#1414=CIRCLE('',#3988,1.00000000003987);
#1415=CIRCLE('',#3989,0.999999999999204);
#1416=CIRCLE('',#3994,3.00000000000001);
#1417=CIRCLE('',#3995,3.);
#1418=CIRCLE('',#3996,2.99999999999999);
#1419=CIRCLE('',#4001,1.00000000000199);
#1420=CIRCLE('',#4002,1.00000000003987);
#1421=CIRCLE('',#4003,0.999999999999205);
#1422=CIRCLE('',#4008,3.00000000000001);
#1423=CIRCLE('',#4009,3.);
#1424=CIRCLE('',#4010,2.99999999999999);
#1425=CIRCLE('',#4027,1.35);
#1426=CIRCLE('',#4029,1.35);
#1427=CIRCLE('',#4031,1.35);
#1428=CIRCLE('',#4033,1.35);
#1429=CIRCLE('',#4035,1.35);
#1430=CIRCLE('',#4037,1.35);
#1431=CIRCLE('',#4039,1.35);
#1432=CIRCLE('',#4041,1.35);
#1433=CIRCLE('',#4047,0.95);
#1434=CIRCLE('',#4049,0.95);
#1435=CIRCLE('',#4051,0.95);
#1436=CIRCLE('',#4053,0.95);
#1437=CIRCLE('',#4055,0.95);
#1438=CIRCLE('',#4057,0.95);
#1439=CIRCLE('',#4059,0.95);
#1440=CIRCLE('',#4061,0.95);
#1441=CIRCLE('',#4065,2.5);
#1442=CIRCLE('',#4069,1.35);
#1443=CIRCLE('',#4071,1.35);
#1444=CIRCLE('',#4073,1.35);
#1445=CIRCLE('',#4075,1.35);
#1446=CIRCLE('',#4079,2.);
#1447=CIRCLE('',#4081,2.);
#1448=CIRCLE('',#4082,9.99999999999998);
#1449=CIRCLE('',#4083,10.);
#1450=CIRCLE('',#4084,2.);
#1451=CIRCLE('',#4085,2.);
#1452=CIRCLE('',#4098,2.95);
#1453=CIRCLE('',#4099,2.45000000000001);
#1454=CIRCLE('',#4101,2.95);
#1455=CIRCLE('',#4102,2.45000000000001);
#1456=CIRCLE('',#4104,2.95);
#1457=CIRCLE('',#4105,2.45000000000001);
#1458=CIRCLE('',#4107,2.95);
#1459=CIRCLE('',#4111,2.45000000000001);
#1460=CIRCLE('',#4113,2.95);
#1461=CIRCLE('',#4117,2.45000000000001);
#1462=CIRCLE('',#4119,2.45000000000001);
#1463=CIRCLE('',#4123,2.95);
#1464=CIRCLE('',#4136,2.25);
#1465=CIRCLE('',#4137,2.25);
#1466=CIRCLE('',#4141,2.25);
#1467=CIRCLE('',#4142,2.25);
#1468=CIRCLE('',#4144,2.25);
#1469=CIRCLE('',#4145,2.25);
#1470=CIRCLE('',#4151,6.);
#1471=CIRCLE('',#4152,6.);
#1472=CIRCLE('',#4156,2.);
#1473=CIRCLE('',#4157,2.);
#1474=CIRCLE('',#4159,2.);
#1475=CIRCLE('',#4160,2.);
#1476=CIRCLE('',#4161,9.99999999999998);
#1477=CIRCLE('',#4162,10.);
#1478=CIRCLE('',#4163,2.);
#1479=CIRCLE('',#4164,5.);
#1480=CIRCLE('',#4165,5.);
#1481=CIRCLE('',#4166,12.);
#1482=CIRCLE('',#4167,12.);
#1483=CIRCLE('',#4168,5.);
#1484=CIRCLE('',#4169,5.);
#1485=CIRCLE('',#4171,2.);
#1486=CIRCLE('',#4174,2.);
#1487=CIRCLE('',#4177,2.);
#1488=CIRCLE('',#4179,10.);
#1489=CIRCLE('',#4180,9.99999999999998);
#1490=CIRCLE('',#4183,5.);
#1491=CIRCLE('',#4185,5.);
#1492=CIRCLE('',#4187,5.);
#1493=CIRCLE('',#4190,5.);
#1494=CIRCLE('',#4197,12.);
#1495=CIRCLE('',#4200,12.);
#1496=VERTEX_POINT('',#5351);
#1497=VERTEX_POINT('',#5352);
#1498=VERTEX_POINT('',#5354);
#1499=VERTEX_POINT('',#5356);
#1500=VERTEX_POINT('',#5360);
#1501=VERTEX_POINT('',#5362);
#1502=VERTEX_POINT('',#5364);
#1503=VERTEX_POINT('',#5367);
#1504=VERTEX_POINT('',#5371);
#1505=VERTEX_POINT('',#5372);
#1506=VERTEX_POINT('',#5374);
#1507=VERTEX_POINT('',#5376);
#1508=VERTEX_POINT('',#5380);
#1509=VERTEX_POINT('',#5382);
#1510=VERTEX_POINT('',#5384);
#1511=VERTEX_POINT('',#5387);
#1512=VERTEX_POINT('',#5391);
#1513=VERTEX_POINT('',#5392);
#1514=VERTEX_POINT('',#5394);
#1515=VERTEX_POINT('',#5396);
#1516=VERTEX_POINT('',#5398);
#1517=VERTEX_POINT('',#5402);
#1518=VERTEX_POINT('',#5405);
#1519=VERTEX_POINT('',#5407);
#1520=VERTEX_POINT('',#5411);
#1521=VERTEX_POINT('',#5412);
#1522=VERTEX_POINT('',#5414);
#1523=VERTEX_POINT('',#5416);
#1524=VERTEX_POINT('',#5420);
#1525=VERTEX_POINT('',#5422);
#1526=VERTEX_POINT('',#5424);
#1527=VERTEX_POINT('',#5427);
#1528=VERTEX_POINT('',#5431);
#1529=VERTEX_POINT('',#5432);
#1530=VERTEX_POINT('',#5434);
#1531=VERTEX_POINT('',#5436);
#1532=VERTEX_POINT('',#5443);
#1533=VERTEX_POINT('',#5444);
#1534=VERTEX_POINT('',#5446);
#1535=VERTEX_POINT('',#5448);
#1536=VERTEX_POINT('',#5455);
#1537=VERTEX_POINT('',#5468);
#1538=VERTEX_POINT('',#5481);
#1539=VERTEX_POINT('',#5483);
#1540=VERTEX_POINT('',#5486);
#1541=VERTEX_POINT('',#5488);
#1542=VERTEX_POINT('',#5492);
#1543=VERTEX_POINT('',#5494);
#1544=VERTEX_POINT('',#5496);
#1545=VERTEX_POINT('',#5498);
#1546=VERTEX_POINT('',#5500);
#1547=VERTEX_POINT('',#5502);
#1548=VERTEX_POINT('',#5504);
#1549=VERTEX_POINT('',#5506);
#1550=VERTEX_POINT('',#5508);
#1551=VERTEX_POINT('',#5510);
#1552=VERTEX_POINT('',#5512);
#1553=VERTEX_POINT('',#5514);
#1554=VERTEX_POINT('',#5516);
#1555=VERTEX_POINT('',#5518);
#1556=VERTEX_POINT('',#5520);
#1557=VERTEX_POINT('',#5522);
#1558=VERTEX_POINT('',#5525);
#1559=VERTEX_POINT('',#5527);
#1560=VERTEX_POINT('',#5529);
#1561=VERTEX_POINT('',#5531);
#1562=VERTEX_POINT('',#5532);
#1563=VERTEX_POINT('',#5534);
#1564=VERTEX_POINT('',#5536);
#1565=VERTEX_POINT('',#5538);
#1566=VERTEX_POINT('',#5540);
#1567=VERTEX_POINT('',#5542);
#1568=VERTEX_POINT('',#5544);
#1569=VERTEX_POINT('',#5547);
#1570=VERTEX_POINT('',#5548);
#1571=VERTEX_POINT('',#5550);
#1572=VERTEX_POINT('',#5552);
#1573=VERTEX_POINT('',#5554);
#1574=VERTEX_POINT('',#5556);
#1575=VERTEX_POINT('',#5559);
#1576=VERTEX_POINT('',#5560);
#1577=VERTEX_POINT('',#5562);
#1578=VERTEX_POINT('',#5564);
#1579=VERTEX_POINT('',#5566);
#1580=VERTEX_POINT('',#5568);
#1581=VERTEX_POINT('',#5571);
#1582=VERTEX_POINT('',#5572);
#1583=VERTEX_POINT('',#5574);
#1584=VERTEX_POINT('',#5576);
#1585=VERTEX_POINT('',#5578);
#1586=VERTEX_POINT('',#5580);
#1587=VERTEX_POINT('',#5583);
#1588=VERTEX_POINT('',#5584);
#1589=VERTEX_POINT('',#5586);
#1590=VERTEX_POINT('',#5588);
#1591=VERTEX_POINT('',#5590);
#1592=VERTEX_POINT('',#5592);
#1593=VERTEX_POINT('',#5595);
#1594=VERTEX_POINT('',#5597);
#1595=VERTEX_POINT('',#5598);
#1596=VERTEX_POINT('',#5601);
#1597=VERTEX_POINT('',#5603);
#1598=VERTEX_POINT('',#5604);
#1599=VERTEX_POINT('',#5606);
#1600=VERTEX_POINT('',#5608);
#1601=VERTEX_POINT('',#5610);
#1602=VERTEX_POINT('',#5612);
#1603=VERTEX_POINT('',#5614);
#1604=VERTEX_POINT('',#5616);
#1605=VERTEX_POINT('',#5619);
#1606=VERTEX_POINT('',#5620);
#1607=VERTEX_POINT('',#5622);
#1608=VERTEX_POINT('',#5624);
#1609=VERTEX_POINT('',#5626);
#1610=VERTEX_POINT('',#5628);
#1611=VERTEX_POINT('',#5630);
#1612=VERTEX_POINT('',#5632);
#1613=VERTEX_POINT('',#5635);
#1614=VERTEX_POINT('',#5636);
#1615=VERTEX_POINT('',#5638);
#1616=VERTEX_POINT('',#5640);
#1617=VERTEX_POINT('',#5642);
#1618=VERTEX_POINT('',#5644);
#1619=VERTEX_POINT('',#5646);
#1620=VERTEX_POINT('',#5648);
#1621=VERTEX_POINT('',#5675);
#1622=VERTEX_POINT('',#5688);
#1623=VERTEX_POINT('',#5738);
#1624=VERTEX_POINT('',#5740);
#1625=VERTEX_POINT('',#5744);
#1626=VERTEX_POINT('',#5748);
#1627=VERTEX_POINT('',#5752);
#1628=VERTEX_POINT('',#5756);
#1629=VERTEX_POINT('',#5760);
#1630=VERTEX_POINT('',#5764);
#1631=VERTEX_POINT('',#5771);
#1632=VERTEX_POINT('',#5773);
#1633=VERTEX_POINT('',#5777);
#1634=VERTEX_POINT('',#5781);
#1635=VERTEX_POINT('',#5785);
#1636=VERTEX_POINT('',#5789);
#1637=VERTEX_POINT('',#5793);
#1638=VERTEX_POINT('',#5797);
#1639=VERTEX_POINT('',#5804);
#1640=VERTEX_POINT('',#5806);
#1641=VERTEX_POINT('',#5810);
#1642=VERTEX_POINT('',#5814);
#1643=VERTEX_POINT('',#5818);
#1644=VERTEX_POINT('',#5822);
#1645=VERTEX_POINT('',#5826);
#1646=VERTEX_POINT('',#5830);
#1647=VERTEX_POINT('',#5839);
#1648=VERTEX_POINT('',#5840);
#1649=VERTEX_POINT('',#5845);
#1650=VERTEX_POINT('',#5849);
#1651=VERTEX_POINT('',#5850);
#1652=VERTEX_POINT('',#5855);
#1653=VERTEX_POINT('',#5859);
#1654=VERTEX_POINT('',#5897);
#1655=VERTEX_POINT('',#5939);
#1656=VERTEX_POINT('',#5941);
#1657=VERTEX_POINT('',#5945);
#1658=VERTEX_POINT('',#5946);
#1659=VERTEX_POINT('',#5951);
#1660=VERTEX_POINT('',#5955);
#1661=VERTEX_POINT('',#5956);
#1662=VERTEX_POINT('',#5961);
#1663=VERTEX_POINT('',#5965);
#1664=VERTEX_POINT('',#5966);
#1665=VERTEX_POINT('',#5971);
#1666=VERTEX_POINT('',#5975);
#1667=VERTEX_POINT('',#5977);
#1668=VERTEX_POINT('',#5981);
#1669=VERTEX_POINT('',#5985);
#1670=VERTEX_POINT('',#5989);
#1671=VERTEX_POINT('',#5993);
#1672=VERTEX_POINT('',#5997);
#1673=VERTEX_POINT('',#6001);
#1674=VERTEX_POINT('',#6008);
#1675=VERTEX_POINT('',#6009);
#1676=VERTEX_POINT('',#6011);
#1677=VERTEX_POINT('',#6013);
#1678=VERTEX_POINT('',#6015);
#1679=VERTEX_POINT('',#6017);
#1680=VERTEX_POINT('',#6028);
#1681=VERTEX_POINT('',#6029);
#1682=VERTEX_POINT('',#6031);
#1683=VERTEX_POINT('',#6033);
#1684=VERTEX_POINT('',#6035);
#1685=VERTEX_POINT('',#6037);
#1686=VERTEX_POINT('',#6048);
#1687=VERTEX_POINT('',#6049);
#1688=VERTEX_POINT('',#6051);
#1689=VERTEX_POINT('',#6053);
#1690=VERTEX_POINT('',#6055);
#1691=VERTEX_POINT('',#6057);
#1692=VERTEX_POINT('',#6068);
#1693=VERTEX_POINT('',#6069);
#1694=VERTEX_POINT('',#6071);
#1695=VERTEX_POINT('',#6073);
#1696=VERTEX_POINT('',#6075);
#1697=VERTEX_POINT('',#6077);
#1698=VERTEX_POINT('',#6108);
#1699=VERTEX_POINT('',#6110);
#1700=VERTEX_POINT('',#6113);
#1701=VERTEX_POINT('',#6117);
#1702=VERTEX_POINT('',#6119);
#1703=VERTEX_POINT('',#6122);
#1704=VERTEX_POINT('',#6126);
#1705=VERTEX_POINT('',#6128);
#1706=VERTEX_POINT('',#6131);
#1707=VERTEX_POINT('',#6135);
#1708=VERTEX_POINT('',#6137);
#1709=VERTEX_POINT('',#6140);
#1710=VERTEX_POINT('',#6148);
#1711=VERTEX_POINT('',#6150);
#1712=VERTEX_POINT('',#6153);
#1713=VERTEX_POINT('',#6157);
#1714=VERTEX_POINT('',#6159);
#1715=VERTEX_POINT('',#6162);
#1716=VERTEX_POINT('',#6166);
#1717=VERTEX_POINT('',#6168);
#1718=VERTEX_POINT('',#6171);
#1719=VERTEX_POINT('',#6175);
#1720=VERTEX_POINT('',#6177);
#1721=VERTEX_POINT('',#6180);
#1722=VERTEX_POINT('',#6190);
#1723=VERTEX_POINT('',#6192);
#1724=VERTEX_POINT('',#6195);
#1725=VERTEX_POINT('',#6199);
#1726=VERTEX_POINT('',#6201);
#1727=VERTEX_POINT('',#6204);
#1728=VERTEX_POINT('',#6210);
#1729=VERTEX_POINT('',#6212);
#1730=VERTEX_POINT('',#6216);
#1731=VERTEX_POINT('',#6218);
#1732=VERTEX_POINT('',#6220);
#1733=VERTEX_POINT('',#6222);
#1734=VERTEX_POINT('',#6224);
#1735=VERTEX_POINT('',#6226);
#1736=VERTEX_POINT('',#6228);
#1737=VERTEX_POINT('',#6230);
#1738=VERTEX_POINT('',#6232);
#1739=VERTEX_POINT('',#6234);
#1740=VERTEX_POINT('',#6259);
#1741=VERTEX_POINT('',#6260);
#1742=VERTEX_POINT('',#6262);
#1743=VERTEX_POINT('',#6264);
#1744=VERTEX_POINT('',#6268);
#1745=VERTEX_POINT('',#6269);
#1746=VERTEX_POINT('',#6271);
#1747=VERTEX_POINT('',#6273);
#1748=VERTEX_POINT('',#6277);
#1749=VERTEX_POINT('',#6278);
#1750=VERTEX_POINT('',#6280);
#1751=VERTEX_POINT('',#6282);
#1752=VERTEX_POINT('',#6286);
#1753=VERTEX_POINT('',#6287);
#1754=VERTEX_POINT('',#6292);
#1755=VERTEX_POINT('',#6296);
#1756=VERTEX_POINT('',#6302);
#1757=VERTEX_POINT('',#6303);
#1758=VERTEX_POINT('',#6308);
#1759=VERTEX_POINT('',#6312);
#1760=VERTEX_POINT('',#6318);
#1761=VERTEX_POINT('',#6319);
#1762=VERTEX_POINT('',#6324);
#1763=VERTEX_POINT('',#6328);
#1764=VERTEX_POINT('',#6334);
#1765=VERTEX_POINT('',#6335);
#1766=VERTEX_POINT('',#6337);
#1767=VERTEX_POINT('',#6339);
#1768=VERTEX_POINT('',#6343);
#1769=VERTEX_POINT('',#6345);
#1770=VERTEX_POINT('',#6349);
#1771=VERTEX_POINT('',#6351);
#1772=VERTEX_POINT('',#6358);
#1773=VERTEX_POINT('',#6359);
#1774=VERTEX_POINT('',#6361);
#1775=VERTEX_POINT('',#6363);
#1776=VERTEX_POINT('',#6367);
#1777=VERTEX_POINT('',#6368);
#1778=VERTEX_POINT('',#6373);
#1779=VERTEX_POINT('',#6377);
#1780=VERTEX_POINT('',#6383);
#1781=VERTEX_POINT('',#6384);
#1782=VERTEX_POINT('',#6386);
#1783=VERTEX_POINT('',#6388);
#1784=VERTEX_POINT('',#6392);
#1785=VERTEX_POINT('',#6394);
#1786=VERTEX_POINT('',#6401);
#1787=VERTEX_POINT('',#6402);
#1788=VERTEX_POINT('',#6404);
#1789=VERTEX_POINT('',#6406);
#1790=VERTEX_POINT('',#6410);
#1791=VERTEX_POINT('',#6412);
#1792=VERTEX_POINT('',#6419);
#1793=VERTEX_POINT('',#6420);
#1794=VERTEX_POINT('',#6422);
#1795=VERTEX_POINT('',#6424);
#1796=VERTEX_POINT('',#6428);
#1797=VERTEX_POINT('',#6430);
#1798=VERTEX_POINT('',#6437);
#1799=VERTEX_POINT('',#6438);
#1800=VERTEX_POINT('',#6440);
#1801=VERTEX_POINT('',#6442);
#1802=VERTEX_POINT('',#6446);
#1803=VERTEX_POINT('',#6448);
#1804=VERTEX_POINT('',#6455);
#1805=VERTEX_POINT('',#6456);
#1806=VERTEX_POINT('',#6458);
#1807=VERTEX_POINT('',#6460);
#1808=VERTEX_POINT('',#6464);
#1809=VERTEX_POINT('',#6466);
#1810=VERTEX_POINT('',#6470);
#1811=VERTEX_POINT('',#6471);
#1812=VERTEX_POINT('',#6473);
#1813=VERTEX_POINT('',#6475);
#1814=VERTEX_POINT('',#6479);
#1815=VERTEX_POINT('',#6480);
#1816=VERTEX_POINT('',#6482);
#1817=VERTEX_POINT('',#6484);
#1818=VERTEX_POINT('',#6486);
#1819=VERTEX_POINT('',#6488);
#1820=VERTEX_POINT('',#6490);
#1821=VERTEX_POINT('',#6492);
#1822=VERTEX_POINT('',#6495);
#1823=VERTEX_POINT('',#6497);
#1824=VERTEX_POINT('',#6499);
#1825=VERTEX_POINT('',#6501);
#1826=VERTEX_POINT('',#6503);
#1827=VERTEX_POINT('',#6505);
#1828=VERTEX_POINT('',#6507);
#1829=VERTEX_POINT('',#6509);
#1830=VERTEX_POINT('',#6511);
#1831=VERTEX_POINT('',#6513);
#1832=VERTEX_POINT('',#6515);
#1833=VERTEX_POINT('',#6517);
#1834=VERTEX_POINT('',#6519);
#1835=VERTEX_POINT('',#6521);
#1836=VERTEX_POINT('',#6525);
#1837=VERTEX_POINT('',#6532);
#1838=VERTEX_POINT('',#6534);
#1839=VERTEX_POINT('',#6538);
#1840=VERTEX_POINT('',#6542);
#1841=VERTEX_POINT('',#6546);
#1842=VERTEX_POINT('',#6548);
#1843=VERTEX_POINT('',#6550);
#1844=VERTEX_POINT('',#6557);
#1845=VERTEX_POINT('',#6559);
#1846=VERTEX_POINT('',#6563);
#1847=VERTEX_POINT('',#6567);
#1848=VERTEX_POINT('',#6569);
#1849=VERTEX_POINT('',#6573);
#1850=VERTEX_POINT('',#6577);
#1851=VERTEX_POINT('',#6588);
#1852=VERTEX_POINT('',#6592);
#1853=VERTEX_POINT('',#6596);
#1854=VERTEX_POINT('',#6600);
#1855=VERTEX_POINT('',#6606);
#1856=EDGE_CURVE('',#1496,#1497,#1309,.T.);
#1857=EDGE_CURVE('',#1496,#1498,#631,.T.);
#1858=EDGE_CURVE('',#1498,#1499,#632,.T.);
#1859=EDGE_CURVE('',#1499,#1497,#633,.T.);
#1860=EDGE_CURVE('',#1500,#1500,#1310,.T.);
#1861=EDGE_CURVE('',#1500,#1501,#634,.T.);
#1862=EDGE_CURVE('',#1502,#1501,#1311,.T.);
#1863=EDGE_CURVE('',#1502,#1496,#635,.T.);
#1864=EDGE_CURVE('',#1497,#1503,#636,.T.);
#1865=EDGE_CURVE('',#1501,#1503,#1312,.T.);
#1866=EDGE_CURVE('',#1504,#1505,#1313,.T.);
#1867=EDGE_CURVE('',#1504,#1506,#637,.T.);
#1868=EDGE_CURVE('',#1506,#1507,#638,.T.);
#1869=EDGE_CURVE('',#1507,#1505,#639,.T.);
#1870=EDGE_CURVE('',#1508,#1508,#1314,.T.);
#1871=EDGE_CURVE('',#1508,#1509,#640,.T.);
#1872=EDGE_CURVE('',#1510,#1509,#1315,.T.);
#1873=EDGE_CURVE('',#1510,#1504,#641,.T.);
#1874=EDGE_CURVE('',#1505,#1511,#642,.T.);
#1875=EDGE_CURVE('',#1509,#1511,#1316,.T.);
#1876=EDGE_CURVE('',#1512,#1513,#1317,.T.);
#1877=EDGE_CURVE('',#1512,#1514,#643,.T.);
#1878=EDGE_CURVE('',#1514,#1515,#644,.T.);
#1879=EDGE_CURVE('',#1515,#1516,#645,.T.);
#1880=EDGE_CURVE('',#1513,#1516,#1318,.T.);
#1881=EDGE_CURVE('',#1517,#1517,#1319,.T.);
#1882=EDGE_CURVE('',#1517,#1513,#646,.T.);
#1883=EDGE_CURVE('',#1516,#1518,#647,.T.);
#1884=EDGE_CURVE('',#1519,#1518,#1320,.T.);
#1885=EDGE_CURVE('',#1519,#1512,#648,.T.);
#1886=EDGE_CURVE('',#1520,#1521,#1321,.T.);
#1887=EDGE_CURVE('',#1520,#1522,#649,.T.);
#1888=EDGE_CURVE('',#1522,#1523,#650,.T.);
#1889=EDGE_CURVE('',#1523,#1521,#651,.T.);
#1890=EDGE_CURVE('',#1524,#1524,#1322,.T.);
#1891=EDGE_CURVE('',#1524,#1525,#652,.T.);
#1892=EDGE_CURVE('',#1526,#1525,#1323,.T.);
#1893=EDGE_CURVE('',#1526,#1520,#653,.T.);
#1894=EDGE_CURVE('',#1521,#1527,#654,.T.);
#1895=EDGE_CURVE('',#1525,#1527,#1324,.T.);
#1896=EDGE_CURVE('',#1528,#1529,#1325,.T.);
#1897=EDGE_CURVE('',#1529,#1530,#655,.T.);
#1898=EDGE_CURVE('',#1531,#1530,#656,.T.);
#1899=EDGE_CURVE('',#1528,#1531,#657,.T.);
#1900=EDGE_CURVE('',#1530,#1499,#658,.T.);
#1901=EDGE_CURVE('',#1531,#1498,#659,.T.);
#1902=EDGE_CURVE('',#1532,#1533,#1326,.T.);
#1903=EDGE_CURVE('',#1533,#1534,#660,.T.);
#1904=EDGE_CURVE('',#1535,#1534,#661,.T.);
#1905=EDGE_CURVE('',#1532,#1535,#662,.T.);
#1906=EDGE_CURVE('',#1534,#1523,#663,.T.);
#1907=EDGE_CURVE('',#1535,#1522,#664,.T.);
#1908=EDGE_CURVE('',#1536,#1526,#84,.T.);
#1909=EDGE_CURVE('',#1532,#1536,#665,.T.);
#1910=EDGE_CURVE('',#1537,#1533,#666,.T.);
#1911=EDGE_CURVE('',#1527,#1537,#85,.T.);
#1912=EDGE_CURVE('',#1528,#1538,#667,.T.);
#1913=EDGE_CURVE('',#1539,#1538,#1327,.T.);
#1914=EDGE_CURVE('',#1539,#1529,#668,.T.);
#1915=EDGE_CURVE('',#1529,#1540,#1328,.T.);
#1916=EDGE_CURVE('',#1540,#1541,#669,.T.);
#1917=EDGE_CURVE('',#1541,#1532,#1329,.T.);
#1918=EDGE_CURVE('',#1537,#1536,#1330,.T.);
#1919=EDGE_CURVE('',#1533,#1542,#1331,.T.);
#1920=EDGE_CURVE('',#1542,#1543,#670,.T.);
#1921=EDGE_CURVE('',#1544,#1543,#1332,.T.);
#1922=EDGE_CURVE('',#1544,#1545,#671,.T.);
#1923=EDGE_CURVE('',#1546,#1545,#1333,.T.);
#1924=EDGE_CURVE('',#1547,#1546,#1334,.T.);
#1925=EDGE_CURVE('',#1547,#1548,#672,.T.);
#1926=EDGE_CURVE('',#1548,#1549,#673,.T.);
#1927=EDGE_CURVE('',#1549,#1550,#674,.T.);
#1928=EDGE_CURVE('',#1551,#1550,#1335,.T.);
#1929=EDGE_CURVE('',#1552,#1551,#1336,.T.);
#1930=EDGE_CURVE('',#1552,#1553,#675,.T.);
#1931=EDGE_CURVE('',#1553,#1554,#676,.T.);
#1932=EDGE_CURVE('',#1555,#1554,#1337,.T.);
#1933=EDGE_CURVE('',#1555,#1556,#677,.T.);
#1934=EDGE_CURVE('',#1556,#1557,#678,.T.);
#1935=EDGE_CURVE('',#1557,#1528,#1338,.T.);
#1936=EDGE_CURVE('',#1558,#1558,#1339,.T.);
#1937=EDGE_CURVE('',#1559,#1559,#1340,.T.);
#1938=EDGE_CURVE('',#1560,#1560,#1341,.T.);
#1939=EDGE_CURVE('',#1561,#1562,#679,.T.);
#1940=EDGE_CURVE('',#1562,#1563,#1342,.T.);
#1941=EDGE_CURVE('',#1563,#1564,#680,.T.);
#1942=EDGE_CURVE('',#1564,#1565,#1343,.T.);
#1943=EDGE_CURVE('',#1565,#1566,#681,.T.);
#1944=EDGE_CURVE('',#1566,#1567,#1344,.T.);
#1945=EDGE_CURVE('',#1567,#1568,#682,.T.);
#1946=EDGE_CURVE('',#1568,#1561,#1345,.T.);
#1947=EDGE_CURVE('',#1569,#1570,#683,.T.);
#1948=EDGE_CURVE('',#1570,#1571,#1346,.T.);
#1949=EDGE_CURVE('',#1571,#1572,#684,.T.);
#1950=EDGE_CURVE('',#1572,#1573,#1347,.T.);
#1951=EDGE_CURVE('',#1573,#1574,#685,.T.);
#1952=EDGE_CURVE('',#1574,#1569,#1348,.T.);
#1953=EDGE_CURVE('',#1575,#1576,#686,.T.);
#1954=EDGE_CURVE('',#1576,#1577,#1349,.T.);
#1955=EDGE_CURVE('',#1577,#1578,#687,.T.);
#1956=EDGE_CURVE('',#1578,#1579,#1350,.T.);
#1957=EDGE_CURVE('',#1579,#1580,#688,.T.);
#1958=EDGE_CURVE('',#1580,#1575,#1351,.T.);
#1959=EDGE_CURVE('',#1581,#1582,#689,.T.);
#1960=EDGE_CURVE('',#1582,#1583,#1352,.T.);
#1961=EDGE_CURVE('',#1583,#1584,#690,.T.);
#1962=EDGE_CURVE('',#1584,#1585,#1353,.T.);
#1963=EDGE_CURVE('',#1585,#1586,#691,.T.);
#1964=EDGE_CURVE('',#1586,#1581,#1354,.T.);
#1965=EDGE_CURVE('',#1587,#1588,#692,.T.);
#1966=EDGE_CURVE('',#1588,#1589,#1355,.T.);
#1967=EDGE_CURVE('',#1589,#1590,#693,.T.);
#1968=EDGE_CURVE('',#1590,#1591,#1356,.T.);
#1969=EDGE_CURVE('',#1591,#1592,#694,.T.);
#1970=EDGE_CURVE('',#1592,#1587,#1357,.T.);
#1971=EDGE_CURVE('',#1593,#1593,#1358,.T.);
#1972=EDGE_CURVE('',#1594,#1595,#1359,.T.);
#1973=EDGE_CURVE('',#1595,#1594,#1360,.T.);
#1974=EDGE_CURVE('',#1596,#1596,#1361,.T.);
#1975=EDGE_CURVE('',#1597,#1598,#695,.T.);
#1976=EDGE_CURVE('',#1598,#1599,#1362,.T.);
#1977=EDGE_CURVE('',#1599,#1600,#696,.T.);
#1978=EDGE_CURVE('',#1600,#1601,#1363,.T.);
#1979=EDGE_CURVE('',#1601,#1602,#697,.T.);
#1980=EDGE_CURVE('',#1602,#1603,#1364,.T.);
#1981=EDGE_CURVE('',#1603,#1604,#698,.T.);
#1982=EDGE_CURVE('',#1604,#1597,#1365,.T.);
#1983=EDGE_CURVE('',#1605,#1606,#699,.T.);
#1984=EDGE_CURVE('',#1606,#1607,#1366,.T.);
#1985=EDGE_CURVE('',#1607,#1608,#700,.T.);
#1986=EDGE_CURVE('',#1608,#1609,#1367,.T.);
#1987=EDGE_CURVE('',#1609,#1610,#701,.T.);
#1988=EDGE_CURVE('',#1610,#1611,#1368,.T.);
#1989=EDGE_CURVE('',#1611,#1612,#702,.T.);
#1990=EDGE_CURVE('',#1612,#1605,#1369,.T.);
#1991=EDGE_CURVE('',#1613,#1614,#703,.T.);
#1992=EDGE_CURVE('',#1614,#1615,#1370,.T.);
#1993=EDGE_CURVE('',#1615,#1616,#704,.T.);
#1994=EDGE_CURVE('',#1616,#1617,#1371,.T.);
#1995=EDGE_CURVE('',#1617,#1618,#705,.T.);
#1996=EDGE_CURVE('',#1618,#1619,#1372,.T.);
#1997=EDGE_CURVE('',#1619,#1620,#706,.T.);
#1998=EDGE_CURVE('',#1620,#1613,#1373,.T.);
#1999=EDGE_CURVE('',#1538,#1502,#86,.T.);
#2000=EDGE_CURVE('',#1503,#1539,#87,.T.);
#2001=EDGE_CURVE('',#1621,#1510,#88,.T.);
#2002=EDGE_CURVE('',#1621,#1506,#707,.T.);
#2003=EDGE_CURVE('',#1622,#1507,#708,.T.);
#2004=EDGE_CURVE('',#1511,#1622,#89,.T.);
#2005=EDGE_CURVE('',#1544,#1622,#90,.F.);
#2006=EDGE_CURVE('',#1621,#1543,#91,.F.);
#2007=EDGE_CURVE('',#1554,#1519,#92,.T.);
#2008=EDGE_CURVE('',#1553,#1514,#709,.T.);
#2009=EDGE_CURVE('',#1556,#1515,#710,.T.);
#2010=EDGE_CURVE('',#1518,#1555,#93,.T.);
#2011=EDGE_CURVE('',#1613,#1623,#711,.T.);
#2012=EDGE_CURVE('',#1623,#1624,#712,.T.);
#2013=EDGE_CURVE('',#1614,#1624,#713,.T.);
#2014=EDGE_CURVE('',#1620,#1625,#714,.T.);
#2015=EDGE_CURVE('',#1625,#1623,#1374,.T.);
#2016=EDGE_CURVE('',#1619,#1626,#715,.T.);
#2017=EDGE_CURVE('',#1626,#1625,#716,.T.);
#2018=EDGE_CURVE('',#1618,#1627,#717,.T.);
#2019=EDGE_CURVE('',#1627,#1626,#1375,.T.);
#2020=EDGE_CURVE('',#1617,#1628,#718,.T.);
#2021=EDGE_CURVE('',#1628,#1627,#719,.T.);
#2022=EDGE_CURVE('',#1616,#1629,#720,.T.);
#2023=EDGE_CURVE('',#1629,#1628,#1376,.T.);
#2024=EDGE_CURVE('',#1615,#1630,#721,.T.);
#2025=EDGE_CURVE('',#1630,#1629,#722,.T.);
#2026=EDGE_CURVE('',#1624,#1630,#1377,.T.);
#2027=EDGE_CURVE('',#1605,#1631,#723,.T.);
#2028=EDGE_CURVE('',#1631,#1632,#724,.T.);
#2029=EDGE_CURVE('',#1606,#1632,#725,.T.);
#2030=EDGE_CURVE('',#1612,#1633,#726,.T.);
#2031=EDGE_CURVE('',#1633,#1631,#1378,.T.);
#2032=EDGE_CURVE('',#1611,#1634,#727,.T.);
#2033=EDGE_CURVE('',#1634,#1633,#728,.T.);
#2034=EDGE_CURVE('',#1610,#1635,#729,.T.);
#2035=EDGE_CURVE('',#1635,#1634,#1379,.T.);
#2036=EDGE_CURVE('',#1609,#1636,#730,.T.);
#2037=EDGE_CURVE('',#1636,#1635,#731,.T.);
#2038=EDGE_CURVE('',#1608,#1637,#732,.T.);
#2039=EDGE_CURVE('',#1637,#1636,#1380,.T.);
#2040=EDGE_CURVE('',#1607,#1638,#733,.T.);
#2041=EDGE_CURVE('',#1638,#1637,#734,.T.);
#2042=EDGE_CURVE('',#1632,#1638,#1381,.T.);
#2043=EDGE_CURVE('',#1597,#1639,#735,.T.);
#2044=EDGE_CURVE('',#1639,#1640,#736,.T.);
#2045=EDGE_CURVE('',#1598,#1640,#737,.T.);
#2046=EDGE_CURVE('',#1604,#1641,#738,.T.);
#2047=EDGE_CURVE('',#1641,#1639,#1382,.T.);
#2048=EDGE_CURVE('',#1603,#1642,#739,.T.);
#2049=EDGE_CURVE('',#1642,#1641,#740,.T.);
#2050=EDGE_CURVE('',#1602,#1643,#741,.T.);
#2051=EDGE_CURVE('',#1643,#1642,#1383,.T.);
#2052=EDGE_CURVE('',#1601,#1644,#742,.T.);
#2053=EDGE_CURVE('',#1644,#1643,#743,.T.);
#2054=EDGE_CURVE('',#1600,#1645,#744,.T.);
#2055=EDGE_CURVE('',#1645,#1644,#1384,.T.);
#2056=EDGE_CURVE('',#1599,#1646,#745,.T.);
#2057=EDGE_CURVE('',#1646,#1645,#746,.T.);
#2058=EDGE_CURVE('',#1640,#1646,#1385,.T.);
#2059=EDGE_CURVE('',#1647,#1648,#1386,.T.);
#2060=EDGE_CURVE('',#1648,#1596,#1387,.T.);
#2061=EDGE_CURVE('',#1648,#1647,#1388,.T.);
#2062=EDGE_CURVE('',#1649,#1649,#1389,.F.);
#2063=EDGE_CURVE('',#1649,#1647,#747,.T.);
#2064=EDGE_CURVE('',#1650,#1651,#1390,.T.);
#2065=EDGE_CURVE('',#1651,#1558,#1391,.T.);
#2066=EDGE_CURVE('',#1651,#1650,#1392,.T.);
#2067=EDGE_CURVE('',#1652,#1652,#1393,.F.);
#2068=EDGE_CURVE('',#1652,#1650,#748,.T.);
#2069=EDGE_CURVE('',#1595,#1653,#94,.T.);
#2070=EDGE_CURVE('',#1653,#1654,#1394,.T.);
#2071=EDGE_CURVE('',#1654,#1594,#95,.T.);
#2072=EDGE_CURVE('',#1654,#1653,#1395,.T.);
#2073=EDGE_CURVE('',#1653,#1655,#749,.F.);
#2074=EDGE_CURVE('',#1656,#1655,#1396,.F.);
#2075=EDGE_CURVE('',#1654,#1656,#750,.T.);
#2076=EDGE_CURVE('',#1657,#1658,#1397,.T.);
#2077=EDGE_CURVE('',#1658,#1559,#1398,.T.);
#2078=EDGE_CURVE('',#1658,#1657,#1399,.T.);
#2079=EDGE_CURVE('',#1659,#1659,#1400,.F.);
#2080=EDGE_CURVE('',#1659,#1657,#751,.T.);
#2081=EDGE_CURVE('',#1660,#1661,#1401,.T.);
#2082=EDGE_CURVE('',#1661,#1593,#1402,.T.);
#2083=EDGE_CURVE('',#1661,#1660,#1403,.T.);
#2084=EDGE_CURVE('',#1662,#1662,#1404,.F.);
#2085=EDGE_CURVE('',#1662,#1660,#752,.T.);
#2086=EDGE_CURVE('',#1663,#1664,#1405,.T.);
#2087=EDGE_CURVE('',#1664,#1560,#1406,.T.);
#2088=EDGE_CURVE('',#1664,#1663,#1407,.T.);
#2089=EDGE_CURVE('',#1665,#1665,#1408,.F.);
#2090=EDGE_CURVE('',#1665,#1663,#753,.T.);
#2091=EDGE_CURVE('',#1561,#1666,#754,.T.);
#2092=EDGE_CURVE('',#1666,#1667,#755,.T.);
#2093=EDGE_CURVE('',#1562,#1667,#756,.T.);
#2094=EDGE_CURVE('',#1568,#1668,#757,.T.);
#2095=EDGE_CURVE('',#1668,#1666,#1409,.T.);
#2096=EDGE_CURVE('',#1567,#1669,#758,.T.);
#2097=EDGE_CURVE('',#1669,#1668,#759,.T.);
#2098=EDGE_CURVE('',#1566,#1670,#760,.T.);
#2099=EDGE_CURVE('',#1670,#1669,#1410,.T.);
#2100=EDGE_CURVE('',#1565,#1671,#761,.T.);
#2101=EDGE_CURVE('',#1671,#1670,#762,.T.);
#2102=EDGE_CURVE('',#1564,#1672,#763,.T.);
#2103=EDGE_CURVE('',#1672,#1671,#1411,.T.);
#2104=EDGE_CURVE('',#1563,#1673,#764,.T.);
#2105=EDGE_CURVE('',#1673,#1672,#765,.T.);
#2106=EDGE_CURVE('',#1667,#1673,#1412,.T.);
#2107=EDGE_CURVE('',#1674,#1675,#1413,.T.);
#2108=EDGE_CURVE('',#1676,#1674,#766,.T.);
#2109=EDGE_CURVE('',#1677,#1676,#1414,.T.);
#2110=EDGE_CURVE('',#1678,#1677,#767,.T.);
#2111=EDGE_CURVE('',#1679,#1678,#1415,.T.);
#2112=EDGE_CURVE('',#1675,#1679,#768,.T.);
#2113=EDGE_CURVE('',#1677,#1590,#769,.T.);
#2114=EDGE_CURVE('',#1678,#1589,#770,.T.);
#2115=EDGE_CURVE('',#1676,#1591,#771,.T.);
#2116=EDGE_CURVE('',#1674,#1592,#772,.T.);
#2117=EDGE_CURVE('',#1680,#1681,#1416,.T.);
#2118=EDGE_CURVE('',#1682,#1680,#773,.T.);
#2119=EDGE_CURVE('',#1683,#1682,#1417,.T.);
#2120=EDGE_CURVE('',#1684,#1683,#774,.T.);
#2121=EDGE_CURVE('',#1685,#1684,#1418,.T.);
#2122=EDGE_CURVE('',#1681,#1685,#775,.T.);
#2123=EDGE_CURVE('',#1683,#1584,#776,.T.);
#2124=EDGE_CURVE('',#1684,#1583,#777,.T.);
#2125=EDGE_CURVE('',#1682,#1585,#778,.T.);
#2126=EDGE_CURVE('',#1680,#1586,#779,.T.);
#2127=EDGE_CURVE('',#1686,#1687,#1419,.T.);
#2128=EDGE_CURVE('',#1688,#1686,#780,.T.);
#2129=EDGE_CURVE('',#1689,#1688,#1420,.T.);
#2130=EDGE_CURVE('',#1690,#1689,#781,.T.);
#2131=EDGE_CURVE('',#1691,#1690,#1421,.T.);
#2132=EDGE_CURVE('',#1687,#1691,#782,.T.);
#2133=EDGE_CURVE('',#1689,#1578,#783,.T.);
#2134=EDGE_CURVE('',#1690,#1577,#784,.T.);
#2135=EDGE_CURVE('',#1688,#1579,#785,.T.);
#2136=EDGE_CURVE('',#1686,#1580,#786,.T.);
#2137=EDGE_CURVE('',#1692,#1693,#1422,.T.);
#2138=EDGE_CURVE('',#1694,#1692,#787,.T.);
#2139=EDGE_CURVE('',#1695,#1694,#1423,.T.);
#2140=EDGE_CURVE('',#1696,#1695,#788,.T.);
#2141=EDGE_CURVE('',#1697,#1696,#1424,.T.);
#2142=EDGE_CURVE('',#1693,#1697,#789,.T.);
#2143=EDGE_CURVE('',#1695,#1572,#790,.T.);
#2144=EDGE_CURVE('',#1696,#1571,#791,.T.);
#2145=EDGE_CURVE('',#1694,#1573,#792,.T.);
#2146=EDGE_CURVE('',#1692,#1574,#793,.T.);
#2147=EDGE_CURVE('',#1697,#1570,#794,.T.);
#2148=EDGE_CURVE('',#1693,#1569,#795,.T.);
#2149=EDGE_CURVE('',#1691,#1576,#796,.T.);
#2150=EDGE_CURVE('',#1687,#1575,#797,.T.);
#2151=EDGE_CURVE('',#1685,#1582,#798,.T.);
#2152=EDGE_CURVE('',#1681,#1581,#799,.T.);
#2153=EDGE_CURVE('',#1679,#1588,#800,.T.);
#2154=EDGE_CURVE('',#1675,#1587,#801,.T.);
#2155=EDGE_CURVE('',#1698,#1698,#1425,.T.);
#2156=EDGE_CURVE('',#1698,#1699,#802,.T.);
#2157=EDGE_CURVE('',#1700,#1700,#1426,.T.);
#2158=EDGE_CURVE('',#1700,#1698,#803,.T.);
#2159=EDGE_CURVE('',#1701,#1701,#1427,.T.);
#2160=EDGE_CURVE('',#1701,#1702,#804,.T.);
#2161=EDGE_CURVE('',#1703,#1703,#1428,.T.);
#2162=EDGE_CURVE('',#1703,#1701,#805,.T.);
#2163=EDGE_CURVE('',#1704,#1704,#1429,.T.);
#2164=EDGE_CURVE('',#1704,#1705,#806,.T.);
#2165=EDGE_CURVE('',#1706,#1706,#1430,.T.);
#2166=EDGE_CURVE('',#1706,#1704,#807,.T.);
#2167=EDGE_CURVE('',#1707,#1707,#1431,.T.);
#2168=EDGE_CURVE('',#1707,#1708,#808,.T.);
#2169=EDGE_CURVE('',#1709,#1709,#1432,.T.);
#2170=EDGE_CURVE('',#1709,#1707,#809,.T.);
#2171=EDGE_CURVE('',#1710,#1710,#1433,.T.);
#2172=EDGE_CURVE('',#1710,#1711,#810,.T.);
#2173=EDGE_CURVE('',#1712,#1712,#1434,.T.);
#2174=EDGE_CURVE('',#1712,#1710,#811,.T.);
#2175=EDGE_CURVE('',#1713,#1713,#1435,.T.);
#2176=EDGE_CURVE('',#1713,#1714,#812,.T.);
#2177=EDGE_CURVE('',#1715,#1715,#1436,.T.);
#2178=EDGE_CURVE('',#1715,#1713,#813,.T.);
#2179=EDGE_CURVE('',#1716,#1716,#1437,.T.);
#2180=EDGE_CURVE('',#1716,#1717,#814,.T.);
#2181=EDGE_CURVE('',#1718,#1718,#1438,.T.);
#2182=EDGE_CURVE('',#1718,#1716,#815,.T.);
#2183=EDGE_CURVE('',#1719,#1719,#1439,.T.);
#2184=EDGE_CURVE('',#1719,#1720,#816,.T.);
#2185=EDGE_CURVE('',#1721,#1721,#1440,.T.);
#2186=EDGE_CURVE('',#1721,#1719,#817,.T.);
#2187=EDGE_CURVE('',#1655,#1656,#1441,.F.);
#2188=EDGE_CURVE('',#1722,#1722,#1442,.T.);
#2189=EDGE_CURVE('',#1722,#1723,#818,.T.);
#2190=EDGE_CURVE('',#1724,#1724,#1443,.T.);
#2191=EDGE_CURVE('',#1724,#1722,#819,.T.);
#2192=EDGE_CURVE('',#1725,#1725,#1444,.T.);
#2193=EDGE_CURVE('',#1725,#1726,#820,.T.);
#2194=EDGE_CURVE('',#1727,#1727,#1445,.T.);
#2195=EDGE_CURVE('',#1727,#1725,#821,.T.);
#2196=EDGE_CURVE('',#1546,#1728,#822,.T.);
#2197=EDGE_CURVE('',#1728,#1729,#1446,.T.);
#2198=EDGE_CURVE('',#1729,#1547,#823,.T.);
#2199=EDGE_CURVE('',#1730,#1728,#1447,.T.);
#2200=EDGE_CURVE('',#1730,#1731,#824,.T.);
#2201=EDGE_CURVE('',#1732,#1731,#1448,.T.);
#2202=EDGE_CURVE('',#1732,#1733,#825,.T.);
#2203=EDGE_CURVE('',#1734,#1733,#1449,.T.);
#2204=EDGE_CURVE('',#1734,#1735,#826,.T.);
#2205=EDGE_CURVE('',#1736,#1735,#1450,.T.);
#2206=EDGE_CURVE('',#1737,#1736,#1451,.T.);
#2207=EDGE_CURVE('',#1738,#1737,#827,.T.);
#2208=EDGE_CURVE('',#1738,#1739,#828,.T.);
#2209=EDGE_CURVE('',#1739,#1729,#829,.T.);
#2210=EDGE_CURVE('',#1545,#1730,#830,.T.);
#2211=EDGE_CURVE('',#1550,#1737,#831,.T.);
#2212=EDGE_CURVE('',#1736,#1551,#832,.T.);
#2213=EDGE_CURVE('',#1738,#1549,#833,.T.);
#2214=EDGE_CURVE('',#1735,#1552,#834,.T.);
#2215=EDGE_CURVE('',#1734,#1557,#835,.T.);
#2216=EDGE_CURVE('',#1739,#1548,#836,.T.);
#2217=EDGE_CURVE('',#1731,#1542,#837,.T.);
#2218=EDGE_CURVE('',#1732,#1541,#838,.T.);
#2219=EDGE_CURVE('',#1733,#1540,#839,.T.);
#2220=EDGE_CURVE('',#1740,#1741,#1452,.T.);
#2221=EDGE_CURVE('',#1741,#1742,#840,.T.);
#2222=EDGE_CURVE('',#1742,#1743,#1453,.T.);
#2223=EDGE_CURVE('',#1743,#1740,#841,.T.);
#2224=EDGE_CURVE('',#1744,#1745,#1454,.T.);
#2225=EDGE_CURVE('',#1745,#1746,#842,.T.);
#2226=EDGE_CURVE('',#1746,#1747,#1455,.T.);
#2227=EDGE_CURVE('',#1747,#1744,#843,.T.);
#2228=EDGE_CURVE('',#1748,#1749,#1456,.T.);
#2229=EDGE_CURVE('',#1749,#1750,#844,.T.);
#2230=EDGE_CURVE('',#1750,#1751,#1457,.T.);
#2231=EDGE_CURVE('',#1751,#1748,#845,.T.);
#2232=EDGE_CURVE('',#1752,#1753,#1458,.T.);
#2233=EDGE_CURVE('',#1752,#1749,#846,.T.);
#2234=EDGE_CURVE('',#1753,#1748,#847,.T.);
#2235=EDGE_CURVE('',#1754,#1752,#848,.T.);
#2236=EDGE_CURVE('',#1754,#1750,#849,.T.);
#2237=EDGE_CURVE('',#1753,#1755,#850,.T.);
#2238=EDGE_CURVE('',#1755,#1751,#851,.T.);
#2239=EDGE_CURVE('',#1754,#1755,#1459,.T.);
#2240=EDGE_CURVE('',#1756,#1757,#1460,.T.);
#2241=EDGE_CURVE('',#1756,#1741,#852,.T.);
#2242=EDGE_CURVE('',#1757,#1740,#853,.T.);
#2243=EDGE_CURVE('',#1758,#1756,#854,.T.);
#2244=EDGE_CURVE('',#1758,#1742,#855,.T.);
#2245=EDGE_CURVE('',#1757,#1759,#856,.T.);
#2246=EDGE_CURVE('',#1759,#1743,#857,.T.);
#2247=EDGE_CURVE('',#1758,#1759,#1461,.T.);
#2248=EDGE_CURVE('',#1760,#1761,#1462,.T.);
#2249=EDGE_CURVE('',#1760,#1747,#858,.T.);
#2250=EDGE_CURVE('',#1761,#1746,#859,.T.);
#2251=EDGE_CURVE('',#1762,#1760,#860,.T.);
#2252=EDGE_CURVE('',#1762,#1744,#861,.T.);
#2253=EDGE_CURVE('',#1761,#1763,#862,.T.);
#2254=EDGE_CURVE('',#1763,#1745,#863,.T.);
#2255=EDGE_CURVE('',#1763,#1762,#1463,.T.);
#2256=EDGE_CURVE('',#1764,#1765,#864,.T.);
#2257=EDGE_CURVE('',#1764,#1766,#865,.T.);
#2258=EDGE_CURVE('',#1767,#1766,#866,.T.);
#2259=EDGE_CURVE('',#1765,#1767,#867,.T.);
#2260=EDGE_CURVE('',#1768,#1764,#868,.T.);
#2261=EDGE_CURVE('',#1768,#1769,#869,.T.);
#2262=EDGE_CURVE('',#1766,#1769,#870,.T.);
#2263=EDGE_CURVE('',#1765,#1770,#871,.T.);
#2264=EDGE_CURVE('',#1771,#1767,#872,.T.);
#2265=EDGE_CURVE('',#1770,#1771,#873,.T.);
#2266=EDGE_CURVE('',#1770,#1768,#874,.T.);
#2267=EDGE_CURVE('',#1769,#1771,#875,.T.);
#2268=EDGE_CURVE('',#1772,#1773,#876,.T.);
#2269=EDGE_CURVE('',#1773,#1774,#877,.T.);
#2270=EDGE_CURVE('',#1774,#1775,#878,.T.);
#2271=EDGE_CURVE('',#1775,#1772,#879,.T.);
#2272=EDGE_CURVE('',#1776,#1777,#880,.T.);
#2273=EDGE_CURVE('',#1776,#1774,#881,.T.);
#2274=EDGE_CURVE('',#1777,#1773,#882,.T.);
#2275=EDGE_CURVE('',#1778,#1776,#883,.T.);
#2276=EDGE_CURVE('',#1778,#1775,#884,.T.);
#2277=EDGE_CURVE('',#1779,#1778,#885,.T.);
#2278=EDGE_CURVE('',#1779,#1772,#886,.T.);
#2279=EDGE_CURVE('',#1777,#1779,#887,.T.);
#2280=EDGE_CURVE('',#1780,#1781,#888,.T.);
#2281=EDGE_CURVE('',#1780,#1782,#889,.T.);
#2282=EDGE_CURVE('',#1783,#1782,#890,.T.);
#2283=EDGE_CURVE('',#1781,#1783,#891,.T.);
#2284=EDGE_CURVE('',#1784,#1780,#892,.T.);
#2285=EDGE_CURVE('',#1784,#1785,#893,.T.);
#2286=EDGE_CURVE('',#1782,#1785,#894,.T.);
#2287=EDGE_CURVE('',#1781,#1784,#1464,.T.);
#2288=EDGE_CURVE('',#1785,#1783,#1465,.T.);
#2289=EDGE_CURVE('',#1786,#1787,#895,.T.);
#2290=EDGE_CURVE('',#1786,#1788,#896,.T.);
#2291=EDGE_CURVE('',#1789,#1788,#897,.T.);
#2292=EDGE_CURVE('',#1787,#1789,#898,.T.);
#2293=EDGE_CURVE('',#1790,#1786,#899,.T.);
#2294=EDGE_CURVE('',#1790,#1791,#900,.T.);
#2295=EDGE_CURVE('',#1788,#1791,#901,.T.);
#2296=EDGE_CURVE('',#1787,#1790,#1466,.T.);
#2297=EDGE_CURVE('',#1791,#1789,#1467,.T.);
#2298=EDGE_CURVE('',#1792,#1793,#1468,.T.);
#2299=EDGE_CURVE('',#1792,#1794,#902,.T.);
#2300=EDGE_CURVE('',#1795,#1794,#1469,.T.);
#2301=EDGE_CURVE('',#1793,#1795,#903,.T.);
#2302=EDGE_CURVE('',#1796,#1792,#904,.T.);
#2303=EDGE_CURVE('',#1796,#1797,#905,.T.);
#2304=EDGE_CURVE('',#1794,#1797,#906,.T.);
#2305=EDGE_CURVE('',#1793,#1796,#907,.T.);
#2306=EDGE_CURVE('',#1797,#1795,#908,.T.);
#2307=EDGE_CURVE('',#1798,#1799,#909,.T.);
#2308=EDGE_CURVE('',#1798,#1800,#910,.T.);
#2309=EDGE_CURVE('',#1801,#1800,#911,.T.);
#2310=EDGE_CURVE('',#1799,#1801,#912,.T.);
#2311=EDGE_CURVE('',#1802,#1798,#913,.T.);
#2312=EDGE_CURVE('',#1802,#1803,#914,.T.);
#2313=EDGE_CURVE('',#1800,#1803,#915,.T.);
#2314=EDGE_CURVE('',#1799,#1802,#1470,.T.);
#2315=EDGE_CURVE('',#1803,#1801,#1471,.T.);
#2316=EDGE_CURVE('',#1804,#1805,#916,.T.);
#2317=EDGE_CURVE('',#1804,#1806,#917,.T.);
#2318=EDGE_CURVE('',#1807,#1806,#918,.T.);
#2319=EDGE_CURVE('',#1805,#1807,#919,.T.);
#2320=EDGE_CURVE('',#1808,#1806,#920,.T.);
#2321=EDGE_CURVE('',#1808,#1809,#921,.T.);
#2322=EDGE_CURVE('',#1809,#1807,#922,.T.);
#2323=EDGE_CURVE('',#1810,#1811,#1472,.T.);
#2324=EDGE_CURVE('',#1811,#1812,#923,.T.);
#2325=EDGE_CURVE('',#1812,#1813,#1473,.F.);
#2326=EDGE_CURVE('',#1813,#1810,#924,.T.);
#2327=EDGE_CURVE('',#1814,#1815,#925,.T.);
#2328=EDGE_CURVE('',#1816,#1815,#1474,.T.);
#2329=EDGE_CURVE('',#1817,#1816,#1475,.T.);
#2330=EDGE_CURVE('',#1817,#1818,#926,.T.);
#2331=EDGE_CURVE('',#1818,#1819,#1476,.T.);
#2332=EDGE_CURVE('',#1819,#1820,#927,.T.);
#2333=EDGE_CURVE('',#1820,#1821,#1477,.T.);
#2334=EDGE_CURVE('',#1821,#1811,#928,.T.);
#2335=EDGE_CURVE('',#1822,#1810,#1478,.T.);
#2336=EDGE_CURVE('',#1822,#1823,#929,.T.);
#2337=EDGE_CURVE('',#1823,#1824,#930,.F.);
#2338=EDGE_CURVE('',#1824,#1825,#931,.F.);
#2339=EDGE_CURVE('',#1826,#1825,#1479,.T.);
#2340=EDGE_CURVE('',#1827,#1826,#1480,.T.);
#2341=EDGE_CURVE('',#1827,#1828,#932,.F.);
#2342=EDGE_CURVE('',#1828,#1829,#1481,.F.);
#2343=EDGE_CURVE('',#1829,#1830,#933,.F.);
#2344=EDGE_CURVE('',#1830,#1831,#1482,.F.);
#2345=EDGE_CURVE('',#1831,#1832,#934,.F.);
#2346=EDGE_CURVE('',#1833,#1832,#1483,.T.);
#2347=EDGE_CURVE('',#1834,#1833,#1484,.T.);
#2348=EDGE_CURVE('',#1834,#1835,#935,.F.);
#2349=EDGE_CURVE('',#1835,#1814,#936,.F.);
#2350=EDGE_CURVE('',#1836,#1813,#1485,.T.);
#2351=EDGE_CURVE('',#1836,#1822,#937,.T.);
#2352=EDGE_CURVE('',#1808,#1836,#938,.T.);
#2353=EDGE_CURVE('',#1823,#1804,#939,.T.);
#2354=EDGE_CURVE('',#1816,#1837,#940,.T.);
#2355=EDGE_CURVE('',#1837,#1838,#1486,.F.);
#2356=EDGE_CURVE('',#1838,#1817,#941,.T.);
#2357=EDGE_CURVE('',#1838,#1839,#942,.T.);
#2358=EDGE_CURVE('',#1839,#1818,#943,.T.);
#2359=EDGE_CURVE('',#1815,#1840,#944,.T.);
#2360=EDGE_CURVE('',#1837,#1840,#1487,.T.);
#2361=EDGE_CURVE('',#1841,#1812,#945,.T.);
#2362=EDGE_CURVE('',#1841,#1842,#1488,.T.);
#2363=EDGE_CURVE('',#1843,#1842,#946,.T.);
#2364=EDGE_CURVE('',#1843,#1839,#1489,.T.);
#2365=EDGE_CURVE('',#1809,#1840,#947,.T.);
#2366=EDGE_CURVE('',#1805,#1814,#948,.T.);
#2367=EDGE_CURVE('',#1825,#1844,#949,.T.);
#2368=EDGE_CURVE('',#1844,#1845,#1490,.T.);
#2369=EDGE_CURVE('',#1845,#1826,#950,.T.);
#2370=EDGE_CURVE('',#1846,#1845,#1491,.F.);
#2371=EDGE_CURVE('',#1846,#1827,#951,.T.);
#2372=EDGE_CURVE('',#1833,#1847,#952,.T.);
#2373=EDGE_CURVE('',#1847,#1848,#1492,.T.);
#2374=EDGE_CURVE('',#1848,#1834,#953,.T.);
#2375=EDGE_CURVE('',#1849,#1848,#954,.T.);
#2376=EDGE_CURVE('',#1849,#1835,#955,.T.);
#2377=EDGE_CURVE('',#1832,#1850,#956,.T.);
#2378=EDGE_CURVE('',#1847,#1850,#1493,.F.);
#2379=EDGE_CURVE('',#1843,#1819,#957,.T.);
#2380=EDGE_CURVE('',#1842,#1820,#958,.T.);
#2381=EDGE_CURVE('',#1841,#1821,#959,.T.);
#2382=EDGE_CURVE('',#1851,#1831,#960,.T.);
#2383=EDGE_CURVE('',#1850,#1851,#961,.T.);
#2384=EDGE_CURVE('',#1852,#1851,#1494,.F.);
#2385=EDGE_CURVE('',#1852,#1830,#962,.T.);
#2386=EDGE_CURVE('',#1852,#1853,#963,.T.);
#2387=EDGE_CURVE('',#1853,#1829,#964,.T.);
#2388=EDGE_CURVE('',#1854,#1853,#1495,.F.);
#2389=EDGE_CURVE('',#1854,#1828,#965,.T.);
#2390=EDGE_CURVE('',#1854,#1846,#966,.T.);
#2391=EDGE_CURVE('',#1855,#1824,#967,.F.);
#2392=EDGE_CURVE('',#1855,#1844,#968,.F.);
#2393=EDGE_CURVE('',#1855,#1849,#969,.T.);
#2394=ORIENTED_EDGE('',*,*,#1856,.F.);
#2395=ORIENTED_EDGE('',*,*,#1857,.T.);
#2396=ORIENTED_EDGE('',*,*,#1858,.T.);
#2397=ORIENTED_EDGE('',*,*,#1859,.T.);
#2398=ORIENTED_EDGE('',*,*,#1860,.T.);
#2399=ORIENTED_EDGE('',*,*,#1861,.T.);
#2400=ORIENTED_EDGE('',*,*,#1862,.F.);
#2401=ORIENTED_EDGE('',*,*,#1863,.T.);
#2402=ORIENTED_EDGE('',*,*,#1856,.T.);
#2403=ORIENTED_EDGE('',*,*,#1864,.T.);
#2404=ORIENTED_EDGE('',*,*,#1865,.F.);
#2405=ORIENTED_EDGE('',*,*,#1861,.F.);
#2406=ORIENTED_EDGE('',*,*,#1866,.F.);
#2407=ORIENTED_EDGE('',*,*,#1867,.T.);
#2408=ORIENTED_EDGE('',*,*,#1868,.T.);
#2409=ORIENTED_EDGE('',*,*,#1869,.T.);
#2410=ORIENTED_EDGE('',*,*,#1870,.T.);
#2411=ORIENTED_EDGE('',*,*,#1871,.T.);
#2412=ORIENTED_EDGE('',*,*,#1872,.F.);
#2413=ORIENTED_EDGE('',*,*,#1873,.T.);
#2414=ORIENTED_EDGE('',*,*,#1866,.T.);
#2415=ORIENTED_EDGE('',*,*,#1874,.T.);
#2416=ORIENTED_EDGE('',*,*,#1875,.F.);
#2417=ORIENTED_EDGE('',*,*,#1871,.F.);
#2418=ORIENTED_EDGE('',*,*,#1876,.F.);
#2419=ORIENTED_EDGE('',*,*,#1877,.T.);
#2420=ORIENTED_EDGE('',*,*,#1878,.T.);
#2421=ORIENTED_EDGE('',*,*,#1879,.T.);
#2422=ORIENTED_EDGE('',*,*,#1880,.F.);
#2423=ORIENTED_EDGE('',*,*,#1881,.T.);
#2424=ORIENTED_EDGE('',*,*,#1882,.T.);
#2425=ORIENTED_EDGE('',*,*,#1880,.T.);
#2426=ORIENTED_EDGE('',*,*,#1883,.T.);
#2427=ORIENTED_EDGE('',*,*,#1884,.F.);
#2428=ORIENTED_EDGE('',*,*,#1885,.T.);
#2429=ORIENTED_EDGE('',*,*,#1876,.T.);
#2430=ORIENTED_EDGE('',*,*,#1882,.F.);
#2431=ORIENTED_EDGE('',*,*,#1886,.F.);
#2432=ORIENTED_EDGE('',*,*,#1887,.T.);
#2433=ORIENTED_EDGE('',*,*,#1888,.T.);
#2434=ORIENTED_EDGE('',*,*,#1889,.T.);
#2435=ORIENTED_EDGE('',*,*,#1890,.T.);
#2436=ORIENTED_EDGE('',*,*,#1891,.T.);
#2437=ORIENTED_EDGE('',*,*,#1892,.F.);
#2438=ORIENTED_EDGE('',*,*,#1893,.T.);
#2439=ORIENTED_EDGE('',*,*,#1886,.T.);
#2440=ORIENTED_EDGE('',*,*,#1894,.T.);
#2441=ORIENTED_EDGE('',*,*,#1895,.F.);
#2442=ORIENTED_EDGE('',*,*,#1891,.F.);
#2443=ORIENTED_EDGE('',*,*,#1896,.T.);
#2444=ORIENTED_EDGE('',*,*,#1897,.T.);
#2445=ORIENTED_EDGE('',*,*,#1898,.F.);
#2446=ORIENTED_EDGE('',*,*,#1899,.F.);
#2447=ORIENTED_EDGE('',*,*,#1898,.T.);
#2448=ORIENTED_EDGE('',*,*,#1900,.T.);
#2449=ORIENTED_EDGE('',*,*,#1858,.F.);
#2450=ORIENTED_EDGE('',*,*,#1901,.F.);
#2451=ORIENTED_EDGE('',*,*,#1902,.T.);
#2452=ORIENTED_EDGE('',*,*,#1903,.T.);
#2453=ORIENTED_EDGE('',*,*,#1904,.F.);
#2454=ORIENTED_EDGE('',*,*,#1905,.F.);
#2455=ORIENTED_EDGE('',*,*,#1904,.T.);
#2456=ORIENTED_EDGE('',*,*,#1906,.T.);
#2457=ORIENTED_EDGE('',*,*,#1888,.F.);
#2458=ORIENTED_EDGE('',*,*,#1907,.F.);
#2459=ORIENTED_EDGE('',*,*,#1893,.F.);
#2460=ORIENTED_EDGE('',*,*,#1908,.F.);
#2461=ORIENTED_EDGE('',*,*,#1909,.F.);
#2462=ORIENTED_EDGE('',*,*,#1905,.T.);
#2463=ORIENTED_EDGE('',*,*,#1907,.T.);
#2464=ORIENTED_EDGE('',*,*,#1887,.F.);
#2465=ORIENTED_EDGE('',*,*,#1894,.F.);
#2466=ORIENTED_EDGE('',*,*,#1889,.F.);
#2467=ORIENTED_EDGE('',*,*,#1906,.F.);
#2468=ORIENTED_EDGE('',*,*,#1903,.F.);
#2469=ORIENTED_EDGE('',*,*,#1910,.F.);
#2470=ORIENTED_EDGE('',*,*,#1911,.F.);
#2471=ORIENTED_EDGE('',*,*,#1912,.T.);
#2472=ORIENTED_EDGE('',*,*,#1913,.F.);
#2473=ORIENTED_EDGE('',*,*,#1914,.T.);
#2474=ORIENTED_EDGE('',*,*,#1915,.T.);
#2475=ORIENTED_EDGE('',*,*,#1916,.T.);
#2476=ORIENTED_EDGE('',*,*,#1917,.T.);
#2477=ORIENTED_EDGE('',*,*,#1909,.T.);
#2478=ORIENTED_EDGE('',*,*,#1918,.F.);
#2479=ORIENTED_EDGE('',*,*,#1910,.T.);
#2480=ORIENTED_EDGE('',*,*,#1919,.T.);
#2481=ORIENTED_EDGE('',*,*,#1920,.T.);
#2482=ORIENTED_EDGE('',*,*,#1921,.F.);
#2483=ORIENTED_EDGE('',*,*,#1922,.T.);
#2484=ORIENTED_EDGE('',*,*,#1923,.F.);
#2485=ORIENTED_EDGE('',*,*,#1924,.F.);
#2486=ORIENTED_EDGE('',*,*,#1925,.T.);
#2487=ORIENTED_EDGE('',*,*,#1926,.T.);
#2488=ORIENTED_EDGE('',*,*,#1927,.T.);
#2489=ORIENTED_EDGE('',*,*,#1928,.F.);
#2490=ORIENTED_EDGE('',*,*,#1929,.F.);
#2491=ORIENTED_EDGE('',*,*,#1930,.T.);
#2492=ORIENTED_EDGE('',*,*,#1931,.T.);
#2493=ORIENTED_EDGE('',*,*,#1932,.F.);
#2494=ORIENTED_EDGE('',*,*,#1933,.T.);
#2495=ORIENTED_EDGE('',*,*,#1934,.T.);
#2496=ORIENTED_EDGE('',*,*,#1935,.T.);
#2497=ORIENTED_EDGE('',*,*,#1936,.F.);
#2498=ORIENTED_EDGE('',*,*,#1937,.F.);
#2499=ORIENTED_EDGE('',*,*,#1938,.F.);
#2500=ORIENTED_EDGE('',*,*,#1939,.T.);
#2501=ORIENTED_EDGE('',*,*,#1940,.T.);
#2502=ORIENTED_EDGE('',*,*,#1941,.T.);
#2503=ORIENTED_EDGE('',*,*,#1942,.T.);
#2504=ORIENTED_EDGE('',*,*,#1943,.T.);
#2505=ORIENTED_EDGE('',*,*,#1944,.T.);
#2506=ORIENTED_EDGE('',*,*,#1945,.T.);
#2507=ORIENTED_EDGE('',*,*,#1946,.T.);
#2508=ORIENTED_EDGE('',*,*,#1947,.T.);
#2509=ORIENTED_EDGE('',*,*,#1948,.T.);
#2510=ORIENTED_EDGE('',*,*,#1949,.T.);
#2511=ORIENTED_EDGE('',*,*,#1950,.T.);
#2512=ORIENTED_EDGE('',*,*,#1951,.T.);
#2513=ORIENTED_EDGE('',*,*,#1952,.T.);
#2514=ORIENTED_EDGE('',*,*,#1953,.T.);
#2515=ORIENTED_EDGE('',*,*,#1954,.T.);
#2516=ORIENTED_EDGE('',*,*,#1955,.T.);
#2517=ORIENTED_EDGE('',*,*,#1956,.T.);
#2518=ORIENTED_EDGE('',*,*,#1957,.T.);
#2519=ORIENTED_EDGE('',*,*,#1958,.T.);
#2520=ORIENTED_EDGE('',*,*,#1959,.T.);
#2521=ORIENTED_EDGE('',*,*,#1960,.T.);
#2522=ORIENTED_EDGE('',*,*,#1961,.T.);
#2523=ORIENTED_EDGE('',*,*,#1962,.T.);
#2524=ORIENTED_EDGE('',*,*,#1963,.T.);
#2525=ORIENTED_EDGE('',*,*,#1964,.T.);
#2526=ORIENTED_EDGE('',*,*,#1965,.T.);
#2527=ORIENTED_EDGE('',*,*,#1966,.T.);
#2528=ORIENTED_EDGE('',*,*,#1967,.T.);
#2529=ORIENTED_EDGE('',*,*,#1968,.T.);
#2530=ORIENTED_EDGE('',*,*,#1969,.T.);
#2531=ORIENTED_EDGE('',*,*,#1970,.T.);
#2532=ORIENTED_EDGE('',*,*,#1971,.F.);
#2533=ORIENTED_EDGE('',*,*,#1972,.F.);
#2534=ORIENTED_EDGE('',*,*,#1973,.F.);
#2535=ORIENTED_EDGE('',*,*,#1974,.F.);
#2536=ORIENTED_EDGE('',*,*,#1975,.T.);
#2537=ORIENTED_EDGE('',*,*,#1976,.T.);
#2538=ORIENTED_EDGE('',*,*,#1977,.T.);
#2539=ORIENTED_EDGE('',*,*,#1978,.T.);
#2540=ORIENTED_EDGE('',*,*,#1979,.T.);
#2541=ORIENTED_EDGE('',*,*,#1980,.T.);
#2542=ORIENTED_EDGE('',*,*,#1981,.T.);
#2543=ORIENTED_EDGE('',*,*,#1982,.T.);
#2544=ORIENTED_EDGE('',*,*,#1983,.T.);
#2545=ORIENTED_EDGE('',*,*,#1984,.T.);
#2546=ORIENTED_EDGE('',*,*,#1985,.T.);
#2547=ORIENTED_EDGE('',*,*,#1986,.T.);
#2548=ORIENTED_EDGE('',*,*,#1987,.T.);
#2549=ORIENTED_EDGE('',*,*,#1988,.T.);
#2550=ORIENTED_EDGE('',*,*,#1989,.T.);
#2551=ORIENTED_EDGE('',*,*,#1990,.T.);
#2552=ORIENTED_EDGE('',*,*,#1991,.T.);
#2553=ORIENTED_EDGE('',*,*,#1992,.T.);
#2554=ORIENTED_EDGE('',*,*,#1993,.T.);
#2555=ORIENTED_EDGE('',*,*,#1994,.T.);
#2556=ORIENTED_EDGE('',*,*,#1995,.T.);
#2557=ORIENTED_EDGE('',*,*,#1996,.T.);
#2558=ORIENTED_EDGE('',*,*,#1997,.T.);
#2559=ORIENTED_EDGE('',*,*,#1998,.T.);
#2560=ORIENTED_EDGE('',*,*,#1911,.T.);
#2561=ORIENTED_EDGE('',*,*,#1918,.T.);
#2562=ORIENTED_EDGE('',*,*,#1908,.T.);
#2563=ORIENTED_EDGE('',*,*,#1892,.T.);
#2564=ORIENTED_EDGE('',*,*,#1895,.T.);
#2565=ORIENTED_EDGE('',*,*,#1863,.F.);
#2566=ORIENTED_EDGE('',*,*,#1999,.F.);
#2567=ORIENTED_EDGE('',*,*,#1912,.F.);
#2568=ORIENTED_EDGE('',*,*,#1899,.T.);
#2569=ORIENTED_EDGE('',*,*,#1901,.T.);
#2570=ORIENTED_EDGE('',*,*,#1857,.F.);
#2571=ORIENTED_EDGE('',*,*,#1864,.F.);
#2572=ORIENTED_EDGE('',*,*,#1859,.F.);
#2573=ORIENTED_EDGE('',*,*,#1900,.F.);
#2574=ORIENTED_EDGE('',*,*,#1897,.F.);
#2575=ORIENTED_EDGE('',*,*,#1914,.F.);
#2576=ORIENTED_EDGE('',*,*,#2000,.F.);
#2577=ORIENTED_EDGE('',*,*,#1873,.F.);
#2578=ORIENTED_EDGE('',*,*,#2001,.F.);
#2579=ORIENTED_EDGE('',*,*,#2002,.T.);
#2580=ORIENTED_EDGE('',*,*,#1867,.F.);
#2581=ORIENTED_EDGE('',*,*,#1874,.F.);
#2582=ORIENTED_EDGE('',*,*,#1869,.F.);
#2583=ORIENTED_EDGE('',*,*,#2003,.F.);
#2584=ORIENTED_EDGE('',*,*,#2004,.F.);
#2585=ORIENTED_EDGE('',*,*,#2004,.T.);
#2586=ORIENTED_EDGE('',*,*,#2005,.F.);
#2587=ORIENTED_EDGE('',*,*,#1921,.T.);
#2588=ORIENTED_EDGE('',*,*,#2006,.F.);
#2589=ORIENTED_EDGE('',*,*,#2001,.T.);
#2590=ORIENTED_EDGE('',*,*,#1872,.T.);
#2591=ORIENTED_EDGE('',*,*,#1875,.T.);
#2592=ORIENTED_EDGE('',*,*,#1885,.F.);
#2593=ORIENTED_EDGE('',*,*,#2007,.F.);
#2594=ORIENTED_EDGE('',*,*,#1931,.F.);
#2595=ORIENTED_EDGE('',*,*,#2008,.T.);
#2596=ORIENTED_EDGE('',*,*,#1877,.F.);
#2597=ORIENTED_EDGE('',*,*,#1883,.F.);
#2598=ORIENTED_EDGE('',*,*,#1879,.F.);
#2599=ORIENTED_EDGE('',*,*,#2009,.F.);
#2600=ORIENTED_EDGE('',*,*,#1933,.F.);
#2601=ORIENTED_EDGE('',*,*,#2010,.F.);
#2602=ORIENTED_EDGE('',*,*,#1991,.F.);
#2603=ORIENTED_EDGE('',*,*,#2011,.T.);
#2604=ORIENTED_EDGE('',*,*,#2012,.T.);
#2605=ORIENTED_EDGE('',*,*,#2013,.F.);
#2606=ORIENTED_EDGE('',*,*,#1998,.F.);
#2607=ORIENTED_EDGE('',*,*,#2014,.T.);
#2608=ORIENTED_EDGE('',*,*,#2015,.T.);
#2609=ORIENTED_EDGE('',*,*,#2011,.F.);
#2610=ORIENTED_EDGE('',*,*,#1997,.F.);
#2611=ORIENTED_EDGE('',*,*,#2016,.T.);
#2612=ORIENTED_EDGE('',*,*,#2017,.T.);
#2613=ORIENTED_EDGE('',*,*,#2014,.F.);
#2614=ORIENTED_EDGE('',*,*,#1996,.F.);
#2615=ORIENTED_EDGE('',*,*,#2018,.T.);
#2616=ORIENTED_EDGE('',*,*,#2019,.T.);
#2617=ORIENTED_EDGE('',*,*,#2016,.F.);
#2618=ORIENTED_EDGE('',*,*,#1995,.F.);
#2619=ORIENTED_EDGE('',*,*,#2020,.T.);
#2620=ORIENTED_EDGE('',*,*,#2021,.T.);
#2621=ORIENTED_EDGE('',*,*,#2018,.F.);
#2622=ORIENTED_EDGE('',*,*,#1994,.F.);
#2623=ORIENTED_EDGE('',*,*,#2022,.T.);
#2624=ORIENTED_EDGE('',*,*,#2023,.T.);
#2625=ORIENTED_EDGE('',*,*,#2020,.F.);
#2626=ORIENTED_EDGE('',*,*,#1993,.F.);
#2627=ORIENTED_EDGE('',*,*,#2024,.T.);
#2628=ORIENTED_EDGE('',*,*,#2025,.T.);
#2629=ORIENTED_EDGE('',*,*,#2022,.F.);
#2630=ORIENTED_EDGE('',*,*,#1992,.F.);
#2631=ORIENTED_EDGE('',*,*,#2013,.T.);
#2632=ORIENTED_EDGE('',*,*,#2026,.T.);
#2633=ORIENTED_EDGE('',*,*,#2024,.F.);
#2634=ORIENTED_EDGE('',*,*,#2026,.F.);
#2635=ORIENTED_EDGE('',*,*,#2012,.F.);
#2636=ORIENTED_EDGE('',*,*,#2015,.F.);
#2637=ORIENTED_EDGE('',*,*,#2017,.F.);
#2638=ORIENTED_EDGE('',*,*,#2019,.F.);
#2639=ORIENTED_EDGE('',*,*,#2021,.F.);
#2640=ORIENTED_EDGE('',*,*,#2023,.F.);
#2641=ORIENTED_EDGE('',*,*,#2025,.F.);
#2642=ORIENTED_EDGE('',*,*,#1983,.F.);
#2643=ORIENTED_EDGE('',*,*,#2027,.T.);
#2644=ORIENTED_EDGE('',*,*,#2028,.T.);
#2645=ORIENTED_EDGE('',*,*,#2029,.F.);
#2646=ORIENTED_EDGE('',*,*,#1990,.F.);
#2647=ORIENTED_EDGE('',*,*,#2030,.T.);
#2648=ORIENTED_EDGE('',*,*,#2031,.T.);
#2649=ORIENTED_EDGE('',*,*,#2027,.F.);
#2650=ORIENTED_EDGE('',*,*,#1989,.F.);
#2651=ORIENTED_EDGE('',*,*,#2032,.T.);
#2652=ORIENTED_EDGE('',*,*,#2033,.T.);
#2653=ORIENTED_EDGE('',*,*,#2030,.F.);
#2654=ORIENTED_EDGE('',*,*,#1988,.F.);
#2655=ORIENTED_EDGE('',*,*,#2034,.T.);
#2656=ORIENTED_EDGE('',*,*,#2035,.T.);
#2657=ORIENTED_EDGE('',*,*,#2032,.F.);
#2658=ORIENTED_EDGE('',*,*,#1987,.F.);
#2659=ORIENTED_EDGE('',*,*,#2036,.T.);
#2660=ORIENTED_EDGE('',*,*,#2037,.T.);
#2661=ORIENTED_EDGE('',*,*,#2034,.F.);
#2662=ORIENTED_EDGE('',*,*,#1986,.F.);
#2663=ORIENTED_EDGE('',*,*,#2038,.T.);
#2664=ORIENTED_EDGE('',*,*,#2039,.T.);
#2665=ORIENTED_EDGE('',*,*,#2036,.F.);
#2666=ORIENTED_EDGE('',*,*,#1985,.F.);
#2667=ORIENTED_EDGE('',*,*,#2040,.T.);
#2668=ORIENTED_EDGE('',*,*,#2041,.T.);
#2669=ORIENTED_EDGE('',*,*,#2038,.F.);
#2670=ORIENTED_EDGE('',*,*,#1984,.F.);
#2671=ORIENTED_EDGE('',*,*,#2029,.T.);
#2672=ORIENTED_EDGE('',*,*,#2042,.T.);
#2673=ORIENTED_EDGE('',*,*,#2040,.F.);
#2674=ORIENTED_EDGE('',*,*,#2042,.F.);
#2675=ORIENTED_EDGE('',*,*,#2028,.F.);
#2676=ORIENTED_EDGE('',*,*,#2031,.F.);
#2677=ORIENTED_EDGE('',*,*,#2033,.F.);
#2678=ORIENTED_EDGE('',*,*,#2035,.F.);
#2679=ORIENTED_EDGE('',*,*,#2037,.F.);
#2680=ORIENTED_EDGE('',*,*,#2039,.F.);
#2681=ORIENTED_EDGE('',*,*,#2041,.F.);
#2682=ORIENTED_EDGE('',*,*,#1975,.F.);
#2683=ORIENTED_EDGE('',*,*,#2043,.T.);
#2684=ORIENTED_EDGE('',*,*,#2044,.T.);
#2685=ORIENTED_EDGE('',*,*,#2045,.F.);
#2686=ORIENTED_EDGE('',*,*,#1982,.F.);
#2687=ORIENTED_EDGE('',*,*,#2046,.T.);
#2688=ORIENTED_EDGE('',*,*,#2047,.T.);
#2689=ORIENTED_EDGE('',*,*,#2043,.F.);
#2690=ORIENTED_EDGE('',*,*,#1981,.F.);
#2691=ORIENTED_EDGE('',*,*,#2048,.T.);
#2692=ORIENTED_EDGE('',*,*,#2049,.T.);
#2693=ORIENTED_EDGE('',*,*,#2046,.F.);
#2694=ORIENTED_EDGE('',*,*,#1980,.F.);
#2695=ORIENTED_EDGE('',*,*,#2050,.T.);
#2696=ORIENTED_EDGE('',*,*,#2051,.T.);
#2697=ORIENTED_EDGE('',*,*,#2048,.F.);
#2698=ORIENTED_EDGE('',*,*,#1979,.F.);
#2699=ORIENTED_EDGE('',*,*,#2052,.T.);
#2700=ORIENTED_EDGE('',*,*,#2053,.T.);
#2701=ORIENTED_EDGE('',*,*,#2050,.F.);
#2702=ORIENTED_EDGE('',*,*,#1978,.F.);
#2703=ORIENTED_EDGE('',*,*,#2054,.T.);
#2704=ORIENTED_EDGE('',*,*,#2055,.T.);
#2705=ORIENTED_EDGE('',*,*,#2052,.F.);
#2706=ORIENTED_EDGE('',*,*,#1977,.F.);
#2707=ORIENTED_EDGE('',*,*,#2056,.T.);
#2708=ORIENTED_EDGE('',*,*,#2057,.T.);
#2709=ORIENTED_EDGE('',*,*,#2054,.F.);
#2710=ORIENTED_EDGE('',*,*,#1976,.F.);
#2711=ORIENTED_EDGE('',*,*,#2045,.T.);
#2712=ORIENTED_EDGE('',*,*,#2058,.T.);
#2713=ORIENTED_EDGE('',*,*,#2056,.F.);
#2714=ORIENTED_EDGE('',*,*,#2058,.F.);
#2715=ORIENTED_EDGE('',*,*,#2044,.F.);
#2716=ORIENTED_EDGE('',*,*,#2047,.F.);
#2717=ORIENTED_EDGE('',*,*,#2049,.F.);
#2718=ORIENTED_EDGE('',*,*,#2051,.F.);
#2719=ORIENTED_EDGE('',*,*,#2053,.F.);
#2720=ORIENTED_EDGE('',*,*,#2055,.F.);
#2721=ORIENTED_EDGE('',*,*,#2057,.F.);
#2722=ORIENTED_EDGE('',*,*,#1999,.T.);
#2723=ORIENTED_EDGE('',*,*,#1862,.T.);
#2724=ORIENTED_EDGE('',*,*,#1865,.T.);
#2725=ORIENTED_EDGE('',*,*,#2000,.T.);
#2726=ORIENTED_EDGE('',*,*,#1913,.T.);
#2727=ORIENTED_EDGE('',*,*,#2007,.T.);
#2728=ORIENTED_EDGE('',*,*,#1884,.T.);
#2729=ORIENTED_EDGE('',*,*,#2010,.T.);
#2730=ORIENTED_EDGE('',*,*,#1932,.T.);
#2731=ORIENTED_EDGE('',*,*,#2059,.T.);
#2732=ORIENTED_EDGE('',*,*,#2060,.T.);
#2733=ORIENTED_EDGE('',*,*,#1974,.T.);
#2734=ORIENTED_EDGE('',*,*,#2060,.F.);
#2735=ORIENTED_EDGE('',*,*,#2061,.T.);
#2736=ORIENTED_EDGE('',*,*,#2062,.F.);
#2737=ORIENTED_EDGE('',*,*,#2063,.T.);
#2738=ORIENTED_EDGE('',*,*,#2061,.F.);
#2739=ORIENTED_EDGE('',*,*,#2059,.F.);
#2740=ORIENTED_EDGE('',*,*,#2063,.F.);
#2741=ORIENTED_EDGE('',*,*,#2064,.T.);
#2742=ORIENTED_EDGE('',*,*,#2065,.T.);
#2743=ORIENTED_EDGE('',*,*,#1936,.T.);
#2744=ORIENTED_EDGE('',*,*,#2065,.F.);
#2745=ORIENTED_EDGE('',*,*,#2066,.T.);
#2746=ORIENTED_EDGE('',*,*,#2067,.F.);
#2747=ORIENTED_EDGE('',*,*,#2068,.T.);
#2748=ORIENTED_EDGE('',*,*,#2066,.F.);
#2749=ORIENTED_EDGE('',*,*,#2064,.F.);
#2750=ORIENTED_EDGE('',*,*,#2068,.F.);
#2751=ORIENTED_EDGE('',*,*,#2069,.T.);
#2752=ORIENTED_EDGE('',*,*,#2070,.T.);
#2753=ORIENTED_EDGE('',*,*,#2071,.T.);
#2754=ORIENTED_EDGE('',*,*,#1972,.T.);
#2755=ORIENTED_EDGE('',*,*,#2069,.F.);
#2756=ORIENTED_EDGE('',*,*,#1973,.T.);
#2757=ORIENTED_EDGE('',*,*,#2071,.F.);
#2758=ORIENTED_EDGE('',*,*,#2072,.T.);
#2759=ORIENTED_EDGE('',*,*,#2070,.F.);
#2760=ORIENTED_EDGE('',*,*,#2073,.T.);
#2761=ORIENTED_EDGE('',*,*,#2074,.F.);
#2762=ORIENTED_EDGE('',*,*,#2075,.F.);
#2763=ORIENTED_EDGE('',*,*,#2076,.T.);
#2764=ORIENTED_EDGE('',*,*,#2077,.T.);
#2765=ORIENTED_EDGE('',*,*,#1937,.T.);
#2766=ORIENTED_EDGE('',*,*,#2077,.F.);
#2767=ORIENTED_EDGE('',*,*,#2078,.T.);
#2768=ORIENTED_EDGE('',*,*,#2079,.F.);
#2769=ORIENTED_EDGE('',*,*,#2080,.T.);
#2770=ORIENTED_EDGE('',*,*,#2078,.F.);
#2771=ORIENTED_EDGE('',*,*,#2076,.F.);
#2772=ORIENTED_EDGE('',*,*,#2080,.F.);
#2773=ORIENTED_EDGE('',*,*,#2081,.T.);
#2774=ORIENTED_EDGE('',*,*,#2082,.T.);
#2775=ORIENTED_EDGE('',*,*,#1971,.T.);
#2776=ORIENTED_EDGE('',*,*,#2082,.F.);
#2777=ORIENTED_EDGE('',*,*,#2083,.T.);
#2778=ORIENTED_EDGE('',*,*,#2084,.F.);
#2779=ORIENTED_EDGE('',*,*,#2085,.T.);
#2780=ORIENTED_EDGE('',*,*,#2083,.F.);
#2781=ORIENTED_EDGE('',*,*,#2081,.F.);
#2782=ORIENTED_EDGE('',*,*,#2085,.F.);
#2783=ORIENTED_EDGE('',*,*,#2086,.T.);
#2784=ORIENTED_EDGE('',*,*,#2087,.T.);
#2785=ORIENTED_EDGE('',*,*,#1938,.T.);
#2786=ORIENTED_EDGE('',*,*,#2087,.F.);
#2787=ORIENTED_EDGE('',*,*,#2088,.T.);
#2788=ORIENTED_EDGE('',*,*,#2089,.F.);
#2789=ORIENTED_EDGE('',*,*,#2090,.T.);
#2790=ORIENTED_EDGE('',*,*,#2088,.F.);
#2791=ORIENTED_EDGE('',*,*,#2086,.F.);
#2792=ORIENTED_EDGE('',*,*,#2090,.F.);
#2793=ORIENTED_EDGE('',*,*,#1939,.F.);
#2794=ORIENTED_EDGE('',*,*,#2091,.T.);
#2795=ORIENTED_EDGE('',*,*,#2092,.T.);
#2796=ORIENTED_EDGE('',*,*,#2093,.F.);
#2797=ORIENTED_EDGE('',*,*,#1946,.F.);
#2798=ORIENTED_EDGE('',*,*,#2094,.T.);
#2799=ORIENTED_EDGE('',*,*,#2095,.T.);
#2800=ORIENTED_EDGE('',*,*,#2091,.F.);
#2801=ORIENTED_EDGE('',*,*,#1945,.F.);
#2802=ORIENTED_EDGE('',*,*,#2096,.T.);
#2803=ORIENTED_EDGE('',*,*,#2097,.T.);
#2804=ORIENTED_EDGE('',*,*,#2094,.F.);
#2805=ORIENTED_EDGE('',*,*,#1944,.F.);
#2806=ORIENTED_EDGE('',*,*,#2098,.T.);
#2807=ORIENTED_EDGE('',*,*,#2099,.T.);
#2808=ORIENTED_EDGE('',*,*,#2096,.F.);
#2809=ORIENTED_EDGE('',*,*,#1943,.F.);
#2810=ORIENTED_EDGE('',*,*,#2100,.T.);
#2811=ORIENTED_EDGE('',*,*,#2101,.T.);
#2812=ORIENTED_EDGE('',*,*,#2098,.F.);
#2813=ORIENTED_EDGE('',*,*,#1942,.F.);
#2814=ORIENTED_EDGE('',*,*,#2102,.T.);
#2815=ORIENTED_EDGE('',*,*,#2103,.T.);
#2816=ORIENTED_EDGE('',*,*,#2100,.F.);
#2817=ORIENTED_EDGE('',*,*,#1941,.F.);
#2818=ORIENTED_EDGE('',*,*,#2104,.T.);
#2819=ORIENTED_EDGE('',*,*,#2105,.T.);
#2820=ORIENTED_EDGE('',*,*,#2102,.F.);
#2821=ORIENTED_EDGE('',*,*,#1940,.F.);
#2822=ORIENTED_EDGE('',*,*,#2093,.T.);
#2823=ORIENTED_EDGE('',*,*,#2106,.T.);
#2824=ORIENTED_EDGE('',*,*,#2104,.F.);
#2825=ORIENTED_EDGE('',*,*,#2106,.F.);
#2826=ORIENTED_EDGE('',*,*,#2092,.F.);
#2827=ORIENTED_EDGE('',*,*,#2095,.F.);
#2828=ORIENTED_EDGE('',*,*,#2097,.F.);
#2829=ORIENTED_EDGE('',*,*,#2099,.F.);
#2830=ORIENTED_EDGE('',*,*,#2101,.F.);
#2831=ORIENTED_EDGE('',*,*,#2103,.F.);
#2832=ORIENTED_EDGE('',*,*,#2105,.F.);
#2833=ORIENTED_EDGE('',*,*,#2107,.F.);
#2834=ORIENTED_EDGE('',*,*,#2108,.F.);
#2835=ORIENTED_EDGE('',*,*,#2109,.F.);
#2836=ORIENTED_EDGE('',*,*,#2110,.F.);
#2837=ORIENTED_EDGE('',*,*,#2111,.F.);
#2838=ORIENTED_EDGE('',*,*,#2112,.F.);
#2839=ORIENTED_EDGE('',*,*,#2110,.T.);
#2840=ORIENTED_EDGE('',*,*,#2113,.T.);
#2841=ORIENTED_EDGE('',*,*,#1967,.F.);
#2842=ORIENTED_EDGE('',*,*,#2114,.F.);
#2843=ORIENTED_EDGE('',*,*,#2109,.T.);
#2844=ORIENTED_EDGE('',*,*,#2115,.T.);
#2845=ORIENTED_EDGE('',*,*,#1968,.F.);
#2846=ORIENTED_EDGE('',*,*,#2113,.F.);
#2847=ORIENTED_EDGE('',*,*,#2108,.T.);
#2848=ORIENTED_EDGE('',*,*,#2116,.T.);
#2849=ORIENTED_EDGE('',*,*,#1969,.F.);
#2850=ORIENTED_EDGE('',*,*,#2115,.F.);
#2851=ORIENTED_EDGE('',*,*,#2117,.F.);
#2852=ORIENTED_EDGE('',*,*,#2118,.F.);
#2853=ORIENTED_EDGE('',*,*,#2119,.F.);
#2854=ORIENTED_EDGE('',*,*,#2120,.F.);
#2855=ORIENTED_EDGE('',*,*,#2121,.F.);
#2856=ORIENTED_EDGE('',*,*,#2122,.F.);
#2857=ORIENTED_EDGE('',*,*,#2120,.T.);
#2858=ORIENTED_EDGE('',*,*,#2123,.T.);
#2859=ORIENTED_EDGE('',*,*,#1961,.F.);
#2860=ORIENTED_EDGE('',*,*,#2124,.F.);
#2861=ORIENTED_EDGE('',*,*,#2119,.T.);
#2862=ORIENTED_EDGE('',*,*,#2125,.T.);
#2863=ORIENTED_EDGE('',*,*,#1962,.F.);
#2864=ORIENTED_EDGE('',*,*,#2123,.F.);
#2865=ORIENTED_EDGE('',*,*,#2118,.T.);
#2866=ORIENTED_EDGE('',*,*,#2126,.T.);
#2867=ORIENTED_EDGE('',*,*,#1963,.F.);
#2868=ORIENTED_EDGE('',*,*,#2125,.F.);
#2869=ORIENTED_EDGE('',*,*,#2127,.F.);
#2870=ORIENTED_EDGE('',*,*,#2128,.F.);
#2871=ORIENTED_EDGE('',*,*,#2129,.F.);
#2872=ORIENTED_EDGE('',*,*,#2130,.F.);
#2873=ORIENTED_EDGE('',*,*,#2131,.F.);
#2874=ORIENTED_EDGE('',*,*,#2132,.F.);
#2875=ORIENTED_EDGE('',*,*,#2130,.T.);
#2876=ORIENTED_EDGE('',*,*,#2133,.T.);
#2877=ORIENTED_EDGE('',*,*,#1955,.F.);
#2878=ORIENTED_EDGE('',*,*,#2134,.F.);
#2879=ORIENTED_EDGE('',*,*,#2129,.T.);
#2880=ORIENTED_EDGE('',*,*,#2135,.T.);
#2881=ORIENTED_EDGE('',*,*,#1956,.F.);
#2882=ORIENTED_EDGE('',*,*,#2133,.F.);
#2883=ORIENTED_EDGE('',*,*,#2128,.T.);
#2884=ORIENTED_EDGE('',*,*,#2136,.T.);
#2885=ORIENTED_EDGE('',*,*,#1957,.F.);
#2886=ORIENTED_EDGE('',*,*,#2135,.F.);
#2887=ORIENTED_EDGE('',*,*,#2137,.F.);
#2888=ORIENTED_EDGE('',*,*,#2138,.F.);
#2889=ORIENTED_EDGE('',*,*,#2139,.F.);
#2890=ORIENTED_EDGE('',*,*,#2140,.F.);
#2891=ORIENTED_EDGE('',*,*,#2141,.F.);
#2892=ORIENTED_EDGE('',*,*,#2142,.F.);
#2893=ORIENTED_EDGE('',*,*,#2140,.T.);
#2894=ORIENTED_EDGE('',*,*,#2143,.T.);
#2895=ORIENTED_EDGE('',*,*,#1949,.F.);
#2896=ORIENTED_EDGE('',*,*,#2144,.F.);
#2897=ORIENTED_EDGE('',*,*,#2139,.T.);
#2898=ORIENTED_EDGE('',*,*,#2145,.T.);
#2899=ORIENTED_EDGE('',*,*,#1950,.F.);
#2900=ORIENTED_EDGE('',*,*,#2143,.F.);
#2901=ORIENTED_EDGE('',*,*,#2138,.T.);
#2902=ORIENTED_EDGE('',*,*,#2146,.T.);
#2903=ORIENTED_EDGE('',*,*,#1951,.F.);
#2904=ORIENTED_EDGE('',*,*,#2145,.F.);
#2905=ORIENTED_EDGE('',*,*,#2142,.T.);
#2906=ORIENTED_EDGE('',*,*,#2147,.T.);
#2907=ORIENTED_EDGE('',*,*,#1947,.F.);
#2908=ORIENTED_EDGE('',*,*,#2148,.F.);
#2909=ORIENTED_EDGE('',*,*,#2141,.T.);
#2910=ORIENTED_EDGE('',*,*,#2144,.T.);
#2911=ORIENTED_EDGE('',*,*,#1948,.F.);
#2912=ORIENTED_EDGE('',*,*,#2147,.F.);
#2913=ORIENTED_EDGE('',*,*,#2137,.T.);
#2914=ORIENTED_EDGE('',*,*,#2148,.T.);
#2915=ORIENTED_EDGE('',*,*,#1952,.F.);
#2916=ORIENTED_EDGE('',*,*,#2146,.F.);
#2917=ORIENTED_EDGE('',*,*,#2132,.T.);
#2918=ORIENTED_EDGE('',*,*,#2149,.T.);
#2919=ORIENTED_EDGE('',*,*,#1953,.F.);
#2920=ORIENTED_EDGE('',*,*,#2150,.F.);
#2921=ORIENTED_EDGE('',*,*,#2131,.T.);
#2922=ORIENTED_EDGE('',*,*,#2134,.T.);
#2923=ORIENTED_EDGE('',*,*,#1954,.F.);
#2924=ORIENTED_EDGE('',*,*,#2149,.F.);
#2925=ORIENTED_EDGE('',*,*,#2127,.T.);
#2926=ORIENTED_EDGE('',*,*,#2150,.T.);
#2927=ORIENTED_EDGE('',*,*,#1958,.F.);
#2928=ORIENTED_EDGE('',*,*,#2136,.F.);
#2929=ORIENTED_EDGE('',*,*,#2122,.T.);
#2930=ORIENTED_EDGE('',*,*,#2151,.T.);
#2931=ORIENTED_EDGE('',*,*,#1959,.F.);
#2932=ORIENTED_EDGE('',*,*,#2152,.F.);
#2933=ORIENTED_EDGE('',*,*,#2121,.T.);
#2934=ORIENTED_EDGE('',*,*,#2124,.T.);
#2935=ORIENTED_EDGE('',*,*,#1960,.F.);
#2936=ORIENTED_EDGE('',*,*,#2151,.F.);
#2937=ORIENTED_EDGE('',*,*,#2117,.T.);
#2938=ORIENTED_EDGE('',*,*,#2152,.T.);
#2939=ORIENTED_EDGE('',*,*,#1964,.F.);
#2940=ORIENTED_EDGE('',*,*,#2126,.F.);
#2941=ORIENTED_EDGE('',*,*,#2112,.T.);
#2942=ORIENTED_EDGE('',*,*,#2153,.T.);
#2943=ORIENTED_EDGE('',*,*,#1965,.F.);
#2944=ORIENTED_EDGE('',*,*,#2154,.F.);
#2945=ORIENTED_EDGE('',*,*,#2111,.T.);
#2946=ORIENTED_EDGE('',*,*,#2114,.T.);
#2947=ORIENTED_EDGE('',*,*,#1966,.F.);
#2948=ORIENTED_EDGE('',*,*,#2153,.F.);
#2949=ORIENTED_EDGE('',*,*,#2107,.T.);
#2950=ORIENTED_EDGE('',*,*,#2154,.T.);
#2951=ORIENTED_EDGE('',*,*,#1970,.F.);
#2952=ORIENTED_EDGE('',*,*,#2116,.F.);
#2953=ORIENTED_EDGE('',*,*,#2155,.F.);
#2954=ORIENTED_EDGE('',*,*,#2156,.T.);
#2955=ORIENTED_EDGE('',*,*,#2156,.F.);
#2956=ORIENTED_EDGE('',*,*,#2157,.F.);
#2957=ORIENTED_EDGE('',*,*,#2158,.T.);
#2958=ORIENTED_EDGE('',*,*,#2155,.T.);
#2959=ORIENTED_EDGE('',*,*,#2158,.F.);
#2960=ORIENTED_EDGE('',*,*,#2159,.F.);
#2961=ORIENTED_EDGE('',*,*,#2160,.T.);
#2962=ORIENTED_EDGE('',*,*,#2160,.F.);
#2963=ORIENTED_EDGE('',*,*,#2161,.F.);
#2964=ORIENTED_EDGE('',*,*,#2162,.T.);
#2965=ORIENTED_EDGE('',*,*,#2159,.T.);
#2966=ORIENTED_EDGE('',*,*,#2162,.F.);
#2967=ORIENTED_EDGE('',*,*,#2163,.F.);
#2968=ORIENTED_EDGE('',*,*,#2164,.T.);
#2969=ORIENTED_EDGE('',*,*,#2164,.F.);
#2970=ORIENTED_EDGE('',*,*,#2165,.F.);
#2971=ORIENTED_EDGE('',*,*,#2166,.T.);
#2972=ORIENTED_EDGE('',*,*,#2163,.T.);
#2973=ORIENTED_EDGE('',*,*,#2166,.F.);
#2974=ORIENTED_EDGE('',*,*,#2167,.F.);
#2975=ORIENTED_EDGE('',*,*,#2168,.T.);
#2976=ORIENTED_EDGE('',*,*,#2168,.F.);
#2977=ORIENTED_EDGE('',*,*,#2169,.F.);
#2978=ORIENTED_EDGE('',*,*,#2170,.T.);
#2979=ORIENTED_EDGE('',*,*,#2167,.T.);
#2980=ORIENTED_EDGE('',*,*,#2170,.F.);
#2981=ORIENTED_EDGE('',*,*,#1860,.F.);
#2982=ORIENTED_EDGE('',*,*,#2161,.T.);
#2983=ORIENTED_EDGE('',*,*,#1890,.F.);
#2984=ORIENTED_EDGE('',*,*,#2165,.T.);
#2985=ORIENTED_EDGE('',*,*,#1870,.F.);
#2986=ORIENTED_EDGE('',*,*,#2169,.T.);
#2987=ORIENTED_EDGE('',*,*,#1881,.F.);
#2988=ORIENTED_EDGE('',*,*,#2157,.T.);
#2989=ORIENTED_EDGE('',*,*,#2171,.F.);
#2990=ORIENTED_EDGE('',*,*,#2172,.T.);
#2991=ORIENTED_EDGE('',*,*,#2172,.F.);
#2992=ORIENTED_EDGE('',*,*,#2173,.F.);
#2993=ORIENTED_EDGE('',*,*,#2174,.T.);
#2994=ORIENTED_EDGE('',*,*,#2171,.T.);
#2995=ORIENTED_EDGE('',*,*,#2174,.F.);
#2996=ORIENTED_EDGE('',*,*,#2175,.F.);
#2997=ORIENTED_EDGE('',*,*,#2176,.T.);
#2998=ORIENTED_EDGE('',*,*,#2176,.F.);
#2999=ORIENTED_EDGE('',*,*,#2177,.F.);
#3000=ORIENTED_EDGE('',*,*,#2178,.T.);
#3001=ORIENTED_EDGE('',*,*,#2175,.T.);
#3002=ORIENTED_EDGE('',*,*,#2178,.F.);
#3003=ORIENTED_EDGE('',*,*,#2179,.F.);
#3004=ORIENTED_EDGE('',*,*,#2180,.T.);
#3005=ORIENTED_EDGE('',*,*,#2180,.F.);
#3006=ORIENTED_EDGE('',*,*,#2181,.F.);
#3007=ORIENTED_EDGE('',*,*,#2182,.T.);
#3008=ORIENTED_EDGE('',*,*,#2179,.T.);
#3009=ORIENTED_EDGE('',*,*,#2182,.F.);
#3010=ORIENTED_EDGE('',*,*,#2183,.F.);
#3011=ORIENTED_EDGE('',*,*,#2184,.T.);
#3012=ORIENTED_EDGE('',*,*,#2184,.F.);
#3013=ORIENTED_EDGE('',*,*,#2185,.F.);
#3014=ORIENTED_EDGE('',*,*,#2186,.T.);
#3015=ORIENTED_EDGE('',*,*,#2183,.T.);
#3016=ORIENTED_EDGE('',*,*,#2186,.F.);
#3017=ORIENTED_EDGE('',*,*,#2084,.T.);
#3018=ORIENTED_EDGE('',*,*,#2173,.T.);
#3019=ORIENTED_EDGE('',*,*,#2079,.T.);
#3020=ORIENTED_EDGE('',*,*,#2181,.T.);
#3021=ORIENTED_EDGE('',*,*,#2074,.T.);
#3022=ORIENTED_EDGE('',*,*,#2187,.T.);
#3023=ORIENTED_EDGE('',*,*,#2185,.T.);
#3024=ORIENTED_EDGE('',*,*,#2089,.T.);
#3025=ORIENTED_EDGE('',*,*,#2177,.T.);
#3026=ORIENTED_EDGE('',*,*,#2072,.F.);
#3027=ORIENTED_EDGE('',*,*,#2075,.T.);
#3028=ORIENTED_EDGE('',*,*,#2187,.F.);
#3029=ORIENTED_EDGE('',*,*,#2073,.F.);
#3030=ORIENTED_EDGE('',*,*,#2188,.F.);
#3031=ORIENTED_EDGE('',*,*,#2189,.T.);
#3032=ORIENTED_EDGE('',*,*,#2189,.F.);
#3033=ORIENTED_EDGE('',*,*,#2190,.F.);
#3034=ORIENTED_EDGE('',*,*,#2191,.T.);
#3035=ORIENTED_EDGE('',*,*,#2188,.T.);
#3036=ORIENTED_EDGE('',*,*,#2191,.F.);
#3037=ORIENTED_EDGE('',*,*,#2192,.F.);
#3038=ORIENTED_EDGE('',*,*,#2193,.T.);
#3039=ORIENTED_EDGE('',*,*,#2193,.F.);
#3040=ORIENTED_EDGE('',*,*,#2194,.F.);
#3041=ORIENTED_EDGE('',*,*,#2195,.T.);
#3042=ORIENTED_EDGE('',*,*,#2192,.T.);
#3043=ORIENTED_EDGE('',*,*,#2195,.F.);
#3044=ORIENTED_EDGE('',*,*,#2062,.T.);
#3045=ORIENTED_EDGE('',*,*,#2194,.T.);
#3046=ORIENTED_EDGE('',*,*,#2067,.T.);
#3047=ORIENTED_EDGE('',*,*,#2190,.T.);
#3048=ORIENTED_EDGE('',*,*,#1924,.T.);
#3049=ORIENTED_EDGE('',*,*,#2196,.T.);
#3050=ORIENTED_EDGE('',*,*,#2197,.T.);
#3051=ORIENTED_EDGE('',*,*,#2198,.T.);
#3052=ORIENTED_EDGE('',*,*,#2197,.F.);
#3053=ORIENTED_EDGE('',*,*,#2199,.F.);
#3054=ORIENTED_EDGE('',*,*,#2200,.T.);
#3055=ORIENTED_EDGE('',*,*,#2201,.F.);
#3056=ORIENTED_EDGE('',*,*,#2202,.T.);
#3057=ORIENTED_EDGE('',*,*,#2203,.F.);
#3058=ORIENTED_EDGE('',*,*,#2204,.T.);
#3059=ORIENTED_EDGE('',*,*,#2205,.F.);
#3060=ORIENTED_EDGE('',*,*,#2206,.F.);
#3061=ORIENTED_EDGE('',*,*,#2207,.F.);
#3062=ORIENTED_EDGE('',*,*,#2208,.T.);
#3063=ORIENTED_EDGE('',*,*,#2209,.T.);
#3064=ORIENTED_EDGE('',*,*,#2196,.F.);
#3065=ORIENTED_EDGE('',*,*,#1923,.T.);
#3066=ORIENTED_EDGE('',*,*,#2210,.T.);
#3067=ORIENTED_EDGE('',*,*,#2199,.T.);
#3068=ORIENTED_EDGE('',*,*,#1928,.T.);
#3069=ORIENTED_EDGE('',*,*,#2211,.T.);
#3070=ORIENTED_EDGE('',*,*,#2206,.T.);
#3071=ORIENTED_EDGE('',*,*,#2212,.T.);
#3072=ORIENTED_EDGE('',*,*,#2211,.F.);
#3073=ORIENTED_EDGE('',*,*,#1927,.F.);
#3074=ORIENTED_EDGE('',*,*,#2213,.F.);
#3075=ORIENTED_EDGE('',*,*,#2207,.T.);
#3076=ORIENTED_EDGE('',*,*,#2212,.F.);
#3077=ORIENTED_EDGE('',*,*,#2205,.T.);
#3078=ORIENTED_EDGE('',*,*,#2214,.T.);
#3079=ORIENTED_EDGE('',*,*,#1929,.T.);
#3080=ORIENTED_EDGE('',*,*,#2214,.F.);
#3081=ORIENTED_EDGE('',*,*,#2204,.F.);
#3082=ORIENTED_EDGE('',*,*,#2215,.T.);
#3083=ORIENTED_EDGE('',*,*,#1934,.F.);
#3084=ORIENTED_EDGE('',*,*,#2009,.T.);
#3085=ORIENTED_EDGE('',*,*,#1878,.F.);
#3086=ORIENTED_EDGE('',*,*,#2008,.F.);
#3087=ORIENTED_EDGE('',*,*,#1930,.F.);
#3088=ORIENTED_EDGE('',*,*,#2198,.F.);
#3089=ORIENTED_EDGE('',*,*,#2209,.F.);
#3090=ORIENTED_EDGE('',*,*,#2216,.T.);
#3091=ORIENTED_EDGE('',*,*,#1925,.F.);
#3092=ORIENTED_EDGE('',*,*,#2006,.T.);
#3093=ORIENTED_EDGE('',*,*,#1920,.F.);
#3094=ORIENTED_EDGE('',*,*,#2217,.F.);
#3095=ORIENTED_EDGE('',*,*,#2200,.F.);
#3096=ORIENTED_EDGE('',*,*,#2210,.F.);
#3097=ORIENTED_EDGE('',*,*,#1922,.F.);
#3098=ORIENTED_EDGE('',*,*,#2005,.T.);
#3099=ORIENTED_EDGE('',*,*,#2003,.T.);
#3100=ORIENTED_EDGE('',*,*,#1868,.F.);
#3101=ORIENTED_EDGE('',*,*,#2002,.F.);
#3102=ORIENTED_EDGE('',*,*,#2201,.T.);
#3103=ORIENTED_EDGE('',*,*,#2217,.T.);
#3104=ORIENTED_EDGE('',*,*,#1919,.F.);
#3105=ORIENTED_EDGE('',*,*,#1902,.F.);
#3106=ORIENTED_EDGE('',*,*,#1917,.F.);
#3107=ORIENTED_EDGE('',*,*,#2218,.F.);
#3108=ORIENTED_EDGE('',*,*,#2202,.F.);
#3109=ORIENTED_EDGE('',*,*,#2218,.T.);
#3110=ORIENTED_EDGE('',*,*,#1916,.F.);
#3111=ORIENTED_EDGE('',*,*,#2219,.F.);
#3112=ORIENTED_EDGE('',*,*,#2203,.T.);
#3113=ORIENTED_EDGE('',*,*,#2219,.T.);
#3114=ORIENTED_EDGE('',*,*,#1915,.F.);
#3115=ORIENTED_EDGE('',*,*,#1896,.F.);
#3116=ORIENTED_EDGE('',*,*,#1935,.F.);
#3117=ORIENTED_EDGE('',*,*,#2215,.F.);
#3118=ORIENTED_EDGE('',*,*,#2208,.F.);
#3119=ORIENTED_EDGE('',*,*,#2213,.T.);
#3120=ORIENTED_EDGE('',*,*,#1926,.F.);
#3121=ORIENTED_EDGE('',*,*,#2216,.F.);
#3122=ORIENTED_EDGE('',*,*,#2220,.T.);
#3123=ORIENTED_EDGE('',*,*,#2221,.T.);
#3124=ORIENTED_EDGE('',*,*,#2222,.T.);
#3125=ORIENTED_EDGE('',*,*,#2223,.T.);
#3126=ORIENTED_EDGE('',*,*,#2224,.T.);
#3127=ORIENTED_EDGE('',*,*,#2225,.T.);
#3128=ORIENTED_EDGE('',*,*,#2226,.T.);
#3129=ORIENTED_EDGE('',*,*,#2227,.T.);
#3130=ORIENTED_EDGE('',*,*,#2228,.T.);
#3131=ORIENTED_EDGE('',*,*,#2229,.T.);
#3132=ORIENTED_EDGE('',*,*,#2230,.T.);
#3133=ORIENTED_EDGE('',*,*,#2231,.T.);
#3134=ORIENTED_EDGE('',*,*,#2232,.F.);
#3135=ORIENTED_EDGE('',*,*,#2233,.T.);
#3136=ORIENTED_EDGE('',*,*,#2228,.F.);
#3137=ORIENTED_EDGE('',*,*,#2234,.F.);
#3138=ORIENTED_EDGE('',*,*,#2235,.F.);
#3139=ORIENTED_EDGE('',*,*,#2236,.T.);
#3140=ORIENTED_EDGE('',*,*,#2229,.F.);
#3141=ORIENTED_EDGE('',*,*,#2233,.F.);
#3142=ORIENTED_EDGE('',*,*,#2237,.F.);
#3143=ORIENTED_EDGE('',*,*,#2234,.T.);
#3144=ORIENTED_EDGE('',*,*,#2231,.F.);
#3145=ORIENTED_EDGE('',*,*,#2238,.F.);
#3146=ORIENTED_EDGE('',*,*,#2239,.T.);
#3147=ORIENTED_EDGE('',*,*,#2238,.T.);
#3148=ORIENTED_EDGE('',*,*,#2230,.F.);
#3149=ORIENTED_EDGE('',*,*,#2236,.F.);
#3150=ORIENTED_EDGE('',*,*,#2240,.F.);
#3151=ORIENTED_EDGE('',*,*,#2241,.T.);
#3152=ORIENTED_EDGE('',*,*,#2220,.F.);
#3153=ORIENTED_EDGE('',*,*,#2242,.F.);
#3154=ORIENTED_EDGE('',*,*,#2243,.F.);
#3155=ORIENTED_EDGE('',*,*,#2244,.T.);
#3156=ORIENTED_EDGE('',*,*,#2221,.F.);
#3157=ORIENTED_EDGE('',*,*,#2241,.F.);
#3158=ORIENTED_EDGE('',*,*,#2245,.F.);
#3159=ORIENTED_EDGE('',*,*,#2242,.T.);
#3160=ORIENTED_EDGE('',*,*,#2223,.F.);
#3161=ORIENTED_EDGE('',*,*,#2246,.F.);
#3162=ORIENTED_EDGE('',*,*,#2247,.T.);
#3163=ORIENTED_EDGE('',*,*,#2246,.T.);
#3164=ORIENTED_EDGE('',*,*,#2222,.F.);
#3165=ORIENTED_EDGE('',*,*,#2244,.F.);
#3166=ORIENTED_EDGE('',*,*,#2248,.F.);
#3167=ORIENTED_EDGE('',*,*,#2249,.T.);
#3168=ORIENTED_EDGE('',*,*,#2226,.F.);
#3169=ORIENTED_EDGE('',*,*,#2250,.F.);
#3170=ORIENTED_EDGE('',*,*,#2251,.F.);
#3171=ORIENTED_EDGE('',*,*,#2252,.T.);
#3172=ORIENTED_EDGE('',*,*,#2227,.F.);
#3173=ORIENTED_EDGE('',*,*,#2249,.F.);
#3174=ORIENTED_EDGE('',*,*,#2253,.F.);
#3175=ORIENTED_EDGE('',*,*,#2250,.T.);
#3176=ORIENTED_EDGE('',*,*,#2225,.F.);
#3177=ORIENTED_EDGE('',*,*,#2254,.F.);
#3178=ORIENTED_EDGE('',*,*,#2255,.F.);
#3179=ORIENTED_EDGE('',*,*,#2254,.T.);
#3180=ORIENTED_EDGE('',*,*,#2224,.F.);
#3181=ORIENTED_EDGE('',*,*,#2252,.F.);
#3182=ORIENTED_EDGE('',*,*,#2256,.F.);
#3183=ORIENTED_EDGE('',*,*,#2257,.T.);
#3184=ORIENTED_EDGE('',*,*,#2258,.F.);
#3185=ORIENTED_EDGE('',*,*,#2259,.F.);
#3186=ORIENTED_EDGE('',*,*,#2260,.F.);
#3187=ORIENTED_EDGE('',*,*,#2261,.T.);
#3188=ORIENTED_EDGE('',*,*,#2262,.F.);
#3189=ORIENTED_EDGE('',*,*,#2257,.F.);
#3190=ORIENTED_EDGE('',*,*,#2263,.F.);
#3191=ORIENTED_EDGE('',*,*,#2259,.T.);
#3192=ORIENTED_EDGE('',*,*,#2264,.F.);
#3193=ORIENTED_EDGE('',*,*,#2265,.F.);
#3194=ORIENTED_EDGE('',*,*,#2266,.F.);
#3195=ORIENTED_EDGE('',*,*,#2265,.T.);
#3196=ORIENTED_EDGE('',*,*,#2267,.F.);
#3197=ORIENTED_EDGE('',*,*,#2261,.F.);
#3198=ORIENTED_EDGE('',*,*,#2267,.T.);
#3199=ORIENTED_EDGE('',*,*,#2264,.T.);
#3200=ORIENTED_EDGE('',*,*,#2258,.T.);
#3201=ORIENTED_EDGE('',*,*,#2262,.T.);
#3202=ORIENTED_EDGE('',*,*,#2268,.T.);
#3203=ORIENTED_EDGE('',*,*,#2269,.T.);
#3204=ORIENTED_EDGE('',*,*,#2270,.T.);
#3205=ORIENTED_EDGE('',*,*,#2271,.T.);
#3206=ORIENTED_EDGE('',*,*,#2272,.F.);
#3207=ORIENTED_EDGE('',*,*,#2273,.T.);
#3208=ORIENTED_EDGE('',*,*,#2269,.F.);
#3209=ORIENTED_EDGE('',*,*,#2274,.F.);
#3210=ORIENTED_EDGE('',*,*,#2275,.F.);
#3211=ORIENTED_EDGE('',*,*,#2276,.T.);
#3212=ORIENTED_EDGE('',*,*,#2270,.F.);
#3213=ORIENTED_EDGE('',*,*,#2273,.F.);
#3214=ORIENTED_EDGE('',*,*,#2277,.F.);
#3215=ORIENTED_EDGE('',*,*,#2278,.T.);
#3216=ORIENTED_EDGE('',*,*,#2271,.F.);
#3217=ORIENTED_EDGE('',*,*,#2276,.F.);
#3218=ORIENTED_EDGE('',*,*,#2279,.F.);
#3219=ORIENTED_EDGE('',*,*,#2274,.T.);
#3220=ORIENTED_EDGE('',*,*,#2268,.F.);
#3221=ORIENTED_EDGE('',*,*,#2278,.F.);
#3222=ORIENTED_EDGE('',*,*,#2280,.F.);
#3223=ORIENTED_EDGE('',*,*,#2281,.T.);
#3224=ORIENTED_EDGE('',*,*,#2282,.F.);
#3225=ORIENTED_EDGE('',*,*,#2283,.F.);
#3226=ORIENTED_EDGE('',*,*,#2284,.F.);
#3227=ORIENTED_EDGE('',*,*,#2285,.T.);
#3228=ORIENTED_EDGE('',*,*,#2286,.F.);
#3229=ORIENTED_EDGE('',*,*,#2281,.F.);
#3230=ORIENTED_EDGE('',*,*,#2287,.F.);
#3231=ORIENTED_EDGE('',*,*,#2283,.T.);
#3232=ORIENTED_EDGE('',*,*,#2288,.F.);
#3233=ORIENTED_EDGE('',*,*,#2285,.F.);
#3234=ORIENTED_EDGE('',*,*,#2289,.F.);
#3235=ORIENTED_EDGE('',*,*,#2290,.T.);
#3236=ORIENTED_EDGE('',*,*,#2291,.F.);
#3237=ORIENTED_EDGE('',*,*,#2292,.F.);
#3238=ORIENTED_EDGE('',*,*,#2293,.F.);
#3239=ORIENTED_EDGE('',*,*,#2294,.T.);
#3240=ORIENTED_EDGE('',*,*,#2295,.F.);
#3241=ORIENTED_EDGE('',*,*,#2290,.F.);
#3242=ORIENTED_EDGE('',*,*,#2296,.F.);
#3243=ORIENTED_EDGE('',*,*,#2292,.T.);
#3244=ORIENTED_EDGE('',*,*,#2297,.F.);
#3245=ORIENTED_EDGE('',*,*,#2294,.F.);
#3246=ORIENTED_EDGE('',*,*,#2298,.F.);
#3247=ORIENTED_EDGE('',*,*,#2299,.T.);
#3248=ORIENTED_EDGE('',*,*,#2300,.F.);
#3249=ORIENTED_EDGE('',*,*,#2301,.F.);
#3250=ORIENTED_EDGE('',*,*,#2302,.F.);
#3251=ORIENTED_EDGE('',*,*,#2303,.T.);
#3252=ORIENTED_EDGE('',*,*,#2304,.F.);
#3253=ORIENTED_EDGE('',*,*,#2299,.F.);
#3254=ORIENTED_EDGE('',*,*,#2305,.F.);
#3255=ORIENTED_EDGE('',*,*,#2301,.T.);
#3256=ORIENTED_EDGE('',*,*,#2306,.F.);
#3257=ORIENTED_EDGE('',*,*,#2303,.F.);
#3258=ORIENTED_EDGE('',*,*,#2307,.F.);
#3259=ORIENTED_EDGE('',*,*,#2308,.T.);
#3260=ORIENTED_EDGE('',*,*,#2309,.F.);
#3261=ORIENTED_EDGE('',*,*,#2310,.F.);
#3262=ORIENTED_EDGE('',*,*,#2311,.F.);
#3263=ORIENTED_EDGE('',*,*,#2312,.T.);
#3264=ORIENTED_EDGE('',*,*,#2313,.F.);
#3265=ORIENTED_EDGE('',*,*,#2308,.F.);
#3266=ORIENTED_EDGE('',*,*,#2314,.F.);
#3267=ORIENTED_EDGE('',*,*,#2310,.T.);
#3268=ORIENTED_EDGE('',*,*,#2315,.F.);
#3269=ORIENTED_EDGE('',*,*,#2312,.F.);
#3270=ORIENTED_EDGE('',*,*,#2316,.F.);
#3271=ORIENTED_EDGE('',*,*,#2317,.T.);
#3272=ORIENTED_EDGE('',*,*,#2318,.F.);
#3273=ORIENTED_EDGE('',*,*,#2319,.F.);
#3274=ORIENTED_EDGE('',*,*,#2318,.T.);
#3275=ORIENTED_EDGE('',*,*,#2320,.F.);
#3276=ORIENTED_EDGE('',*,*,#2321,.T.);
#3277=ORIENTED_EDGE('',*,*,#2322,.T.);
#3278=ORIENTED_EDGE('',*,*,#2323,.T.);
#3279=ORIENTED_EDGE('',*,*,#2324,.T.);
#3280=ORIENTED_EDGE('',*,*,#2325,.T.);
#3281=ORIENTED_EDGE('',*,*,#2326,.T.);
#3282=ORIENTED_EDGE('',*,*,#2327,.T.);
#3283=ORIENTED_EDGE('',*,*,#2328,.F.);
#3284=ORIENTED_EDGE('',*,*,#2329,.F.);
#3285=ORIENTED_EDGE('',*,*,#2330,.T.);
#3286=ORIENTED_EDGE('',*,*,#2331,.T.);
#3287=ORIENTED_EDGE('',*,*,#2332,.T.);
#3288=ORIENTED_EDGE('',*,*,#2333,.T.);
#3289=ORIENTED_EDGE('',*,*,#2334,.T.);
#3290=ORIENTED_EDGE('',*,*,#2323,.F.);
#3291=ORIENTED_EDGE('',*,*,#2335,.F.);
#3292=ORIENTED_EDGE('',*,*,#2336,.T.);
#3293=ORIENTED_EDGE('',*,*,#2337,.T.);
#3294=ORIENTED_EDGE('',*,*,#2338,.T.);
#3295=ORIENTED_EDGE('',*,*,#2339,.F.);
#3296=ORIENTED_EDGE('',*,*,#2340,.F.);
#3297=ORIENTED_EDGE('',*,*,#2341,.T.);
#3298=ORIENTED_EDGE('',*,*,#2342,.T.);
#3299=ORIENTED_EDGE('',*,*,#2343,.T.);
#3300=ORIENTED_EDGE('',*,*,#2344,.T.);
#3301=ORIENTED_EDGE('',*,*,#2345,.T.);
#3302=ORIENTED_EDGE('',*,*,#2346,.F.);
#3303=ORIENTED_EDGE('',*,*,#2347,.F.);
#3304=ORIENTED_EDGE('',*,*,#2348,.T.);
#3305=ORIENTED_EDGE('',*,*,#2349,.T.);
#3306=ORIENTED_EDGE('',*,*,#2326,.F.);
#3307=ORIENTED_EDGE('',*,*,#2350,.F.);
#3308=ORIENTED_EDGE('',*,*,#2351,.T.);
#3309=ORIENTED_EDGE('',*,*,#2335,.T.);
#3310=ORIENTED_EDGE('',*,*,#2351,.F.);
#3311=ORIENTED_EDGE('',*,*,#2352,.F.);
#3312=ORIENTED_EDGE('',*,*,#2320,.T.);
#3313=ORIENTED_EDGE('',*,*,#2317,.F.);
#3314=ORIENTED_EDGE('',*,*,#2353,.F.);
#3315=ORIENTED_EDGE('',*,*,#2336,.F.);
#3316=ORIENTED_EDGE('',*,*,#2329,.T.);
#3317=ORIENTED_EDGE('',*,*,#2354,.T.);
#3318=ORIENTED_EDGE('',*,*,#2355,.T.);
#3319=ORIENTED_EDGE('',*,*,#2356,.T.);
#3320=ORIENTED_EDGE('',*,*,#2356,.F.);
#3321=ORIENTED_EDGE('',*,*,#2357,.T.);
#3322=ORIENTED_EDGE('',*,*,#2358,.T.);
#3323=ORIENTED_EDGE('',*,*,#2330,.F.);
#3324=ORIENTED_EDGE('',*,*,#2354,.F.);
#3325=ORIENTED_EDGE('',*,*,#2328,.T.);
#3326=ORIENTED_EDGE('',*,*,#2359,.T.);
#3327=ORIENTED_EDGE('',*,*,#2360,.F.);
#3328=ORIENTED_EDGE('',*,*,#2350,.T.);
#3329=ORIENTED_EDGE('',*,*,#2325,.F.);
#3330=ORIENTED_EDGE('',*,*,#2361,.F.);
#3331=ORIENTED_EDGE('',*,*,#2362,.T.);
#3332=ORIENTED_EDGE('',*,*,#2363,.F.);
#3333=ORIENTED_EDGE('',*,*,#2364,.T.);
#3334=ORIENTED_EDGE('',*,*,#2357,.F.);
#3335=ORIENTED_EDGE('',*,*,#2355,.F.);
#3336=ORIENTED_EDGE('',*,*,#2360,.T.);
#3337=ORIENTED_EDGE('',*,*,#2365,.F.);
#3338=ORIENTED_EDGE('',*,*,#2321,.F.);
#3339=ORIENTED_EDGE('',*,*,#2352,.T.);
#3340=ORIENTED_EDGE('',*,*,#2359,.F.);
#3341=ORIENTED_EDGE('',*,*,#2327,.F.);
#3342=ORIENTED_EDGE('',*,*,#2366,.F.);
#3343=ORIENTED_EDGE('',*,*,#2319,.T.);
#3344=ORIENTED_EDGE('',*,*,#2322,.F.);
#3345=ORIENTED_EDGE('',*,*,#2365,.T.);
#3346=ORIENTED_EDGE('',*,*,#2339,.T.);
#3347=ORIENTED_EDGE('',*,*,#2367,.T.);
#3348=ORIENTED_EDGE('',*,*,#2368,.T.);
#3349=ORIENTED_EDGE('',*,*,#2369,.T.);
#3350=ORIENTED_EDGE('',*,*,#2369,.F.);
#3351=ORIENTED_EDGE('',*,*,#2370,.F.);
#3352=ORIENTED_EDGE('',*,*,#2371,.T.);
#3353=ORIENTED_EDGE('',*,*,#2340,.T.);
#3354=ORIENTED_EDGE('',*,*,#2347,.T.);
#3355=ORIENTED_EDGE('',*,*,#2372,.T.);
#3356=ORIENTED_EDGE('',*,*,#2373,.T.);
#3357=ORIENTED_EDGE('',*,*,#2374,.T.);
#3358=ORIENTED_EDGE('',*,*,#2374,.F.);
#3359=ORIENTED_EDGE('',*,*,#2375,.F.);
#3360=ORIENTED_EDGE('',*,*,#2376,.T.);
#3361=ORIENTED_EDGE('',*,*,#2348,.F.);
#3362=ORIENTED_EDGE('',*,*,#2372,.F.);
#3363=ORIENTED_EDGE('',*,*,#2346,.T.);
#3364=ORIENTED_EDGE('',*,*,#2377,.T.);
#3365=ORIENTED_EDGE('',*,*,#2378,.F.);
#3366=ORIENTED_EDGE('',*,*,#2364,.F.);
#3367=ORIENTED_EDGE('',*,*,#2379,.T.);
#3368=ORIENTED_EDGE('',*,*,#2331,.F.);
#3369=ORIENTED_EDGE('',*,*,#2358,.F.);
#3370=ORIENTED_EDGE('',*,*,#2363,.T.);
#3371=ORIENTED_EDGE('',*,*,#2380,.T.);
#3372=ORIENTED_EDGE('',*,*,#2332,.F.);
#3373=ORIENTED_EDGE('',*,*,#2379,.F.);
#3374=ORIENTED_EDGE('',*,*,#2239,.F.);
#3375=ORIENTED_EDGE('',*,*,#2235,.T.);
#3376=ORIENTED_EDGE('',*,*,#2232,.T.);
#3377=ORIENTED_EDGE('',*,*,#2237,.T.);
#3378=ORIENTED_EDGE('',*,*,#2247,.F.);
#3379=ORIENTED_EDGE('',*,*,#2243,.T.);
#3380=ORIENTED_EDGE('',*,*,#2240,.T.);
#3381=ORIENTED_EDGE('',*,*,#2245,.T.);
#3382=ORIENTED_EDGE('',*,*,#2251,.T.);
#3383=ORIENTED_EDGE('',*,*,#2248,.T.);
#3384=ORIENTED_EDGE('',*,*,#2253,.T.);
#3385=ORIENTED_EDGE('',*,*,#2255,.T.);
#3386=ORIENTED_EDGE('',*,*,#2260,.T.);
#3387=ORIENTED_EDGE('',*,*,#2256,.T.);
#3388=ORIENTED_EDGE('',*,*,#2263,.T.);
#3389=ORIENTED_EDGE('',*,*,#2266,.T.);
#3390=ORIENTED_EDGE('',*,*,#2282,.T.);
#3391=ORIENTED_EDGE('',*,*,#2286,.T.);
#3392=ORIENTED_EDGE('',*,*,#2288,.T.);
#3393=ORIENTED_EDGE('',*,*,#2291,.T.);
#3394=ORIENTED_EDGE('',*,*,#2295,.T.);
#3395=ORIENTED_EDGE('',*,*,#2297,.T.);
#3396=ORIENTED_EDGE('',*,*,#2300,.T.);
#3397=ORIENTED_EDGE('',*,*,#2304,.T.);
#3398=ORIENTED_EDGE('',*,*,#2306,.T.);
#3399=ORIENTED_EDGE('',*,*,#2309,.T.);
#3400=ORIENTED_EDGE('',*,*,#2313,.T.);
#3401=ORIENTED_EDGE('',*,*,#2315,.T.);
#3402=ORIENTED_EDGE('',*,*,#2362,.F.);
#3403=ORIENTED_EDGE('',*,*,#2381,.T.);
#3404=ORIENTED_EDGE('',*,*,#2333,.F.);
#3405=ORIENTED_EDGE('',*,*,#2380,.F.);
#3406=ORIENTED_EDGE('',*,*,#2324,.F.);
#3407=ORIENTED_EDGE('',*,*,#2334,.F.);
#3408=ORIENTED_EDGE('',*,*,#2381,.F.);
#3409=ORIENTED_EDGE('',*,*,#2361,.T.);
#3410=ORIENTED_EDGE('',*,*,#2377,.F.);
#3411=ORIENTED_EDGE('',*,*,#2345,.F.);
#3412=ORIENTED_EDGE('',*,*,#2382,.F.);
#3413=ORIENTED_EDGE('',*,*,#2383,.F.);
#3414=ORIENTED_EDGE('',*,*,#2384,.T.);
#3415=ORIENTED_EDGE('',*,*,#2382,.T.);
#3416=ORIENTED_EDGE('',*,*,#2344,.F.);
#3417=ORIENTED_EDGE('',*,*,#2385,.F.);
#3418=ORIENTED_EDGE('',*,*,#2386,.F.);
#3419=ORIENTED_EDGE('',*,*,#2385,.T.);
#3420=ORIENTED_EDGE('',*,*,#2343,.F.);
#3421=ORIENTED_EDGE('',*,*,#2387,.F.);
#3422=ORIENTED_EDGE('',*,*,#2272,.T.);
#3423=ORIENTED_EDGE('',*,*,#2279,.T.);
#3424=ORIENTED_EDGE('',*,*,#2277,.T.);
#3425=ORIENTED_EDGE('',*,*,#2275,.T.);
#3426=ORIENTED_EDGE('',*,*,#2280,.T.);
#3427=ORIENTED_EDGE('',*,*,#2287,.T.);
#3428=ORIENTED_EDGE('',*,*,#2284,.T.);
#3429=ORIENTED_EDGE('',*,*,#2289,.T.);
#3430=ORIENTED_EDGE('',*,*,#2296,.T.);
#3431=ORIENTED_EDGE('',*,*,#2293,.T.);
#3432=ORIENTED_EDGE('',*,*,#2298,.T.);
#3433=ORIENTED_EDGE('',*,*,#2305,.T.);
#3434=ORIENTED_EDGE('',*,*,#2302,.T.);
#3435=ORIENTED_EDGE('',*,*,#2307,.T.);
#3436=ORIENTED_EDGE('',*,*,#2314,.T.);
#3437=ORIENTED_EDGE('',*,*,#2311,.T.);
#3438=ORIENTED_EDGE('',*,*,#2388,.T.);
#3439=ORIENTED_EDGE('',*,*,#2387,.T.);
#3440=ORIENTED_EDGE('',*,*,#2342,.F.);
#3441=ORIENTED_EDGE('',*,*,#2389,.F.);
#3442=ORIENTED_EDGE('',*,*,#2371,.F.);
#3443=ORIENTED_EDGE('',*,*,#2390,.F.);
#3444=ORIENTED_EDGE('',*,*,#2389,.T.);
#3445=ORIENTED_EDGE('',*,*,#2341,.F.);
#3446=ORIENTED_EDGE('',*,*,#2367,.F.);
#3447=ORIENTED_EDGE('',*,*,#2338,.F.);
#3448=ORIENTED_EDGE('',*,*,#2391,.F.);
#3449=ORIENTED_EDGE('',*,*,#2392,.T.);
#3450=ORIENTED_EDGE('',*,*,#2366,.T.);
#3451=ORIENTED_EDGE('',*,*,#2349,.F.);
#3452=ORIENTED_EDGE('',*,*,#2376,.F.);
#3453=ORIENTED_EDGE('',*,*,#2393,.F.);
#3454=ORIENTED_EDGE('',*,*,#2391,.T.);
#3455=ORIENTED_EDGE('',*,*,#2337,.F.);
#3456=ORIENTED_EDGE('',*,*,#2353,.T.);
#3457=ORIENTED_EDGE('',*,*,#2316,.T.);
#3458=ORIENTED_EDGE('',*,*,#2368,.F.);
#3459=ORIENTED_EDGE('',*,*,#2392,.F.);
#3460=ORIENTED_EDGE('',*,*,#2393,.T.);
#3461=ORIENTED_EDGE('',*,*,#2375,.T.);
#3462=ORIENTED_EDGE('',*,*,#2373,.F.);
#3463=ORIENTED_EDGE('',*,*,#2378,.T.);
#3464=ORIENTED_EDGE('',*,*,#2383,.T.);
#3465=ORIENTED_EDGE('',*,*,#2384,.F.);
#3466=ORIENTED_EDGE('',*,*,#2386,.T.);
#3467=ORIENTED_EDGE('',*,*,#2388,.F.);
#3468=ORIENTED_EDGE('',*,*,#2390,.T.);
#3469=ORIENTED_EDGE('',*,*,#2370,.T.);
#3470=PLANE('',#3808);
#3471=PLANE('',#3814);
#3472=PLANE('',#3820);
#3473=PLANE('',#3826);
#3474=PLANE('',#3832);
#3475=PLANE('',#3834);
#3476=PLANE('',#3835);
#3477=PLANE('',#3837);
#3478=PLANE('',#3838);
#3479=PLANE('',#3839);
#3480=PLANE('',#3840);
#3481=PLANE('',#3889);
#3482=PLANE('',#3890);
#3483=PLANE('',#3891);
#3484=PLANE('',#3892);
#3485=PLANE('',#3894);
#3486=PLANE('',#3895);
#3487=PLANE('',#3896);
#3488=PLANE('',#3899);
#3489=PLANE('',#3902);
#3490=PLANE('',#3905);
#3491=PLANE('',#3908);
#3492=PLANE('',#3909);
#3493=PLANE('',#3912);
#3494=PLANE('',#3915);
#3495=PLANE('',#3918);
#3496=PLANE('',#3921);
#3497=PLANE('',#3922);
#3498=PLANE('',#3925);
#3499=PLANE('',#3928);
#3500=PLANE('',#3931);
#3501=PLANE('',#3934);
#3502=PLANE('',#3973);
#3503=PLANE('',#3976);
#3504=PLANE('',#3979);
#3505=PLANE('',#3982);
#3506=PLANE('',#3985);
#3507=PLANE('',#3986);
#3508=PLANE('',#3990);
#3509=PLANE('',#3992);
#3510=PLANE('',#3993);
#3511=PLANE('',#3997);
#3512=PLANE('',#3999);
#3513=PLANE('',#4000);
#3514=PLANE('',#4004);
#3515=PLANE('',#4006);
#3516=PLANE('',#4007);
#3517=PLANE('',#4011);
#3518=PLANE('',#4013);
#3519=PLANE('',#4014);
#3520=PLANE('',#4017);
#3521=PLANE('',#4020);
#3522=PLANE('',#4023);
#3523=PLANE('',#4042);
#3524=PLANE('',#4043);
#3525=PLANE('',#4044);
#3526=PLANE('',#4045);
#3527=PLANE('',#4062);
#3528=PLANE('',#4063);
#3529=PLANE('',#4064);
#3530=PLANE('',#4066);
#3531=PLANE('',#4076);
#3532=PLANE('',#4077);
#3533=PLANE('',#4080);
#3534=PLANE('',#4088);
#3535=PLANE('',#4090);
#3536=PLANE('',#4091);
#3537=PLANE('',#4092);
#3538=PLANE('',#4094);
#3539=PLANE('',#4096);
#3540=PLANE('',#4097);
#3541=PLANE('',#4100);
#3542=PLANE('',#4103);
#3543=PLANE('',#4108);
#3544=PLANE('',#4109);
#3545=PLANE('',#4114);
#3546=PLANE('',#4115);
#3547=PLANE('',#4120);
#3548=PLANE('',#4121);
#3549=PLANE('',#4124);
#3550=PLANE('',#4125);
#3551=PLANE('',#4126);
#3552=PLANE('',#4127);
#3553=PLANE('',#4128);
#3554=PLANE('',#4129);
#3555=PLANE('',#4130);
#3556=PLANE('',#4131);
#3557=PLANE('',#4132);
#3558=PLANE('',#4133);
#3559=PLANE('',#4134);
#3560=PLANE('',#4138);
#3561=PLANE('',#4139);
#3562=PLANE('',#4146);
#3563=PLANE('',#4147);
#3564=PLANE('',#4148);
#3565=PLANE('',#4149);
#3566=PLANE('',#4153);
#3567=PLANE('',#4154);
#3568=PLANE('',#4158);
#3569=PLANE('',#4172);
#3570=PLANE('',#4175);
#3571=PLANE('',#4178);
#3572=PLANE('',#4181);
#3573=PLANE('',#4188);
#3574=PLANE('',#4192);
#3575=PLANE('',#4194);
#3576=PLANE('',#4195);
#3577=PLANE('',#4198);
#3578=PLANE('',#4201);
#3579=PLANE('',#4202);
#3580=PLANE('',#4203);
#3581=PLANE('',#4204);
#3582=ADVANCED_FACE('',(#173),#3470,.T.);
#3583=ADVANCED_FACE('',(#174),#96,.T.);
#3584=ADVANCED_FACE('',(#175),#3471,.T.);
#3585=ADVANCED_FACE('',(#176),#97,.T.);
#3586=ADVANCED_FACE('',(#177),#3472,.T.);
#3587=ADVANCED_FACE('',(#178),#98,.T.);
#3588=ADVANCED_FACE('',(#179),#3473,.T.);
#3589=ADVANCED_FACE('',(#180),#99,.T.);
#3590=ADVANCED_FACE('',(#181),#3474,.T.);
#3591=ADVANCED_FACE('',(#182),#3475,.T.);
#3592=ADVANCED_FACE('',(#183),#3476,.T.);
#3593=ADVANCED_FACE('',(#184),#3477,.T.);
#3594=ADVANCED_FACE('',(#185),#3478,.T.);
#3595=ADVANCED_FACE('',(#186),#3479,.T.);
#3596=ADVANCED_FACE('',(#187,#46,#47,#48,#49,#50,#51,#52,#53,#54,#55,#56,
#57,#58,#59),#3480,.T.);
#3597=ADVANCED_FACE('',(#188),#35,.F.);
#3598=ADVANCED_FACE('',(#189),#3481,.T.);
#3599=ADVANCED_FACE('',(#190),#3482,.T.);
#3600=ADVANCED_FACE('',(#191),#3483,.T.);
#3601=ADVANCED_FACE('',(#192),#3484,.T.);
#3602=ADVANCED_FACE('',(#193),#36,.F.);
#3603=ADVANCED_FACE('',(#194),#3485,.T.);
#3604=ADVANCED_FACE('',(#195),#3486,.T.);
#3605=ADVANCED_FACE('',(#196),#3487,.F.);
#3606=ADVANCED_FACE('',(#197),#100,.F.);
#3607=ADVANCED_FACE('',(#198),#3488,.F.);
#3608=ADVANCED_FACE('',(#199),#101,.F.);
#3609=ADVANCED_FACE('',(#200),#3489,.F.);
#3610=ADVANCED_FACE('',(#201),#102,.F.);
#3611=ADVANCED_FACE('',(#202),#3490,.F.);
#3612=ADVANCED_FACE('',(#203),#103,.F.);
#3613=ADVANCED_FACE('',(#204),#3491,.T.);
#3614=ADVANCED_FACE('',(#205),#3492,.F.);
#3615=ADVANCED_FACE('',(#206),#104,.F.);
#3616=ADVANCED_FACE('',(#207),#3493,.F.);
#3617=ADVANCED_FACE('',(#208),#105,.F.);
#3618=ADVANCED_FACE('',(#209),#3494,.F.);
#3619=ADVANCED_FACE('',(#210),#106,.F.);
#3620=ADVANCED_FACE('',(#211),#3495,.F.);
#3621=ADVANCED_FACE('',(#212),#107,.F.);
#3622=ADVANCED_FACE('',(#213),#3496,.T.);
#3623=ADVANCED_FACE('',(#214),#3497,.F.);
#3624=ADVANCED_FACE('',(#215),#108,.F.);
#3625=ADVANCED_FACE('',(#216),#3498,.F.);
#3626=ADVANCED_FACE('',(#217),#109,.F.);
#3627=ADVANCED_FACE('',(#218),#3499,.F.);
#3628=ADVANCED_FACE('',(#219),#110,.F.);
#3629=ADVANCED_FACE('',(#220),#3500,.F.);
#3630=ADVANCED_FACE('',(#221),#111,.F.);
#3631=ADVANCED_FACE('',(#222),#3501,.T.);
#3632=ADVANCED_FACE('',(#223),#37,.F.);
#3633=ADVANCED_FACE('',(#224),#38,.F.);
#3634=ADVANCED_FACE('',(#225),#39,.F.);
#3635=ADVANCED_FACE('',(#226),#112,.T.);
#3636=ADVANCED_FACE('',(#227),#40,.F.);
#3637=ADVANCED_FACE('',(#228),#113,.T.);
#3638=ADVANCED_FACE('',(#229),#41,.F.);
#3639=ADVANCED_FACE('',(#230),#42,.F.);
#3640=ADVANCED_FACE('',(#231),#114,.T.);
#3641=ADVANCED_FACE('',(#232),#43,.F.);
#3642=ADVANCED_FACE('',(#233),#115,.T.);
#3643=ADVANCED_FACE('',(#234),#44,.F.);
#3644=ADVANCED_FACE('',(#235),#116,.T.);
#3645=ADVANCED_FACE('',(#236),#45,.F.);
#3646=ADVANCED_FACE('',(#237),#117,.T.);
#3647=ADVANCED_FACE('',(#238),#3502,.F.);
#3648=ADVANCED_FACE('',(#239),#118,.F.);
#3649=ADVANCED_FACE('',(#240),#3503,.F.);
#3650=ADVANCED_FACE('',(#241),#119,.F.);
#3651=ADVANCED_FACE('',(#242),#3504,.F.);
#3652=ADVANCED_FACE('',(#243),#120,.F.);
#3653=ADVANCED_FACE('',(#244),#3505,.F.);
#3654=ADVANCED_FACE('',(#245),#121,.F.);
#3655=ADVANCED_FACE('',(#246),#3506,.T.);
#3656=ADVANCED_FACE('',(#247),#3507,.T.);
#3657=ADVANCED_FACE('',(#248),#3508,.F.);
#3658=ADVANCED_FACE('',(#249),#122,.F.);
#3659=ADVANCED_FACE('',(#250),#3509,.F.);
#3660=ADVANCED_FACE('',(#251),#3510,.T.);
#3661=ADVANCED_FACE('',(#252),#3511,.F.);
#3662=ADVANCED_FACE('',(#253),#123,.F.);
#3663=ADVANCED_FACE('',(#254),#3512,.F.);
#3664=ADVANCED_FACE('',(#255),#3513,.T.);
#3665=ADVANCED_FACE('',(#256),#3514,.F.);
#3666=ADVANCED_FACE('',(#257),#124,.F.);
#3667=ADVANCED_FACE('',(#258),#3515,.F.);
#3668=ADVANCED_FACE('',(#259),#3516,.T.);
#3669=ADVANCED_FACE('',(#260),#3517,.F.);
#3670=ADVANCED_FACE('',(#261),#125,.F.);
#3671=ADVANCED_FACE('',(#262),#3518,.F.);
#3672=ADVANCED_FACE('',(#263),#3519,.F.);
#3673=ADVANCED_FACE('',(#264),#126,.F.);
#3674=ADVANCED_FACE('',(#265),#127,.F.);
#3675=ADVANCED_FACE('',(#266),#3520,.F.);
#3676=ADVANCED_FACE('',(#267),#128,.F.);
#3677=ADVANCED_FACE('',(#268),#129,.F.);
#3678=ADVANCED_FACE('',(#269),#3521,.F.);
#3679=ADVANCED_FACE('',(#270),#130,.F.);
#3680=ADVANCED_FACE('',(#271),#131,.F.);
#3681=ADVANCED_FACE('',(#272),#3522,.F.);
#3682=ADVANCED_FACE('',(#273),#132,.F.);
#3683=ADVANCED_FACE('',(#274),#133,.F.);
#3684=ADVANCED_FACE('',(#275),#25,.F.);
#3685=ADVANCED_FACE('',(#276),#134,.F.);
#3686=ADVANCED_FACE('',(#277),#26,.F.);
#3687=ADVANCED_FACE('',(#278),#135,.F.);
#3688=ADVANCED_FACE('',(#279),#27,.F.);
#3689=ADVANCED_FACE('',(#280),#136,.F.);
#3690=ADVANCED_FACE('',(#281),#28,.F.);
#3691=ADVANCED_FACE('',(#282),#137,.F.);
#3692=ADVANCED_FACE('',(#283,#60),#3523,.T.);
#3693=ADVANCED_FACE('',(#284,#61),#3524,.T.);
#3694=ADVANCED_FACE('',(#285,#62),#3525,.T.);
#3695=ADVANCED_FACE('',(#286,#63),#3526,.T.);
#3696=ADVANCED_FACE('',(#287),#29,.F.);
#3697=ADVANCED_FACE('',(#288),#138,.F.);
#3698=ADVANCED_FACE('',(#289),#30,.F.);
#3699=ADVANCED_FACE('',(#290),#139,.F.);
#3700=ADVANCED_FACE('',(#291),#31,.F.);
#3701=ADVANCED_FACE('',(#292),#140,.F.);
#3702=ADVANCED_FACE('',(#293),#32,.F.);
#3703=ADVANCED_FACE('',(#294),#141,.F.);
#3704=ADVANCED_FACE('',(#295,#64),#3527,.T.);
#3705=ADVANCED_FACE('',(#296,#65),#3528,.T.);
#3706=ADVANCED_FACE('',(#297,#66),#3529,.T.);
#3707=ADVANCED_FACE('',(#298,#67),#3530,.T.);
#3708=ADVANCED_FACE('',(#299),#142,.T.);
#3709=ADVANCED_FACE('',(#300),#33,.F.);
#3710=ADVANCED_FACE('',(#301),#143,.F.);
#3711=ADVANCED_FACE('',(#302),#34,.F.);
#3712=ADVANCED_FACE('',(#303),#144,.F.);
#3713=ADVANCED_FACE('',(#304,#68),#3531,.T.);
#3714=ADVANCED_FACE('',(#305,#69),#3532,.T.);
#3715=ADVANCED_FACE('',(#306),#145,.T.);
#3716=ADVANCED_FACE('',(#307),#3533,.F.);
#3717=ADVANCED_FACE('',(#308),#146,.F.);
#3718=ADVANCED_FACE('',(#309),#147,.T.);
#3719=ADVANCED_FACE('',(#310),#3534,.T.);
#3720=ADVANCED_FACE('',(#311),#148,.F.);
#3721=ADVANCED_FACE('',(#312),#3535,.T.);
#3722=ADVANCED_FACE('',(#313),#3536,.T.);
#3723=ADVANCED_FACE('',(#314),#3537,.T.);
#3724=ADVANCED_FACE('',(#315),#149,.T.);
#3725=ADVANCED_FACE('',(#316),#3538,.T.);
#3726=ADVANCED_FACE('',(#317),#150,.T.);
#3727=ADVANCED_FACE('',(#318),#3539,.T.);
#3728=ADVANCED_FACE('',(#319),#3540,.F.);
#3729=ADVANCED_FACE('',(#320),#3541,.F.);
#3730=ADVANCED_FACE('',(#321),#3542,.F.);
#3731=ADVANCED_FACE('',(#322),#151,.T.);
#3732=ADVANCED_FACE('',(#323),#3543,.T.);
#3733=ADVANCED_FACE('',(#324),#3544,.T.);
#3734=ADVANCED_FACE('',(#325),#152,.F.);
#3735=ADVANCED_FACE('',(#326),#153,.T.);
#3736=ADVANCED_FACE('',(#327),#3545,.T.);
#3737=ADVANCED_FACE('',(#328),#3546,.T.);
#3738=ADVANCED_FACE('',(#329),#154,.F.);
#3739=ADVANCED_FACE('',(#330),#155,.F.);
#3740=ADVANCED_FACE('',(#331),#3547,.T.);
#3741=ADVANCED_FACE('',(#332),#3548,.T.);
#3742=ADVANCED_FACE('',(#333),#156,.T.);
#3743=ADVANCED_FACE('',(#334),#3549,.T.);
#3744=ADVANCED_FACE('',(#335),#3550,.T.);
#3745=ADVANCED_FACE('',(#336),#3551,.T.);
#3746=ADVANCED_FACE('',(#337),#3552,.T.);
#3747=ADVANCED_FACE('',(#338,#70),#3553,.T.);
#3748=ADVANCED_FACE('',(#339),#3554,.F.);
#3749=ADVANCED_FACE('',(#340),#3555,.F.);
#3750=ADVANCED_FACE('',(#341),#3556,.F.);
#3751=ADVANCED_FACE('',(#342),#3557,.F.);
#3752=ADVANCED_FACE('',(#343),#3558,.F.);
#3753=ADVANCED_FACE('',(#344),#3559,.F.);
#3754=ADVANCED_FACE('',(#345),#157,.F.);
#3755=ADVANCED_FACE('',(#346),#3560,.F.);
#3756=ADVANCED_FACE('',(#347),#3561,.F.);
#3757=ADVANCED_FACE('',(#348),#158,.F.);
#3758=ADVANCED_FACE('',(#349),#159,.F.);
#3759=ADVANCED_FACE('',(#350),#3562,.F.);
#3760=ADVANCED_FACE('',(#351),#3563,.F.);
#3761=ADVANCED_FACE('',(#352),#3564,.F.);
#3762=ADVANCED_FACE('',(#353),#3565,.F.);
#3763=ADVANCED_FACE('',(#354),#160,.F.);
#3764=ADVANCED_FACE('',(#355),#3566,.F.);
#3765=ADVANCED_FACE('',(#356),#3567,.F.);
#3766=ADVANCED_FACE('',(#357),#161,.T.);
#3767=ADVANCED_FACE('',(#358),#3568,.T.);
#3768=ADVANCED_FACE('',(#359),#162,.F.);
#3769=ADVANCED_FACE('',(#360),#3569,.F.);
#3770=ADVANCED_FACE('',(#361),#163,.T.);
#3771=ADVANCED_FACE('',(#362),#3570,.F.);
#3772=ADVANCED_FACE('',(#363),#164,.F.);
#3773=ADVANCED_FACE('',(#364),#3571,.T.);
#3774=ADVANCED_FACE('',(#365),#3572,.F.);
#3775=ADVANCED_FACE('',(#366),#165,.T.);
#3776=ADVANCED_FACE('',(#367),#166,.F.);
#3777=ADVANCED_FACE('',(#368),#167,.T.);
#3778=ADVANCED_FACE('',(#369),#3573,.T.);
#3779=ADVANCED_FACE('',(#370),#168,.F.);
#3780=ADVANCED_FACE('',(#371),#169,.F.);
#3781=ADVANCED_FACE('',(#372,#71,#72,#73,#74,#75,#76,#77,#78),#3574,.F.);
#3782=ADVANCED_FACE('',(#373),#170,.F.);
#3783=ADVANCED_FACE('',(#374),#3575,.F.);
#3784=ADVANCED_FACE('',(#375),#3576,.T.);
#3785=ADVANCED_FACE('',(#376),#171,.T.);
#3786=ADVANCED_FACE('',(#377,#79,#80,#81,#82,#83),#3577,.T.);
#3787=ADVANCED_FACE('',(#378),#172,.T.);
#3788=ADVANCED_FACE('',(#379),#3578,.T.);
#3789=ADVANCED_FACE('',(#380),#3579,.T.);
#3790=ADVANCED_FACE('',(#381),#3580,.T.);
#3791=ADVANCED_FACE('',(#382),#3581,.F.);
#3792=CLOSED_SHELL('',(#3582,#3583,#3584,#3585,#3586,#3587,#3588,#3589,
#3590,#3591,#3592,#3593,#3594,#3595,#3596,#3597,#3598,#3599,#3600,#3601,
#3602,#3603,#3604,#3605,#3606,#3607,#3608,#3609,#3610,#3611,#3612,#3613,
#3614,#3615,#3616,#3617,#3618,#3619,#3620,#3621,#3622,#3623,#3624,#3625,
#3626,#3627,#3628,#3629,#3630,#3631,#3632,#3633,#3634,#3635,#3636,#3637,
#3638,#3639,#3640,#3641,#3642,#3643,#3644,#3645,#3646,#3647,#3648,#3649,
#3650,#3651,#3652,#3653,#3654,#3655,#3656,#3657,#3658,#3659,#3660,#3661,
#3662,#3663,#3664,#3665,#3666,#3667,#3668,#3669,#3670,#3671,#3672,#3673,
#3674,#3675,#3676,#3677,#3678,#3679,#3680,#3681,#3682,#3683,#3684,#3685,
#3686,#3687,#3688,#3689,#3690,#3691,#3692,#3693,#3694,#3695,#3696,#3697,
#3698,#3699,#3700,#3701,#3702,#3703,#3704,#3705,#3706,#3707,#3708,#3709,
#3710,#3711,#3712,#3713,#3714,#3715,#3716,#3717,#3718,#3719,#3720,#3721,
#3722,#3723,#3724,#3725,#3726,#3727));
#3793=CLOSED_SHELL('',(#3728,#3729,#3730,#3731,#3732,#3733,#3734,#3735,
#3736,#3737,#3738,#3739,#3740,#3741,#3742,#3743,#3744,#3745,#3746,#3747,
#3748,#3749,#3750,#3751,#3752,#3753,#3754,#3755,#3756,#3757,#3758,#3759,
#3760,#3761,#3762,#3763,#3764,#3765,#3766,#3767,#3768,#3769,#3770,#3771,
#3772,#3773,#3774,#3775,#3776,#3777,#3778,#3779,#3780,#3781,#3782,#3783,
#3784,#3785,#3786,#3787,#3788,#3789,#3790,#3791));
#3794=DERIVED_UNIT_ELEMENT(#3796,1.);
#3795=DERIVED_UNIT_ELEMENT(#6621,-3.);
#3796=(
MASS_UNIT()
NAMED_UNIT(*)
SI_UNIT(.KILO.,.GRAM.)
);
#3797=DERIVED_UNIT((#3794,#3795));
#3798=MEASURE_REPRESENTATION_ITEM('density measure',
POSITIVE_RATIO_MEASURE(7850.),#3797);
#3799=PROPERTY_DEFINITION_REPRESENTATION(#3804,#3801);
#3800=PROPERTY_DEFINITION_REPRESENTATION(#3805,#3802);
#3801=REPRESENTATION('material name',(#3803),#6618);
#3802=REPRESENTATION('density',(#3798),#6618);
#3803=DESCRIPTIVE_REPRESENTATION_ITEM('Steel','Steel');
#3804=PROPERTY_DEFINITION('material property','material name',#6633);
#3805=PROPERTY_DEFINITION('material property','density of part',#6633);
#3806=AXIS2_PLACEMENT_3D('',#5348,#4207,#4208);
#3807=AXIS2_PLACEMENT_3D('',#5349,#4209,#4210);
#3808=AXIS2_PLACEMENT_3D('',#5350,#4211,#4212);
#3809=AXIS2_PLACEMENT_3D('',#5353,#4213,#4214);
#3810=AXIS2_PLACEMENT_3D('',#5359,#4218,#4219);
#3811=AXIS2_PLACEMENT_3D('',#5361,#4220,#4221);
#3812=AXIS2_PLACEMENT_3D('',#5365,#4223,#4224);
#3813=AXIS2_PLACEMENT_3D('',#5369,#4227,#4228);
#3814=AXIS2_PLACEMENT_3D('',#5370,#4229,#4230);
#3815=AXIS2_PLACEMENT_3D('',#5373,#4231,#4232);
#3816=AXIS2_PLACEMENT_3D('',#5379,#4236,#4237);
#3817=AXIS2_PLACEMENT_3D('',#5381,#4238,#4239);
#3818=AXIS2_PLACEMENT_3D('',#5385,#4241,#4242);
#3819=AXIS2_PLACEMENT_3D('',#5389,#4245,#4246);
#3820=AXIS2_PLACEMENT_3D('',#5390,#4247,#4248);
#3821=AXIS2_PLACEMENT_3D('',#5393,#4249,#4250);
#3822=AXIS2_PLACEMENT_3D('',#5400,#4254,#4255);
#3823=AXIS2_PLACEMENT_3D('',#5401,#4256,#4257);
#3824=AXIS2_PLACEMENT_3D('',#5403,#4258,#4259);
#3825=AXIS2_PLACEMENT_3D('',#5408,#4262,#4263);
#3826=AXIS2_PLACEMENT_3D('',#5410,#4265,#4266);
#3827=AXIS2_PLACEMENT_3D('',#5413,#4267,#4268);
#3828=AXIS2_PLACEMENT_3D('',#5419,#4272,#4273);
#3829=AXIS2_PLACEMENT_3D('',#5421,#4274,#4275);
#3830=AXIS2_PLACEMENT_3D('',#5425,#4277,#4278);
#3831=AXIS2_PLACEMENT_3D('',#5429,#4281,#4282);
#3832=AXIS2_PLACEMENT_3D('',#5430,#4283,#4284);
#3833=AXIS2_PLACEMENT_3D('',#5433,#4285,#4286);
#3834=AXIS2_PLACEMENT_3D('',#5439,#4290,#4291);
#3835=AXIS2_PLACEMENT_3D('',#5442,#4294,#4295);
#3836=AXIS2_PLACEMENT_3D('',#5445,#4296,#4297);
#3837=AXIS2_PLACEMENT_3D('',#5451,#4301,#4302);
#3838=AXIS2_PLACEMENT_3D('',#5454,#4305,#4306);
#3839=AXIS2_PLACEMENT_3D('',#5467,#4308,#4309);
#3840=AXIS2_PLACEMENT_3D('',#5480,#4311,#4312);
#3841=AXIS2_PLACEMENT_3D('',#5484,#4314,#4315);
#3842=AXIS2_PLACEMENT_3D('',#5487,#4317,#4318);
#3843=AXIS2_PLACEMENT_3D('',#5490,#4320,#4321);
#3844=AXIS2_PLACEMENT_3D('',#5491,#4322,#4323);
#3845=AXIS2_PLACEMENT_3D('',#5493,#4324,#4325);
#3846=AXIS2_PLACEMENT_3D('',#5497,#4327,#4328);
#3847=AXIS2_PLACEMENT_3D('',#5501,#4330,#4331);
#3848=AXIS2_PLACEMENT_3D('',#5503,#4332,#4333);
#3849=AXIS2_PLACEMENT_3D('',#5511,#4337,#4338);
#3850=AXIS2_PLACEMENT_3D('',#5513,#4339,#4340);
#3851=AXIS2_PLACEMENT_3D('',#5519,#4343,#4344);
#3852=AXIS2_PLACEMENT_3D('',#5524,#4347,#4348);
#3853=AXIS2_PLACEMENT_3D('',#5526,#4349,#4350);
#3854=AXIS2_PLACEMENT_3D('',#5528,#4351,#4352);
#3855=AXIS2_PLACEMENT_3D('',#5530,#4353,#4354);
#3856=AXIS2_PLACEMENT_3D('',#5535,#4356,#4357);
#3857=AXIS2_PLACEMENT_3D('',#5539,#4359,#4360);
#3858=AXIS2_PLACEMENT_3D('',#5543,#4362,#4363);
#3859=AXIS2_PLACEMENT_3D('',#5546,#4365,#4366);
#3860=AXIS2_PLACEMENT_3D('',#5551,#4368,#4369);
#3861=AXIS2_PLACEMENT_3D('',#5555,#4371,#4372);
#3862=AXIS2_PLACEMENT_3D('',#5558,#4374,#4375);
#3863=AXIS2_PLACEMENT_3D('',#5563,#4377,#4378);
#3864=AXIS2_PLACEMENT_3D('',#5567,#4380,#4381);
#3865=AXIS2_PLACEMENT_3D('',#5570,#4383,#4384);
#3866=AXIS2_PLACEMENT_3D('',#5575,#4386,#4387);
#3867=AXIS2_PLACEMENT_3D('',#5579,#4389,#4390);
#3868=AXIS2_PLACEMENT_3D('',#5582,#4392,#4393);
#3869=AXIS2_PLACEMENT_3D('',#5587,#4395,#4396);
#3870=AXIS2_PLACEMENT_3D('',#5591,#4398,#4399);
#3871=AXIS2_PLACEMENT_3D('',#5594,#4401,#4402);
#3872=AXIS2_PLACEMENT_3D('',#5596,#4403,#4404);
#3873=AXIS2_PLACEMENT_3D('',#5599,#4405,#4406);
#3874=AXIS2_PLACEMENT_3D('',#5600,#4407,#4408);
#3875=AXIS2_PLACEMENT_3D('',#5602,#4409,#4410);
#3876=AXIS2_PLACEMENT_3D('',#5607,#4412,#4413);
#3877=AXIS2_PLACEMENT_3D('',#5611,#4415,#4416);
#3878=AXIS2_PLACEMENT_3D('',#5615,#4418,#4419);
#3879=AXIS2_PLACEMENT_3D('',#5618,#4421,#4422);
#3880=AXIS2_PLACEMENT_3D('',#5623,#4424,#4425);
#3881=AXIS2_PLACEMENT_3D('',#5627,#4427,#4428);
#3882=AXIS2_PLACEMENT_3D('',#5631,#4430,#4431);
#3883=AXIS2_PLACEMENT_3D('',#5634,#4433,#4434);
#3884=AXIS2_PLACEMENT_3D('',#5639,#4436,#4437);
#3885=AXIS2_PLACEMENT_3D('',#5643,#4439,#4440);
#3886=AXIS2_PLACEMENT_3D('',#5647,#4442,#4443);
#3887=AXIS2_PLACEMENT_3D('',#5650,#4445,#4446);
#3888=AXIS2_PLACEMENT_3D('',#5651,#4447,#4448);
#3889=AXIS2_PLACEMENT_3D('',#5652,#4449,#4450);
#3890=AXIS2_PLACEMENT_3D('',#5663,#4451,#4452);
#3891=AXIS2_PLACEMENT_3D('',#5674,#4453,#4454);
#3892=AXIS2_PLACEMENT_3D('',#5687,#4456,#4457);
#3893=AXIS2_PLACEMENT_3D('',#5700,#4459,#4460);
#3894=AXIS2_PLACEMENT_3D('',#5713,#4461,#4462);
#3895=AXIS2_PLACEMENT_3D('',#5725,#4464,#4465);
#3896=AXIS2_PLACEMENT_3D('',#5737,#4467,#4468);
#3897=AXIS2_PLACEMENT_3D('',#5743,#4472,#4473);
#3898=AXIS2_PLACEMENT_3D('',#5746,#4475,#4476);
#3899=AXIS2_PLACEMENT_3D('',#5747,#4477,#4478);
#3900=AXIS2_PLACEMENT_3D('',#5751,#4481,#4482);
#3901=AXIS2_PLACEMENT_3D('',#5754,#4484,#4485);
#3902=AXIS2_PLACEMENT_3D('',#5755,#4486,#4487);
#3903=AXIS2_PLACEMENT_3D('',#5759,#4490,#4491);
#3904=AXIS2_PLACEMENT_3D('',#5762,#4493,#4494);
#3905=AXIS2_PLACEMENT_3D('',#5763,#4495,#4496);
#3906=AXIS2_PLACEMENT_3D('',#5767,#4499,#4500);
#3907=AXIS2_PLACEMENT_3D('',#5768,#4501,#4502);
#3908=AXIS2_PLACEMENT_3D('',#5769,#4503,#4504);
#3909=AXIS2_PLACEMENT_3D('',#5770,#4505,#4506);
#3910=AXIS2_PLACEMENT_3D('',#5776,#4510,#4511);
#3911=AXIS2_PLACEMENT_3D('',#5779,#4513,#4514);
#3912=AXIS2_PLACEMENT_3D('',#5780,#4515,#4516);
#3913=AXIS2_PLACEMENT_3D('',#5784,#4519,#4520);
#3914=AXIS2_PLACEMENT_3D('',#5787,#4522,#4523);
#3915=AXIS2_PLACEMENT_3D('',#5788,#4524,#4525);
#3916=AXIS2_PLACEMENT_3D('',#5792,#4528,#4529);
#3917=AXIS2_PLACEMENT_3D('',#5795,#4531,#4532);
#3918=AXIS2_PLACEMENT_3D('',#5796,#4533,#4534);
#3919=AXIS2_PLACEMENT_3D('',#5800,#4537,#4538);
#3920=AXIS2_PLACEMENT_3D('',#5801,#4539,#4540);
#3921=AXIS2_PLACEMENT_3D('',#5802,#4541,#4542);
#3922=AXIS2_PLACEMENT_3D('',#5803,#4543,#4544);
#3923=AXIS2_PLACEMENT_3D('',#5809,#4548,#4549);
#3924=AXIS2_PLACEMENT_3D('',#5812,#4551,#4552);
#3925=AXIS2_PLACEMENT_3D('',#5813,#4553,#4554);
#3926=AXIS2_PLACEMENT_3D('',#5817,#4557,#4558);
#3927=AXIS2_PLACEMENT_3D('',#5820,#4560,#4561);
#3928=AXIS2_PLACEMENT_3D('',#5821,#4562,#4563);
#3929=AXIS2_PLACEMENT_3D('',#5825,#4566,#4567);
#3930=AXIS2_PLACEMENT_3D('',#5828,#4569,#4570);
#3931=AXIS2_PLACEMENT_3D('',#5829,#4571,#4572);
#3932=AXIS2_PLACEMENT_3D('',#5833,#4575,#4576);
#3933=AXIS2_PLACEMENT_3D('',#5834,#4577,#4578);
#3934=AXIS2_PLACEMENT_3D('',#5835,#4579,#4580);
#3935=AXIS2_PLACEMENT_3D('',#5836,#4581,#4582);
#3936=AXIS2_PLACEMENT_3D('',#5837,#4583,#4584);
#3937=AXIS2_PLACEMENT_3D('',#5838,#4585,#4586);
#3938=AXIS2_PLACEMENT_3D('',#5841,#4587,#4588);
#3939=AXIS2_PLACEMENT_3D('',#5842,#4589,#4590);
#3940=AXIS2_PLACEMENT_3D('',#5843,#4591,#4592);
#3941=AXIS2_PLACEMENT_3D('',#5844,#4593,#4594);
#3942=AXIS2_PLACEMENT_3D('',#5846,#4595,#4596);
#3943=AXIS2_PLACEMENT_3D('',#5848,#4598,#4599);
#3944=AXIS2_PLACEMENT_3D('',#5851,#4600,#4601);
#3945=AXIS2_PLACEMENT_3D('',#5852,#4602,#4603);
#3946=AXIS2_PLACEMENT_3D('',#5853,#4604,#4605);
#3947=AXIS2_PLACEMENT_3D('',#5854,#4606,#4607);
#3948=AXIS2_PLACEMENT_3D('',#5856,#4608,#4609);
#3949=AXIS2_PLACEMENT_3D('',#5858,#4611,#4612);
#3950=AXIS2_PLACEMENT_3D('',#5898,#4613,#4614);
#3951=AXIS2_PLACEMENT_3D('',#5936,#4615,#4616);
#3952=AXIS2_PLACEMENT_3D('',#5937,#4617,#4618);
#3953=AXIS2_PLACEMENT_3D('',#5938,#4619,#4620);
#3954=AXIS2_PLACEMENT_3D('',#5942,#4622,#4623);
#3955=AXIS2_PLACEMENT_3D('',#5944,#4625,#4626);
#3956=AXIS2_PLACEMENT_3D('',#5947,#4627,#4628);
#3957=AXIS2_PLACEMENT_3D('',#5948,#4629,#4630);
#3958=AXIS2_PLACEMENT_3D('',#5949,#4631,#4632);
#3959=AXIS2_PLACEMENT_3D('',#5950,#4633,#4634);
#3960=AXIS2_PLACEMENT_3D('',#5952,#4635,#4636);
#3961=AXIS2_PLACEMENT_3D('',#5954,#4638,#4639);
#3962=AXIS2_PLACEMENT_3D('',#5957,#4640,#4641);
#3963=AXIS2_PLACEMENT_3D('',#5958,#4642,#4643);
#3964=AXIS2_PLACEMENT_3D('',#5959,#4644,#4645);
#3965=AXIS2_PLACEMENT_3D('',#5960,#4646,#4647);
#3966=AXIS2_PLACEMENT_3D('',#5962,#4648,#4649);
#3967=AXIS2_PLACEMENT_3D('',#5964,#4651,#4652);
#3968=AXIS2_PLACEMENT_3D('',#5967,#4653,#4654);
#3969=AXIS2_PLACEMENT_3D('',#5968,#4655,#4656);
#3970=AXIS2_PLACEMENT_3D('',#5969,#4657,#4658);
#3971=AXIS2_PLACEMENT_3D('',#5970,#4659,#4660);
#3972=AXIS2_PLACEMENT_3D('',#5972,#4661,#4662);
#3973=AXIS2_PLACEMENT_3D('',#5974,#4664,#4665);
#3974=AXIS2_PLACEMENT_3D('',#5980,#4669,#4670);
#3975=AXIS2_PLACEMENT_3D('',#5983,#4672,#4673);
#3976=AXIS2_PLACEMENT_3D('',#5984,#4674,#4675);
#3977=AXIS2_PLACEMENT_3D('',#5988,#4678,#4679);
#3978=AXIS2_PLACEMENT_3D('',#5991,#4681,#4682);
#3979=AXIS2_PLACEMENT_3D('',#5992,#4683,#4684);
#3980=AXIS2_PLACEMENT_3D('',#5996,#4687,#4688);
#3981=AXIS2_PLACEMENT_3D('',#5999,#4690,#4691);
#3982=AXIS2_PLACEMENT_3D('',#6000,#4692,#4693);
#3983=AXIS2_PLACEMENT_3D('',#6004,#4696,#4697);
#3984=AXIS2_PLACEMENT_3D('',#6005,#4698,#4699);
#3985=AXIS2_PLACEMENT_3D('',#6006,#4700,#4701);
#3986=AXIS2_PLACEMENT_3D('',#6007,#4702,#4703);
#3987=AXIS2_PLACEMENT_3D('',#6010,#4704,#4705);
#3988=AXIS2_PLACEMENT_3D('',#6014,#4707,#4708);
#3989=AXIS2_PLACEMENT_3D('',#6018,#4710,#4711);
#3990=AXIS2_PLACEMENT_3D('',#6020,#4713,#4714);
#3991=AXIS2_PLACEMENT_3D('',#6023,#4717,#4718);
#3992=AXIS2_PLACEMENT_3D('',#6025,#4720,#4721);
#3993=AXIS2_PLACEMENT_3D('',#6027,#4723,#4724);
#3994=AXIS2_PLACEMENT_3D('',#6030,#4725,#4726);
#3995=AXIS2_PLACEMENT_3D('',#6034,#4728,#4729);
#3996=AXIS2_PLACEMENT_3D('',#6038,#4731,#4732);
#3997=AXIS2_PLACEMENT_3D('',#6040,#4734,#4735);
#3998=AXIS2_PLACEMENT_3D('',#6043,#4738,#4739);
#3999=AXIS2_PLACEMENT_3D('',#6045,#4741,#4742);
#4000=AXIS2_PLACEMENT_3D('',#6047,#4744,#4745);
#4001=AXIS2_PLACEMENT_3D('',#6050,#4746,#4747);
#4002=AXIS2_PLACEMENT_3D('',#6054,#4749,#4750);
#4003=AXIS2_PLACEMENT_3D('',#6058,#4752,#4753);
#4004=AXIS2_PLACEMENT_3D('',#6060,#4755,#4756);
#4005=AXIS2_PLACEMENT_3D('',#6063,#4759,#4760);
#4006=AXIS2_PLACEMENT_3D('',#6065,#4762,#4763);
#4007=AXIS2_PLACEMENT_3D('',#6067,#4765,#4766);
#4008=AXIS2_PLACEMENT_3D('',#6070,#4767,#4768);
#4009=AXIS2_PLACEMENT_3D('',#6074,#4770,#4771);
#4010=AXIS2_PLACEMENT_3D('',#6078,#4773,#4774);
#4011=AXIS2_PLACEMENT_3D('',#6080,#4776,#4777);
#4012=AXIS2_PLACEMENT_3D('',#6083,#4780,#4781);
#4013=AXIS2_PLACEMENT_3D('',#6085,#4783,#4784);
#4014=AXIS2_PLACEMENT_3D('',#6087,#4786,#4787);
#4015=AXIS2_PLACEMENT_3D('',#6090,#4790,#4791);
#4016=AXIS2_PLACEMENT_3D('',#6091,#4792,#4793);
#4017=AXIS2_PLACEMENT_3D('',#6092,#4794,#4795);
#4018=AXIS2_PLACEMENT_3D('',#6095,#4798,#4799);
#4019=AXIS2_PLACEMENT_3D('',#6096,#4800,#4801);
#4020=AXIS2_PLACEMENT_3D('',#6097,#4802,#4803);
#4021=AXIS2_PLACEMENT_3D('',#6100,#4806,#4807);
#4022=AXIS2_PLACEMENT_3D('',#6101,#4808,#4809);
#4023=AXIS2_PLACEMENT_3D('',#6102,#4810,#4811);
#4024=AXIS2_PLACEMENT_3D('',#6105,#4814,#4815);
#4025=AXIS2_PLACEMENT_3D('',#6106,#4816,#4817);
#4026=AXIS2_PLACEMENT_3D('',#6107,#4818,#4819);
#4027=AXIS2_PLACEMENT_3D('',#6109,#4820,#4821);
#4028=AXIS2_PLACEMENT_3D('',#6112,#4823,#4824);
#4029=AXIS2_PLACEMENT_3D('',#6114,#4825,#4826);
#4030=AXIS2_PLACEMENT_3D('',#6116,#4828,#4829);
#4031=AXIS2_PLACEMENT_3D('',#6118,#4830,#4831);
#4032=AXIS2_PLACEMENT_3D('',#6121,#4833,#4834);
#4033=AXIS2_PLACEMENT_3D('',#6123,#4835,#4836);
#4034=AXIS2_PLACEMENT_3D('',#6125,#4838,#4839);
#4035=AXIS2_PLACEMENT_3D('',#6127,#4840,#4841);
#4036=AXIS2_PLACEMENT_3D('',#6130,#4843,#4844);
#4037=AXIS2_PLACEMENT_3D('',#6132,#4845,#4846);
#4038=AXIS2_PLACEMENT_3D('',#6134,#4848,#4849);
#4039=AXIS2_PLACEMENT_3D('',#6136,#4850,#4851);
#4040=AXIS2_PLACEMENT_3D('',#6139,#4853,#4854);
#4041=AXIS2_PLACEMENT_3D('',#6141,#4855,#4856);
#4042=AXIS2_PLACEMENT_3D('',#6143,#4858,#4859);
#4043=AXIS2_PLACEMENT_3D('',#6144,#4860,#4861);
#4044=AXIS2_PLACEMENT_3D('',#6145,#4862,#4863);
#4045=AXIS2_PLACEMENT_3D('',#6146,#4864,#4865);
#4046=AXIS2_PLACEMENT_3D('',#6147,#4866,#4867);
#4047=AXIS2_PLACEMENT_3D('',#6149,#4868,#4869);
#4048=AXIS2_PLACEMENT_3D('',#6152,#4871,#4872);
#4049=AXIS2_PLACEMENT_3D('',#6154,#4873,#4874);
#4050=AXIS2_PLACEMENT_3D('',#6156,#4876,#4877);
#4051=AXIS2_PLACEMENT_3D('',#6158,#4878,#4879);
#4052=AXIS2_PLACEMENT_3D('',#6161,#4881,#4882);
#4053=AXIS2_PLACEMENT_3D('',#6163,#4883,#4884);
#4054=AXIS2_PLACEMENT_3D('',#6165,#4886,#4887);
#4055=AXIS2_PLACEMENT_3D('',#6167,#4888,#4889);
#4056=AXIS2_PLACEMENT_3D('',#6170,#4891,#4892);
#4057=AXIS2_PLACEMENT_3D('',#6172,#4893,#4894);
#4058=AXIS2_PLACEMENT_3D('',#6174,#4896,#4897);
#4059=AXIS2_PLACEMENT_3D('',#6176,#4898,#4899);
#4060=AXIS2_PLACEMENT_3D('',#6179,#4901,#4902);
#4061=AXIS2_PLACEMENT_3D('',#6181,#4903,#4904);
#4062=AXIS2_PLACEMENT_3D('',#6183,#4906,#4907);
#4063=AXIS2_PLACEMENT_3D('',#6184,#4908,#4909);
#4064=AXIS2_PLACEMENT_3D('',#6185,#4910,#4911);
#4065=AXIS2_PLACEMENT_3D('',#6186,#4912,#4913);
#4066=AXIS2_PLACEMENT_3D('',#6187,#4914,#4915);
#4067=AXIS2_PLACEMENT_3D('',#6188,#4916,#4917);
#4068=AXIS2_PLACEMENT_3D('',#6189,#4918,#4919);
#4069=AXIS2_PLACEMENT_3D('',#6191,#4920,#4921);
#4070=AXIS2_PLACEMENT_3D('',#6194,#4923,#4924);
#4071=AXIS2_PLACEMENT_3D('',#6196,#4925,#4926);
#4072=AXIS2_PLACEMENT_3D('',#6198,#4928,#4929);
#4073=AXIS2_PLACEMENT_3D('',#6200,#4930,#4931);
#4074=AXIS2_PLACEMENT_3D('',#6203,#4933,#4934);
#4075=AXIS2_PLACEMENT_3D('',#6205,#4935,#4936);
#4076=AXIS2_PLACEMENT_3D('',#6207,#4938,#4939);
#4077=AXIS2_PLACEMENT_3D('',#6208,#4940,#4941);
#4078=AXIS2_PLACEMENT_3D('',#6209,#4942,#4943);
#4079=AXIS2_PLACEMENT_3D('',#6213,#4945,#4946);
#4080=AXIS2_PLACEMENT_3D('',#6215,#4948,#4949);
#4081=AXIS2_PLACEMENT_3D('',#6217,#4950,#4951);
#4082=AXIS2_PLACEMENT_3D('',#6221,#4953,#4954);
#4083=AXIS2_PLACEMENT_3D('',#6225,#4956,#4957);
#4084=AXIS2_PLACEMENT_3D('',#6229,#4959,#4960);
#4085=AXIS2_PLACEMENT_3D('',#6231,#4961,#4962);
#4086=AXIS2_PLACEMENT_3D('',#6237,#4966,#4967);
#4087=AXIS2_PLACEMENT_3D('',#6239,#4969,#4970);
#4088=AXIS2_PLACEMENT_3D('',#6242,#4973,#4974);
#4089=AXIS2_PLACEMENT_3D('',#6244,#4976,#4977);
#4090=AXIS2_PLACEMENT_3D('',#6246,#4979,#4980);
#4091=AXIS2_PLACEMENT_3D('',#6248,#4982,#4983);
#4092=AXIS2_PLACEMENT_3D('',#6250,#4985,#4986);
#4093=AXIS2_PLACEMENT_3D('',#6252,#4988,#4989);
#4094=AXIS2_PLACEMENT_3D('',#6254,#4991,#4992);
#4095=AXIS2_PLACEMENT_3D('',#6256,#4994,#4995);
#4096=AXIS2_PLACEMENT_3D('',#6257,#4996,#4997);
#4097=AXIS2_PLACEMENT_3D('',#6258,#4998,#4999);
#4098=AXIS2_PLACEMENT_3D('',#6261,#5000,#5001);
#4099=AXIS2_PLACEMENT_3D('',#6265,#5003,#5004);
#4100=AXIS2_PLACEMENT_3D('',#6267,#5006,#5007);
#4101=AXIS2_PLACEMENT_3D('',#6270,#5008,#5009);
#4102=AXIS2_PLACEMENT_3D('',#6274,#5011,#5012);
#4103=AXIS2_PLACEMENT_3D('',#6276,#5014,#5015);
#4104=AXIS2_PLACEMENT_3D('',#6279,#5016,#5017);
#4105=AXIS2_PLACEMENT_3D('',#6283,#5019,#5020);
#4106=AXIS2_PLACEMENT_3D('',#6285,#5022,#5023);
#4107=AXIS2_PLACEMENT_3D('',#6288,#5024,#5025);
#4108=AXIS2_PLACEMENT_3D('',#6291,#5028,#5029);
#4109=AXIS2_PLACEMENT_3D('',#6295,#5032,#5033);
#4110=AXIS2_PLACEMENT_3D('',#6299,#5036,#5037);
#4111=AXIS2_PLACEMENT_3D('',#6300,#5038,#5039);
#4112=AXIS2_PLACEMENT_3D('',#6301,#5040,#5041);
#4113=AXIS2_PLACEMENT_3D('',#6304,#5042,#5043);
#4114=AXIS2_PLACEMENT_3D('',#6307,#5046,#5047);
#4115=AXIS2_PLACEMENT_3D('',#6311,#5050,#5051);
#4116=AXIS2_PLACEMENT_3D('',#6315,#5054,#5055);
#4117=AXIS2_PLACEMENT_3D('',#6316,#5056,#5057);
#4118=AXIS2_PLACEMENT_3D('',#6317,#5058,#5059);
#4119=AXIS2_PLACEMENT_3D('',#6320,#5060,#5061);
#4120=AXIS2_PLACEMENT_3D('',#6323,#5064,#5065);
#4121=AXIS2_PLACEMENT_3D('',#6327,#5068,#5069);
#4122=AXIS2_PLACEMENT_3D('',#6331,#5072,#5073);
#4123=AXIS2_PLACEMENT_3D('',#6332,#5074,#5075);
#4124=AXIS2_PLACEMENT_3D('',#6333,#5076,#5077);
#4125=AXIS2_PLACEMENT_3D('',#6342,#5082,#5083);
#4126=AXIS2_PLACEMENT_3D('',#6348,#5087,#5088);
#4127=AXIS2_PLACEMENT_3D('',#6354,#5092,#5093);
#4128=AXIS2_PLACEMENT_3D('',#6357,#5096,#5097);
#4129=AXIS2_PLACEMENT_3D('',#6366,#5102,#5103);
#4130=AXIS2_PLACEMENT_3D('',#6372,#5107,#5108);
#4131=AXIS2_PLACEMENT_3D('',#6376,#5111,#5112);
#4132=AXIS2_PLACEMENT_3D('',#6380,#5115,#5116);
#4133=AXIS2_PLACEMENT_3D('',#6382,#5118,#5119);
#4134=AXIS2_PLACEMENT_3D('',#6391,#5124,#5125);
#4135=AXIS2_PLACEMENT_3D('',#6397,#5129,#5130);
#4136=AXIS2_PLACEMENT_3D('',#6398,#5131,#5132);
#4137=AXIS2_PLACEMENT_3D('',#6399,#5133,#5134);
#4138=AXIS2_PLACEMENT_3D('',#6400,#5135,#5136);
#4139=AXIS2_PLACEMENT_3D('',#6409,#5141,#5142);
#4140=AXIS2_PLACEMENT_3D('',#6415,#5146,#5147);
#4141=AXIS2_PLACEMENT_3D('',#6416,#5148,#5149);
#4142=AXIS2_PLACEMENT_3D('',#6417,#5150,#5151);
#4143=AXIS2_PLACEMENT_3D('',#6418,#5152,#5153);
#4144=AXIS2_PLACEMENT_3D('',#6421,#5154,#5155);
#4145=AXIS2_PLACEMENT_3D('',#6425,#5157,#5158);
#4146=AXIS2_PLACEMENT_3D('',#6427,#5160,#5161);
#4147=AXIS2_PLACEMENT_3D('',#6433,#5165,#5166);
#4148=AXIS2_PLACEMENT_3D('',#6436,#5169,#5170);
#4149=AXIS2_PLACEMENT_3D('',#6445,#5175,#5176);
#4150=AXIS2_PLACEMENT_3D('',#6451,#5180,#5181);
#4151=AXIS2_PLACEMENT_3D('',#6452,#5182,#5183);
#4152=AXIS2_PLACEMENT_3D('',#6453,#5184,#5185);
#4153=AXIS2_PLACEMENT_3D('',#6454,#5186,#5187);
#4154=AXIS2_PLACEMENT_3D('',#6463,#5192,#5193);
#4155=AXIS2_PLACEMENT_3D('',#6469,#5197,#5198);
#4156=AXIS2_PLACEMENT_3D('',#6472,#5199,#5200);
#4157=AXIS2_PLACEMENT_3D('',#6476,#5202,#5203);
#4158=AXIS2_PLACEMENT_3D('',#6478,#5205,#5206);
#4159=AXIS2_PLACEMENT_3D('',#6483,#5208,#5209);
#4160=AXIS2_PLACEMENT_3D('',#6485,#5210,#5211);
#4161=AXIS2_PLACEMENT_3D('',#6489,#5213,#5214);
#4162=AXIS2_PLACEMENT_3D('',#6493,#5216,#5217);
#4163=AXIS2_PLACEMENT_3D('',#6496,#5219,#5220);
#4164=AXIS2_PLACEMENT_3D('',#6504,#5224,#5225);
#4165=AXIS2_PLACEMENT_3D('',#6506,#5226,#5227);
#4166=AXIS2_PLACEMENT_3D('',#6510,#5229,#5230);
#4167=AXIS2_PLACEMENT_3D('',#6514,#5232,#5233);
#4168=AXIS2_PLACEMENT_3D('',#6518,#5235,#5236);
#4169=AXIS2_PLACEMENT_3D('',#6520,#5237,#5238);
#4170=AXIS2_PLACEMENT_3D('',#6524,#5241,#5242);
#4171=AXIS2_PLACEMENT_3D('',#6526,#5243,#5244);
#4172=AXIS2_PLACEMENT_3D('',#6528,#5246,#5247);
#4173=AXIS2_PLACEMENT_3D('',#6531,#5250,#5251);
#4174=AXIS2_PLACEMENT_3D('',#6535,#5253,#5254);
#4175=AXIS2_PLACEMENT_3D('',#6537,#5256,#5257);
#4176=AXIS2_PLACEMENT_3D('',#6541,#5260,#5261);
#4177=AXIS2_PLACEMENT_3D('',#6544,#5263,#5264);
#4178=AXIS2_PLACEMENT_3D('',#6545,#5265,#5266);
#4179=AXIS2_PLACEMENT_3D('',#6549,#5268,#5269);
#4180=AXIS2_PLACEMENT_3D('',#6552,#5271,#5272);
#4181=AXIS2_PLACEMENT_3D('',#6554,#5274,#5275);
#4182=AXIS2_PLACEMENT_3D('',#6556,#5277,#5278);
#4183=AXIS2_PLACEMENT_3D('',#6560,#5280,#5281);
#4184=AXIS2_PLACEMENT_3D('',#6562,#5283,#5284);
#4185=AXIS2_PLACEMENT_3D('',#6564,#5285,#5286);
#4186=AXIS2_PLACEMENT_3D('',#6566,#5288,#5289);
#4187=AXIS2_PLACEMENT_3D('',#6570,#5291,#5292);
#4188=AXIS2_PLACEMENT_3D('',#6572,#5294,#5295);
#4189=AXIS2_PLACEMENT_3D('',#6576,#5298,#5299);
#4190=AXIS2_PLACEMENT_3D('',#6579,#5301,#5302);
#4191=AXIS2_PLACEMENT_3D('',#6580,#5303,#5304);
#4192=AXIS2_PLACEMENT_3D('',#6582,#5306,#5307);
#4193=AXIS2_PLACEMENT_3D('',#6584,#5309,#5310);
#4194=AXIS2_PLACEMENT_3D('',#6586,#5312,#5313);
#4195=AXIS2_PLACEMENT_3D('',#6587,#5314,#5315);
#4196=AXIS2_PLACEMENT_3D('',#6591,#5318,#5319);
#4197=AXIS2_PLACEMENT_3D('',#6593,#5320,#5321);
#4198=AXIS2_PLACEMENT_3D('',#6595,#5323,#5324);
#4199=AXIS2_PLACEMENT_3D('',#6599,#5327,#5328);
#4200=AXIS2_PLACEMENT_3D('',#6601,#5329,#5330);
#4201=AXIS2_PLACEMENT_3D('',#6603,#5332,#5333);
#4202=AXIS2_PLACEMENT_3D('',#6605,#5335,#5336);
#4203=AXIS2_PLACEMENT_3D('',#6609,#5339,#5340);
#4204=AXIS2_PLACEMENT_3D('',#6611,#5342,#5343);
#4205=AXIS2_PLACEMENT_3D('',#6612,#5344,#5345);
#4206=AXIS2_PLACEMENT_3D('',#6613,#5346,#5347);
#4207=DIRECTION('axis',(0.,0.,1.));
#4208=DIRECTION('refdir',(1.,0.,0.));
#4209=DIRECTION('axis',(0.,0.,1.));
#4210=DIRECTION('refdir',(1.,0.,0.));
#4211=DIRECTION('center_axis',(0.,0.,1.));
#4212=DIRECTION('ref_axis',(1.,0.,0.));
#4213=DIRECTION('center_axis',(0.,0.,1.));
#4214=DIRECTION('ref_axis',(1.,0.,0.));
#4215=DIRECTION('',(-0.64278760968654,-0.766044443118977,0.));
#4216=DIRECTION('',(0.766044443118986,-0.64278760968653,0.));
#4217=DIRECTION('',(0.642787609686531,0.766044443118985,0.));
#4218=DIRECTION('center_axis',(0.,0.,1.));
#4219=DIRECTION('ref_axis',(1.,0.,0.));
#4220=DIRECTION('center_axis',(0.,0.,-1.));
#4221=DIRECTION('ref_axis',(1.,0.,0.));
#4222=DIRECTION('',(0.,0.,-1.));
#4223=DIRECTION('center_axis',(0.,0.,-1.));
#4224=DIRECTION('ref_axis',(1.,0.,0.));
#4225=DIRECTION('',(0.,0.,1.));
#4226=DIRECTION('',(0.,0.,-1.));
#4227=DIRECTION('center_axis',(0.,0.,-1.));
#4228=DIRECTION('ref_axis',(1.,0.,0.));
#4229=DIRECTION('center_axis',(0.,0.,1.));
#4230=DIRECTION('ref_axis',(1.,0.,0.));
#4231=DIRECTION('center_axis',(0.,0.,1.));
#4232=DIRECTION('ref_axis',(1.,0.,0.));
#4233=DIRECTION('',(1.,0.,0.));
#4234=DIRECTION('',(0.,1.,0.));
#4235=DIRECTION('',(-1.,0.,0.));
#4236=DIRECTION('center_axis',(0.,0.,1.));
#4237=DIRECTION('ref_axis',(1.,0.,0.));
#4238=DIRECTION('center_axis',(0.,0.,-1.));
#4239=DIRECTION('ref_axis',(1.,0.,0.));
#4240=DIRECTION('',(0.,0.,-1.));
#4241=DIRECTION('center_axis',(0.,0.,-1.));
#4242=DIRECTION('ref_axis',(1.,0.,0.));
#4243=DIRECTION('',(0.,0.,1.));
#4244=DIRECTION('',(0.,0.,-1.));
#4245=DIRECTION('center_axis',(0.,0.,-1.));
#4246=DIRECTION('ref_axis',(1.,0.,0.));
#4247=DIRECTION('center_axis',(0.,0.,1.));
#4248=DIRECTION('ref_axis',(1.,0.,0.));
#4249=DIRECTION('center_axis',(0.,0.,1.));
#4250=DIRECTION('ref_axis',(1.,0.,0.));
#4251=DIRECTION('',(-1.,0.,0.));
#4252=DIRECTION('',(0.,-1.,0.));
#4253=DIRECTION('',(1.,0.,0.));
#4254=DIRECTION('center_axis',(0.,0.,1.));
#4255=DIRECTION('ref_axis',(1.,0.,0.));
#4256=DIRECTION('center_axis',(0.,0.,1.));
#4257=DIRECTION('ref_axis',(1.,0.,0.));
#4258=DIRECTION('center_axis',(0.,0.,-1.));
#4259=DIRECTION('ref_axis',(1.,0.,0.));
#4260=DIRECTION('',(0.,0.,-1.));
#4261=DIRECTION('',(0.,0.,-1.));
#4262=DIRECTION('center_axis',(0.,0.,-1.));
#4263=DIRECTION('ref_axis',(1.,0.,0.));
#4264=DIRECTION('',(0.,0.,1.));
#4265=DIRECTION('center_axis',(0.,0.,1.));
#4266=DIRECTION('ref_axis',(1.,0.,0.));
#4267=DIRECTION('center_axis',(0.,0.,1.));
#4268=DIRECTION('ref_axis',(1.,0.,0.));
#4269=DIRECTION('',(0.707106781186548,-0.707106781186548,0.));
#4270=DIRECTION('',(0.707106781186547,0.707106781186547,0.));
#4271=DIRECTION('',(-0.707106781186549,0.707106781186546,0.));
#4272=DIRECTION('center_axis',(0.,0.,1.));
#4273=DIRECTION('ref_axis',(1.,0.,0.));
#4274=DIRECTION('center_axis',(0.,0.,-1.));
#4275=DIRECTION('ref_axis',(1.,0.,0.));
#4276=DIRECTION('',(0.,0.,-1.));
#4277=DIRECTION('center_axis',(0.,0.,-1.));
#4278=DIRECTION('ref_axis',(1.,0.,0.));
#4279=DIRECTION('',(0.,0.,1.));
#4280=DIRECTION('',(0.,0.,-1.));
#4281=DIRECTION('center_axis',(0.,0.,-1.));
#4282=DIRECTION('ref_axis',(1.,0.,0.));
#4283=DIRECTION('center_axis',(0.,0.,-1.));
#4284=DIRECTION('ref_axis',(0.766044443118986,-0.64278760968653,0.));
#4285=DIRECTION('center_axis',(0.,0.,1.));
#4286=DIRECTION('ref_axis',(-1.,0.,0.));
#4287=DIRECTION('',(-0.642787609686531,-0.766044443118985,0.));
#4288=DIRECTION('',(0.766044443118986,-0.64278760968653,0.));
#4289=DIRECTION('',(-0.642787609686531,-0.766044443118985,0.));
#4290=DIRECTION('center_axis',(-0.642787609686531,-0.766044443118985,0.));
#4291=DIRECTION('ref_axis',(0.,0.,1.));
#4292=DIRECTION('',(0.,0.,1.));
#4293=DIRECTION('',(0.,0.,1.));
#4294=DIRECTION('center_axis',(0.,0.,-1.));
#4295=DIRECTION('ref_axis',(0.707106781186548,0.707106781186548,0.));
#4296=DIRECTION('center_axis',(0.,0.,1.));
#4297=DIRECTION('ref_axis',(-1.33226762955019E-15,-1.,0.));
#4298=DIRECTION('',(0.707106781186549,-0.707106781186546,0.));
#4299=DIRECTION('',(0.707106781186547,0.707106781186547,0.));
#4300=DIRECTION('',(0.707106781186549,-0.707106781186546,0.));
#4301=DIRECTION('center_axis',(0.707106781186549,-0.707106781186546,0.));
#4302=DIRECTION('ref_axis',(0.,0.,-1.));
#4303=DIRECTION('',(0.,0.,1.));
#4304=DIRECTION('',(0.,0.,1.));
#4305=DIRECTION('center_axis',(-0.707106781186548,-0.707106781186548,0.));
#4306=DIRECTION('ref_axis',(0.707106781186548,-0.707106781186548,0.));
#4307=DIRECTION('',(-0.707106781186549,0.707106781186546,0.));
#4308=DIRECTION('center_axis',(0.707106781186548,0.707106781186548,0.));
#4309=DIRECTION('ref_axis',(-0.707106781186548,0.707106781186548,0.));
#4310=DIRECTION('',(0.707106781186548,-0.707106781186548,0.));
#4311=DIRECTION('center_axis',(0.,0.,1.));
#4312=DIRECTION('ref_axis',(1.,0.,0.));
#4313=DIRECTION('',(0.642787609686531,0.766044443118985,0.));
#4314=DIRECTION('center_axis',(0.,0.,1.));
#4315=DIRECTION('ref_axis',(1.,0.,0.));
#4316=DIRECTION('',(-0.642787609686537,-0.76604444311898,0.));
#4317=DIRECTION('center_axis',(0.,0.,1.));
#4318=DIRECTION('ref_axis',(-1.,0.,0.));
#4319=DIRECTION('',(1.,2.3373116307898E-16,0.));
#4320=DIRECTION('center_axis',(0.,0.,1.));
#4321=DIRECTION('ref_axis',(-1.33226762955019E-15,-1.,0.));
#4322=DIRECTION('center_axis',(0.,0.,1.));
#4323=DIRECTION('ref_axis',(1.,0.,0.));
#4324=DIRECTION('center_axis',(0.,0.,1.));
#4325=DIRECTION('ref_axis',(-1.33226762955019E-15,-1.,0.));
#4326=DIRECTION('',(0.,1.,0.));
#4327=DIRECTION('center_axis',(0.,0.,1.));
#4328=DIRECTION('ref_axis',(1.,0.,0.));
#4329=DIRECTION('',(0.,1.,0.));
#4330=DIRECTION('center_axis',(0.,0.,1.));
#4331=DIRECTION('ref_axis',(-0.707106781186546,0.707106781186549,0.));
#4332=DIRECTION('center_axis',(0.,0.,-1.));
#4333=DIRECTION('ref_axis',(0.866025298395363,-0.500000182539189,0.));
#4334=DIRECTION('',(0.,1.,0.));
#4335=DIRECTION('',(-1.,0.,0.));
#4336=DIRECTION('',(0.,-1.,0.));
#4337=DIRECTION('center_axis',(0.,0.,-1.));
#4338=DIRECTION('ref_axis',(-0.866025401633635,-0.500000003725302,0.));
#4339=DIRECTION('center_axis',(0.,0.,1.));
#4340=DIRECTION('ref_axis',(0.707106781186548,0.707106781186548,0.));
#4341=DIRECTION('',(-1.77635683940025E-15,-1.,0.));
#4342=DIRECTION('',(1.,0.,0.));
#4343=DIRECTION('center_axis',(0.,0.,1.));
#4344=DIRECTION('ref_axis',(1.,0.,0.));
#4345=DIRECTION('',(-1.,0.,0.));
#4346=DIRECTION('',(-1.77635683940025E-15,-1.,0.));
#4347=DIRECTION('center_axis',(0.,0.,1.));
#4348=DIRECTION('ref_axis',(-1.,0.,0.));
#4349=DIRECTION('center_axis',(0.,0.,1.));
#4350=DIRECTION('ref_axis',(1.,0.,0.));
#4351=DIRECTION('center_axis',(0.,0.,1.));
#4352=DIRECTION('ref_axis',(1.,0.,0.));
#4353=DIRECTION('center_axis',(0.,0.,1.));
#4354=DIRECTION('ref_axis',(1.,0.,0.));
#4355=DIRECTION('',(-1.,0.,0.));
#4356=DIRECTION('center_axis',(0.,0.,-1.));
#4357=DIRECTION('ref_axis',(-1.,0.,0.));
#4358=DIRECTION('',(-8.88178395877323E-16,1.,0.));
#4359=DIRECTION('center_axis',(0.,0.,-1.));
#4360=DIRECTION('ref_axis',(-6.6613381477509E-15,1.,0.));
#4361=DIRECTION('',(1.,0.,0.));
#4362=DIRECTION('center_axis',(0.,0.,-1.));
#4363=DIRECTION('ref_axis',(1.,8.8817841970012E-15,0.));
#4364=DIRECTION('',(1.77635679175464E-15,-1.,0.));
#4365=DIRECTION('center_axis',(0.,0.,-1.));
#4366=DIRECTION('ref_axis',(-6.66133814775096E-15,-1.,0.));
#4367=DIRECTION('',(-0.872758147123132,0.488152861950227,0.));
#4368=DIRECTION('center_axis',(0.,0.,-1.));
#4369=DIRECTION('ref_axis',(7.40148683083439E-15,1.,0.));
#4370=DIRECTION('',(1.,0.,0.));
#4371=DIRECTION('center_axis',(0.,0.,-1.));
#4372=DIRECTION('ref_axis',(1.,0.,0.));
#4373=DIRECTION('',(0.,-1.,0.));
#4374=DIRECTION('center_axis',(0.,0.,-1.));
#4375=DIRECTION('ref_axis',(-0.488152861950225,-0.872758147123133,0.));
#4376=DIRECTION('',(0.986571963060898,-0.163327161556696,0.));
#4377=DIRECTION('center_axis',(0.,0.,-1.));
#4378=DIRECTION('ref_axis',(-1.02140518265596E-13,-1.,0.));
#4379=DIRECTION('',(-1.,4.85563095517973E-14,0.));
#4380=DIRECTION('center_axis',(0.,0.,-1.));
#4381=DIRECTION('ref_axis',(-1.,0.,0.));
#4382=DIRECTION('',(3.53408376193217E-13,1.,0.));
#4383=DIRECTION('center_axis',(0.,0.,-1.));
#4384=DIRECTION('ref_axis',(0.163327161556741,0.98657196306089,0.));
#4385=DIRECTION('',(-1.,0.,0.));
#4386=DIRECTION('center_axis',(0.,0.,-1.));
#4387=DIRECTION('ref_axis',(-1.,0.,0.));
#4388=DIRECTION('',(0.,1.,0.));
#4389=DIRECTION('center_axis',(0.,0.,-1.));
#4390=DIRECTION('ref_axis',(0.488152861950229,0.872758147123131,0.));
#4391=DIRECTION('',(0.872758147123132,-0.488152861950227,0.));
#4392=DIRECTION('center_axis',(0.,0.,-1.));
#4393=DIRECTION('ref_axis',(2.96059473233374E-15,-1.,0.));
#4394=DIRECTION('',(-0.986571963060898,0.163327161556696,0.));
#4395=DIRECTION('center_axis',(0.,0.,-1.));
#4396=DIRECTION('ref_axis',(1.02140518265596E-13,1.,0.));
#4397=DIRECTION('',(1.,-4.84747480015983E-14,0.));
#4398=DIRECTION('center_axis',(0.,0.,-1.));
#4399=DIRECTION('ref_axis',(1.,0.,0.));
#4400=DIRECTION('',(-3.53408376193218E-13,-1.,0.));
#4401=DIRECTION('center_axis',(0.,0.,-1.));
#4402=DIRECTION('ref_axis',(-0.163327161556741,-0.98657196306089,0.));
#4403=DIRECTION('center_axis',(0.,0.,1.));
#4404=DIRECTION('ref_axis',(1.,0.,0.));
#4405=DIRECTION('center_axis',(0.,0.,1.));
#4406=DIRECTION('ref_axis',(0.461332293669767,-0.88722743128095,0.));
#4407=DIRECTION('center_axis',(0.,0.,1.));
#4408=DIRECTION('ref_axis',(-0.461332293669767,0.88722743128095,0.));
#4409=DIRECTION('center_axis',(0.,0.,1.));
#4410=DIRECTION('ref_axis',(1.,0.,0.));
#4411=DIRECTION('',(0.,-1.,0.));
#4412=DIRECTION('center_axis',(0.,0.,-1.));
#4413=DIRECTION('ref_axis',(0.,-1.,0.));
#4414=DIRECTION('',(-1.,-5.55111487497162E-16,0.));
#4415=DIRECTION('center_axis',(0.,0.,-1.));
#4416=DIRECTION('ref_axis',(-1.,-2.77555756156289E-16,0.));
#4417=DIRECTION('',(0.,1.,0.));
#4418=DIRECTION('center_axis',(0.,0.,-1.));
#4419=DIRECTION('ref_axis',(0.,1.,0.));
#4420=DIRECTION('',(1.,-3.33066892498296E-15,0.));
#4421=DIRECTION('center_axis',(0.,0.,-1.));
#4422=DIRECTION('ref_axis',(1.,0.,0.));
#4423=DIRECTION('',(1.,0.,0.));
#4424=DIRECTION('center_axis',(0.,0.,-1.));
#4425=DIRECTION('ref_axis',(1.,-8.88178419700134E-15,0.));
#4426=DIRECTION('',(0.,-1.,0.));
#4427=DIRECTION('center_axis',(0.,0.,-1.));
#4428=DIRECTION('ref_axis',(-8.88178419700134E-15,-1.,0.));
#4429=DIRECTION('',(-1.,0.,0.));
#4430=DIRECTION('center_axis',(0.,0.,-1.));
#4431=DIRECTION('ref_axis',(-1.,8.88178419700131E-15,0.));
#4432=DIRECTION('',(0.,1.,0.));
#4433=DIRECTION('center_axis',(0.,0.,-1.));
#4434=DIRECTION('ref_axis',(4.44089209850066E-15,1.,0.));
#4435=DIRECTION('',(1.,-3.33066892498296E-15,0.));
#4436=DIRECTION('center_axis',(0.,0.,-1.));
#4437=DIRECTION('ref_axis',(1.,0.,0.));
#4438=DIRECTION('',(0.,-1.,0.));
#4439=DIRECTION('center_axis',(0.,0.,-1.));
#4440=DIRECTION('ref_axis',(0.,-1.,0.));
#4441=DIRECTION('',(-1.,-5.55111487497162E-16,0.));
#4442=DIRECTION('center_axis',(0.,0.,-1.));
#4443=DIRECTION('ref_axis',(-1.,-2.77555756156289E-16,0.));
#4444=DIRECTION('',(0.,1.,0.));
#4445=DIRECTION('center_axis',(0.,0.,-1.));
#4446=DIRECTION('ref_axis',(0.,1.,0.));
#4447=DIRECTION('center_axis',(0.,0.,-1.));
#4448=DIRECTION('ref_axis',(-0.734041428055677,0.679104691412144,0.));
#4449=DIRECTION('center_axis',(-0.766044443118977,0.642787609686541,0.));
#4450=DIRECTION('ref_axis',(-0.64278760968654,-0.766044443118977,0.));
#4451=DIRECTION('center_axis',(0.76604444311898,-0.642787609686537,0.));
#4452=DIRECTION('ref_axis',(0.642787609686537,0.76604444311898,0.));
#4453=DIRECTION('center_axis',(0.,-1.,0.));
#4454=DIRECTION('ref_axis',(1.,0.,0.));
#4455=DIRECTION('',(0.,0.,1.));
#4456=DIRECTION('center_axis',(0.,1.,0.));
#4457=DIRECTION('ref_axis',(-1.,0.,0.));
#4458=DIRECTION('',(0.,0.,1.));
#4459=DIRECTION('center_axis',(0.,0.,-1.));
#4460=DIRECTION('ref_axis',(-1.,0.,0.));
#4461=DIRECTION('center_axis',(0.,1.,0.));
#4462=DIRECTION('ref_axis',(-1.,0.,0.));
#4463=DIRECTION('',(0.,0.,1.));
#4464=DIRECTION('center_axis',(0.,-1.,0.));
#4465=DIRECTION('ref_axis',(1.,0.,0.));
#4466=DIRECTION('',(0.,0.,1.));
#4467=DIRECTION('center_axis',(3.33066892498296E-15,1.,0.));
#4468=DIRECTION('ref_axis',(1.,-3.33066892498296E-15,0.));
#4469=DIRECTION('',(0.,0.,-1.));
#4470=DIRECTION('',(1.,-3.33066892498296E-15,0.));
#4471=DIRECTION('',(0.,0.,-1.));
#4472=DIRECTION('center_axis',(0.,0.,-1.));
#4473=DIRECTION('ref_axis',(0.,1.,0.));
#4474=DIRECTION('',(0.,0.,-1.));
#4475=DIRECTION('center_axis',(0.,0.,-1.));
#4476=DIRECTION('ref_axis',(0.,1.,0.));
#4477=DIRECTION('center_axis',(-1.,0.,0.));
#4478=DIRECTION('ref_axis',(0.,1.,0.));
#4479=DIRECTION('',(0.,0.,-1.));
#4480=DIRECTION('',(0.,1.,0.));
#4481=DIRECTION('center_axis',(0.,0.,-1.));
#4482=DIRECTION('ref_axis',(-1.,-2.77555756156289E-16,0.));
#4483=DIRECTION('',(0.,0.,-1.));
#4484=DIRECTION('center_axis',(0.,0.,-1.));
#4485=DIRECTION('ref_axis',(-1.,-2.77555756156289E-16,0.));
#4486=DIRECTION('center_axis',(5.55111487497162E-16,-1.,0.));
#4487=DIRECTION('ref_axis',(-1.,-5.55111487497162E-16,0.));
#4488=DIRECTION('',(0.,0.,-1.));
#4489=DIRECTION('',(-1.,-5.55111487497162E-16,0.));
#4490=DIRECTION('center_axis',(0.,0.,-1.));
#4491=DIRECTION('ref_axis',(0.,-1.,0.));
#4492=DIRECTION('',(0.,0.,-1.));
#4493=DIRECTION('center_axis',(0.,0.,-1.));
#4494=DIRECTION('ref_axis',(0.,-1.,0.));
#4495=DIRECTION('center_axis',(1.,0.,0.));
#4496=DIRECTION('ref_axis',(0.,-1.,0.));
#4497=DIRECTION('',(0.,0.,-1.));
#4498=DIRECTION('',(0.,-1.,0.));
#4499=DIRECTION('center_axis',(0.,0.,-1.));
#4500=DIRECTION('ref_axis',(1.,0.,0.));
#4501=DIRECTION('center_axis',(0.,0.,-1.));
#4502=DIRECTION('ref_axis',(1.,0.,0.));
#4503=DIRECTION('center_axis',(0.,0.,1.));
#4504=DIRECTION('ref_axis',(-1.,0.,0.));
#4505=DIRECTION('center_axis',(0.,1.,0.));
#4506=DIRECTION('ref_axis',(1.,0.,0.));
#4507=DIRECTION('',(0.,0.,-1.));
#4508=DIRECTION('',(1.,0.,0.));
#4509=DIRECTION('',(0.,0.,-1.));
#4510=DIRECTION('center_axis',(0.,0.,-1.));
#4511=DIRECTION('ref_axis',(4.44089209850066E-15,1.,0.));
#4512=DIRECTION('',(0.,0.,-1.));
#4513=DIRECTION('center_axis',(0.,0.,-1.));
#4514=DIRECTION('ref_axis',(4.44089209850066E-15,1.,0.));
#4515=DIRECTION('center_axis',(-1.,0.,0.));
#4516=DIRECTION('ref_axis',(0.,1.,0.));
#4517=DIRECTION('',(0.,0.,-1.));
#4518=DIRECTION('',(0.,1.,0.));
#4519=DIRECTION('center_axis',(0.,0.,-1.));
#4520=DIRECTION('ref_axis',(-1.,8.88178419700131E-15,0.));
#4521=DIRECTION('',(0.,0.,-1.));
#4522=DIRECTION('center_axis',(0.,0.,-1.));
#4523=DIRECTION('ref_axis',(-1.,8.88178419700131E-15,0.));
#4524=DIRECTION('center_axis',(0.,-1.,0.));
#4525=DIRECTION('ref_axis',(-1.,0.,0.));
#4526=DIRECTION('',(0.,0.,-1.));
#4527=DIRECTION('',(-1.,0.,0.));
#4528=DIRECTION('center_axis',(0.,0.,-1.));
#4529=DIRECTION('ref_axis',(-8.88178419700134E-15,-1.,0.));
#4530=DIRECTION('',(0.,0.,-1.));
#4531=DIRECTION('center_axis',(0.,0.,-1.));
#4532=DIRECTION('ref_axis',(-8.88178419700134E-15,-1.,0.));
#4533=DIRECTION('center_axis',(1.,0.,0.));
#4534=DIRECTION('ref_axis',(0.,-1.,0.));
#4535=DIRECTION('',(0.,0.,-1.));
#4536=DIRECTION('',(0.,-1.,0.));
#4537=DIRECTION('center_axis',(0.,0.,-1.));
#4538=DIRECTION('ref_axis',(1.,-8.88178419700134E-15,0.));
#4539=DIRECTION('center_axis',(0.,0.,-1.));
#4540=DIRECTION('ref_axis',(1.,-8.88178419700134E-15,0.));
#4541=DIRECTION('center_axis',(0.,0.,1.));
#4542=DIRECTION('ref_axis',(-1.,0.,0.));
#4543=DIRECTION('center_axis',(1.,0.,0.));
#4544=DIRECTION('ref_axis',(0.,-1.,0.));
#4545=DIRECTION('',(0.,0.,-1.));
#4546=DIRECTION('',(0.,-1.,0.));
#4547=DIRECTION('',(0.,0.,-1.));
#4548=DIRECTION('center_axis',(0.,0.,-1.));
#4549=DIRECTION('ref_axis',(1.,0.,0.));
#4550=DIRECTION('',(0.,0.,-1.));
#4551=DIRECTION('center_axis',(0.,0.,-1.));
#4552=DIRECTION('ref_axis',(1.,0.,0.));
#4553=DIRECTION('center_axis',(3.33066892498296E-15,1.,0.));
#4554=DIRECTION('ref_axis',(1.,-3.33066892498296E-15,0.));
#4555=DIRECTION('',(0.,0.,-1.));
#4556=DIRECTION('',(1.,-3.33066892498296E-15,0.));
#4557=DIRECTION('center_axis',(0.,0.,-1.));
#4558=DIRECTION('ref_axis',(0.,1.,0.));
#4559=DIRECTION('',(0.,0.,-1.));
#4560=DIRECTION('center_axis',(0.,0.,-1.));
#4561=DIRECTION('ref_axis',(0.,1.,0.));
#4562=DIRECTION('center_axis',(-1.,0.,0.));
#4563=DIRECTION('ref_axis',(0.,1.,0.));
#4564=DIRECTION('',(0.,0.,-1.));
#4565=DIRECTION('',(0.,1.,0.));
#4566=DIRECTION('center_axis',(0.,0.,-1.));
#4567=DIRECTION('ref_axis',(-1.,-2.77555756156289E-16,0.));
#4568=DIRECTION('',(0.,0.,-1.));
#4569=DIRECTION('center_axis',(0.,0.,-1.));
#4570=DIRECTION('ref_axis',(-1.,-2.77555756156289E-16,0.));
#4571=DIRECTION('center_axis',(5.55111487497162E-16,-1.,0.));
#4572=DIRECTION('ref_axis',(-1.,-5.55111487497162E-16,0.));
#4573=DIRECTION('',(0.,0.,-1.));
#4574=DIRECTION('',(-1.,-5.55111487497162E-16,0.));
#4575=DIRECTION('center_axis',(0.,0.,-1.));
#4576=DIRECTION('ref_axis',(0.,-1.,0.));
#4577=DIRECTION('center_axis',(0.,0.,-1.));
#4578=DIRECTION('ref_axis',(0.,-1.,0.));
#4579=DIRECTION('center_axis',(0.,0.,1.));
#4580=DIRECTION('ref_axis',(-1.,0.,0.));
#4581=DIRECTION('center_axis',(0.,0.,-1.));
#4582=DIRECTION('ref_axis',(0.661835562979766,0.749649042936264,0.));
#4583=DIRECTION('center_axis',(0.,0.,-1.));
#4584=DIRECTION('ref_axis',(0.99993770281853,-0.0111620106612287,0.));
#4585=DIRECTION('center_axis',(0.,0.,-1.));
#4586=DIRECTION('ref_axis',(-1.,0.,0.));
#4587=DIRECTION('center_axis',(0.,0.,-1.));
#4588=DIRECTION('ref_axis',(1.,0.,0.));
#4589=DIRECTION('center_axis',(0.,-1.,0.));
#4590=DIRECTION('ref_axis',(1.,0.,0.));
#4591=DIRECTION('center_axis',(0.,0.,-1.));
#4592=DIRECTION('ref_axis',(1.,0.,0.));
#4593=DIRECTION('center_axis',(0.,0.,1.));
#4594=DIRECTION('ref_axis',(1.,0.,0.));
#4595=DIRECTION('center_axis',(0.,0.,-1.));
#4596=DIRECTION('ref_axis',(1.,0.,0.));
#4597=DIRECTION('',(0.,0.,-1.));
#4598=DIRECTION('center_axis',(0.,0.,-1.));
#4599=DIRECTION('ref_axis',(-1.,0.,0.));
#4600=DIRECTION('center_axis',(0.,0.,-1.));
#4601=DIRECTION('ref_axis',(1.,0.,0.));
#4602=DIRECTION('center_axis',(0.,-1.,0.));
#4603=DIRECTION('ref_axis',(1.,0.,0.));
#4604=DIRECTION('center_axis',(0.,0.,-1.));
#4605=DIRECTION('ref_axis',(1.,0.,0.));
#4606=DIRECTION('center_axis',(0.,0.,1.));
#4607=DIRECTION('ref_axis',(1.,0.,0.));
#4608=DIRECTION('center_axis',(0.,0.,-1.));
#4609=DIRECTION('ref_axis',(1.,0.,0.));
#4610=DIRECTION('',(0.,0.,-1.));
#4611=DIRECTION('center_axis',(0.,0.,-1.));
#4612=DIRECTION('ref_axis',(0.461332293669768,-0.887227431280949,0.));
#4613=DIRECTION('center_axis',(0.,0.,-1.));
#4614=DIRECTION('ref_axis',(0.461332293669767,-0.88722743128095,0.));
#4615=DIRECTION('center_axis',(0.,0.,-1.));
#4616=DIRECTION('ref_axis',(-1.,0.,0.));
#4617=DIRECTION('center_axis',(0.,0.,-1.));
#4618=DIRECTION('ref_axis',(-0.461332293669767,0.88722743128095,0.));
#4619=DIRECTION('center_axis',(0.,0.,1.));
#4620=DIRECTION('ref_axis',(1.,0.,0.));
#4621=DIRECTION('',(0.,0.,-1.));
#4622=DIRECTION('center_axis',(0.,0.,-1.));
#4623=DIRECTION('ref_axis',(1.,0.,0.));
#4624=DIRECTION('',(0.,0.,1.));
#4625=DIRECTION('center_axis',(0.,0.,-1.));
#4626=DIRECTION('ref_axis',(-1.,0.,0.));
#4627=DIRECTION('center_axis',(0.,0.,-1.));
#4628=DIRECTION('ref_axis',(1.,0.,0.));
#4629=DIRECTION('center_axis',(0.,-1.,0.));
#4630=DIRECTION('ref_axis',(1.,0.,0.));
#4631=DIRECTION('center_axis',(0.,0.,-1.));
#4632=DIRECTION('ref_axis',(1.,0.,0.));
#4633=DIRECTION('center_axis',(0.,0.,1.));
#4634=DIRECTION('ref_axis',(1.,0.,0.));
#4635=DIRECTION('center_axis',(0.,0.,-1.));
#4636=DIRECTION('ref_axis',(1.,0.,0.));
#4637=DIRECTION('',(0.,0.,-1.));
#4638=DIRECTION('center_axis',(0.,0.,-1.));
#4639=DIRECTION('ref_axis',(-1.,0.,0.));
#4640=DIRECTION('center_axis',(0.,0.,-1.));
#4641=DIRECTION('ref_axis',(1.,0.,0.));
#4642=DIRECTION('center_axis',(0.,-1.,0.));
#4643=DIRECTION('ref_axis',(1.,0.,0.));
#4644=DIRECTION('center_axis',(0.,0.,-1.));
#4645=DIRECTION('ref_axis',(1.,0.,0.));
#4646=DIRECTION('center_axis',(0.,0.,1.));
#4647=DIRECTION('ref_axis',(1.,0.,0.));
#4648=DIRECTION('center_axis',(0.,0.,-1.));
#4649=DIRECTION('ref_axis',(1.,0.,0.));
#4650=DIRECTION('',(0.,0.,-1.));
#4651=DIRECTION('center_axis',(0.,0.,-1.));
#4652=DIRECTION('ref_axis',(-1.,0.,0.));
#4653=DIRECTION('center_axis',(0.,0.,-1.));
#4654=DIRECTION('ref_axis',(1.,0.,0.));
#4655=DIRECTION('center_axis',(0.,-1.,0.));
#4656=DIRECTION('ref_axis',(1.,0.,0.));
#4657=DIRECTION('center_axis',(0.,0.,-1.));
#4658=DIRECTION('ref_axis',(1.,0.,0.));
#4659=DIRECTION('center_axis',(0.,0.,1.));
#4660=DIRECTION('ref_axis',(1.,0.,0.));
#4661=DIRECTION('center_axis',(0.,0.,-1.));
#4662=DIRECTION('ref_axis',(1.,0.,0.));
#4663=DIRECTION('',(0.,0.,-1.));
#4664=DIRECTION('center_axis',(0.,-1.,0.));
#4665=DIRECTION('ref_axis',(-1.,0.,0.));
#4666=DIRECTION('',(0.,0.,-1.));
#4667=DIRECTION('',(-1.,0.,0.));
#4668=DIRECTION('',(0.,0.,-1.));
#4669=DIRECTION('center_axis',(0.,0.,-1.));
#4670=DIRECTION('ref_axis',(-6.66133814775096E-15,-1.,0.));
#4671=DIRECTION('',(0.,0.,-1.));
#4672=DIRECTION('center_axis',(0.,0.,-1.));
#4673=DIRECTION('ref_axis',(-6.66133814775096E-15,-1.,0.));
#4674=DIRECTION('center_axis',(1.,1.77635679175464E-15,0.));
#4675=DIRECTION('ref_axis',(1.77635679175464E-15,-1.,0.));
#4676=DIRECTION('',(0.,0.,-1.));
#4677=DIRECTION('',(1.77635679175464E-15,-1.,0.));
#4678=DIRECTION('center_axis',(0.,0.,-1.));
#4679=DIRECTION('ref_axis',(1.,8.8817841970012E-15,0.));
#4680=DIRECTION('',(0.,0.,-1.));
#4681=DIRECTION('center_axis',(0.,0.,-1.));
#4682=DIRECTION('ref_axis',(1.,8.8817841970012E-15,0.));
#4683=DIRECTION('center_axis',(0.,1.,0.));
#4684=DIRECTION('ref_axis',(1.,0.,0.));
#4685=DIRECTION('',(0.,0.,-1.));
#4686=DIRECTION('',(1.,0.,0.));
#4687=DIRECTION('center_axis',(0.,0.,-1.));
#4688=DIRECTION('ref_axis',(-6.6613381477509E-15,1.,0.));
#4689=DIRECTION('',(0.,0.,-1.));
#4690=DIRECTION('center_axis',(0.,0.,-1.));
#4691=DIRECTION('ref_axis',(-6.6613381477509E-15,1.,0.));
#4692=DIRECTION('center_axis',(-1.,-8.88178395877323E-16,0.));
#4693=DIRECTION('ref_axis',(-8.88178395877323E-16,1.,0.));
#4694=DIRECTION('',(0.,0.,-1.));
#4695=DIRECTION('',(-8.88178395877323E-16,1.,0.));
#4696=DIRECTION('center_axis',(0.,0.,-1.));
#4697=DIRECTION('ref_axis',(-1.,0.,0.));
#4698=DIRECTION('center_axis',(0.,0.,-1.));
#4699=DIRECTION('ref_axis',(-1.,0.,0.));
#4700=DIRECTION('center_axis',(0.,0.,1.));
#4701=DIRECTION('ref_axis',(-1.,0.,0.));
#4702=DIRECTION('center_axis',(0.,0.,1.));
#4703=DIRECTION('ref_axis',(1.,0.,0.));
#4704=DIRECTION('center_axis',(0.,0.,-1.));
#4705=DIRECTION('ref_axis',(-0.163327161556741,-0.98657196306089,0.));
#4706=DIRECTION('',(-3.53408376193218E-13,-1.,0.));
#4707=DIRECTION('center_axis',(0.,0.,-1.));
#4708=DIRECTION('ref_axis',(1.,0.,0.));
#4709=DIRECTION('',(1.,-4.84747480015983E-14,0.));
#4710=DIRECTION('center_axis',(0.,0.,-1.));
#4711=DIRECTION('ref_axis',(1.02140518265596E-13,1.,0.));
#4712=DIRECTION('',(-0.986571963060898,0.163327161556696,0.));
#4713=DIRECTION('center_axis',(4.84747480015983E-14,1.,0.));
#4714=DIRECTION('ref_axis',(-1.,4.84747480015983E-14,0.));
#4715=DIRECTION('',(0.,0.,1.));
#4716=DIRECTION('',(0.,0.,1.));
#4717=DIRECTION('center_axis',(0.,0.,1.));
#4718=DIRECTION('ref_axis',(1.,0.,0.));
#4719=DIRECTION('',(0.,0.,1.));
#4720=DIRECTION('center_axis',(1.,-3.53408376193218E-13,0.));
#4721=DIRECTION('ref_axis',(3.53408376193218E-13,1.,0.));
#4722=DIRECTION('',(0.,0.,1.));
#4723=DIRECTION('center_axis',(0.,0.,1.));
#4724=DIRECTION('ref_axis',(1.,0.,0.));
#4725=DIRECTION('center_axis',(0.,0.,-1.));
#4726=DIRECTION('ref_axis',(2.96059473233374E-15,-1.,0.));
#4727=DIRECTION('',(0.872758147123132,-0.488152861950227,0.));
#4728=DIRECTION('center_axis',(0.,0.,-1.));
#4729=DIRECTION('ref_axis',(0.488152861950229,0.872758147123131,0.));
#4730=DIRECTION('',(0.,1.,0.));
#4731=DIRECTION('center_axis',(0.,0.,-1.));
#4732=DIRECTION('ref_axis',(-1.,0.,0.));
#4733=DIRECTION('',(-1.,0.,0.));
#4734=DIRECTION('center_axis',(-1.,0.,0.));
#4735=DIRECTION('ref_axis',(0.,-1.,0.));
#4736=DIRECTION('',(0.,0.,1.));
#4737=DIRECTION('',(0.,0.,1.));
#4738=DIRECTION('center_axis',(0.,0.,1.));
#4739=DIRECTION('ref_axis',(0.488152861950229,0.872758147123131,0.));
#4740=DIRECTION('',(0.,0.,1.));
#4741=DIRECTION('center_axis',(0.488152861950227,0.872758147123132,0.));
#4742=DIRECTION('ref_axis',(-0.872758147123132,0.488152861950227,0.));
#4743=DIRECTION('',(0.,0.,1.));
#4744=DIRECTION('center_axis',(0.,0.,1.));
#4745=DIRECTION('ref_axis',(1.,0.,0.));
#4746=DIRECTION('center_axis',(0.,0.,-1.));
#4747=DIRECTION('ref_axis',(0.163327161556741,0.98657196306089,0.));
#4748=DIRECTION('',(3.53408376193217E-13,1.,0.));
#4749=DIRECTION('center_axis',(0.,0.,-1.));
#4750=DIRECTION('ref_axis',(-1.,0.,0.));
#4751=DIRECTION('',(-1.,4.85563095517973E-14,0.));
#4752=DIRECTION('center_axis',(0.,0.,-1.));
#4753=DIRECTION('ref_axis',(-1.02140518265596E-13,-1.,0.));
#4754=DIRECTION('',(0.986571963060898,-0.163327161556696,0.));
#4755=DIRECTION('center_axis',(-4.85563095517973E-14,-1.,0.));
#4756=DIRECTION('ref_axis',(1.,-4.85563095517973E-14,0.));
#4757=DIRECTION('',(0.,0.,1.));
#4758=DIRECTION('',(0.,0.,1.));
#4759=DIRECTION('center_axis',(0.,0.,1.));
#4760=DIRECTION('ref_axis',(-1.,0.,0.));
#4761=DIRECTION('',(0.,0.,1.));
#4762=DIRECTION('center_axis',(-1.,3.53408376193217E-13,0.));
#4763=DIRECTION('ref_axis',(-3.53408376193217E-13,-1.,0.));
#4764=DIRECTION('',(0.,0.,1.));
#4765=DIRECTION('center_axis',(0.,0.,1.));
#4766=DIRECTION('ref_axis',(1.,0.,0.));
#4767=DIRECTION('center_axis',(0.,0.,-1.));
#4768=DIRECTION('ref_axis',(-0.488152861950225,-0.872758147123133,0.));
#4769=DIRECTION('',(0.,-1.,0.));
#4770=DIRECTION('center_axis',(0.,0.,-1.));
#4771=DIRECTION('ref_axis',(1.,0.,0.));
#4772=DIRECTION('',(1.,0.,0.));
#4773=DIRECTION('center_axis',(0.,0.,-1.));
#4774=DIRECTION('ref_axis',(7.40148683083439E-15,1.,0.));
#4775=DIRECTION('',(-0.872758147123132,0.488152861950227,0.));
#4776=DIRECTION('center_axis',(0.,1.,0.));
#4777=DIRECTION('ref_axis',(-1.,0.,0.));
#4778=DIRECTION('',(0.,0.,1.));
#4779=DIRECTION('',(0.,0.,1.));
#4780=DIRECTION('center_axis',(0.,0.,1.));
#4781=DIRECTION('ref_axis',(1.,0.,0.));
#4782=DIRECTION('',(0.,0.,1.));
#4783=DIRECTION('center_axis',(1.,0.,0.));
#4784=DIRECTION('ref_axis',(0.,1.,0.));
#4785=DIRECTION('',(0.,0.,1.));
#4786=DIRECTION('center_axis',(-0.488152861950227,-0.872758147123132,0.));
#4787=DIRECTION('ref_axis',(0.872758147123132,-0.488152861950227,0.));
#4788=DIRECTION('',(0.,0.,1.));
#4789=DIRECTION('',(0.,0.,1.));
#4790=DIRECTION('center_axis',(0.,0.,1.));
#4791=DIRECTION('ref_axis',(7.40148683083439E-15,1.,0.));
#4792=DIRECTION('center_axis',(0.,0.,1.));
#4793=DIRECTION('ref_axis',(-0.488152861950225,-0.872758147123133,0.));
#4794=DIRECTION('center_axis',(0.163327161556696,0.986571963060898,0.));
#4795=DIRECTION('ref_axis',(-0.986571963060898,0.163327161556696,0.));
#4796=DIRECTION('',(0.,0.,1.));
#4797=DIRECTION('',(0.,0.,1.));
#4798=DIRECTION('center_axis',(0.,0.,1.));
#4799=DIRECTION('ref_axis',(-1.02140518265596E-13,-1.,0.));
#4800=DIRECTION('center_axis',(0.,0.,1.));
#4801=DIRECTION('ref_axis',(0.163327161556741,0.98657196306089,0.));
#4802=DIRECTION('center_axis',(0.,-1.,0.));
#4803=DIRECTION('ref_axis',(1.,0.,0.));
#4804=DIRECTION('',(0.,0.,1.));
#4805=DIRECTION('',(0.,0.,1.));
#4806=DIRECTION('center_axis',(0.,0.,1.));
#4807=DIRECTION('ref_axis',(-1.,0.,0.));
#4808=DIRECTION('center_axis',(0.,0.,1.));
#4809=DIRECTION('ref_axis',(2.96059473233374E-15,-1.,0.));
#4810=DIRECTION('center_axis',(-0.163327161556696,-0.986571963060898,0.));
#4811=DIRECTION('ref_axis',(0.986571963060898,-0.163327161556696,0.));
#4812=DIRECTION('',(0.,0.,1.));
#4813=DIRECTION('',(0.,0.,1.));
#4814=DIRECTION('center_axis',(0.,0.,1.));
#4815=DIRECTION('ref_axis',(1.02140518265596E-13,1.,0.));
#4816=DIRECTION('center_axis',(0.,0.,1.));
#4817=DIRECTION('ref_axis',(-0.163327161556741,-0.98657196306089,0.));
#4818=DIRECTION('center_axis',(0.,0.,1.));
#4819=DIRECTION('ref_axis',(1.,0.,0.));
#4820=DIRECTION('center_axis',(0.,0.,-1.));
#4821=DIRECTION('ref_axis',(1.,0.,0.));
#4822=DIRECTION('',(0.857167300702112,-1.04972719113862E-16,-0.515038074910054));
#4823=DIRECTION('center_axis',(0.,0.,-1.));
#4824=DIRECTION('ref_axis',(1.,0.,0.));
#4825=DIRECTION('center_axis',(0.,0.,-1.));
#4826=DIRECTION('ref_axis',(1.,0.,0.));
#4827=DIRECTION('',(0.,0.,-1.));
#4828=DIRECTION('center_axis',(0.,0.,1.));
#4829=DIRECTION('ref_axis',(1.,0.,0.));
#4830=DIRECTION('center_axis',(0.,0.,-1.));
#4831=DIRECTION('ref_axis',(1.,0.,0.));
#4832=DIRECTION('',(0.857167300702112,-1.04972719113862E-16,-0.515038074910054));
#4833=DIRECTION('center_axis',(0.,0.,-1.));
#4834=DIRECTION('ref_axis',(1.,0.,0.));
#4835=DIRECTION('center_axis',(0.,0.,-1.));
#4836=DIRECTION('ref_axis',(1.,0.,0.));
#4837=DIRECTION('',(0.,0.,-1.));
#4838=DIRECTION('center_axis',(0.,0.,1.));
#4839=DIRECTION('ref_axis',(1.,0.,0.));
#4840=DIRECTION('center_axis',(0.,0.,-1.));
#4841=DIRECTION('ref_axis',(1.,0.,0.));
#4842=DIRECTION('',(0.857167300702112,-1.04972719113862E-16,-0.515038074910054));
#4843=DIRECTION('center_axis',(0.,0.,-1.));
#4844=DIRECTION('ref_axis',(1.,0.,0.));
#4845=DIRECTION('center_axis',(0.,0.,-1.));
#4846=DIRECTION('ref_axis',(1.,0.,0.));
#4847=DIRECTION('',(0.,0.,-1.));
#4848=DIRECTION('center_axis',(0.,0.,1.));
#4849=DIRECTION('ref_axis',(1.,0.,0.));
#4850=DIRECTION('center_axis',(0.,0.,-1.));
#4851=DIRECTION('ref_axis',(1.,0.,0.));
#4852=DIRECTION('',(0.857167300702112,-1.04972719113862E-16,-0.515038074910054));
#4853=DIRECTION('center_axis',(0.,0.,-1.));
#4854=DIRECTION('ref_axis',(1.,0.,0.));
#4855=DIRECTION('center_axis',(0.,0.,-1.));
#4856=DIRECTION('ref_axis',(1.,0.,0.));
#4857=DIRECTION('',(0.,0.,-1.));
#4858=DIRECTION('center_axis',(0.,0.,1.));
#4859=DIRECTION('ref_axis',(1.,0.,0.));
#4860=DIRECTION('center_axis',(0.,0.,1.));
#4861=DIRECTION('ref_axis',(1.,0.,0.));
#4862=DIRECTION('center_axis',(0.,0.,1.));
#4863=DIRECTION('ref_axis',(1.,0.,0.));
#4864=DIRECTION('center_axis',(0.,0.,1.));
#4865=DIRECTION('ref_axis',(1.,0.,0.));
#4866=DIRECTION('center_axis',(0.,0.,1.));
#4867=DIRECTION('ref_axis',(1.,0.,0.));
#4868=DIRECTION('center_axis',(0.,0.,-1.));
#4869=DIRECTION('ref_axis',(1.,0.,0.));
#4870=DIRECTION('',(0.857167300702112,-1.04972719113862E-16,-0.515038074910054));
#4871=DIRECTION('center_axis',(0.,0.,-1.));
#4872=DIRECTION('ref_axis',(1.,0.,0.));
#4873=DIRECTION('center_axis',(0.,0.,-1.));
#4874=DIRECTION('ref_axis',(1.,0.,0.));
#4875=DIRECTION('',(0.,0.,-1.));
#4876=DIRECTION('center_axis',(0.,0.,1.));
#4877=DIRECTION('ref_axis',(1.,0.,0.));
#4878=DIRECTION('center_axis',(0.,0.,-1.));
#4879=DIRECTION('ref_axis',(1.,0.,0.));
#4880=DIRECTION('',(0.857167300702112,-1.04972719113862E-16,-0.515038074910054));
#4881=DIRECTION('center_axis',(0.,0.,-1.));
#4882=DIRECTION('ref_axis',(1.,0.,0.));
#4883=DIRECTION('center_axis',(0.,0.,-1.));
#4884=DIRECTION('ref_axis',(1.,0.,0.));
#4885=DIRECTION('',(0.,0.,-1.));
#4886=DIRECTION('center_axis',(0.,0.,1.));
#4887=DIRECTION('ref_axis',(1.,0.,0.));
#4888=DIRECTION('center_axis',(0.,0.,-1.));
#4889=DIRECTION('ref_axis',(1.,0.,0.));
#4890=DIRECTION('',(0.857167300702112,-1.04972719113862E-16,-0.515038074910054));
#4891=DIRECTION('center_axis',(0.,0.,-1.));
#4892=DIRECTION('ref_axis',(1.,0.,0.));
#4893=DIRECTION('center_axis',(0.,0.,-1.));
#4894=DIRECTION('ref_axis',(1.,0.,0.));
#4895=DIRECTION('',(0.,0.,-1.));
#4896=DIRECTION('center_axis',(0.,0.,1.));
#4897=DIRECTION('ref_axis',(1.,0.,0.));
#4898=DIRECTION('center_axis',(0.,0.,-1.));
#4899=DIRECTION('ref_axis',(1.,0.,0.));
#4900=DIRECTION('',(0.857167300702112,-1.04972719113862E-16,-0.515038074910054));
#4901=DIRECTION('center_axis',(0.,0.,-1.));
#4902=DIRECTION('ref_axis',(1.,0.,0.));
#4903=DIRECTION('center_axis',(0.,0.,-1.));
#4904=DIRECTION('ref_axis',(1.,0.,0.));
#4905=DIRECTION('',(0.,0.,-1.));
#4906=DIRECTION('center_axis',(0.,0.,1.));
#4907=DIRECTION('ref_axis',(1.,0.,0.));
#4908=DIRECTION('center_axis',(0.,0.,1.));
#4909=DIRECTION('ref_axis',(1.,0.,0.));
#4910=DIRECTION('center_axis',(0.,0.,1.));
#4911=DIRECTION('ref_axis',(1.,0.,0.));
#4912=DIRECTION('center_axis',(0.,0.,-1.));
#4913=DIRECTION('ref_axis',(1.,0.,0.));
#4914=DIRECTION('center_axis',(0.,0.,1.));
#4915=DIRECTION('ref_axis',(1.,0.,0.));
#4916=DIRECTION('center_axis',(0.,0.,1.));
#4917=DIRECTION('ref_axis',(-0.461332293669783,0.887227431280941,0.));
#4918=DIRECTION('center_axis',(0.,0.,1.));
#4919=DIRECTION('ref_axis',(1.,0.,0.));
#4920=DIRECTION('center_axis',(0.,0.,-1.));
#4921=DIRECTION('ref_axis',(1.,0.,0.));
#4922=DIRECTION('',(0.857167300702112,-1.04972719113862E-16,-0.515038074910054));
#4923=DIRECTION('center_axis',(0.,0.,-1.));
#4924=DIRECTION('ref_axis',(1.,0.,0.));
#4925=DIRECTION('center_axis',(0.,0.,-1.));
#4926=DIRECTION('ref_axis',(1.,0.,0.));
#4927=DIRECTION('',(0.,0.,-1.));
#4928=DIRECTION('center_axis',(0.,0.,1.));
#4929=DIRECTION('ref_axis',(1.,0.,0.));
#4930=DIRECTION('center_axis',(0.,0.,-1.));
#4931=DIRECTION('ref_axis',(1.,0.,0.));
#4932=DIRECTION('',(0.857167300702112,-1.04972719113862E-16,-0.515038074910054));
#4933=DIRECTION('center_axis',(0.,0.,-1.));
#4934=DIRECTION('ref_axis',(1.,0.,0.));
#4935=DIRECTION('center_axis',(0.,0.,-1.));
#4936=DIRECTION('ref_axis',(1.,0.,0.));
#4937=DIRECTION('',(0.,0.,-1.));
#4938=DIRECTION('center_axis',(0.,0.,1.));
#4939=DIRECTION('ref_axis',(1.,0.,0.));
#4940=DIRECTION('center_axis',(0.,0.,1.));
#4941=DIRECTION('ref_axis',(1.,0.,0.));
#4942=DIRECTION('center_axis',(0.,0.,1.));
#4943=DIRECTION('ref_axis',(0.866025298395363,-0.500000182539189,0.));
#4944=DIRECTION('',(0.,0.,-1.));
#4945=DIRECTION('center_axis',(0.,0.,1.));
#4946=DIRECTION('ref_axis',(0.866025298395363,-0.500000182539189,0.));
#4947=DIRECTION('',(0.,0.,1.));
#4948=DIRECTION('center_axis',(0.,0.,1.));
#4949=DIRECTION('ref_axis',(1.,0.,0.));
#4950=DIRECTION('center_axis',(0.,0.,-1.));
#4951=DIRECTION('ref_axis',(-0.707106781186546,0.707106781186549,0.));
#4952=DIRECTION('',(0.,-1.,0.));
#4953=DIRECTION('center_axis',(0.,0.,1.));
#4954=DIRECTION('ref_axis',(-1.33226762955019E-15,-1.,0.));
#4955=DIRECTION('',(-1.,-2.3373116307898E-16,0.));
#4956=DIRECTION('center_axis',(0.,0.,1.));
#4957=DIRECTION('ref_axis',(-1.,0.,0.));
#4958=DIRECTION('',(1.77635683940025E-15,1.,0.));
#4959=DIRECTION('center_axis',(0.,0.,-1.));
#4960=DIRECTION('ref_axis',(0.707106781186548,0.707106781186548,0.));
#4961=DIRECTION('center_axis',(0.,0.,1.));
#4962=DIRECTION('ref_axis',(-0.866025401633635,-0.500000003725302,0.));
#4963=DIRECTION('',(0.,-1.,0.));
#4964=DIRECTION('',(1.,0.,0.));
#4965=DIRECTION('',(0.,-1.,0.));
#4966=DIRECTION('center_axis',(0.,0.,1.));
#4967=DIRECTION('ref_axis',(-0.707106781186546,0.707106781186549,0.));
#4968=DIRECTION('',(0.,0.,-1.));
#4969=DIRECTION('center_axis',(0.,0.,1.));
#4970=DIRECTION('ref_axis',(-0.866025401633635,-0.500000003725302,0.));
#4971=DIRECTION('',(0.,0.,-1.));
#4972=DIRECTION('',(0.,0.,1.));
#4973=DIRECTION('center_axis',(-1.,0.,0.));
#4974=DIRECTION('ref_axis',(0.,-1.,0.));
#4975=DIRECTION('',(0.,0.,1.));
#4976=DIRECTION('center_axis',(0.,0.,1.));
#4977=DIRECTION('ref_axis',(0.707106781186548,0.707106781186548,0.));
#4978=DIRECTION('',(0.,0.,1.));
#4979=DIRECTION('center_axis',(-1.,1.77635683940025E-15,0.));
#4980=DIRECTION('ref_axis',(-1.77635683940025E-15,-1.,0.));
#4981=DIRECTION('',(0.,0.,1.));
#4982=DIRECTION('center_axis',(1.,0.,0.));
#4983=DIRECTION('ref_axis',(0.,1.,0.));
#4984=DIRECTION('',(0.,0.,1.));
#4985=DIRECTION('center_axis',(1.,0.,0.));
#4986=DIRECTION('ref_axis',(0.,1.,0.));
#4987=DIRECTION('',(0.,0.,1.));
#4988=DIRECTION('center_axis',(0.,0.,1.));
#4989=DIRECTION('ref_axis',(-1.33226762955019E-15,-1.,0.));
#4990=DIRECTION('',(0.,0.,1.));
#4991=DIRECTION('center_axis',(2.3373116307898E-16,-1.,0.));
#4992=DIRECTION('ref_axis',(1.,2.3373116307898E-16,0.));
#4993=DIRECTION('',(0.,0.,1.));
#4994=DIRECTION('center_axis',(0.,0.,1.));
#4995=DIRECTION('ref_axis',(-1.,0.,0.));
#4996=DIRECTION('center_axis',(0.,1.,0.));
#4997=DIRECTION('ref_axis',(-1.,0.,0.));
#4998=DIRECTION('center_axis',(0.,-1.,0.));
#4999=DIRECTION('ref_axis',(1.,0.,0.));
#5000=DIRECTION('center_axis',(0.,1.,0.));
#5001=DIRECTION('ref_axis',(-0.529432842560045,0.,0.848351852251641));
#5002=DIRECTION('',(0.529433190049449,0.,-0.848351635393051));
#5003=DIRECTION('center_axis',(0.,-1.,0.));
#5004=DIRECTION('ref_axis',(-0.52943277164383,0.,0.848351896508479));
#5005=DIRECTION('',(0.480506743243877,0.,0.876991031708513));
#5006=DIRECTION('center_axis',(0.,-1.,0.));
#5007=DIRECTION('ref_axis',(1.,0.,0.));
#5008=DIRECTION('center_axis',(0.,1.,0.));
#5009=DIRECTION('ref_axis',(0.999999928476884,0.,0.000378214526094001));
#5010=DIRECTION('',(0.529433190049449,0.,-0.848351635393051));
#5011=DIRECTION('center_axis',(0.,-1.,0.));
#5012=DIRECTION('ref_axis',(-0.52943277164383,0.,0.848351896508479));
#5013=DIRECTION('',(0.480506743243877,0.,0.876991031708513));
#5014=DIRECTION('center_axis',(0.,-1.,0.));
#5015=DIRECTION('ref_axis',(1.,0.,0.));
#5016=DIRECTION('center_axis',(0.,1.,0.));
#5017=DIRECTION('ref_axis',(-0.529432842560045,0.,0.848351852251641));
#5018=DIRECTION('',(0.529433190049449,0.,-0.848351635393051));
#5019=DIRECTION('center_axis',(0.,-1.,0.));
#5020=DIRECTION('ref_axis',(-0.52943277164383,0.,0.848351896508479));
#5021=DIRECTION('',(0.480506743243877,0.,0.876991031708513));
#5022=DIRECTION('center_axis',(0.,1.,0.));
#5023=DIRECTION('ref_axis',(0.028345924725869,0.,-0.999598173543467));
#5024=DIRECTION('center_axis',(2.3373116307898E-16,-1.,0.));
#5025=DIRECTION('ref_axis',(-0.529432842560045,0.,0.848351852251641));
#5026=DIRECTION('',(0.,1.,0.));
#5027=DIRECTION('',(0.,1.,0.));
#5028=DIRECTION('center_axis',(0.848351635393051,0.,0.529433190049449));
#5029=DIRECTION('ref_axis',(0.529433190049449,0.,-0.848351635393051));
#5030=DIRECTION('',(-0.529433190049449,-1.23745035282872E-16,0.848351635393051));
#5031=DIRECTION('',(0.,1.,0.));
#5032=DIRECTION('center_axis',(-0.876991031708514,0.,0.480506743243877));
#5033=DIRECTION('ref_axis',(0.480506743243877,0.,0.876991031708513));
#5034=DIRECTION('',(-0.480506743243877,-1.12309399965684E-16,-0.876991031708513));
#5035=DIRECTION('',(0.,1.,0.));
#5036=DIRECTION('center_axis',(0.,1.,0.));
#5037=DIRECTION('ref_axis',(0.0283458829462016,0.,-0.999598174728226));
#5038=DIRECTION('center_axis',(0.,-1.,0.));
#5039=DIRECTION('ref_axis',(-0.52943277164383,0.,0.848351896508479));
#5040=DIRECTION('center_axis',(0.,1.,0.));
#5041=DIRECTION('ref_axis',(0.028345924725869,0.,-0.999598173543467));
#5042=DIRECTION('center_axis',(2.3373116307898E-16,-1.,0.));
#5043=DIRECTION('ref_axis',(-0.529432842560045,0.,0.848351852251641));
#5044=DIRECTION('',(0.,1.,0.));
#5045=DIRECTION('',(0.,1.,0.));
#5046=DIRECTION('center_axis',(0.848351635393051,0.,0.529433190049449));
#5047=DIRECTION('ref_axis',(0.529433190049449,0.,-0.848351635393051));
#5048=DIRECTION('',(-0.529433190049449,-1.23745035282872E-16,0.848351635393051));
#5049=DIRECTION('',(0.,1.,0.));
#5050=DIRECTION('center_axis',(-0.876991031708514,0.,0.480506743243877));
#5051=DIRECTION('ref_axis',(0.480506743243877,0.,0.876991031708513));
#5052=DIRECTION('',(-0.480506743243877,-1.12309399965684E-16,-0.876991031708513));
#5053=DIRECTION('',(0.,1.,0.));
#5054=DIRECTION('center_axis',(0.,1.,0.));
#5055=DIRECTION('ref_axis',(0.0283458829462016,0.,-0.999598174728226));
#5056=DIRECTION('center_axis',(0.,-1.,0.));
#5057=DIRECTION('ref_axis',(-0.52943277164383,0.,0.848351896508479));
#5058=DIRECTION('center_axis',(0.,1.,0.));
#5059=DIRECTION('ref_axis',(0.0283458829462011,0.,-0.999598174728226));
#5060=DIRECTION('center_axis',(-2.3373116307898E-16,1.,0.));
#5061=DIRECTION('ref_axis',(-0.52943277164383,0.,0.848351896508479));
#5062=DIRECTION('',(0.,1.,0.));
#5063=DIRECTION('',(0.,1.,0.));
#5064=DIRECTION('center_axis',(-0.876991031708514,0.,0.480506743243877));
#5065=DIRECTION('ref_axis',(0.480506743243877,0.,0.876991031708513));
#5066=DIRECTION('',(-0.480506743243877,-1.12309399965684E-16,-0.876991031708513));
#5067=DIRECTION('',(0.,1.,0.));
#5068=DIRECTION('center_axis',(0.848351635393051,0.,0.529433190049449));
#5069=DIRECTION('ref_axis',(0.529433190049449,0.,-0.848351635393051));
#5070=DIRECTION('',(-0.529433190049449,-1.23745035282872E-16,0.848351635393051));
#5071=DIRECTION('',(0.,1.,0.));
#5072=DIRECTION('center_axis',(0.,1.,0.));
#5073=DIRECTION('ref_axis',(0.028345924725869,0.,-0.999598173543467));
#5074=DIRECTION('center_axis',(2.3373116307898E-16,-1.,0.));
#5075=DIRECTION('ref_axis',(-0.529432842560045,0.,0.848351852251641));
#5076=DIRECTION('center_axis',(0.,0.,1.));
#5077=DIRECTION('ref_axis',(1.,0.,0.));
#5078=DIRECTION('',(-1.,-2.3373116307898E-16,0.));
#5079=DIRECTION('',(0.,1.,0.));
#5080=DIRECTION('',(1.,0.,0.));
#5081=DIRECTION('',(0.,1.,0.));
#5082=DIRECTION('center_axis',(1.,0.,0.));
#5083=DIRECTION('ref_axis',(0.,0.,-1.));
#5084=DIRECTION('',(0.,0.,1.));
#5085=DIRECTION('',(0.,1.,0.));
#5086=DIRECTION('',(0.,0.,-1.));
#5087=DIRECTION('center_axis',(-1.,0.,0.));
#5088=DIRECTION('ref_axis',(0.,0.,1.));
#5089=DIRECTION('',(0.,0.,-1.));
#5090=DIRECTION('',(0.,0.,1.));
#5091=DIRECTION('',(0.,1.,0.));
#5092=DIRECTION('center_axis',(0.,0.,-1.));
#5093=DIRECTION('ref_axis',(-1.,0.,0.));
#5094=DIRECTION('',(1.,2.3373116307898E-16,0.));
#5095=DIRECTION('',(-1.,0.,0.));
#5096=DIRECTION('center_axis',(0.,1.,0.));
#5097=DIRECTION('ref_axis',(0.,0.,1.));
#5098=DIRECTION('',(1.,0.,0.));
#5099=DIRECTION('',(0.,0.,1.));
#5100=DIRECTION('',(-1.,0.,0.));
#5101=DIRECTION('',(0.,0.,-1.));
#5102=DIRECTION('center_axis',(1.,0.,0.));
#5103=DIRECTION('ref_axis',(0.,0.,-1.));
#5104=DIRECTION('',(0.,0.,-1.));
#5105=DIRECTION('',(0.,1.,0.));
#5106=DIRECTION('',(0.,1.,0.));
#5107=DIRECTION('center_axis',(0.,0.,1.));
#5108=DIRECTION('ref_axis',(1.,0.,0.));
#5109=DIRECTION('',(1.,2.3373116307898E-16,0.));
#5110=DIRECTION('',(0.,1.,0.));
#5111=DIRECTION('center_axis',(-1.,0.,0.));
#5112=DIRECTION('ref_axis',(0.,0.,1.));
#5113=DIRECTION('',(0.,0.,1.));
#5114=DIRECTION('',(0.,1.,0.));
#5115=DIRECTION('center_axis',(0.,0.,-1.));
#5116=DIRECTION('ref_axis',(-1.,0.,0.));
#5117=DIRECTION('',(-1.,-2.3373116307898E-16,0.));
#5118=DIRECTION('center_axis',(0.347985151567683,0.,0.937500044953821));
#5119=DIRECTION('ref_axis',(0.937500044953821,0.,-0.347985151567683));
#5120=DIRECTION('',(0.937500044953821,2.19122975893653E-16,-0.347985151567683));
#5121=DIRECTION('',(0.,1.,0.));
#5122=DIRECTION('',(-0.937500044953821,-2.19122975893653E-16,0.347985151567683));
#5123=DIRECTION('',(0.,1.,0.));
#5124=DIRECTION('center_axis',(-0.347984430476584,0.,0.937500312611088));
#5125=DIRECTION('ref_axis',(0.937500312611088,0.,0.347984430476584));
#5126=DIRECTION('',(0.937500312611088,2.19123038453497E-16,0.347984430476584));
#5127=DIRECTION('',(0.,1.,0.));
#5128=DIRECTION('',(-0.937500312611088,-2.19123038453497E-16,-0.347984430476584));
#5129=DIRECTION('center_axis',(0.,1.,0.));
#5130=DIRECTION('ref_axis',(-3.96765245930061E-7,0.,-0.999999999999921));
#5131=DIRECTION('center_axis',(-2.3373116307898E-16,1.,0.));
#5132=DIRECTION('ref_axis',(1.,0.,0.));
#5133=DIRECTION('center_axis',(2.3373116307898E-16,-1.,0.));
#5134=DIRECTION('ref_axis',(1.,0.,0.));
#5135=DIRECTION('center_axis',(0.336314940069406,0.,0.94174957450806));
#5136=DIRECTION('ref_axis',(0.94174957450806,0.,-0.336314940069406));
#5137=DIRECTION('',(0.94174957450806,2.20116223378904E-16,-0.336314940069406));
#5138=DIRECTION('',(0.,1.,0.));
#5139=DIRECTION('',(-0.94174957450806,-2.20116223378904E-16,0.336314940069406));
#5140=DIRECTION('',(0.,1.,0.));
#5141=DIRECTION('center_axis',(-0.336282224067228,0.,0.941761257313338));
#5142=DIRECTION('ref_axis',(0.941761257313338,0.,0.336282224067228));
#5143=DIRECTION('',(0.941761257313338,2.20118954014569E-16,0.336282224067228));
#5144=DIRECTION('',(0.,1.,0.));
#5145=DIRECTION('',(-0.941761257313338,-2.20118954014569E-16,-0.336282224067228));
#5146=DIRECTION('center_axis',(0.,1.,0.));
#5147=DIRECTION('ref_axis',(-1.73696915481504E-5,0.,-0.999999999849147));
#5148=DIRECTION('center_axis',(-2.3373116307898E-16,1.,0.));
#5149=DIRECTION('ref_axis',(1.,0.,0.));
#5150=DIRECTION('center_axis',(2.3373116307898E-16,-1.,0.));
#5151=DIRECTION('ref_axis',(1.,0.,0.));
#5152=DIRECTION('center_axis',(0.,1.,0.));
#5153=DIRECTION('ref_axis',(-1.09725381173781E-5,0.,-0.999999999939802));
#5154=DIRECTION('center_axis',(-2.3373116307898E-16,1.,0.));
#5155=DIRECTION('ref_axis',(1.,0.,0.));
#5156=DIRECTION('',(0.,1.,0.));
#5157=DIRECTION('center_axis',(2.3373116307898E-16,-1.,0.));
#5158=DIRECTION('ref_axis',(1.,0.,0.));
#5159=DIRECTION('',(0.,1.,0.));
#5160=DIRECTION('center_axis',(0.324316073782831,0.,0.945948774662819));
#5161=DIRECTION('ref_axis',(0.945948774662819,0.,-0.324316073782831));
#5162=DIRECTION('',(0.945948774662819,2.21097707315077E-16,-0.324316073782831));
#5163=DIRECTION('',(0.,1.,0.));
#5164=DIRECTION('',(-0.945948774662819,-2.21097707315077E-16,0.324316073782831));
#5165=DIRECTION('center_axis',(-0.32428932778642,0.,0.94595794403548));
#5166=DIRECTION('ref_axis',(0.94595794403548,0.,0.32428932778642));
#5167=DIRECTION('',(0.94595794403548,2.21099850483214E-16,0.32428932778642));
#5168=DIRECTION('',(-0.94595794403548,-2.21099850483214E-16,-0.32428932778642));
#5169=DIRECTION('center_axis',(0.281497443033413,0.,0.959561977969975));
#5170=DIRECTION('ref_axis',(0.959561977969975,0.,-0.281497443033413));
#5171=DIRECTION('',(0.959561977969975,2.24279537157289E-16,-0.281497443033413));
#5172=DIRECTION('',(0.,1.,0.));
#5173=DIRECTION('',(-0.959561977969975,-2.24279537157289E-16,0.281497443033413));
#5174=DIRECTION('',(0.,1.,0.));
#5175=DIRECTION('center_axis',(-0.285397245591873,0.,0.958409313502625));
#5176=DIRECTION('ref_axis',(0.958409313502625,0.,0.285397245591873));
#5177=DIRECTION('',(0.958409313502625,2.24010123550696E-16,0.285397245591873));
#5178=DIRECTION('',(0.,1.,0.));
#5179=DIRECTION('',(-0.958409313502625,-2.24010123550696E-16,-0.285397245591873));
#5180=DIRECTION('center_axis',(0.,1.,0.));
#5181=DIRECTION('ref_axis',(0.00203329138155457,0.,-0.999997932860942));
#5182=DIRECTION('center_axis',(-2.3373116307898E-16,1.,0.));
#5183=DIRECTION('ref_axis',(1.,0.,0.));
#5184=DIRECTION('center_axis',(2.3373116307898E-16,-1.,0.));
#5185=DIRECTION('ref_axis',(1.,0.,0.));
#5186=DIRECTION('center_axis',(0.,0.,-1.));
#5187=DIRECTION('ref_axis',(1.,0.,0.));
#5188=DIRECTION('',(1.,0.,0.));
#5189=DIRECTION('',(0.,-1.,0.));
#5190=DIRECTION('',(-1.,0.,0.));
#5191=DIRECTION('',(0.,-1.,0.));
#5192=DIRECTION('center_axis',(0.,1.,0.));
#5193=DIRECTION('ref_axis',(-1.,0.,0.));
#5194=DIRECTION('',(0.,0.,1.));
#5195=DIRECTION('',(1.,0.,0.));
#5196=DIRECTION('',(0.,0.,1.));
#5197=DIRECTION('center_axis',(0.,0.,1.));
#5198=DIRECTION('ref_axis',(0.866025401633636,0.500000003725299,0.));
#5199=DIRECTION('center_axis',(0.,0.,-1.));
#5200=DIRECTION('ref_axis',(0.866025401633636,0.500000003725299,0.));
#5201=DIRECTION('',(0.,0.,-1.));
#5202=DIRECTION('center_axis',(0.,0.,-1.));
#5203=DIRECTION('ref_axis',(0.866025401633636,0.500000003725299,0.));
#5204=DIRECTION('',(0.,0.,1.));
#5205=DIRECTION('center_axis',(0.,0.,1.));
#5206=DIRECTION('ref_axis',(1.,0.,0.));
#5207=DIRECTION('',(0.,-1.,0.));
#5208=DIRECTION('center_axis',(0.,0.,1.));
#5209=DIRECTION('ref_axis',(0.707106781186547,-0.707106781186548,0.));
#5210=DIRECTION('center_axis',(0.,0.,-1.));
#5211=DIRECTION('ref_axis',(-0.866025298395362,0.50000018253919,0.));
#5212=DIRECTION('',(0.,-1.,0.));
#5213=DIRECTION('center_axis',(0.,0.,-1.));
#5214=DIRECTION('ref_axis',(-1.33226762955019E-15,-1.,0.));
#5215=DIRECTION('',(-1.,-2.3373116307898E-16,0.));
#5216=DIRECTION('center_axis',(0.,0.,-1.));
#5217=DIRECTION('ref_axis',(-1.,0.,0.));
#5218=DIRECTION('',(1.77635683940025E-15,1.,0.));
#5219=DIRECTION('center_axis',(0.,0.,1.));
#5220=DIRECTION('ref_axis',(-0.707106781186549,-0.707106781186546,0.));
#5221=DIRECTION('',(0.,1.,0.));
#5222=DIRECTION('',(1.,0.,0.));
#5223=DIRECTION('',(0.,1.,0.));
#5224=DIRECTION('center_axis',(0.,0.,-1.));
#5225=DIRECTION('ref_axis',(-0.948683297265151,-0.316227768372926,0.));
#5226=DIRECTION('center_axis',(0.,0.,1.));
#5227=DIRECTION('ref_axis',(0.599999994039518,0.800000004470362,0.));
#5228=DIRECTION('',(1.77635683940025E-15,1.,0.));
#5229=DIRECTION('center_axis',(0.,0.,-1.));
#5230=DIRECTION('ref_axis',(-1.,0.,0.));
#5231=DIRECTION('',(-1.,-2.3373116307898E-16,0.));
#5232=DIRECTION('center_axis',(0.,0.,-1.));
#5233=DIRECTION('ref_axis',(-1.33226762955019E-15,-1.,0.));
#5234=DIRECTION('',(0.,-1.,0.));
#5235=DIRECTION('center_axis',(0.,0.,1.));
#5236=DIRECTION('ref_axis',(-0.599999707937245,0.800000219046983,0.));
#5237=DIRECTION('center_axis',(0.,0.,-1.));
#5238=DIRECTION('ref_axis',(0.948683259567866,-0.316227881464758,0.));
#5239=DIRECTION('',(0.,-1.,0.));
#5240=DIRECTION('',(1.,0.,0.));
#5241=DIRECTION('center_axis',(0.,0.,1.));
#5242=DIRECTION('ref_axis',(-0.707106781186549,-0.707106781186546,0.));
#5243=DIRECTION('center_axis',(0.,0.,1.));
#5244=DIRECTION('ref_axis',(-0.707106781186549,-0.707106781186546,0.));
#5245=DIRECTION('',(0.,0.,1.));
#5246=DIRECTION('center_axis',(-1.,0.,0.));
#5247=DIRECTION('ref_axis',(0.,-1.,0.));
#5248=DIRECTION('',(0.,-1.,0.));
#5249=DIRECTION('',(0.,0.,-1.));
#5250=DIRECTION('center_axis',(0.,0.,1.));
#5251=DIRECTION('ref_axis',(-0.866025298395362,0.50000018253919,0.));
#5252=DIRECTION('',(0.,0.,-1.));
#5253=DIRECTION('center_axis',(0.,0.,-1.));
#5254=DIRECTION('ref_axis',(-0.866025298395362,0.50000018253919,0.));
#5255=DIRECTION('',(0.,0.,1.));
#5256=DIRECTION('center_axis',(1.,0.,0.));
#5257=DIRECTION('ref_axis',(0.,1.,0.));
#5258=DIRECTION('',(0.,-1.,0.));
#5259=DIRECTION('',(0.,0.,1.));
#5260=DIRECTION('center_axis',(0.,0.,1.));
#5261=DIRECTION('ref_axis',(0.707106781186547,-0.707106781186548,0.));
#5262=DIRECTION('',(0.,0.,-1.));
#5263=DIRECTION('center_axis',(0.,0.,1.));
#5264=DIRECTION('ref_axis',(0.707106781186547,-0.707106781186548,0.));
#5265=DIRECTION('center_axis',(0.,0.,1.));
#5266=DIRECTION('ref_axis',(1.,0.,0.));
#5267=DIRECTION('',(1.77635683940025E-15,1.,0.));
#5268=DIRECTION('center_axis',(0.,0.,1.));
#5269=DIRECTION('ref_axis',(-1.,0.,0.));
#5270=DIRECTION('',(-1.,-2.3373116307898E-16,0.));
#5271=DIRECTION('center_axis',(0.,0.,1.));
#5272=DIRECTION('ref_axis',(-1.33226762955019E-15,-1.,0.));
#5273=DIRECTION('',(0.,-1.,0.));
#5274=DIRECTION('center_axis',(1.,0.,0.));
#5275=DIRECTION('ref_axis',(0.,1.,0.));
#5276=DIRECTION('',(0.,0.,1.));
#5277=DIRECTION('center_axis',(0.,0.,1.));
#5278=DIRECTION('ref_axis',(-0.948683297265151,-0.316227768372926,0.));
#5279=DIRECTION('',(0.,0.,-1.));
#5280=DIRECTION('center_axis',(0.,0.,1.));
#5281=DIRECTION('ref_axis',(-0.948683297265151,-0.316227768372926,0.));
#5282=DIRECTION('',(0.,0.,1.));
#5283=DIRECTION('center_axis',(0.,0.,-1.));
#5284=DIRECTION('ref_axis',(0.599999994039518,0.800000004470362,0.));
#5285=DIRECTION('center_axis',(0.,0.,-1.));
#5286=DIRECTION('ref_axis',(0.599999994039518,0.800000004470362,0.));
#5287=DIRECTION('',(0.,0.,1.));
#5288=DIRECTION('center_axis',(0.,0.,1.));
#5289=DIRECTION('ref_axis',(0.948683259567866,-0.316227881464758,0.));
#5290=DIRECTION('',(0.,0.,-1.));
#5291=DIRECTION('center_axis',(0.,0.,1.));
#5292=DIRECTION('ref_axis',(0.948683259567866,-0.316227881464758,0.));
#5293=DIRECTION('',(0.,0.,1.));
#5294=DIRECTION('center_axis',(1.,0.,0.));
#5295=DIRECTION('ref_axis',(0.,1.,0.));
#5296=DIRECTION('',(0.,-1.,0.));
#5297=DIRECTION('',(0.,0.,1.));
#5298=DIRECTION('center_axis',(0.,0.,1.));
#5299=DIRECTION('ref_axis',(-0.599999707937245,0.800000219046983,0.));
#5300=DIRECTION('',(0.,0.,-1.));
#5301=DIRECTION('center_axis',(0.,0.,-1.));
#5302=DIRECTION('ref_axis',(-0.599999707937245,0.800000219046983,0.));
#5303=DIRECTION('center_axis',(0.,0.,1.));
#5304=DIRECTION('ref_axis',(-1.33226762955019E-15,-1.,0.));
#5305=DIRECTION('',(0.,0.,1.));
#5306=DIRECTION('center_axis',(2.3373116307898E-16,-1.,0.));
#5307=DIRECTION('ref_axis',(1.,2.3373116307898E-16,0.));
#5308=DIRECTION('',(0.,0.,1.));
#5309=DIRECTION('center_axis',(0.,0.,1.));
#5310=DIRECTION('ref_axis',(-1.,0.,0.));
#5311=DIRECTION('',(0.,0.,1.));
#5312=DIRECTION('center_axis',(-1.,1.77635683940025E-15,0.));
#5313=DIRECTION('ref_axis',(-1.77635683940025E-15,-1.,0.));
#5314=DIRECTION('center_axis',(1.,0.,0.));
#5315=DIRECTION('ref_axis',(0.,1.,0.));
#5316=DIRECTION('',(0.,0.,1.));
#5317=DIRECTION('',(0.,-1.,0.));
#5318=DIRECTION('center_axis',(0.,0.,1.));
#5319=DIRECTION('ref_axis',(-1.33226762955019E-15,-1.,0.));
#5320=DIRECTION('center_axis',(0.,0.,-1.));
#5321=DIRECTION('ref_axis',(-1.33226762955019E-15,-1.,0.));
#5322=DIRECTION('',(0.,0.,1.));
#5323=DIRECTION('center_axis',(2.3373116307898E-16,-1.,0.));
#5324=DIRECTION('ref_axis',(1.,2.3373116307898E-16,0.));
#5325=DIRECTION('',(-1.,-2.3373116307898E-16,0.));
#5326=DIRECTION('',(0.,0.,1.));
#5327=DIRECTION('center_axis',(0.,0.,1.));
#5328=DIRECTION('ref_axis',(-1.,0.,0.));
#5329=DIRECTION('center_axis',(0.,0.,-1.));
#5330=DIRECTION('ref_axis',(-1.,0.,0.));
#5331=DIRECTION('',(0.,0.,1.));
#5332=DIRECTION('center_axis',(-1.,1.77635683940025E-15,0.));
#5333=DIRECTION('ref_axis',(-1.77635683940025E-15,-1.,0.));
#5334=DIRECTION('',(1.77635683940025E-15,1.,0.));
#5335=DIRECTION('center_axis',(-1.,0.,0.));
#5336=DIRECTION('ref_axis',(0.,-1.,0.));
#5337=DIRECTION('',(0.,0.,-1.));
#5338=DIRECTION('',(0.,1.,0.));
#5339=DIRECTION('center_axis',(0.,1.,0.));
#5340=DIRECTION('ref_axis',(-1.,0.,0.));
#5341=DIRECTION('',(1.,0.,0.));
#5342=DIRECTION('center_axis',(0.,0.,1.));
#5343=DIRECTION('ref_axis',(1.,0.,0.));
#5344=DIRECTION('',(0.,0.,1.));
#5345=DIRECTION('',(1.,0.,0.));
#5346=DIRECTION('center_axis',(0.,0.,1.));
#5347=DIRECTION('ref_axis',(1.,0.,0.));
#5348=CARTESIAN_POINT('',(0.,0.,0.));
#5349=CARTESIAN_POINT('',(0.,0.,0.));
#5350=CARTESIAN_POINT('Origin',(-41.382459592761,-84.6723341789913,18.));
#5351=CARTESIAN_POINT('',(-41.2221978706671,-83.7034797825005,18.));
#5352=CARTESIAN_POINT('',(-40.4812142999785,-84.3761337769393,18.));
#5353=CARTESIAN_POINT('Origin',(-39.0000005811453,-82.0000012218952,18.));
#5354=CARTESIAN_POINT('',(-45.461510570018,-88.7556959220822,18.));
#5355=CARTESIAN_POINT('',(-42.8903601312719,-85.6915181496062,18.));
#5356=CARTESIAN_POINT('',(-44.695466126899,-89.3984835317687,18.));
#5357=CARTESIAN_POINT('',(-44.695466126899,-89.3984835317687,18.));
#5358=CARTESIAN_POINT('',(-42.1243156881529,-86.3343057592928,18.));
#5359=CARTESIAN_POINT('Origin',(-39.0000005811453,-82.0000012218952,0.));
#5360=CARTESIAN_POINT('',(-41.8000005811453,-82.0000012218952,34.5));
#5361=CARTESIAN_POINT('Origin',(-39.0000005811453,-82.0000012218952,34.5));
#5362=CARTESIAN_POINT('',(-41.8000005811453,-82.0000012218952,3.5));
#5363=CARTESIAN_POINT('',(-41.8000005811453,-82.0000012218952,0.));
#5364=CARTESIAN_POINT('',(-41.2221978706671,-83.7034797825005,3.5));
#5365=CARTESIAN_POINT('Origin',(-39.0000005811453,-82.0000012218952,3.5));
#5366=CARTESIAN_POINT('',(-41.2221978706671,-83.7034797825005,0.));
#5367=CARTESIAN_POINT('',(-40.4812142999785,-84.3761337769393,3.5));
#5368=CARTESIAN_POINT('',(-40.4812142999785,-84.3761337769393,0.));
#5369=CARTESIAN_POINT('Origin',(-39.0000005811453,-82.0000012218952,3.5));
#5370=CARTESIAN_POINT('Origin',(46.7499999813736,-34.0000005140901,18.));
#5371=CARTESIAN_POINT('',(46.7549961170901,-34.5000005140901,18.));
#5372=CARTESIAN_POINT('',(46.7549961197945,-33.5000005140901,18.));
#5373=CARTESIAN_POINT('Origin',(44.0000006556511,-34.0000005066395,18.));
#5374=CARTESIAN_POINT('',(47.9999992847443,-34.5000005140901,18.));
#5375=CARTESIAN_POINT('',(47.9999992847443,-34.5000005140901,18.));
#5376=CARTESIAN_POINT('',(47.9999992847443,-33.5000005140901,18.));
#5377=CARTESIAN_POINT('',(47.9999992847443,-33.5000005140901,18.));
#5378=CARTESIAN_POINT('',(45.5000006780028,-33.5000005140901,18.));
#5379=CARTESIAN_POINT('Origin',(44.0000006556511,-34.0000005066395,0.));
#5380=CARTESIAN_POINT('',(41.2000006556511,-34.0000005066395,34.5));
#5381=CARTESIAN_POINT('Origin',(44.0000006556511,-34.0000005066395,34.5));
#5382=CARTESIAN_POINT('',(41.2000006556511,-34.0000005066395,3.5));
#5383=CARTESIAN_POINT('',(41.2000006556511,-34.0000005066395,0.));
#5384=CARTESIAN_POINT('',(46.7549961170901,-34.5000005140901,3.5));
#5385=CARTESIAN_POINT('Origin',(44.0000006556511,-34.0000005066395,3.5));
#5386=CARTESIAN_POINT('',(46.7549961170901,-34.5000005140901,0.));
#5387=CARTESIAN_POINT('',(46.7549961197945,-33.5000005140901,3.5));
#5388=CARTESIAN_POINT('',(46.7549961197945,-33.5000005140901,0.));
#5389=CARTESIAN_POINT('Origin',(44.0000006556511,-34.0000005066395,3.5));
#5390=CARTESIAN_POINT('Origin',(-46.1500007152556,-19.4523292667686,18.));
#5391=CARTESIAN_POINT('',(-45.2459169557108,-18.9523292667686,18.));
#5392=CARTESIAN_POINT('',(-45.3000006332994,-19.5000002905726,18.));
#5393=CARTESIAN_POINT('Origin',(-42.5000006332994,-19.5000002905726,18.));
#5394=CARTESIAN_POINT('',(-48.0000007152557,-18.9523292667686,18.));
#5395=CARTESIAN_POINT('',(-44.3000007152556,-18.9523292667686,18.));
#5396=CARTESIAN_POINT('',(-48.0000007152557,-19.9523292667686,18.));
#5397=CARTESIAN_POINT('',(-48.0000007152557,-18.9523292667686,18.));
#5398=CARTESIAN_POINT('',(-45.2632231175184,-19.9523292667686,18.));
#5399=CARTESIAN_POINT('',(-48.0000007152557,-19.9523292667686,18.));
#5400=CARTESIAN_POINT('Origin',(-42.5000006332994,-19.5000002905726,18.));
#5401=CARTESIAN_POINT('Origin',(-42.5000006332994,-19.5000002905726,0.));
#5402=CARTESIAN_POINT('',(-45.3000006332994,-19.5000002905726,34.5));
#5403=CARTESIAN_POINT('Origin',(-42.5000006332994,-19.5000002905726,34.5));
#5404=CARTESIAN_POINT('',(-45.3000006332994,-19.5000002905726,0.));
#5405=CARTESIAN_POINT('',(-45.2632231175184,-19.9523292667686,3.5));
#5406=CARTESIAN_POINT('',(-45.2632231175184,-19.9523292667686,0.));
#5407=CARTESIAN_POINT('',(-45.2459169557108,-18.9523292667686,3.5));
#5408=CARTESIAN_POINT('Origin',(-42.5000006332994,-19.5000002905726,3.5));
#5409=CARTESIAN_POINT('',(-45.2459169557108,-18.9523292667686,0.));
#5410=CARTESIAN_POINT('Origin',(41.6180236010054,-84.38340113573,18.));
#5411=CARTESIAN_POINT('',(40.7295130205848,-84.201997336496,18.));
#5412=CARTESIAN_POINT('',(41.393958421189,-83.4522291747271,18.));
#5413=CARTESIAN_POINT('Origin',(39.0000005811453,-82.0000012218952,18.));
#5414=CARTESIAN_POINT('',(45.3303342022348,-88.8028185181459,18.));
#5415=CARTESIAN_POINT('',(42.5019070774886,-85.9743913933997,18.));
#5416=CARTESIAN_POINT('',(46.0374409834213,-88.0957117369593,18.));
#5417=CARTESIAN_POINT('',(46.0374409834213,-88.0957117369594,18.));
#5418=CARTESIAN_POINT('',(43.2090138586751,-85.2672846122132,18.));
#5419=CARTESIAN_POINT('Origin',(39.0000005811453,-82.0000012218952,0.));
#5420=CARTESIAN_POINT('',(36.200000551343,-82.0000012218952,34.5));
#5421=CARTESIAN_POINT('Origin',(39.0000005811453,-82.0000012218952,34.5));
#5422=CARTESIAN_POINT('',(36.200000551343,-82.0000012218952,3.5));
#5423=CARTESIAN_POINT('',(36.200000551343,-82.0000012218952,0.));
#5424=CARTESIAN_POINT('',(40.7295130205848,-84.201997336496,3.5));
#5425=CARTESIAN_POINT('Origin',(39.0000005811453,-82.0000012218952,3.5));
#5426=CARTESIAN_POINT('',(40.7295130205848,-84.201997336496,0.));
#5427=CARTESIAN_POINT('',(41.393958421189,-83.4522291747271,3.5));
#5428=CARTESIAN_POINT('',(41.393958421189,-83.4522291747271,0.));
#5429=CARTESIAN_POINT('Origin',(39.0000005811453,-82.0000012218952,3.5));
#5430=CARTESIAN_POINT('Origin',(-42.8903601312719,-85.6915181496063,2.));
#5431=CARTESIAN_POINT('',(-44.9703585021831,-88.1703636807298,2.));
#5432=CARTESIAN_POINT('',(-44.2191581803168,-88.8308418252482,2.));
#5433=CARTESIAN_POINT('Origin',(-38.0000007152558,-81.0000002086163,2.));
#5434=CARTESIAN_POINT('',(-44.695466126899,-89.3984835317687,2.));
#5435=CARTESIAN_POINT('',(-42.1243156881529,-86.3343057592928,2.));
#5436=CARTESIAN_POINT('',(-45.461510570018,-88.7556959220822,2.));
#5437=CARTESIAN_POINT('',(-66.0042741787566,-71.518270554628,2.));
#5438=CARTESIAN_POINT('',(-42.8903601312719,-85.6915181496062,2.));
#5439=CARTESIAN_POINT('Origin',(-45.461510570018,-88.7556959220822,2.));
#5440=CARTESIAN_POINT('',(-44.695466126899,-89.3984835317687,2.));
#5441=CARTESIAN_POINT('',(-45.461510570018,-88.7556959220822,14.));
#5442=CARTESIAN_POINT('Origin',(42.5019070774886,-85.9743913933997,2.));
#5443=CARTESIAN_POINT('',(44.8308779259669,-88.303362241878,2.));
#5444=CARTESIAN_POINT('',(45.5262372212615,-87.5845079747995,2.));
#5445=CARTESIAN_POINT('Origin',(37.9999992847443,-81.0000002086163,2.));
#5446=CARTESIAN_POINT('',(46.0374409834213,-88.0957117369593,2.));
#5447=CARTESIAN_POINT('',(43.2090138586751,-85.2672846122132,2.));
#5448=CARTESIAN_POINT('',(45.3303342022348,-88.8028185181459,2.));
#5449=CARTESIAN_POINT('',(45.9484551284757,-88.184697591905,2.));
#5450=CARTESIAN_POINT('',(42.5019070774886,-85.9743913933997,2.));
#5451=CARTESIAN_POINT('Origin',(45.3303342022348,-88.8028185181459,2.));
#5452=CARTESIAN_POINT('',(46.0374409834213,-88.0957117369594,2.));
#5453=CARTESIAN_POINT('',(45.3303342022348,-88.8028185181459,14.));
#5454=CARTESIAN_POINT('Origin',(40.0270333433357,-83.4995176592468,2.));
#5455=CARTESIAN_POINT('',(41.7951264088812,-85.2676107247923,2.));
#5456=CARTESIAN_POINT('Ctrl Pts',(41.7951264088812,-85.2676107247923,2.));
#5457=CARTESIAN_POINT('Ctrl Pts',(41.6636287894579,-85.136113105369,2.));
#5458=CARTESIAN_POINT('Ctrl Pts',(41.5088530095885,-84.9813373254997,2.04346024394714));
#5459=CARTESIAN_POINT('Ctrl Pts',(41.2658255505205,-84.7383098664316,2.18544838710184));
#5460=CARTESIAN_POINT('Ctrl Pts',(41.1345275250668,-84.6070118409779,2.30908987189585));
#5461=CARTESIAN_POINT('Ctrl Pts',(40.9485304677981,-84.4210147837092,2.57120496688504));
#5462=CARTESIAN_POINT('Ctrl Pts',(40.860816166238,-84.3333004821491,2.75595012365348));
#5463=CARTESIAN_POINT('Ctrl Pts',(40.7602763539306,-84.2327606698417,3.09778280175051));
#5464=CARTESIAN_POINT('Ctrl Pts',(40.7295130205848,-84.201997336496,3.31521498797503));
#5465=CARTESIAN_POINT('Ctrl Pts',(40.7295130205848,-84.201997336496,3.5));
#5466=CARTESIAN_POINT('',(0.132832307029534,-43.6053166229408,2.));
#5467=CARTESIAN_POINT('Origin',(43.2090138586751,-85.2672846122132,2.));
#5468=CARTESIAN_POINT('',(42.4747440730672,-84.5330148266052,2.));
#5469=CARTESIAN_POINT('',(0.839939088216144,-42.8982098417542,2.));
#5470=CARTESIAN_POINT('Ctrl Pts',(41.393958421189,-83.4522291747271,3.5));
#5471=CARTESIAN_POINT('Ctrl Pts',(41.393958421189,-83.4522291747271,3.31623530800724));
#5472=CARTESIAN_POINT('Ctrl Pts',(41.425087459353,-83.4833582128911,3.10015663881621));
#5473=CARTESIAN_POINT('Ctrl Pts',(41.5267177333681,-83.5849884869062,2.7590045692958));
#5474=CARTESIAN_POINT('Ctrl Pts',(41.6158058658777,-83.6740766194158,2.57414234042255));
#5475=CARTESIAN_POINT('Ctrl Pts',(41.8045017114682,-83.8627724650063,2.31106460850191));
#5476=CARTESIAN_POINT('Ctrl Pts',(41.9379210786035,-83.9961918321416,2.18673609267071));
#5477=CARTESIAN_POINT('Ctrl Pts',(42.1844822253953,-84.2427529789334,2.04383083262137));
#5478=CARTESIAN_POINT('Ctrl Pts',(42.3414291827566,-84.3996999362946,2.));
#5479=CARTESIAN_POINT('Ctrl Pts',(42.4747440730672,-84.5330148266052,2.));
#5480=CARTESIAN_POINT('Origin',(-41.0000006109476,0.,2.));
#5481=CARTESIAN_POINT('',(-42.201519313191,-84.8705896299329,2.));
#5482=CARTESIAN_POINT('',(-21.4024167623712,-60.0831844422573,2.));
#5483=CARTESIAN_POINT('',(-41.4516334436722,-85.5326342777585,2.));
#5484=CARTESIAN_POINT('Origin',(-39.0000005811453,-82.0000012218952,2.));
#5485=CARTESIAN_POINT('',(-20.6363723192521,-60.7259720519442,2.));
#5486=CARTESIAN_POINT('',(-38.0000007152557,-91.0000002086163,2.));
#5487=CARTESIAN_POINT('Origin',(-38.0000007152558,-81.0000002086163,2.));
#5488=CARTESIAN_POINT('',(37.9999992847443,-91.0000002086162,2.));
#5489=CARTESIAN_POINT('',(37.9999992847443,-91.0000002086162,2.));
#5490=CARTESIAN_POINT('Origin',(37.9999992847443,-81.0000002086163,2.));
#5491=CARTESIAN_POINT('Origin',(39.0000005811453,-82.0000012218952,2.));
#5492=CARTESIAN_POINT('',(47.9999992847443,-81.0000002086163,2.));
#5493=CARTESIAN_POINT('Origin',(37.9999992847443,-81.0000002086163,2.));
#5494=CARTESIAN_POINT('',(47.9999992847443,-35.5779773655486,2.));
#5495=CARTESIAN_POINT('',(47.9999992847443,-71.0000002086163,2.));
#5496=CARTESIAN_POINT('',(47.9999992847443,-32.4220236477304,2.));
#5497=CARTESIAN_POINT('Origin',(44.0000006556511,-34.0000005066395,2.));
#5498=CARTESIAN_POINT('',(47.9999992847443,-16.0000002086163,2.));
#5499=CARTESIAN_POINT('',(47.9999992847443,-71.0000002086163,2.));
#5500=CARTESIAN_POINT('',(49.0000000149012,-14.2679489794913,2.));
#5501=CARTESIAN_POINT('Origin',(49.9999992847443,-16.0000002086163,2.));
#5502=CARTESIAN_POINT('',(50.0000007450581,-12.5358977503664,2.));
#5503=CARTESIAN_POINT('Origin',(48.0000007450581,-12.5358977503664,2.));
#5504=CARTESIAN_POINT('',(50.0000007450581,14.0000002086163,2.));
#5505=CARTESIAN_POINT('',(50.0000007450581,14.0000002086163,2.));
#5506=CARTESIAN_POINT('',(-50.0000007450581,14.0000002086163,2.));
#5507=CARTESIAN_POINT('',(-32.0000004768372,14.0000002086163,2.));
#5508=CARTESIAN_POINT('',(-50.0000007450581,-12.5358985762721,2.));
#5509=CARTESIAN_POINT('',(-50.0000007450581,14.0000002086163,2.));
#5510=CARTESIAN_POINT('',(-49.0000007301568,-14.2679493924442,2.));
#5511=CARTESIAN_POINT('Origin',(-48.0000007450581,-12.5358985762721,2.));
#5512=CARTESIAN_POINT('',(-48.0000007152556,-16.0000002086163,2.));
#5513=CARTESIAN_POINT('Origin',(-50.0000007152556,-16.0000002086163,2.));
#5514=CARTESIAN_POINT('',(-48.0000007152557,-18.9523292667686,2.));
#5515=CARTESIAN_POINT('',(-48.0000007152558,-81.0000002086163,2.));
#5516=CARTESIAN_POINT('',(-46.764980873545,-18.9523292667686,2.));
#5517=CARTESIAN_POINT('',(-42.6500006631016,-18.9523292667686,2.));
#5518=CARTESIAN_POINT('',(-46.7761435796113,-19.9523292667686,2.));
#5519=CARTESIAN_POINT('Origin',(-42.5000006332994,-19.5000002905726,2.));
#5520=CARTESIAN_POINT('',(-48.0000007152557,-19.9523292667686,2.));
#5521=CARTESIAN_POINT('',(-44.5000006631016,-19.9523292667686,2.));
#5522=CARTESIAN_POINT('',(-48.0000007152558,-81.0000002086163,2.));
#5523=CARTESIAN_POINT('',(-48.0000007152558,-81.0000002086163,2.));
#5524=CARTESIAN_POINT('Origin',(-38.0000007152558,-81.0000002086163,2.));
#5525=CARTESIAN_POINT('',(-31.552212517469,-25.1044933077256,2.));
#5526=CARTESIAN_POINT('Origin',(-35.552212517469,-25.1044933077256,2.));
#5527=CARTESIAN_POINT('',(31.3000006213784,9.49999978765845,2.));
#5528=CARTESIAN_POINT('Origin',(27.8000006213784,9.49999978765845,2.));
#5529=CARTESIAN_POINT('',(-24.313,-9.52500000000201,2.));
#5530=CARTESIAN_POINT('Origin',(-27.813,-9.52500000000201,2.));
#5531=CARTESIAN_POINT('',(28.0000004470348,-85.0000012665987,2.));
#5532=CARTESIAN_POINT('',(-29.000000461936,-85.0000012665987,2.));
#5533=CARTESIAN_POINT('',(-6.50000008195638,-85.0000012665987,2.));
#5534=CARTESIAN_POINT('',(-31.000000461936,-83.0000012665987,2.));
#5535=CARTESIAN_POINT('Origin',(-29.000000461936,-83.0000012665987,2.));
#5536=CARTESIAN_POINT('',(-31.000000461936,-78.0000011324883,2.));
#5537=CARTESIAN_POINT('',(-31.000000461936,-41.5000006332994,2.));
#5538=CARTESIAN_POINT('',(-29.000000461936,-76.0000011324883,2.));
#5539=CARTESIAN_POINT('Origin',(-29.000000461936,-78.0000011324883,2.));
#5540=CARTESIAN_POINT('',(28.0000004470348,-76.0000011324883,2.));
#5541=CARTESIAN_POINT('',(-35.0000005364418,-76.0000011324883,2.));
#5542=CARTESIAN_POINT('',(30.0000004470348,-78.0000011324883,2.));
#5543=CARTESIAN_POINT('Origin',(28.0000004470348,-78.0000011324883,2.));
#5544=CARTESIAN_POINT('',(30.0000004470348,-83.0000012665987,2.));
#5545=CARTESIAN_POINT('',(30.0000004470348,-39.0000005662441,2.));
#5546=CARTESIAN_POINT('Origin',(28.0000004470349,-83.0000012665987,2.));
#5547=CARTESIAN_POINT('',(30.5321126474582,-56.0603347735388,2.));
#5548=CARTESIAN_POINT('',(-14.9552066743232,-30.6182748138984,2.));
#5549=CARTESIAN_POINT('',(-31.3967503018997,-21.4221571916946,2.));
#5550=CARTESIAN_POINT('',(-13.4907480884725,-25.000000372529,2.));
#5551=CARTESIAN_POINT('Origin',(-13.4907480884725,-28.000000372529,2.));
#5552=CARTESIAN_POINT('',(31.9965712333089,-25.000000372529,2.));
#5553=CARTESIAN_POINT('',(-4.50171468881937,-25.000000372529,2.));
#5554=CARTESIAN_POINT('',(34.9965712333089,-28.000000372529,2.));
#5555=CARTESIAN_POINT('Origin',(31.9965712333089,-28.000000372529,2.));
#5556=CARTESIAN_POINT('',(34.9965712333089,-53.4420603321694,2.));
#5557=CARTESIAN_POINT('',(34.9965712333089,-26.7210301660847,2.));
#5558=CARTESIAN_POINT('Origin',(31.9965712333089,-53.4420603321694,2.));
#5559=CARTESIAN_POINT('',(-19.5064356460133,-0.0920299534089819,2.));
#5560=CARTESIAN_POINT('',(21.3298293066775,-6.85248078013461,2.));
#5561=CARTESIAN_POINT('',(-9.5558216207504,-1.73935585090372,2.));
#5562=CARTESIAN_POINT('',(21.1665021451209,-8.83905274319394,2.));
#5563=CARTESIAN_POINT('Origin',(21.166502145121,-7.83905274319474,2.));
#5564=CARTESIAN_POINT('',(-19.6697628075383,-8.83905274319196,2.));
#5565=CARTESIAN_POINT('',(-30.3348817092432,-8.83905274319144,2.));
#5566=CARTESIAN_POINT('',(-20.6697628075747,-7.83905274315825,2.));
#5567=CARTESIAN_POINT('Origin',(-19.6697628075349,-7.83905274315825,2.));
#5568=CARTESIAN_POINT('',(-20.6697628075724,-1.07860191647183,2.));
#5569=CARTESIAN_POINT('',(-20.6697628075721,-0.539300958239509,2.));
#5570=CARTESIAN_POINT('Origin',(-19.6697628075704,-1.07860191647183,2.));
#5571=CARTESIAN_POINT('',(10.6296175075887,-67.562019221392,2.));
#5572=CARTESIAN_POINT('',(-33.8611310875232,-67.562019221392,2.));
#5573=CARTESIAN_POINT('',(-37.4305658492354,-67.562019221392,2.));
#5574=CARTESIAN_POINT('',(-36.8611310875232,-64.562019221392,2.));
#5575=CARTESIAN_POINT('Origin',(-33.8611310875232,-64.562019221392,2.));
#5576=CARTESIAN_POINT('',(-36.8611310875232,-39.6773632275158,2.));
#5577=CARTESIAN_POINT('',(-36.8611310875232,-19.8386816137579,2.));
#5578=CARTESIAN_POINT('',(-32.3966725016725,-37.0590887861464,2.));
#5579=CARTESIAN_POINT('Origin',(-33.8611310875232,-39.6773632275158,2.));
#5580=CARTESIAN_POINT('',(12.0940760934394,-61.9437447800226,2.));
#5581=CARTESIAN_POINT('',(-21.3222206346433,-43.2532737287221,2.));
#5582=CARTESIAN_POINT('Origin',(10.6296175075887,-64.562019221392,2.));
#5583=CARTESIAN_POINT('',(20.8253810593847,-0.438781635985673,2.));
#5584=CARTESIAN_POINT('',(-20.0108838933061,6.32166919073994,2.));
#5585=CARTESIAN_POINT('',(-29.7161739975501,7.92838167007424,2.));
#5586=CARTESIAN_POINT('',(-19.8475567317495,8.30824115379927,2.));
#5587=CARTESIAN_POINT('Origin',(-19.8475567317496,7.30824115380007,2.));
#5588=CARTESIAN_POINT('',(20.9887082209097,8.30824115379729,2.));
#5589=CARTESIAN_POINT('',(-10.0056461950188,8.3082411537988,2.));
#5590=CARTESIAN_POINT('',(21.9887082209461,7.30824115376358,2.));
#5591=CARTESIAN_POINT('Origin',(20.9887082209062,7.30824115376358,2.));
#5592=CARTESIAN_POINT('',(21.9887082209437,0.547790327077178,2.));
#5593=CARTESIAN_POINT('',(21.9887082209436,0.273895163527459,2.));
#5594=CARTESIAN_POINT('Origin',(20.9887082209417,0.547790327077177,2.));
#5595=CARTESIAN_POINT('',(-24.313,9.525000000002,2.));
#5596=CARTESIAN_POINT('Origin',(-27.813,9.525000000002,2.));
#5597=CARTESIAN_POINT('',(24.7012295113133,-11.1271499366692,2.));
#5598=CARTESIAN_POINT('',(30.9117712111743,-7.89785004544282,2.));
#5599=CARTESIAN_POINT('Origin',(27.8000006213784,-9.49999978765845,2.));
#5600=CARTESIAN_POINT('Origin',(27.813,-9.525000000002,2.));
#5601=CARTESIAN_POINT('',(28.8600921597325,-66.9544656480243,2.));
#5602=CARTESIAN_POINT('Origin',(24.8600921597325,-66.9544656480243,2.));
#5603=CARTESIAN_POINT('',(-34.813,7.00000016391277,2.));
#5604=CARTESIAN_POINT('',(-34.813,-6.00000014901161,2.));
#5605=CARTESIAN_POINT('',(-34.813,3.50000008195639,2.));
#5606=CARTESIAN_POINT('',(-38.813,-10.0000001490116,2.));
#5607=CARTESIAN_POINT('Origin',(-38.813,-6.00000014901161,2.));
#5608=CARTESIAN_POINT('',(-42.813000178814,-10.0000001490116,2.));
#5609=CARTESIAN_POINT('',(-39.9065003054738,-10.0000001490116,2.));
#5610=CARTESIAN_POINT('',(-46.813000178814,-6.00000014901161,2.));
#5611=CARTESIAN_POINT('Origin',(-42.813000178814,-6.00000014901161,2.));
#5612=CARTESIAN_POINT('',(-46.813000178814,7.00000016391277,2.));
#5613=CARTESIAN_POINT('',(-46.813000178814,-3.0000000745058,2.));
#5614=CARTESIAN_POINT('',(-42.813000178814,11.0000001639128,2.));
#5615=CARTESIAN_POINT('Origin',(-42.813000178814,7.00000016391277,2.));
#5616=CARTESIAN_POINT('',(-38.813,11.0000001639128,2.));
#5617=CARTESIAN_POINT('',(-41.9065003948808,11.0000001639128,2.));
#5618=CARTESIAN_POINT('Origin',(-38.813,7.00000016391277,2.));
#5619=CARTESIAN_POINT('',(38.0000005215406,-62.000000923872,2.));
#5620=CARTESIAN_POINT('',(42.0000006705523,-62.000000923872,2.));
#5621=CARTESIAN_POINT('',(-1.50000004470348,-62.000000923872,2.));
#5622=CARTESIAN_POINT('',(45.0000006705523,-65.000000923872,2.));
#5623=CARTESIAN_POINT('Origin',(42.0000006705523,-65.000000923872,2.));
#5624=CARTESIAN_POINT('',(45.0000006705523,-69.0000010728836,2.));
#5625=CARTESIAN_POINT('',(45.0000006705523,-32.500000461936,2.));
#5626=CARTESIAN_POINT('',(42.0000006705523,-72.0000010728836,2.));
#5627=CARTESIAN_POINT('Origin',(42.0000006705523,-69.0000010728836,2.));
#5628=CARTESIAN_POINT('',(38.0000005215406,-72.0000010728836,2.));
#5629=CARTESIAN_POINT('',(0.500000029802323,-72.0000010728836,2.));
#5630=CARTESIAN_POINT('',(35.0000005215406,-69.0000010728836,2.));
#5631=CARTESIAN_POINT('Origin',(38.0000005215406,-69.0000010728836,2.));
#5632=CARTESIAN_POINT('',(35.0000005215406,-65.000000923872,2.));
#5633=CARTESIAN_POINT('',(35.0000005215406,-34.5000005364418,2.));
#5634=CARTESIAN_POINT('Origin',(38.0000005215406,-65.000000923872,2.));
#5635=CARTESIAN_POINT('',(38.8000006213784,11.0000001639128,2.));
#5636=CARTESIAN_POINT('',(42.8000008001924,11.0000001639128,2.));
#5637=CARTESIAN_POINT('',(-1.09999999478457,11.0000001639129,2.));
#5638=CARTESIAN_POINT('',(46.8000008001924,7.00000016391277,2.));
#5639=CARTESIAN_POINT('Origin',(42.8000008001924,7.00000016391277,2.));
#5640=CARTESIAN_POINT('',(46.8000008001924,-6.00000014901161,2.));
#5641=CARTESIAN_POINT('',(46.8000008001924,3.50000008195639,2.));
#5642=CARTESIAN_POINT('',(42.8000008001924,-10.0000001490116,2.));
#5643=CARTESIAN_POINT('Origin',(42.8000008001924,-6.00000014901161,2.));
#5644=CARTESIAN_POINT('',(38.8000006213784,-10.0000001490116,2.));
#5645=CARTESIAN_POINT('',(0.900000094622382,-10.0000001490116,2.));
#5646=CARTESIAN_POINT('',(34.8000006213784,-6.00000014901161,2.));
#5647=CARTESIAN_POINT('Origin',(38.8000006213784,-6.00000014901161,2.));
#5648=CARTESIAN_POINT('',(34.8000006213784,7.00000016391277,2.));
#5649=CARTESIAN_POINT('',(34.8000006213784,-3.0000000745058,2.));
#5650=CARTESIAN_POINT('Origin',(38.8000006213784,7.00000016391277,2.));
#5651=CARTESIAN_POINT('Origin',(39.0000005811453,-82.0000012218952,3.5));
#5652=CARTESIAN_POINT('Origin',(-40.640603497369,-83.0103625986898,2.));
#5653=CARTESIAN_POINT('Ctrl Pts',(-42.201519313191,-84.8705896299329,2.));
#5654=CARTESIAN_POINT('Ctrl Pts',(-42.0807070692438,-84.7266112041793,2.));
#5655=CARTESIAN_POINT('Ctrl Pts',(-41.9384856085927,-84.5571182675044,2.04374649106471));
#5656=CARTESIAN_POINT('Ctrl Pts',(-41.7150857596773,-84.2908806949745,2.18644350116191));
#5657=CARTESIAN_POINT('Ctrl Pts',(-41.594244049014,-84.1468671521563,2.31061500879919));
#5658=CARTESIAN_POINT('Ctrl Pts',(-41.423274958148,-83.9431141238941,2.5734730084057));
#5659=CARTESIAN_POINT('Ctrl Pts',(-41.3425771912155,-83.846942270238,2.75830870803956));
#5660=CARTESIAN_POINT('Ctrl Pts',(-41.2504190313776,-83.7371124521643,3.09961529089784));
#5661=CARTESIAN_POINT('Ctrl Pts',(-41.2221978706671,-83.7034797825005,3.31600281221508));
#5662=CARTESIAN_POINT('Ctrl Pts',(-41.2221978706671,-83.7034797825005,3.5));
#5663=CARTESIAN_POINT('Origin',(-42.1243156881529,-86.3343057592928,2.));
#5664=CARTESIAN_POINT('Ctrl Pts',(-40.4812142999785,-84.3761337769393,3.5));
#5665=CARTESIAN_POINT('Ctrl Pts',(-40.4812142999785,-84.3761337769393,3.31534390416101));
#5666=CARTESIAN_POINT('Ctrl Pts',(-40.5092210016259,-84.4095108642444,3.09808246515773));
#5667=CARTESIAN_POINT('Ctrl Pts',(-40.6007397090418,-84.5185786125968,2.75633613868259));
#5668=CARTESIAN_POINT('Ctrl Pts',(-40.6806318217355,-84.6137903249194,2.57157609624642));
#5669=CARTESIAN_POINT('Ctrl Pts',(-40.850018016722,-84.8156569313305,2.30933961027558));
#5670=CARTESIAN_POINT('Ctrl Pts',(-40.969615257895,-84.9581873731628,2.18561160270034));
#5671=CARTESIAN_POINT('Ctrl Pts',(-41.1909413644773,-85.2219535558171,2.04350712896734));
#5672=CARTESIAN_POINT('Ctrl Pts',(-41.3318881215448,-85.3899273599169,2.));
#5673=CARTESIAN_POINT('Ctrl Pts',(-41.4516334436722,-85.5326342777585,2.));
#5674=CARTESIAN_POINT('Origin',(45.5000006780028,-34.5000005140901,2.));
#5675=CARTESIAN_POINT('',(47.9999992847443,-34.5000005140901,2.02429420727672));
#5676=CARTESIAN_POINT('Ctrl Pts',(47.9999992847443,-34.5000005140901,2.02429420727672));
#5677=CARTESIAN_POINT('Ctrl Pts',(47.8914241005879,-34.5000005140901,2.04392376255012));
#5678=CARTESIAN_POINT('Ctrl Pts',(47.7843234385071,-34.5000005140901,2.076277466196));
#5679=CARTESIAN_POINT('Ctrl Pts',(47.5178994105379,-34.5000005140901,2.18598105404422));
#5680=CARTESIAN_POINT('Ctrl Pts',(47.3309825152806,-34.5000005140901,2.30990550078003));
#5681=CARTESIAN_POINT('Ctrl Pts',(47.0663755809173,-34.5000005140901,2.57241742293129));
#5682=CARTESIAN_POINT('Ctrl Pts',(46.9415316433149,-34.5000005140901,2.75721110841713));
#5683=CARTESIAN_POINT('Ctrl Pts',(46.7987142493637,-34.5000005140901,3.09876206294527));
#5684=CARTESIAN_POINT('Ctrl Pts',(46.7549961170901,-34.5000005140901,3.31563614720509));
#5685=CARTESIAN_POINT('Ctrl Pts',(46.7549961170901,-34.5000005140901,3.5));
#5686=CARTESIAN_POINT('',(47.9999992847443,-34.5000005140901,2.));
#5687=CARTESIAN_POINT('Origin',(47.9999992847443,-33.5000005140901,2.));
#5688=CARTESIAN_POINT('',(47.9999992847443,-33.5000005140901,2.02429420761347));
#5689=CARTESIAN_POINT('',(47.9999992847443,-33.5000005140901,2.));
#5690=CARTESIAN_POINT('Ctrl Pts',(46.7549961197945,-33.5000005140901,3.5));
#5691=CARTESIAN_POINT('Ctrl Pts',(46.7549961197945,-33.5000005140901,3.31563614715941));
#5692=CARTESIAN_POINT('Ctrl Pts',(46.798714252045,-33.5000005140901,3.09876206283901));
#5693=CARTESIAN_POINT('Ctrl Pts',(46.9415316459273,-33.5000005140901,2.75721110828037));
#5694=CARTESIAN_POINT('Ctrl Pts',(47.0663755834428,-33.5000005140901,2.57241742279978));
#5695=CARTESIAN_POINT('Ctrl Pts',(47.3309825176355,-33.5000005140901,2.3099055006916));
#5696=CARTESIAN_POINT('Ctrl Pts',(47.5178994127586,-33.5000005140901,2.18598105398653));
#5697=CARTESIAN_POINT('Ctrl Pts',(47.784323440008,-33.5000005140901,2.07627746639543));
#5698=CARTESIAN_POINT('Ctrl Pts',(47.8914241013086,-33.5000005140901,2.043923762905));
#5699=CARTESIAN_POINT('Ctrl Pts',(47.9999992847443,-33.5000005140901,2.02429420761347));
#5700=CARTESIAN_POINT('Origin',(44.0000006556511,-34.0000005066395,3.5));
#5701=CARTESIAN_POINT('Ctrl Pts',(47.9999992847443,-33.5000005140902,2.02429420761347));
#5702=CARTESIAN_POINT('Ctrl Pts',(47.9999992847443,-33.2934600543865,2.01962659092785));
#5703=CARTESIAN_POINT('Ctrl Pts',(47.9999992847443,-33.0851025283911,2.01264098233));
#5704=CARTESIAN_POINT('Ctrl Pts',(47.9999992847443,-32.7487326772152,2.00360953109483));
#5705=CARTESIAN_POINT('Ctrl Pts',(47.9999992847443,-32.5705443679905,2.));
#5706=CARTESIAN_POINT('Ctrl Pts',(47.9999992847443,-32.4220236477304,2.));
#5707=CARTESIAN_POINT('Ctrl Pts',(47.9999992847443,-35.5779773655486,2.));
#5708=CARTESIAN_POINT('Ctrl Pts',(47.9999992847443,-35.4294566452884,2.));
#5709=CARTESIAN_POINT('Ctrl Pts',(47.9999992847443,-35.2512683360637,2.00360953109483));
#5710=CARTESIAN_POINT('Ctrl Pts',(47.9999992847443,-34.9148984894066,2.01264098220867));
#5711=CARTESIAN_POINT('Ctrl Pts',(47.9999992847443,-34.7065409689142,2.01962659059755));
#5712=CARTESIAN_POINT('Ctrl Pts',(47.9999992847443,-34.5000005140899,2.02429420727672));
#5713=CARTESIAN_POINT('Origin',(-44.3000007152556,-18.9523292667686,2.));
#5714=CARTESIAN_POINT('Ctrl Pts',(-46.764980873545,-18.9523292667686,2.));
#5715=CARTESIAN_POINT('Ctrl Pts',(-46.5775671248633,-18.9523292667686,2.));
#5716=CARTESIAN_POINT('Ctrl Pts',(-46.3569510704352,-18.9523292667686,2.04366911413429));
#5717=CARTESIAN_POINT('Ctrl Pts',(-46.0104477266551,-18.9523292667686,2.18617482687174));
#5718=CARTESIAN_POINT('Ctrl Pts',(-45.8230795117638,-18.9523292667686,2.31020263505376));
#5719=CARTESIAN_POINT('Ctrl Pts',(-45.5578984385419,-18.9523292667686,2.57285939009227));
#5720=CARTESIAN_POINT('Ctrl Pts',(-45.4327622464677,-18.9523292667686,2.75767069304279));
#5721=CARTESIAN_POINT('Ctrl Pts',(-45.2897128833299,-18.9523292667686,3.09911922790953));
#5722=CARTESIAN_POINT('Ctrl Pts',(-45.2459169557108,-18.9523292667686,3.31578966795163));
#5723=CARTESIAN_POINT('Ctrl Pts',(-45.2459169557108,-18.9523292667686,3.5));
#5724=CARTESIAN_POINT('',(-48.0000007152557,-18.9523292667686,2.));
#5725=CARTESIAN_POINT('Origin',(-48.0000007152557,-19.9523292667686,2.));
#5726=CARTESIAN_POINT('',(-48.0000007152557,-19.9523292667686,2.));
#5727=CARTESIAN_POINT('Ctrl Pts',(-45.2632231175184,-19.9523292667686,3.5));
#5728=CARTESIAN_POINT('Ctrl Pts',(-45.2632231175184,-19.9523292667686,3.31549730030216));
#5729=CARTESIAN_POINT('Ctrl Pts',(-45.3068710941011,-19.9523292667686,3.09843913145756));
#5730=CARTESIAN_POINT('Ctrl Pts',(-45.4494793211129,-19.9523292667686,2.75679542027267));
#5731=CARTESIAN_POINT('Ctrl Pts',(-45.5740597073534,-19.9523292667686,2.57201770137069));
#5732=CARTESIAN_POINT('Ctrl Pts',(-45.8381486716478,-19.9523292667686,2.30963668482783));
#5733=CARTESIAN_POINT('Ctrl Pts',(-46.0246581701551,-19.9523292667686,2.18580561986053));
#5734=CARTESIAN_POINT('Ctrl Pts',(-46.3697302872895,-19.9523292667686,2.04356289502054));
#5735=CARTESIAN_POINT('Ctrl Pts',(-46.5894663660901,-19.9523292667686,2.));
#5736=CARTESIAN_POINT('Ctrl Pts',(-46.7761435796113,-19.9523292667686,2.));
#5737=CARTESIAN_POINT('Origin',(38.8000006213784,11.0000001639128,2.));
#5738=CARTESIAN_POINT('',(38.8000006213784,11.0000001639128,1.2));
#5739=CARTESIAN_POINT('',(38.8000006213784,11.0000001639128,2.));
#5740=CARTESIAN_POINT('',(42.8000008001924,11.0000001639128,1.2));
#5741=CARTESIAN_POINT('',(38.8000006213784,11.0000001639128,1.2));
#5742=CARTESIAN_POINT('',(42.8000008001924,11.0000001639128,2.));
#5743=CARTESIAN_POINT('Origin',(38.8000006213784,7.00000016391277,2.));
#5744=CARTESIAN_POINT('',(34.8000006213784,7.00000016391277,1.2));
#5745=CARTESIAN_POINT('',(34.8000006213784,7.00000016391277,2.));
#5746=CARTESIAN_POINT('Origin',(38.8000006213784,7.00000016391277,1.2));
#5747=CARTESIAN_POINT('Origin',(34.8000006213784,-6.00000014901161,2.));
#5748=CARTESIAN_POINT('',(34.8000006213784,-6.00000014901161,1.2));
#5749=CARTESIAN_POINT('',(34.8000006213784,-6.00000014901161,2.));
#5750=CARTESIAN_POINT('',(34.8000006213784,-6.00000014901161,1.2));
#5751=CARTESIAN_POINT('Origin',(38.8000006213784,-6.00000014901161,2.));
#5752=CARTESIAN_POINT('',(38.8000006213784,-10.0000001490116,1.2));
#5753=CARTESIAN_POINT('',(38.8000006213784,-10.0000001490116,2.));
#5754=CARTESIAN_POINT('Origin',(38.8000006213784,-6.00000014901161,1.2));
#5755=CARTESIAN_POINT('Origin',(42.8000008001924,-10.0000001490116,2.));
#5756=CARTESIAN_POINT('',(42.8000008001924,-10.0000001490116,1.2));
#5757=CARTESIAN_POINT('',(42.8000008001924,-10.0000001490116,2.));
#5758=CARTESIAN_POINT('',(42.8000008001924,-10.0000001490116,1.2));
#5759=CARTESIAN_POINT('Origin',(42.8000008001924,-6.00000014901161,2.));
#5760=CARTESIAN_POINT('',(46.8000008001924,-6.00000014901161,1.2));
#5761=CARTESIAN_POINT('',(46.8000008001924,-6.00000014901161,2.));
#5762=CARTESIAN_POINT('Origin',(42.8000008001924,-6.00000014901161,1.2));
#5763=CARTESIAN_POINT('Origin',(46.8000008001924,7.00000016391277,2.));
#5764=CARTESIAN_POINT('',(46.8000008001924,7.00000016391277,1.2));
#5765=CARTESIAN_POINT('',(46.8000008001924,7.00000016391277,2.));
#5766=CARTESIAN_POINT('',(46.8000008001924,7.00000016391277,1.2));
#5767=CARTESIAN_POINT('Origin',(42.8000008001924,7.00000016391277,2.));
#5768=CARTESIAN_POINT('Origin',(42.8000008001924,7.00000016391277,1.2));
#5769=CARTESIAN_POINT('Origin',(40.8000007107854,0.500000007450581,1.2));
#5770=CARTESIAN_POINT('Origin',(38.0000005215406,-62.000000923872,2.));
#5771=CARTESIAN_POINT('',(38.0000005215406,-62.000000923872,1.2));
#5772=CARTESIAN_POINT('',(38.0000005215406,-62.000000923872,2.));
#5773=CARTESIAN_POINT('',(42.0000006705523,-62.000000923872,1.2));
#5774=CARTESIAN_POINT('',(38.0000005215406,-62.000000923872,1.2));
#5775=CARTESIAN_POINT('',(42.0000006705523,-62.000000923872,2.));
#5776=CARTESIAN_POINT('Origin',(38.0000005215406,-65.000000923872,2.));
#5777=CARTESIAN_POINT('',(35.0000005215406,-65.000000923872,1.2));
#5778=CARTESIAN_POINT('',(35.0000005215406,-65.000000923872,2.));
#5779=CARTESIAN_POINT('Origin',(38.0000005215406,-65.000000923872,1.2));
#5780=CARTESIAN_POINT('Origin',(35.0000005215406,-69.0000010728836,2.));
#5781=CARTESIAN_POINT('',(35.0000005215406,-69.0000010728836,1.2));
#5782=CARTESIAN_POINT('',(35.0000005215406,-69.0000010728836,2.));
#5783=CARTESIAN_POINT('',(35.0000005215406,-69.0000010728836,1.2));
#5784=CARTESIAN_POINT('Origin',(38.0000005215406,-69.0000010728836,2.));
#5785=CARTESIAN_POINT('',(38.0000005215406,-72.0000010728836,1.2));
#5786=CARTESIAN_POINT('',(38.0000005215406,-72.0000010728836,2.));
#5787=CARTESIAN_POINT('Origin',(38.0000005215406,-69.0000010728836,1.2));
#5788=CARTESIAN_POINT('Origin',(42.0000006705523,-72.0000010728836,2.));
#5789=CARTESIAN_POINT('',(42.0000006705523,-72.0000010728836,1.2));
#5790=CARTESIAN_POINT('',(42.0000006705523,-72.0000010728836,2.));
#5791=CARTESIAN_POINT('',(42.0000006705523,-72.0000010728836,1.2));
#5792=CARTESIAN_POINT('Origin',(42.0000006705523,-69.0000010728836,2.));
#5793=CARTESIAN_POINT('',(45.0000006705523,-69.0000010728836,1.2));
#5794=CARTESIAN_POINT('',(45.0000006705523,-69.0000010728836,2.));
#5795=CARTESIAN_POINT('Origin',(42.0000006705523,-69.0000010728836,1.2));
#5796=CARTESIAN_POINT('Origin',(45.0000006705523,-65.000000923872,2.));
#5797=CARTESIAN_POINT('',(45.0000006705523,-65.000000923872,1.2));
#5798=CARTESIAN_POINT('',(45.0000006705523,-65.000000923872,2.));
#5799=CARTESIAN_POINT('',(45.0000006705523,-65.000000923872,1.2));
#5800=CARTESIAN_POINT('Origin',(42.0000006705523,-65.000000923872,2.));
#5801=CARTESIAN_POINT('Origin',(42.0000006705523,-65.000000923872,1.2));
#5802=CARTESIAN_POINT('Origin',(40.0000005960464,-67.0000009983778,1.2));
#5803=CARTESIAN_POINT('Origin',(-34.813,7.00000016391277,2.));
#5804=CARTESIAN_POINT('',(-34.813,7.00000016391277,1.2));
#5805=CARTESIAN_POINT('',(-34.813,7.00000016391277,2.));
#5806=CARTESIAN_POINT('',(-34.813,-6.00000014901161,1.2));
#5807=CARTESIAN_POINT('',(-34.813,7.00000016391277,1.2));
#5808=CARTESIAN_POINT('',(-34.813,-6.00000014901161,2.));
#5809=CARTESIAN_POINT('Origin',(-38.813,7.00000016391277,2.));
#5810=CARTESIAN_POINT('',(-38.813,11.0000001639128,1.2));
#5811=CARTESIAN_POINT('',(-38.813,11.0000001639128,2.));
#5812=CARTESIAN_POINT('Origin',(-38.813,7.00000016391277,1.2));
#5813=CARTESIAN_POINT('Origin',(-42.813000178814,11.0000001639128,2.));
#5814=CARTESIAN_POINT('',(-42.813000178814,11.0000001639128,1.2));
#5815=CARTESIAN_POINT('',(-42.813000178814,11.0000001639128,2.));
#5816=CARTESIAN_POINT('',(-42.813000178814,11.0000001639128,1.2));
#5817=CARTESIAN_POINT('Origin',(-42.813000178814,7.00000016391277,2.));
#5818=CARTESIAN_POINT('',(-46.813000178814,7.00000016391277,1.2));
#5819=CARTESIAN_POINT('',(-46.813000178814,7.00000016391277,2.));
#5820=CARTESIAN_POINT('Origin',(-42.813000178814,7.00000016391277,1.2));
#5821=CARTESIAN_POINT('Origin',(-46.813000178814,-6.00000014901161,2.));
#5822=CARTESIAN_POINT('',(-46.813000178814,-6.00000014901161,1.2));
#5823=CARTESIAN_POINT('',(-46.813000178814,-6.00000014901161,2.));
#5824=CARTESIAN_POINT('',(-46.813000178814,-6.00000014901161,1.2));
#5825=CARTESIAN_POINT('Origin',(-42.813000178814,-6.00000014901161,2.));
#5826=CARTESIAN_POINT('',(-42.813000178814,-10.0000001490116,1.2));
#5827=CARTESIAN_POINT('',(-42.813000178814,-10.0000001490116,2.));
#5828=CARTESIAN_POINT('Origin',(-42.813000178814,-6.00000014901161,1.2));
#5829=CARTESIAN_POINT('Origin',(-38.813,-10.0000001490116,2.));
#5830=CARTESIAN_POINT('',(-38.813,-10.0000001490116,1.2));
#5831=CARTESIAN_POINT('',(-38.813,-10.0000001490116,2.));
#5832=CARTESIAN_POINT('',(-38.813,-10.0000001490116,1.2));
#5833=CARTESIAN_POINT('Origin',(-38.813,-6.00000014901161,2.));
#5834=CARTESIAN_POINT('Origin',(-38.813,-6.00000014901161,1.2));
#5835=CARTESIAN_POINT('Origin',(-40.813000089407,0.500000007450581,1.2));
#5836=CARTESIAN_POINT('Origin',(-39.0000005811453,-82.0000012218952,3.5));
#5837=CARTESIAN_POINT('Origin',(-42.5000006332994,-19.5000002905726,3.5));
#5838=CARTESIAN_POINT('Origin',(24.8600921597325,-66.9544656480243,3.));
#5839=CARTESIAN_POINT('',(21.8600921597325,-66.9544656480243,3.));
#5840=CARTESIAN_POINT('',(27.8600921597325,-66.9544656480243,3.));
#5841=CARTESIAN_POINT('Origin',(24.8600921597325,-66.9544656480243,3.));
#5842=CARTESIAN_POINT('Origin',(28.8600921597325,-66.9544656480243,3.));
#5843=CARTESIAN_POINT('Origin',(24.8600921597325,-66.9544656480243,3.));
#5844=CARTESIAN_POINT('Origin',(24.8600921597325,-66.9544656480243,0.));
#5845=CARTESIAN_POINT('',(21.8600921597325,-66.9544656480243,8.5));
#5846=CARTESIAN_POINT('Origin',(24.8600921597325,-66.9544656480243,8.5));
#5847=CARTESIAN_POINT('',(21.8600921597325,-66.9544656480243,0.));
#5848=CARTESIAN_POINT('Origin',(-35.552212517469,-25.1044933077256,3.));
#5849=CARTESIAN_POINT('',(-38.552212517469,-25.1044933077256,3.));
#5850=CARTESIAN_POINT('',(-32.552212517469,-25.1044933077256,3.));
#5851=CARTESIAN_POINT('Origin',(-35.552212517469,-25.1044933077256,3.));
#5852=CARTESIAN_POINT('Origin',(-31.552212517469,-25.1044933077256,3.));
#5853=CARTESIAN_POINT('Origin',(-35.552212517469,-25.1044933077256,3.));
#5854=CARTESIAN_POINT('Origin',(-35.552212517469,-25.1044933077256,0.));
#5855=CARTESIAN_POINT('',(-38.552212517469,-25.1044933077256,8.5));
#5856=CARTESIAN_POINT('Origin',(-35.552212517469,-25.1044933077256,8.5));
#5857=CARTESIAN_POINT('',(-38.552212517469,-25.1044933077256,0.));
#5858=CARTESIAN_POINT('Origin',(27.8000006213784,-9.49999978765845,3.));
#5859=CARTESIAN_POINT('',(30.0245336659286,-8.35918747456554,3.));
#5860=CARTESIAN_POINT('Ctrl Pts',(30.9117712111743,-7.89785004544282,2.));
#5861=CARTESIAN_POINT('Ctrl Pts',(30.8724229568255,-7.91828810777144,2.));
#5862=CARTESIAN_POINT('Ctrl Pts',(30.8330721227547,-7.9387206783452,2.00295330180722));
#5863=CARTESIAN_POINT('Ctrl Pts',(30.7940665876183,-7.95896876583054,2.00883384706296));
#5864=CARTESIAN_POINT('Ctrl Pts',(30.7550625764403,-7.97921606221682,2.01471416256398));
#5865=CARTESIAN_POINT('Ctrl Pts',(30.7164042447039,-7.99927868055251,2.0235214311386));
#5866=CARTESIAN_POINT('Ctrl Pts',(30.6784333822611,-8.01898100141261,2.03517794820636));
#5867=CARTESIAN_POINT('Ctrl Pts',(30.640463871437,-8.0386826209448,2.0468340503463));
#5868=CARTESIAN_POINT('Ctrl Pts',(30.6031821776895,-8.05802376522903,2.06133907633385));
#5869=CARTESIAN_POINT('Ctrl Pts',(30.566917968459,-8.07683528373121,2.07856506062306));
#5870=CARTESIAN_POINT('Ctrl Pts',(30.530654924224,-8.09564619790931,2.09579049152381));
#5871=CARTESIAN_POINT('Ctrl Pts',(30.4954096781028,-8.11392732644603,2.11573652611079));
#5872=CARTESIAN_POINT('Ctrl Pts',(30.4614939563157,-8.13151896803717,2.13822720870829));
#5873=CARTESIAN_POINT('Ctrl Pts',(30.4275684793653,-8.14911566950403,2.16072436029042));
#5874=CARTESIAN_POINT('Ctrl Pts',(30.3949736478425,-8.16602230554574,2.18576739143097));
#5875=CARTESIAN_POINT('Ctrl Pts',(30.3639980145184,-8.18209129769895,2.21313525608914));
#5876=CARTESIAN_POINT('Ctrl Pts',(30.333025510696,-8.1981586663845,2.24050035574234));
#5877=CARTESIAN_POINT('Ctrl Pts',(30.3036722018256,-8.2133883955826,2.27018953302051));
#5878=CARTESIAN_POINT('Ctrl Pts',(30.2761980144542,-8.22764780965559,2.30194078479137));
#5879=CARTESIAN_POINT('Ctrl Pts',(30.2487262222949,-8.24190598058635,2.3336892684736));
#5880=CARTESIAN_POINT('Ctrl Pts',(30.2231335113782,-8.25519385981668,2.3674991355212));
#5881=CARTESIAN_POINT('Ctrl Pts',(30.1996466156108,-8.26739599456502,2.4030720701337));
#5882=CARTESIAN_POINT('Ctrl Pts',(30.1761614424233,-8.27959723438238,2.43864239575017));
#5883=CARTESIAN_POINT('Ctrl Pts',(30.1547820213326,-8.29071276483991,2.47597515913959));
#5884=CARTESIAN_POINT('Ctrl Pts',(30.1356979118687,-8.30064637122603,2.51474100899321));
#5885=CARTESIAN_POINT('Ctrl Pts',(30.1166091945308,-8.31058237608959,2.55351621889321));
#5886=CARTESIAN_POINT('Ctrl Pts',(30.0998170995977,-8.31933578453932,2.59372480397936));
#5887=CARTESIAN_POINT('Ctrl Pts',(30.0854708122958,-8.32683123096865,2.63501187145237));
#5888=CARTESIAN_POINT('Ctrl Pts',(30.0711271504325,-8.33432530569574,2.67629138319628));
#5889=CARTESIAN_POINT('Ctrl Pts',(30.0592285509326,-8.34056180435339,2.71864855155424));
#5890=CARTESIAN_POINT('Ctrl Pts',(30.0498809860917,-8.34548763018073,2.76170965615947));
#5891=CARTESIAN_POINT('Ctrl Pts',(30.0405320770974,-8.35041416432785,2.80477695282941));
#5892=CARTESIAN_POINT('Ctrl Pts',(30.0337350366594,-8.35402959985326,2.84854793932845));
#5893=CARTESIAN_POINT('Ctrl Pts',(30.0295508544684,-8.35630398031542,2.89263631028858));
#5894=CARTESIAN_POINT('Ctrl Pts',(30.0261675349026,-8.35814303883775,2.92828606005502));
#5895=CARTESIAN_POINT('Ctrl Pts',(30.0244917348773,-8.35910571088871,2.96414299003904));
#5896=CARTESIAN_POINT('Ctrl Pts',(30.0245336659286,-8.35918747456554,3.));
#5897=CARTESIAN_POINT('',(25.5884669554499,-10.6658123130949,3.));
#5898=CARTESIAN_POINT('Origin',(27.8000006213784,-9.49999978765845,3.));
#5899=CARTESIAN_POINT('Ctrl Pts',(25.5884669554499,-10.6658123130949,3.));
#5900=CARTESIAN_POINT('Ctrl Pts',(25.5884139689382,-10.6657117982594,2.95566066944712));
#5901=CARTESIAN_POINT('Ctrl Pts',(25.5857484554563,-10.6669884786938,2.91132157005466));
#5902=CARTESIAN_POINT('Ctrl Pts',(25.5804929067389,-10.669629140256,2.86737392677));
#5903=CARTESIAN_POINT('Ctrl Pts',(25.5752375635745,-10.6722696985376,2.82342800234917));
#5904=CARTESIAN_POINT('Ctrl Pts',(25.5673924412122,-10.6762741004388,2.77987396154488));
#5905=CARTESIAN_POINT('Ctrl Pts',(25.5570257352541,-10.6816050791052,2.73709607237858));
#5906=CARTESIAN_POINT('Ctrl Pts',(25.5466593990437,-10.6869358676325,2.69431970896483));
#5907=CARTESIAN_POINT('Ctrl Pts',(25.5337717658106,-10.693593079504,2.65231988765753));
#5908=CARTESIAN_POINT('Ctrl Pts',(25.5184755256314,-10.7015160716417,2.61146713756801));
#5909=CARTESIAN_POINT('Ctrl Pts',(25.5031797783094,-10.7094388084942,2.57061570378706));
#5910=CARTESIAN_POINT('Ctrl Pts',(25.4854757373234,-10.7186271583359,2.53091169298887));
#5911=CARTESIAN_POINT('Ctrl Pts',(25.4655185936012,-10.7289981897929,2.49270535776668));
#5912=CARTESIAN_POINT('Ctrl Pts',(25.4455557131999,-10.7393722024021,2.45448804013683));
#5913=CARTESIAN_POINT('Ctrl Pts',(25.4233386393444,-10.7509294665284,2.41776965908733));
#5914=CARTESIAN_POINT('Ctrl Pts',(25.3990625122161,-10.7635661407855,2.38287431495526));
#5915=CARTESIAN_POINT('Ctrl Pts',(25.3747888406706,-10.7762015368158,2.34798250056272));
#5916=CARTESIAN_POINT('Ctrl Pts',(25.3484567847507,-10.7899159896995,2.31491371774005));
#5917=CARTESIAN_POINT('Ctrl Pts',(25.320297790544,-10.8045867003028,2.28395979420367));
#5918=CARTESIAN_POINT('Ctrl Pts',(25.2921412546703,-10.8192561301256,2.25300857300271));
#5919=CARTESIAN_POINT('Ctrl Pts',(25.2621583921831,-10.8348814948534,2.22417216405655));
#5920=CARTESIAN_POINT('Ctrl Pts',(25.230612857098,-10.8513232236283,2.19770500061828));
#5921=CARTESIAN_POINT('Ctrl Pts',(25.1990696392652,-10.867763744637,2.17123978138846));
#5922=CARTESIAN_POINT('Ctrl Pts',(25.1659643062745,-10.8850203357299,2.14714373498169));
#5923=CARTESIAN_POINT('Ctrl Pts',(25.131588060236,-10.9029391313599,2.12562943770009));
#5924=CARTESIAN_POINT('Ctrl Pts',(25.0972035192534,-10.9208622507723,2.10410994904617));
#5925=CARTESIAN_POINT('Ctrl Pts',(25.0615478083342,-10.9394477055853,2.08517368188537));
#5926=CARTESIAN_POINT('Ctrl Pts',(25.0249348235984,-10.9585299092224,2.06898777315457));
#5927=CARTESIAN_POINT('Ctrl Pts',(24.9883285415528,-10.9776086195059,2.05280482755649));
#5928=CARTESIAN_POINT('Ctrl Pts',(24.9507657173367,-10.9971836954375,2.03937140076266));
#5929=CARTESIAN_POINT('Ctrl Pts',(24.9125770056024,-11.0170809673781,2.02880601676615));
#5930=CARTESIAN_POINT('Ctrl Pts',(24.8743828049414,-11.0369810991865,2.01823911418953));
#5931=CARTESIAN_POINT('Ctrl Pts',(24.8355629339391,-11.0572033103415,2.01054119034563));
#5932=CARTESIAN_POINT('Ctrl Pts',(24.7964592845126,-11.0775677612385,2.00578018398818));
#5933=CARTESIAN_POINT('Ctrl Pts',(24.7648401584127,-11.0940344120578,2.00193044457547));
#5934=CARTESIAN_POINT('Ctrl Pts',(24.7330357879625,-11.1105939110736,2.));
#5935=CARTESIAN_POINT('Ctrl Pts',(24.7012295113133,-11.1271499366692,2.));
#5936=CARTESIAN_POINT('Origin',(27.813,-9.525000000002,3.));
#5937=CARTESIAN_POINT('Origin',(27.813,-9.525000000002,3.));
#5938=CARTESIAN_POINT('Origin',(27.8000006213784,-9.49999978765845,0.));
#5939=CARTESIAN_POINT('',(30.0245336659286,-8.35918747456558,4.5));
#5940=CARTESIAN_POINT('',(30.0245336659286,-8.35918747456554,0.));
#5941=CARTESIAN_POINT('',(25.5884669554499,-10.665812313095,4.5));
#5942=CARTESIAN_POINT('Origin',(27.8000006213784,-9.49999978765845,4.5));
#5943=CARTESIAN_POINT('',(25.5884669554499,-10.6658123130949,0.));
#5944=CARTESIAN_POINT('Origin',(27.8000006213784,9.49999978765845,3.));
#5945=CARTESIAN_POINT('',(25.3000006213784,9.49999978765845,3.));
#5946=CARTESIAN_POINT('',(30.3000006213784,9.49999978765845,3.));
#5947=CARTESIAN_POINT('Origin',(27.8000006213784,9.49999978765845,3.));
#5948=CARTESIAN_POINT('Origin',(31.3000006213784,9.49999978765845,3.));
#5949=CARTESIAN_POINT('Origin',(27.8000006213784,9.49999978765845,3.));
#5950=CARTESIAN_POINT('Origin',(27.8000006213784,9.49999978765845,0.));
#5951=CARTESIAN_POINT('',(25.3000006213784,9.49999978765845,4.5));
#5952=CARTESIAN_POINT('Origin',(27.8000006213784,9.49999978765845,4.5));
#5953=CARTESIAN_POINT('',(25.3000006213784,9.49999978765845,0.));
#5954=CARTESIAN_POINT('Origin',(-27.813,9.525000000002,3.));
#5955=CARTESIAN_POINT('',(-30.313,9.525000000002,3.));
#5956=CARTESIAN_POINT('',(-25.313,9.525000000002,3.));
#5957=CARTESIAN_POINT('Origin',(-27.813,9.525000000002,3.));
#5958=CARTESIAN_POINT('Origin',(-24.313,9.525000000002,3.));
#5959=CARTESIAN_POINT('Origin',(-27.813,9.525000000002,3.));
#5960=CARTESIAN_POINT('Origin',(-27.813,9.525000000002,0.));
#5961=CARTESIAN_POINT('',(-30.313,9.525000000002,4.5));
#5962=CARTESIAN_POINT('Origin',(-27.813,9.525000000002,4.5));
#5963=CARTESIAN_POINT('',(-30.313,9.525000000002,0.));
#5964=CARTESIAN_POINT('Origin',(-27.813,-9.52500000000201,3.));
#5965=CARTESIAN_POINT('',(-30.313,-9.52500000000201,3.));
#5966=CARTESIAN_POINT('',(-25.313,-9.52500000000201,3.));
#5967=CARTESIAN_POINT('Origin',(-27.813,-9.52500000000201,3.));
#5968=CARTESIAN_POINT('Origin',(-24.313,-9.52500000000201,3.));
#5969=CARTESIAN_POINT('Origin',(-27.813,-9.52500000000201,3.));
#5970=CARTESIAN_POINT('Origin',(-27.813,-9.52500000000201,0.));
#5971=CARTESIAN_POINT('',(-30.313,-9.52500000000201,4.5));
#5972=CARTESIAN_POINT('Origin',(-27.813,-9.52500000000201,4.5));
#5973=CARTESIAN_POINT('',(-30.313,-9.52500000000201,0.));
#5974=CARTESIAN_POINT('Origin',(28.0000004470348,-85.0000012665987,2.));
#5975=CARTESIAN_POINT('',(28.0000004470348,-85.0000012665987,1.2));
#5976=CARTESIAN_POINT('',(28.0000004470348,-85.0000012665987,2.));
#5977=CARTESIAN_POINT('',(-29.000000461936,-85.0000012665987,1.2));
#5978=CARTESIAN_POINT('',(28.0000004470348,-85.0000012665987,1.2));
#5979=CARTESIAN_POINT('',(-29.000000461936,-85.0000012665987,2.));
#5980=CARTESIAN_POINT('Origin',(28.0000004470349,-83.0000012665987,2.));
#5981=CARTESIAN_POINT('',(30.0000004470348,-83.0000012665987,1.2));
#5982=CARTESIAN_POINT('',(30.0000004470348,-83.0000012665987,2.));
#5983=CARTESIAN_POINT('Origin',(28.0000004470349,-83.0000012665987,1.2));
#5984=CARTESIAN_POINT('Origin',(30.0000004470348,-78.0000011324883,2.));
#5985=CARTESIAN_POINT('',(30.0000004470348,-78.0000011324883,1.2));
#5986=CARTESIAN_POINT('',(30.0000004470348,-78.0000011324883,2.));
#5987=CARTESIAN_POINT('',(30.0000004470348,-78.0000011324883,1.2));
#5988=CARTESIAN_POINT('Origin',(28.0000004470348,-78.0000011324883,2.));
#5989=CARTESIAN_POINT('',(28.0000004470348,-76.0000011324883,1.2));
#5990=CARTESIAN_POINT('',(28.0000004470348,-76.0000011324883,2.));
#5991=CARTESIAN_POINT('Origin',(28.0000004470348,-78.0000011324883,1.2));
#5992=CARTESIAN_POINT('Origin',(-29.000000461936,-76.0000011324883,2.));
#5993=CARTESIAN_POINT('',(-29.000000461936,-76.0000011324883,1.2));
#5994=CARTESIAN_POINT('',(-29.000000461936,-76.0000011324883,2.));
#5995=CARTESIAN_POINT('',(-29.000000461936,-76.0000011324883,1.2));
#5996=CARTESIAN_POINT('Origin',(-29.000000461936,-78.0000011324883,2.));
#5997=CARTESIAN_POINT('',(-31.000000461936,-78.0000011324883,1.2));
#5998=CARTESIAN_POINT('',(-31.000000461936,-78.0000011324883,2.));
#5999=CARTESIAN_POINT('Origin',(-29.000000461936,-78.0000011324883,1.2));
#6000=CARTESIAN_POINT('Origin',(-31.000000461936,-83.0000012665987,2.));
#6001=CARTESIAN_POINT('',(-31.000000461936,-83.0000012665987,1.2));
#6002=CARTESIAN_POINT('',(-31.000000461936,-83.0000012665987,2.));
#6003=CARTESIAN_POINT('',(-31.000000461936,-83.0000012665987,1.2));
#6004=CARTESIAN_POINT('Origin',(-29.000000461936,-83.0000012665987,2.));
#6005=CARTESIAN_POINT('Origin',(-29.000000461936,-83.0000012665987,1.2));
#6006=CARTESIAN_POINT('Origin',(-0.500000007450576,-80.5000011995435,1.2));
#6007=CARTESIAN_POINT('Origin',(0.570575744598649,3.92801574043932,1.2));
#6008=CARTESIAN_POINT('',(21.9887082209437,0.547790327077178,1.2));
#6009=CARTESIAN_POINT('',(20.8253810593847,-0.438781635985673,1.2));
#6010=CARTESIAN_POINT('Origin',(20.9887082209417,0.547790327077177,1.2));
#6011=CARTESIAN_POINT('',(21.9887082209461,7.30824115376358,1.2));
#6012=CARTESIAN_POINT('',(21.9887082209443,2.23790303375446,1.2));
#6013=CARTESIAN_POINT('',(20.9887082209097,8.30824115379729,1.2));
#6014=CARTESIAN_POINT('Origin',(20.9887082209062,7.30824115376358,1.2));
#6015=CARTESIAN_POINT('',(-19.8475567317495,8.30824115379927,1.2));
#6016=CARTESIAN_POINT('',(10.7796419827543,8.30824115379779,1.2));
#6017=CARTESIAN_POINT('',(-20.0108838933061,6.32166919073994,1.2));
#6018=CARTESIAN_POINT('Origin',(-19.8475567317496,7.30824115380007,1.2));
#6019=CARTESIAN_POINT('',(-9.8018176551321,4.63155648405893,1.2));
#6020=CARTESIAN_POINT('Origin',(20.9887082209097,8.30824115379729,0.));
#6021=CARTESIAN_POINT('',(20.9887082209097,8.30824115379729,0.));
#6022=CARTESIAN_POINT('',(-19.8475567317495,8.30824115379927,0.));
#6023=CARTESIAN_POINT('Origin',(20.9887082209062,7.30824115376358,0.));
#6024=CARTESIAN_POINT('',(21.9887082209461,7.30824115376358,0.));
#6025=CARTESIAN_POINT('Origin',(21.9887082209437,0.547790327077178,0.));
#6026=CARTESIAN_POINT('',(21.9887082209437,0.547790327077178,0.));
#6027=CARTESIAN_POINT('Origin',(-11.6157567899673,-52.1196912244539,1.2));
#6028=CARTESIAN_POINT('',(12.0940760934394,-61.9437447800226,1.2));
#6029=CARTESIAN_POINT('',(10.6296175075887,-67.562019221392,1.2));
#6030=CARTESIAN_POINT('Origin',(10.6296175075887,-64.562019221392,1.2));
#6031=CARTESIAN_POINT('',(-32.3966725016725,-37.0590887861464,1.2));
#6032=CARTESIAN_POINT('',(0.971388944661369,-55.7225807815536,1.2));
#6033=CARTESIAN_POINT('',(-36.8611310875232,-39.6773632275158,1.2));
#6034=CARTESIAN_POINT('Origin',(-33.8611310875232,-39.6773632275158,1.2));
#6035=CARTESIAN_POINT('',(-36.8611310875232,-64.562019221392,1.2));
#6036=CARTESIAN_POINT('',(-36.8611310875232,-45.8985272259849,1.2));
#6037=CARTESIAN_POINT('',(-33.8611310875232,-67.562019221392,1.2));
#6038=CARTESIAN_POINT('Origin',(-33.8611310875232,-64.562019221392,1.2));
#6039=CARTESIAN_POINT('',(-22.7384439387453,-67.562019221392,1.2));
#6040=CARTESIAN_POINT('Origin',(-36.8611310875232,-39.6773632275158,0.));
#6041=CARTESIAN_POINT('',(-36.8611310875232,-39.6773632275158,0.));
#6042=CARTESIAN_POINT('',(-36.8611310875232,-64.562019221392,0.));
#6043=CARTESIAN_POINT('Origin',(-33.8611310875232,-39.6773632275158,0.));
#6044=CARTESIAN_POINT('',(-32.3966725016725,-37.0590887861464,0.));
#6045=CARTESIAN_POINT('Origin',(12.0940760934393,-61.9437447800226,0.));
#6046=CARTESIAN_POINT('',(12.0940760934394,-61.9437447800226,0.));
#6047=CARTESIAN_POINT('Origin',(0.748369668772746,-4.45882732983398,1.2));
#6048=CARTESIAN_POINT('',(-20.6697628075724,-1.07860191647183,1.2));
#6049=CARTESIAN_POINT('',(-19.5064356460133,-0.0920299534089819,1.2));
#6050=CARTESIAN_POINT('Origin',(-19.6697628075704,-1.07860191647183,1.2));
#6051=CARTESIAN_POINT('',(-20.6697628075747,-7.83905274315825,1.2));
#6052=CARTESIAN_POINT('',(-20.6697628075729,-2.76871462314912,1.2));
#6053=CARTESIAN_POINT('',(-19.6697628075383,-8.83905274319196,1.2));
#6054=CARTESIAN_POINT('Origin',(-19.6697628075349,-7.83905274315825,1.2));
#6055=CARTESIAN_POINT('',(21.1665021451209,-8.83905274319394,1.2));
#6056=CARTESIAN_POINT('',(-9.46069656938288,-8.83905274319246,1.2));
#6057=CARTESIAN_POINT('',(21.3298293066775,-6.85248078013461,1.2));
#6058=CARTESIAN_POINT('Origin',(21.166502145121,-7.83905274319474,1.2));
#6059=CARTESIAN_POINT('',(11.1207630685035,-5.1623680734536,1.2));
#6060=CARTESIAN_POINT('Origin',(-19.6697628075383,-8.83905274319196,0.));
#6061=CARTESIAN_POINT('',(-19.6697628075383,-8.83905274319196,0.));
#6062=CARTESIAN_POINT('',(21.1665021451209,-8.83905274319394,0.));
#6063=CARTESIAN_POINT('Origin',(-19.6697628075349,-7.83905274315825,0.));
#6064=CARTESIAN_POINT('',(-20.6697628075747,-7.83905274315825,0.));
#6065=CARTESIAN_POINT('Origin',(-20.6697628075723,-1.07860191647183,0.));
#6066=CARTESIAN_POINT('',(-20.6697628075724,-1.07860191647183,0.));
#6067=CARTESIAN_POINT('Origin',(9.25291157241819,-40.7210303523492,1.2));
#6068=CARTESIAN_POINT('',(34.9965712333089,-53.4420603321694,1.2));
#6069=CARTESIAN_POINT('',(30.5321126474582,-56.0603347735388,1.2));
#6070=CARTESIAN_POINT('Origin',(31.9965712333089,-53.4420603321694,1.2));
#6071=CARTESIAN_POINT('',(34.9965712333089,-28.000000372529,1.2));
#6072=CARTESIAN_POINT('',(34.9965712333089,-47.0815453422593,1.2));
#6073=CARTESIAN_POINT('',(31.9965712333089,-25.000000372529,1.2));
#6074=CARTESIAN_POINT('Origin',(31.9965712333089,-28.000000372529,1.2));
#6075=CARTESIAN_POINT('',(-13.4907480884725,-25.000000372529,1.2));
#6076=CARTESIAN_POINT('',(20.6247414028635,-25.000000372529,1.2));
#6077=CARTESIAN_POINT('',(-14.9552066743232,-30.6182748138984,1.2));
#6078=CARTESIAN_POINT('Origin',(-13.4907480884725,-28.000000372529,1.2));
#6079=CARTESIAN_POINT('',(-3.58337684387782,-36.9787898038085,1.2));
#6080=CARTESIAN_POINT('Origin',(31.9965712333089,-25.000000372529,0.));
#6081=CARTESIAN_POINT('',(31.9965712333089,-25.000000372529,0.));
#6082=CARTESIAN_POINT('',(-13.4907480884725,-25.000000372529,0.));
#6083=CARTESIAN_POINT('Origin',(31.9965712333089,-28.000000372529,0.));
#6084=CARTESIAN_POINT('',(34.9965712333089,-28.000000372529,0.));
#6085=CARTESIAN_POINT('Origin',(34.9965712333089,-53.4420603321694,0.));
#6086=CARTESIAN_POINT('',(34.9965712333089,-53.4420603321694,0.));
#6087=CARTESIAN_POINT('Origin',(-14.9552066743232,-30.6182748138984,0.));
#6088=CARTESIAN_POINT('',(-14.9552066743232,-30.6182748138984,0.));
#6089=CARTESIAN_POINT('',(30.5321126474582,-56.0603347735388,0.));
#6090=CARTESIAN_POINT('Origin',(-13.4907480884725,-28.000000372529,0.));
#6091=CARTESIAN_POINT('Origin',(31.9965712333089,-53.4420603321694,0.));
#6092=CARTESIAN_POINT('Origin',(21.3298293066774,-6.8524807801354,0.));
#6093=CARTESIAN_POINT('',(21.3298293066775,-6.85248078013461,0.));
#6094=CARTESIAN_POINT('',(-19.5064356460133,-0.0920299534089819,0.));
#6095=CARTESIAN_POINT('Origin',(21.166502145121,-7.83905274319474,0.));
#6096=CARTESIAN_POINT('Origin',(-19.6697628075704,-1.07860191647183,0.));
#6097=CARTESIAN_POINT('Origin',(-33.8611310875232,-67.562019221392,0.));
#6098=CARTESIAN_POINT('',(-33.8611310875232,-67.562019221392,0.));
#6099=CARTESIAN_POINT('',(10.6296175075887,-67.562019221392,0.));
#6100=CARTESIAN_POINT('Origin',(-33.8611310875232,-64.562019221392,0.));
#6101=CARTESIAN_POINT('Origin',(10.6296175075887,-64.562019221392,0.));
#6102=CARTESIAN_POINT('Origin',(-20.0108838933059,6.32166919074073,0.));
#6103=CARTESIAN_POINT('',(-20.0108838933061,6.32166919073994,0.));
#6104=CARTESIAN_POINT('',(20.8253810593847,-0.438781635985673,0.));
#6105=CARTESIAN_POINT('Origin',(-19.8475567317496,7.30824115380007,0.));
#6106=CARTESIAN_POINT('Origin',(20.9887082209417,0.547790327077177,0.));
#6107=CARTESIAN_POINT('Origin',(-42.5018091050348,-19.5189878564313,29.5944190821565));
#6108=CARTESIAN_POINT('',(-43.8518091050348,-19.5189878564313,30.0000000000001));
#6109=CARTESIAN_POINT('Origin',(-42.5018091050348,-19.5189878564313,30.0000000000001));
#6110=CARTESIAN_POINT('',(-42.5018091050348,-19.5189878564313,29.1888381643129));
#6111=CARTESIAN_POINT('',(-43.1768091050348,-19.5189878564313,29.5944190821565));
#6112=CARTESIAN_POINT('Origin',(-42.5018091050348,-19.5189878564313,34.0000000000001));
#6113=CARTESIAN_POINT('',(-43.8518091050348,-19.5189878564313,34.5));
#6114=CARTESIAN_POINT('Origin',(-42.5018091050348,-19.5189878564313,34.5));
#6115=CARTESIAN_POINT('',(-43.8518091050348,-19.5189878564313,34.0000000000001));
#6116=CARTESIAN_POINT('Origin',(-39.0262850703234,-82.0262845636839,29.5944190821564));
#6117=CARTESIAN_POINT('',(-40.3762850703234,-82.0262845636839,30.));
#6118=CARTESIAN_POINT('Origin',(-39.0262850703234,-82.0262845636839,30.));
#6119=CARTESIAN_POINT('',(-39.0262850703234,-82.0262845636839,29.1888381643128));
#6120=CARTESIAN_POINT('',(-39.7012850703234,-82.0262845636839,29.5944190821564));
#6121=CARTESIAN_POINT('Origin',(-39.0262850703234,-82.0262845636839,34.));
#6122=CARTESIAN_POINT('',(-40.3762850703234,-82.0262845636839,34.5));
#6123=CARTESIAN_POINT('Origin',(-39.0262850703234,-82.0262845636839,34.5));
#6124=CARTESIAN_POINT('',(-40.3762850703234,-82.0262845636839,34.));
#6125=CARTESIAN_POINT('Origin',(39.0221954968556,-82.0244378481002,29.594419082156));
#6126=CARTESIAN_POINT('',(37.6721954968556,-82.0244378481002,29.9999999999996));
#6127=CARTESIAN_POINT('Origin',(39.0221954968556,-82.0244378481002,29.9999999999996));
#6128=CARTESIAN_POINT('',(39.0221954968556,-82.0244378481002,29.1888381643124));
#6129=CARTESIAN_POINT('',(38.3471954968556,-82.0244378481002,29.594419082156));
#6130=CARTESIAN_POINT('Origin',(39.0221954968556,-82.0244378481002,33.9999999999996));
#6131=CARTESIAN_POINT('',(37.6721954968556,-82.0244378481002,34.5));
#6132=CARTESIAN_POINT('Origin',(39.0221954968556,-82.0244378481002,34.5));
#6133=CARTESIAN_POINT('',(37.6721954968556,-82.0244378481002,33.9999999999996));
#6134=CARTESIAN_POINT('Origin',(44.0235029883044,-34.0044268258918,29.5944190821564));
#6135=CARTESIAN_POINT('',(42.6735029883044,-34.0044268258918,30.));
#6136=CARTESIAN_POINT('Origin',(44.0235029883044,-34.0044268258918,30.));
#6137=CARTESIAN_POINT('',(44.0235029883044,-34.0044268258918,29.1888381643128));
#6138=CARTESIAN_POINT('',(43.3485029883044,-34.0044268258918,29.5944190821564));
#6139=CARTESIAN_POINT('Origin',(44.0235029883044,-34.0044268258918,34.));
#6140=CARTESIAN_POINT('',(42.6735029883044,-34.0044268258918,34.5));
#6141=CARTESIAN_POINT('Origin',(44.0235029883044,-34.0044268258918,34.5));
#6142=CARTESIAN_POINT('',(42.6735029883044,-34.0044268258918,34.));
#6143=CARTESIAN_POINT('Origin',(-39.0000005811453,-82.0000012218952,34.5));
#6144=CARTESIAN_POINT('Origin',(39.0000005811453,-82.0000012218952,34.5));
#6145=CARTESIAN_POINT('Origin',(44.0000006556511,-34.0000005066395,34.5));
#6146=CARTESIAN_POINT('Origin',(-42.5000006332994,-19.5000002905726,34.5));
#6147=CARTESIAN_POINT('Origin',(-27.813,9.525000000002,0.714591205961909));
#6148=CARTESIAN_POINT('',(-28.763,9.525000000002,1.));
#6149=CARTESIAN_POINT('Origin',(-27.813,9.525000000002,1.));
#6150=CARTESIAN_POINT('',(-27.813,9.525000000002,0.429182411923817));
#6151=CARTESIAN_POINT('',(-28.288,9.525000000002,0.714591205961909));
#6152=CARTESIAN_POINT('Origin',(-27.813,9.525000000002,2.75));
#6153=CARTESIAN_POINT('',(-28.763,9.525000000002,4.5));
#6154=CARTESIAN_POINT('Origin',(-27.813,9.525000000002,4.5));
#6155=CARTESIAN_POINT('',(-28.763,9.525000000002,2.75));
#6156=CARTESIAN_POINT('Origin',(-27.813,-9.52500000000201,0.714591205961909));
#6157=CARTESIAN_POINT('',(-28.763,-9.52500000000201,1.));
#6158=CARTESIAN_POINT('Origin',(-27.813,-9.52500000000201,1.));
#6159=CARTESIAN_POINT('',(-27.813,-9.52500000000201,0.429182411923817));
#6160=CARTESIAN_POINT('',(-28.288,-9.52500000000201,0.714591205961909));
#6161=CARTESIAN_POINT('Origin',(-27.813,-9.52500000000201,2.75));
#6162=CARTESIAN_POINT('',(-28.763,-9.52500000000201,4.5));
#6163=CARTESIAN_POINT('Origin',(-27.813,-9.52500000000201,4.5));
#6164=CARTESIAN_POINT('',(-28.763,-9.52500000000201,2.75));
#6165=CARTESIAN_POINT('Origin',(27.8000006213784,9.49999978765845,0.714591205961909));
#6166=CARTESIAN_POINT('',(26.8500006213784,9.49999978765845,1.));
#6167=CARTESIAN_POINT('Origin',(27.8000006213784,9.49999978765845,1.));
#6168=CARTESIAN_POINT('',(27.8000006213784,9.49999978765845,0.429182411923817));
#6169=CARTESIAN_POINT('',(27.3250006213784,9.49999978765845,0.714591205961909));
#6170=CARTESIAN_POINT('Origin',(27.8000006213784,9.49999978765845,2.75));
#6171=CARTESIAN_POINT('',(26.8500006213784,9.49999978765845,4.5));
#6172=CARTESIAN_POINT('Origin',(27.8000006213784,9.49999978765845,4.5));
#6173=CARTESIAN_POINT('',(26.8500006213784,9.49999978765845,2.75));
#6174=CARTESIAN_POINT('Origin',(27.813,-9.525000000002,0.714591205961909));
#6175=CARTESIAN_POINT('',(26.863,-9.525000000002,1.));
#6176=CARTESIAN_POINT('Origin',(27.813,-9.525000000002,1.));
#6177=CARTESIAN_POINT('',(27.813,-9.525000000002,0.429182411923817));
#6178=CARTESIAN_POINT('',(27.338,-9.525000000002,0.714591205961909));
#6179=CARTESIAN_POINT('Origin',(27.813,-9.525000000002,2.75));
#6180=CARTESIAN_POINT('',(26.863,-9.525000000002,4.5));
#6181=CARTESIAN_POINT('Origin',(27.813,-9.525000000002,4.5));
#6182=CARTESIAN_POINT('',(26.863,-9.525000000002,2.75));
#6183=CARTESIAN_POINT('Origin',(-27.813,9.525000000002,4.5));
#6184=CARTESIAN_POINT('Origin',(27.8000006213784,9.49999978765845,4.5));
#6185=CARTESIAN_POINT('Origin',(27.8065003106892,-9.51249989383023,4.5));
#6186=CARTESIAN_POINT('Origin',(27.813,-9.525000000002,4.5));
#6187=CARTESIAN_POINT('Origin',(-27.813,-9.52500000000201,4.5));
#6188=CARTESIAN_POINT('Origin',(27.813,-9.525000000002,0.));
#6189=CARTESIAN_POINT('Origin',(-35.552212517469,-25.1044933077256,1.0944190821564));
#6190=CARTESIAN_POINT('',(-36.902212517469,-25.1044933077256,1.5));
#6191=CARTESIAN_POINT('Origin',(-35.552212517469,-25.1044933077256,1.5));
#6192=CARTESIAN_POINT('',(-35.552212517469,-25.1044933077256,0.688838164312794));
#6193=CARTESIAN_POINT('',(-36.227212517469,-25.1044933077256,1.0944190821564));
#6194=CARTESIAN_POINT('Origin',(-35.552212517469,-25.1044933077256,5.));
#6195=CARTESIAN_POINT('',(-36.902212517469,-25.1044933077256,8.5));
#6196=CARTESIAN_POINT('Origin',(-35.552212517469,-25.1044933077256,8.5));
#6197=CARTESIAN_POINT('',(-36.902212517469,-25.1044933077256,5.));
#6198=CARTESIAN_POINT('Origin',(24.8600921597325,-66.9544656480243,1.0944190821564));
#6199=CARTESIAN_POINT('',(23.5100921597325,-66.9544656480243,1.5));
#6200=CARTESIAN_POINT('Origin',(24.8600921597325,-66.9544656480243,1.5));
#6201=CARTESIAN_POINT('',(24.8600921597325,-66.9544656480243,0.688838164312794));
#6202=CARTESIAN_POINT('',(24.1850921597325,-66.9544656480243,1.0944190821564));
#6203=CARTESIAN_POINT('Origin',(24.8600921597325,-66.9544656480243,5.));
#6204=CARTESIAN_POINT('',(23.5100921597325,-66.9544656480243,8.5));
#6205=CARTESIAN_POINT('Origin',(24.8600921597325,-66.9544656480243,8.5));
#6206=CARTESIAN_POINT('',(23.5100921597325,-66.9544656480243,5.));
#6207=CARTESIAN_POINT('Origin',(24.8600921597325,-66.9544656480243,8.5));
#6208=CARTESIAN_POINT('Origin',(-35.552212517469,-25.1044933077256,8.5));
#6209=CARTESIAN_POINT('Origin',(48.0000007450581,-12.5358977503664,0.));
#6210=CARTESIAN_POINT('',(49.0000000149012,-14.2679489794913,0.));
#6211=CARTESIAN_POINT('',(49.0000000149012,-14.2679489794913,0.));
#6212=CARTESIAN_POINT('',(50.0000007450581,-12.5358977503664,0.));
#6213=CARTESIAN_POINT('Origin',(48.0000007450581,-12.5358977503664,0.));
#6214=CARTESIAN_POINT('',(50.0000007450581,-12.5358977503664,0.));
#6215=CARTESIAN_POINT('Origin',(-41.0000006109476,0.,0.));
#6216=CARTESIAN_POINT('',(47.9999992847443,-16.0000002086163,0.));
#6217=CARTESIAN_POINT('Origin',(49.9999992847443,-16.0000002086163,0.));
#6218=CARTESIAN_POINT('',(47.9999992847443,-81.0000002086163,0.));
#6219=CARTESIAN_POINT('',(47.9999992847443,-71.0000002086163,0.));
#6220=CARTESIAN_POINT('',(37.9999992847443,-91.0000002086162,0.));
#6221=CARTESIAN_POINT('Origin',(37.9999992847443,-81.0000002086163,0.));
#6222=CARTESIAN_POINT('',(-38.0000007152557,-91.0000002086163,0.));
#6223=CARTESIAN_POINT('',(37.9999992847443,-91.0000002086162,0.));
#6224=CARTESIAN_POINT('',(-48.0000007152558,-81.0000002086163,0.));
#6225=CARTESIAN_POINT('Origin',(-38.0000007152558,-81.0000002086163,0.));
#6226=CARTESIAN_POINT('',(-48.0000007152556,-16.0000002086163,0.));
#6227=CARTESIAN_POINT('',(-48.0000007152558,-81.0000002086163,0.));
#6228=CARTESIAN_POINT('',(-49.0000007301568,-14.2679493924442,0.));
#6229=CARTESIAN_POINT('Origin',(-50.0000007152556,-16.0000002086163,0.));
#6230=CARTESIAN_POINT('',(-50.0000007450581,-12.5358985762721,0.));
#6231=CARTESIAN_POINT('Origin',(-48.0000007450581,-12.5358985762721,0.));
#6232=CARTESIAN_POINT('',(-50.0000007450581,14.0000002086163,0.));
#6233=CARTESIAN_POINT('',(-50.0000007450581,14.0000002086163,0.));
#6234=CARTESIAN_POINT('',(50.0000007450581,14.0000002086163,0.));
#6235=CARTESIAN_POINT('',(-32.0000004768372,14.0000002086163,0.));
#6236=CARTESIAN_POINT('',(50.0000007450581,14.0000002086163,0.));
#6237=CARTESIAN_POINT('Origin',(49.9999992847443,-16.0000002086163,0.));
#6238=CARTESIAN_POINT('',(47.9999992847443,-16.0000002086163,0.));
#6239=CARTESIAN_POINT('Origin',(-48.0000007450581,-12.5358985762721,0.));
#6240=CARTESIAN_POINT('',(-50.0000007450581,-12.5358985762721,0.));
#6241=CARTESIAN_POINT('',(-49.0000007301568,-14.2679493924442,0.));
#6242=CARTESIAN_POINT('Origin',(-50.0000007450581,14.0000002086163,0.));
#6243=CARTESIAN_POINT('',(-50.0000007450581,14.0000002086163,0.));
#6244=CARTESIAN_POINT('Origin',(-50.0000007152556,-16.0000002086163,0.));
#6245=CARTESIAN_POINT('',(-48.0000007152556,-16.0000002086163,0.));
#6246=CARTESIAN_POINT('Origin',(-48.0000007152556,-14.0000002086163,0.));
#6247=CARTESIAN_POINT('',(-48.0000007152558,-81.0000002086163,0.));
#6248=CARTESIAN_POINT('Origin',(50.0000007450581,-14.0000002086163,0.));
#6249=CARTESIAN_POINT('',(50.0000007450581,14.0000002086163,0.));
#6250=CARTESIAN_POINT('Origin',(47.9999992847443,-81.0000002086163,0.));
#6251=CARTESIAN_POINT('',(47.9999992847443,-81.0000002086163,0.));
#6252=CARTESIAN_POINT('Origin',(37.9999992847443,-81.0000002086163,0.));
#6253=CARTESIAN_POINT('',(37.9999992847443,-91.0000002086162,0.));
#6254=CARTESIAN_POINT('Origin',(-38.0000007152557,-91.0000002086163,0.));
#6255=CARTESIAN_POINT('',(-38.0000007152557,-91.0000002086163,0.));
#6256=CARTESIAN_POINT('Origin',(-38.0000007152558,-81.0000002086163,0.));
#6257=CARTESIAN_POINT('Origin',(50.0000007450581,14.0000002086163,0.));
#6258=CARTESIAN_POINT('Origin',(-9.50000071525577,-85.0000002086162,17.8185617717701));
#6259=CARTESIAN_POINT('',(-8.08250582268633,-85.0000002086162,20.5871235435401));
#6260=CARTESIAN_POINT('',(-11.0618276008079,-85.0000002086162,20.5026379641423));
#6261=CARTESIAN_POINT('Origin',(-9.50000071525577,-85.0000002086162,18.));
#6262=CARTESIAN_POINT('',(-10.7971110057832,-85.0000002086162,20.0784621464458));
#6263=CARTESIAN_POINT('',(-11.0618276008079,-85.0000002086162,20.5026379641423));
#6264=CARTESIAN_POINT('',(-8.32275919430827,-85.0000002086162,20.1486280276859));
#6265=CARTESIAN_POINT('Origin',(-9.50000071525576,-85.0000002086162,18.));
#6266=CARTESIAN_POINT('',(-8.32275919430827,-85.0000002086162,20.1486280276859));
#6267=CARTESIAN_POINT('Origin',(4.49999928474424,-85.0000002086162,17.8185617717701));
#6268=CARTESIAN_POINT('',(5.91749417731368,-85.0000002086162,20.5871235435401));
#6269=CARTESIAN_POINT('',(2.9381723991921,-85.0000002086162,20.5026379641423));
#6270=CARTESIAN_POINT('Origin',(4.49999928474424,-85.0000002086162,18.));
#6271=CARTESIAN_POINT('',(3.20288899421685,-85.0000002086162,20.0784621464458));
#6272=CARTESIAN_POINT('',(2.9381723991921,-85.0000002086162,20.5026379641423));
#6273=CARTESIAN_POINT('',(5.67724080569174,-85.0000002086162,20.1486280276859));
#6274=CARTESIAN_POINT('Origin',(4.49999928474424,-85.0000002086162,18.));
#6275=CARTESIAN_POINT('',(5.67724080569174,-85.0000002086162,20.1486280276859));
#6276=CARTESIAN_POINT('Origin',(-2.50000071525576,-85.0000002086162,17.8185617717701));
#6277=CARTESIAN_POINT('',(-1.08250582268632,-85.0000002086162,20.5871235435401));
#6278=CARTESIAN_POINT('',(-4.0618276008079,-85.0000002086162,20.5026379641423));
#6279=CARTESIAN_POINT('Origin',(-2.50000071525576,-85.0000002086162,18.));
#6280=CARTESIAN_POINT('',(-3.79711100578315,-85.0000002086162,20.0784621464458));
#6281=CARTESIAN_POINT('',(-4.0618276008079,-85.0000002086162,20.5026379641423));
#6282=CARTESIAN_POINT('',(-1.32275919430826,-85.0000002086162,20.1486280276859));
#6283=CARTESIAN_POINT('Origin',(-2.50000071525576,-85.0000002086162,18.));
#6284=CARTESIAN_POINT('',(-1.32275919430826,-85.0000002086162,20.1486280276859));
#6285=CARTESIAN_POINT('Origin',(-2.50000071525576,-93.0000002086162,18.));
#6286=CARTESIAN_POINT('',(-4.0618276008079,-91.0000002086163,20.5026379641423));
#6287=CARTESIAN_POINT('',(-1.08250582268632,-91.0000002086163,20.5871235435401));
#6288=CARTESIAN_POINT('Origin',(-2.50000071525576,-91.0000002086163,18.));
#6289=CARTESIAN_POINT('',(-4.0618276008079,-93.0000002086162,20.5026379641423));
#6290=CARTESIAN_POINT('',(-1.08250582268632,-93.0000002086162,20.5871235435401));
#6291=CARTESIAN_POINT('Origin',(-4.0618276008079,-93.0000002086162,20.5026379641423));
#6292=CARTESIAN_POINT('',(-3.79711100578315,-91.0000002086163,20.0784621464458));
#6293=CARTESIAN_POINT('',(-4.438492961687,-91.0000002086163,21.1061979239323));
#6294=CARTESIAN_POINT('',(-3.79711100578315,-93.0000002086162,20.0784621464458));
#6295=CARTESIAN_POINT('Origin',(-1.32275919430826,-93.0000002086162,20.1486280276859));
#6296=CARTESIAN_POINT('',(-1.32275919430826,-91.0000002086163,20.1486280276859));
#6297=CARTESIAN_POINT('',(-9.59152030591031,-91.0000002086163,5.05699936653592));
#6298=CARTESIAN_POINT('',(-1.32275919430826,-93.0000002086162,20.1486280276859));
#6299=CARTESIAN_POINT('Origin',(-2.50000071525576,-93.0000002086162,18.));
#6300=CARTESIAN_POINT('Origin',(-2.50000071525576,-91.0000002086162,18.));
#6301=CARTESIAN_POINT('Origin',(-9.50000071525577,-93.0000002086162,18.));
#6302=CARTESIAN_POINT('',(-11.0618276008079,-91.0000002086163,20.5026379641423));
#6303=CARTESIAN_POINT('',(-8.08250582268633,-91.0000002086163,20.5871235435401));
#6304=CARTESIAN_POINT('Origin',(-9.50000071525577,-91.0000002086163,18.));
#6305=CARTESIAN_POINT('',(-11.0618276008079,-93.0000002086162,20.5026379641423));
#6306=CARTESIAN_POINT('',(-8.08250582268633,-93.0000002086162,20.5871235435401));
#6307=CARTESIAN_POINT('Origin',(-11.0618276008079,-93.0000002086162,20.5026379641423));
#6308=CARTESIAN_POINT('',(-10.7971110057832,-91.0000002086163,20.0784621464458));
#6309=CARTESIAN_POINT('',(-10.4574447021462,-91.0000002086163,19.5341886297979));
#6310=CARTESIAN_POINT('',(-10.7971110057832,-93.0000002086162,20.0784621464458));
#6311=CARTESIAN_POINT('Origin',(-8.32275919430827,-93.0000002086162,20.1486280276859));
#6312=CARTESIAN_POINT('',(-8.32275919430827,-91.0000002086163,20.1486280276859));
#6313=CARTESIAN_POINT('',(-15.7834167498504,-91.0000002086163,6.53189973228713));
#6314=CARTESIAN_POINT('',(-8.32275919430827,-93.0000002086162,20.1486280276859));
#6315=CARTESIAN_POINT('Origin',(-9.50000071525576,-93.0000002086162,18.));
#6316=CARTESIAN_POINT('Origin',(-9.50000071525576,-91.0000002086162,18.));
#6317=CARTESIAN_POINT('Origin',(4.49999928474424,-93.0000002086162,18.));
#6318=CARTESIAN_POINT('',(5.67724080569174,-91.0000002086162,20.1486280276859));
#6319=CARTESIAN_POINT('',(3.20288899421685,-91.0000002086162,20.0784621464458));
#6320=CARTESIAN_POINT('Origin',(4.49999928474424,-91.0000002086163,18.));
#6321=CARTESIAN_POINT('',(5.67724080569174,-93.0000002086162,20.1486280276859));
#6322=CARTESIAN_POINT('',(3.20288899421685,-93.0000002086162,20.0784621464458));
#6323=CARTESIAN_POINT('Origin',(5.67724080569174,-93.0000002086162,20.1486280276859));
#6324=CARTESIAN_POINT('',(5.91749417731367,-91.0000002086162,20.5871235435401));
#6325=CARTESIAN_POINT('',(-3.39962386197023,-91.0000002086163,3.58209900078472));
#6326=CARTESIAN_POINT('',(5.91749417731367,-93.0000002086162,20.5871235435401));
#6327=CARTESIAN_POINT('Origin',(2.9381723991921,-93.0000002086162,20.5026379641423));
#6328=CARTESIAN_POINT('',(2.9381723991921,-91.0000002086162,20.5026379641423));
#6329=CARTESIAN_POINT('',(1.58045877877223,-91.0000002086162,22.6782072180666));
#6330=CARTESIAN_POINT('',(2.9381723991921,-93.0000002086162,20.5026379641423));
#6331=CARTESIAN_POINT('Origin',(4.49999928474424,-93.0000002086162,18.));
#6332=CARTESIAN_POINT('Origin',(4.49999928474424,-91.0000002086163,18.));
#6333=CARTESIAN_POINT('Origin',(-27.5000007152558,-93.0000002086162,27.0000004023314));
#6334=CARTESIAN_POINT('',(-16.0000007152558,-91.0000002086163,27.0000004023314));
#6335=CARTESIAN_POINT('',(-27.5000007152558,-91.0000002086163,27.0000004023314));
#6336=CARTESIAN_POINT('',(-32.7500007152558,-91.0000002086163,27.0000004023314));
#6337=CARTESIAN_POINT('',(-16.0000007152558,-88.0000002086162,27.0000004023314));
#6338=CARTESIAN_POINT('',(-16.0000007152558,-93.0000002086162,27.0000004023314));
#6339=CARTESIAN_POINT('',(-27.5000007152558,-88.0000002086162,27.0000004023314));
#6340=CARTESIAN_POINT('',(-27.5000007152558,-88.0000002086162,27.0000004023314));
#6341=CARTESIAN_POINT('',(-27.5000007152558,-93.0000002086162,27.0000004023314));
#6342=CARTESIAN_POINT('Origin',(-16.0000007152558,-93.0000002086162,27.0000004023314));
#6343=CARTESIAN_POINT('',(-16.0000002384186,-91.0000002086163,11.0000001639128));
#6344=CARTESIAN_POINT('',(-16.0000007152558,-91.0000002086163,14.0000002011657));
#6345=CARTESIAN_POINT('',(-16.0000002384186,-88.0000002086162,11.0000001639128));
#6346=CARTESIAN_POINT('',(-16.0000002384186,-93.0000002086162,11.0000001639128));
#6347=CARTESIAN_POINT('',(-16.0000007152558,-88.0000002086162,27.0000004023314));
#6348=CARTESIAN_POINT('Origin',(-27.5000007152558,-93.0000002086162,11.0000001639128));
#6349=CARTESIAN_POINT('',(-27.5000007152558,-91.0000002086163,11.0000001639128));
#6350=CARTESIAN_POINT('',(-27.5000007152558,-91.0000002086163,6.00000008195639));
#6351=CARTESIAN_POINT('',(-27.5000007152558,-88.0000002086162,11.0000001639128));
#6352=CARTESIAN_POINT('',(-27.5000007152558,-88.0000002086162,11.0000001639128));
#6353=CARTESIAN_POINT('',(-27.5000007152558,-93.0000002086162,11.0000001639128));
#6354=CARTESIAN_POINT('Origin',(-16.0000002384186,-93.0000002086162,11.0000001639128));
#6355=CARTESIAN_POINT('',(-27.0000004768372,-91.0000002086163,11.0000001639128));
#6356=CARTESIAN_POINT('',(-27.5000007152558,-88.0000002086162,11.0000001639128));
#6357=CARTESIAN_POINT('Origin',(-21.7500004768372,-88.0000002086162,19.0000002831221));
#6358=CARTESIAN_POINT('',(-26.0000007152558,-88.0000002086162,12.));
#6359=CARTESIAN_POINT('',(-17.5000007152558,-88.0000002086162,12.));
#6360=CARTESIAN_POINT('',(-17.5000007152558,-88.0000002086162,12.));
#6361=CARTESIAN_POINT('',(-17.5000007152558,-88.0000002086162,26.));
#6362=CARTESIAN_POINT('',(-17.5000007152558,-88.0000002086162,26.));
#6363=CARTESIAN_POINT('',(-26.0000007152558,-88.0000002086162,26.));
#6364=CARTESIAN_POINT('',(-26.0000007152558,-88.0000002086162,26.));
#6365=CARTESIAN_POINT('',(-26.0000007152558,-88.0000002086162,12.));
#6366=CARTESIAN_POINT('Origin',(-17.5000007152558,-93.0000002086162,26.));
#6367=CARTESIAN_POINT('',(-17.5000007152558,-93.0000002086162,26.));
#6368=CARTESIAN_POINT('',(-17.5000007152558,-93.0000002086162,12.));
#6369=CARTESIAN_POINT('',(-17.5000007152558,-93.0000002086162,13.5));
#6370=CARTESIAN_POINT('',(-17.5000007152558,-93.0000002086162,26.));
#6371=CARTESIAN_POINT('',(-17.5000007152558,-93.0000002086162,12.));
#6372=CARTESIAN_POINT('Origin',(-26.0000007152558,-93.0000002086162,26.));
#6373=CARTESIAN_POINT('',(-26.0000007152558,-93.0000002086162,26.));
#6374=CARTESIAN_POINT('',(-32.0000007152558,-93.0000002086162,26.));
#6375=CARTESIAN_POINT('',(-26.0000007152558,-93.0000002086162,26.));
#6376=CARTESIAN_POINT('Origin',(-26.0000007152558,-93.0000002086162,12.));
#6377=CARTESIAN_POINT('',(-26.0000007152558,-93.0000002086162,12.));
#6378=CARTESIAN_POINT('',(-26.0000007152558,-93.0000002086162,6.5));
#6379=CARTESIAN_POINT('',(-26.0000007152558,-93.0000002086162,12.));
#6380=CARTESIAN_POINT('Origin',(-17.5000007152558,-93.0000002086162,12.));
#6381=CARTESIAN_POINT('',(-27.7500007152558,-93.0000002086162,12.));
#6382=CARTESIAN_POINT('Origin',(-9.49999978765845,-93.0000002086162,20.3999995440245));
#6383=CARTESIAN_POINT('',(-9.49999978765845,-93.0000002086162,20.3999995440245));
#6384=CARTESIAN_POINT('',(-8.71703407171546,-93.0000002086162,20.1093750850698));
#6385=CARTESIAN_POINT('',(-18.8599254094735,-93.0000002086162,23.8742555226788));
#6386=CARTESIAN_POINT('',(-9.49999978765845,-91.0000002086162,20.3999995440245));
#6387=CARTESIAN_POINT('',(-9.49999978765845,-93.0000002086162,20.3999995440245));
#6388=CARTESIAN_POINT('',(-8.71703407171546,-91.0000002086162,20.1093750850698));
#6389=CARTESIAN_POINT('',(-18.8599254094735,-91.0000002086163,23.8742555226788));
#6390=CARTESIAN_POINT('',(-8.71703407171546,-93.0000002086162,20.1093750850698));
#6391=CARTESIAN_POINT('Origin',(-10.2829656838281,-93.0000002086162,20.1093757033749));
#6392=CARTESIAN_POINT('',(-10.2829656838281,-93.0000002086162,20.1093757033749));
#6393=CARTESIAN_POINT('',(-25.5803899539295,-93.0000002086162,14.4312277595478));
#6394=CARTESIAN_POINT('',(-10.2829656838281,-91.0000002086162,20.1093757033749));
#6395=CARTESIAN_POINT('',(-10.2829656838281,-93.0000002086162,20.1093757033749));
#6396=CARTESIAN_POINT('',(-25.5803899539295,-91.0000002086163,14.4312277595478));
#6397=CARTESIAN_POINT('Origin',(-9.50000071525577,-93.0000002086162,18.));
#6398=CARTESIAN_POINT('Origin',(-9.50000071525577,-93.0000002086162,18.));
#6399=CARTESIAN_POINT('Origin',(-9.50000071525577,-91.0000002086163,18.));
#6400=CARTESIAN_POINT('Origin',(4.49999989941716,-93.0000002086162,20.3999995440245));
#6401=CARTESIAN_POINT('',(4.49999989941716,-93.0000002086162,20.3999995440245));
#6402=CARTESIAN_POINT('',(5.25666701568167,-93.0000002086162,20.1297807271039));
#6403=CARTESIAN_POINT('',(-11.274233811849,-93.0000002086162,26.0332491985481));
#6404=CARTESIAN_POINT('',(4.49999989941716,-91.0000002086162,20.3999995440245));
#6405=CARTESIAN_POINT('',(4.49999989941716,-93.0000002086162,20.3999995440245));
#6406=CARTESIAN_POINT('',(5.25666701568167,-91.0000002086162,20.1297807271039));
#6407=CARTESIAN_POINT('',(-11.274233811849,-91.0000002086163,26.0332491985481));
#6408=CARTESIAN_POINT('',(5.25666701568167,-93.0000002086162,20.1297807271039));
#6409=CARTESIAN_POINT('Origin',(3.74332339637424,-93.0000002086162,20.1298070134158));
#6410=CARTESIAN_POINT('',(3.74332339637424,-93.0000002086162,20.1298070134158));
#6411=CARTESIAN_POINT('',(-17.7972331306826,-93.0000002086162,12.43814821952));
#6412=CARTESIAN_POINT('',(3.74332339637424,-91.0000002086162,20.1298070134158));
#6413=CARTESIAN_POINT('',(3.74332339637424,-93.0000002086162,20.1298070134158));
#6414=CARTESIAN_POINT('',(-17.7972331306826,-91.0000002086163,12.43814821952));
#6415=CARTESIAN_POINT('Origin',(4.4999584005255,-93.0000002086162,18.0108441844608));
#6416=CARTESIAN_POINT('Origin',(4.4999584005255,-93.0000002086162,18.0108441844608));
#6417=CARTESIAN_POINT('Origin',(4.4999584005255,-91.0000002086163,18.0108441844608));
#6418=CARTESIAN_POINT('Origin',(-2.50003356986112,-93.0000002086162,18.021446756709));
#6419=CARTESIAN_POINT('',(-1.77033592169257,-93.0000002086162,20.1498361342576));
#6420=CARTESIAN_POINT('',(-3.22968451017211,-93.0000002086162,20.1498521469727));
#6421=CARTESIAN_POINT('Origin',(-2.50003356986112,-93.0000002086162,18.021446756709));
#6422=CARTESIAN_POINT('',(-1.77033592169257,-91.0000002086162,20.1498361342576));
#6423=CARTESIAN_POINT('',(-1.77033592169257,-93.0000002086162,20.1498361342576));
#6424=CARTESIAN_POINT('',(-3.22968451017211,-91.0000002086162,20.1498521469727));
#6425=CARTESIAN_POINT('Origin',(-2.50003356986112,-91.0000002086163,18.021446756709));
#6426=CARTESIAN_POINT('',(-3.22968451017211,-93.0000002086162,20.1498521469727));
#6427=CARTESIAN_POINT('Origin',(-2.49999994412065,-93.0000002086162,20.3999995440245));
#6428=CARTESIAN_POINT('',(-2.49999994412065,-93.0000002086162,20.3999995440245));
#6429=CARTESIAN_POINT('',(-15.4072110969517,-93.0000002086162,24.8252032724867));
#6430=CARTESIAN_POINT('',(-2.49999994412065,-91.0000002086162,20.3999995440245));
#6431=CARTESIAN_POINT('',(-2.49999994412065,-93.0000002086162,20.3999995440245));
#6432=CARTESIAN_POINT('',(-15.4072110969517,-91.0000002086163,24.8252032724867));
#6433=CARTESIAN_POINT('Origin',(-3.22968451017211,-93.0000002086162,20.1498521469727));
#6434=CARTESIAN_POINT('',(-21.7238006062851,-93.0000002086162,13.809776972777));
#6435=CARTESIAN_POINT('',(-21.7238006062851,-91.0000002086163,13.809776972777));
#6436=CARTESIAN_POINT('Origin',(22.9872777981141,-93.0000002086162,24.2565849875159));
#6437=CARTESIAN_POINT('',(22.9872777981141,-93.0000002086162,24.2565849875159));
#6438=CARTESIAN_POINT('',(24.6889839429447,-93.0000002086162,23.7573718678198));
#6439=CARTESIAN_POINT('',(-1.94905334376255,-93.0000002086162,31.5719159575102));
#6440=CARTESIAN_POINT('',(22.9872777981141,-91.0000002086162,24.2565849875159));
#6441=CARTESIAN_POINT('',(22.9872777981141,-93.0000002086162,24.2565849875159));
#6442=CARTESIAN_POINT('',(24.6889839429447,-91.0000002086162,23.7573718678198));
#6443=CARTESIAN_POINT('',(-1.94905334376255,-91.0000002086163,31.5719159575102));
#6444=CARTESIAN_POINT('',(24.6889839429447,-93.0000002086162,23.7573718678198));
#6445=CARTESIAN_POINT('Origin',(21.287615811193,-93.0000002086162,23.7504558810158));
#6446=CARTESIAN_POINT('',(21.287615811193,-93.0000002086162,23.7504558810158));
#6447=CARTESIAN_POINT('',(-9.05309347606602,-93.0000002086162,14.7155323489796));
#6448=CARTESIAN_POINT('',(21.287615811193,-91.0000002086162,23.7504558810158));
#6449=CARTESIAN_POINT('',(21.287615811193,-93.0000002086162,23.7504558810158));
#6450=CARTESIAN_POINT('',(-9.05309347606602,-91.0000002086163,14.7155323489796));
#6451=CARTESIAN_POINT('Origin',(22.9999992847443,-93.0000002086162,18.));
#6452=CARTESIAN_POINT('Origin',(22.9999992847443,-93.0000002086162,18.));
#6453=CARTESIAN_POINT('Origin',(22.9999992847443,-91.0000002086163,18.));
#6454=CARTESIAN_POINT('Origin',(-50.0000007450581,16.0000002086163,2.00000001490116));
#6455=CARTESIAN_POINT('',(-50.0000007450581,16.0000002086163,2.00000001490116));
#6456=CARTESIAN_POINT('',(50.0000007450581,16.0000002086163,2.00000001490116));
#6457=CARTESIAN_POINT('',(0.,16.0000002086163,2.00000001490116));
#6458=CARTESIAN_POINT('',(-50.0000007450581,14.0000002086163,2.00000001490116));
#6459=CARTESIAN_POINT('',(-50.0000007450581,16.0000002086163,2.00000001490116));
#6460=CARTESIAN_POINT('',(50.0000007450581,14.0000002086163,2.00000001490116));
#6461=CARTESIAN_POINT('',(0.,14.0000002086163,2.00000001490116));
#6462=CARTESIAN_POINT('',(50.0000007450581,16.0000002086163,2.00000001490116));
#6463=CARTESIAN_POINT('Origin',(50.0000007450581,14.0000002086163,1.));
#6464=CARTESIAN_POINT('',(-50.0000007450581,14.0000002086163,1.));
#6465=CARTESIAN_POINT('',(-50.0000007450581,14.0000002086163,1.));
#6466=CARTESIAN_POINT('',(50.0000007450581,14.0000002086163,1.));
#6467=CARTESIAN_POINT('',(-32.0000004768372,14.0000002086163,1.));
#6468=CARTESIAN_POINT('',(50.0000007450581,14.0000002086163,1.));
#6469=CARTESIAN_POINT('Origin',(-50.0000007152557,-15.4641018409604,1.));
#6470=CARTESIAN_POINT('',(-49.0000007301569,-13.7320510247883,36.));
#6471=CARTESIAN_POINT('',(-48.0000007152556,-15.4641018409604,36.));
#6472=CARTESIAN_POINT('Origin',(-50.0000007152557,-15.4641018409604,36.));
#6473=CARTESIAN_POINT('',(-48.0000007152556,-15.4641018409604,1.));
#6474=CARTESIAN_POINT('',(-48.0000007152556,-15.4641018409604,1.));
#6475=CARTESIAN_POINT('',(-49.0000007301569,-13.7320510247883,1.));
#6476=CARTESIAN_POINT('Origin',(-50.0000007152557,-15.4641018409604,1.));
#6477=CARTESIAN_POINT('',(-49.0000007301569,-13.7320510247883,1.));
#6478=CARTESIAN_POINT('Origin',(-41.0000006109476,0.,36.));
#6479=CARTESIAN_POINT('',(50.0000007450581,16.0000002086163,36.0000005215406));
#6480=CARTESIAN_POINT('',(50.0000007450581,-12.0000002086163,36.));
#6481=CARTESIAN_POINT('',(50.0000007450581,14.0000002086163,36.));
#6482=CARTESIAN_POINT('',(49.0000000149012,-13.7320514377412,36.));
#6483=CARTESIAN_POINT('Origin',(48.0000007450581,-12.0000002086163,36.));
#6484=CARTESIAN_POINT('',(47.9999992847443,-15.4641026668662,36.));
#6485=CARTESIAN_POINT('Origin',(49.9999992847443,-15.4641026668662,36.));
#6486=CARTESIAN_POINT('',(47.9999992847443,-81.0000002086163,36.));
#6487=CARTESIAN_POINT('',(47.9999992847443,-71.0000002086163,36.));
#6488=CARTESIAN_POINT('',(37.9999992847443,-91.0000002086162,36.));
#6489=CARTESIAN_POINT('Origin',(37.9999992847443,-81.0000002086163,36.));
#6490=CARTESIAN_POINT('',(-38.0000007152557,-91.0000002086163,36.));
#6491=CARTESIAN_POINT('',(37.9999992847443,-91.0000002086162,36.));
#6492=CARTESIAN_POINT('',(-48.0000007152558,-81.0000002086163,36.));
#6493=CARTESIAN_POINT('Origin',(-38.0000007152558,-81.0000002086163,36.));
#6494=CARTESIAN_POINT('',(-48.0000007152558,-81.0000002086163,36.));
#6495=CARTESIAN_POINT('',(-50.0000007450581,-12.0000002086163,36.));
#6496=CARTESIAN_POINT('Origin',(-48.0000007450581,-12.0000002086163,36.));
#6497=CARTESIAN_POINT('',(-50.0000007450581,16.0000002086163,36.0000005215406));
#6498=CARTESIAN_POINT('',(-50.0000007450581,14.0000002086163,36.));
#6499=CARTESIAN_POINT('',(-52.0000007450581,16.0000002086163,36.));
#6500=CARTESIAN_POINT('',(4.50000006705523,16.0000002086163,36.));
#6501=CARTESIAN_POINT('',(-52.0000007450581,-14.0000001912315,36.));
#6502=CARTESIAN_POINT('',(-52.0000007450581,7.00000010430813,36.));
#6503=CARTESIAN_POINT('',(-51.0000007301569,-17.0000002110998,36.));
#6504=CARTESIAN_POINT('Origin',(-47.0000007450581,-14.0000001912315,36.));
#6505=CARTESIAN_POINT('',(-50.0000007152557,-20.0000002309681,36.));
#6506=CARTESIAN_POINT('Origin',(-55.0000007152557,-20.0000002309681,36.));
#6507=CARTESIAN_POINT('',(-50.0000007152558,-81.0000002086163,36.));
#6508=CARTESIAN_POINT('',(-50.0000007152556,-7.00000010430812,36.));
#6509=CARTESIAN_POINT('',(-38.0000007152557,-93.0000002086162,36.));
#6510=CARTESIAN_POINT('Origin',(-38.0000007152558,-81.0000002086163,36.));
#6511=CARTESIAN_POINT('',(37.9999992847443,-93.0000002086162,36.));
#6512=CARTESIAN_POINT('',(-39.5000006631017,-93.0000002086162,36.));
#6513=CARTESIAN_POINT('',(49.9999992847443,-81.0000002086163,36.));
#6514=CARTESIAN_POINT('Origin',(37.9999992847443,-81.0000002086163,36.));
#6515=CARTESIAN_POINT('',(49.9999992847443,-20.0000013038512,36.));
#6516=CARTESIAN_POINT('',(49.9999992847443,-40.5000001043081,36.));
#6517=CARTESIAN_POINT('',(51.0000000149012,-17.0000003303089,36.));
#6518=CARTESIAN_POINT('Origin',(54.9999992847443,-20.0000013038512,36.));
#6519=CARTESIAN_POINT('',(52.0000007450581,-13.9999993567666,36.));
#6520=CARTESIAN_POINT('Origin',(47.0000007450581,-13.9999993567666,36.));
#6521=CARTESIAN_POINT('',(52.0000007450581,16.0000002086163,36.));
#6522=CARTESIAN_POINT('',(52.0000007450581,-7.00000010430813,36.));
#6523=CARTESIAN_POINT('',(4.50000006705523,16.0000002086163,36.));
#6524=CARTESIAN_POINT('Origin',(-48.0000007450581,-12.0000002086163,1.));
#6525=CARTESIAN_POINT('',(-50.0000007450581,-12.0000002086163,1.));
#6526=CARTESIAN_POINT('Origin',(-48.0000007450581,-12.0000002086163,1.));
#6527=CARTESIAN_POINT('',(-50.0000007450581,-12.0000002086163,1.));
#6528=CARTESIAN_POINT('Origin',(-50.0000007450581,14.0000002086163,1.));
#6529=CARTESIAN_POINT('',(-50.0000007450581,14.0000002086163,1.));
#6530=CARTESIAN_POINT('',(-50.0000007450581,16.0000002086163,18.5000002607703));
#6531=CARTESIAN_POINT('Origin',(49.9999992847443,-15.4641026668662,1.));
#6532=CARTESIAN_POINT('',(49.0000000149012,-13.7320514377412,1.));
#6533=CARTESIAN_POINT('',(49.0000000149012,-13.7320514377412,1.));
#6534=CARTESIAN_POINT('',(47.9999992847443,-15.4641026668662,1.));
#6535=CARTESIAN_POINT('Origin',(49.9999992847443,-15.4641026668662,1.));
#6536=CARTESIAN_POINT('',(47.9999992847443,-15.4641026668662,1.));
#6537=CARTESIAN_POINT('Origin',(47.9999992847443,-81.0000002086163,1.));
#6538=CARTESIAN_POINT('',(47.9999992847443,-81.0000002086163,1.));
#6539=CARTESIAN_POINT('',(47.9999992847443,-71.0000002086163,1.));
#6540=CARTESIAN_POINT('',(47.9999992847443,-81.0000002086163,1.));
#6541=CARTESIAN_POINT('Origin',(48.0000007450581,-12.0000002086163,1.));
#6542=CARTESIAN_POINT('',(50.0000007450581,-12.0000002086163,1.));
#6543=CARTESIAN_POINT('',(50.0000007450581,-12.0000002086163,1.));
#6544=CARTESIAN_POINT('Origin',(48.0000007450581,-12.0000002086163,1.));
#6545=CARTESIAN_POINT('Origin',(-41.0000006109476,0.,1.));
#6546=CARTESIAN_POINT('',(-48.0000007152558,-81.0000002086163,1.));
#6547=CARTESIAN_POINT('',(-48.0000007152558,-81.0000002086163,1.));
#6548=CARTESIAN_POINT('',(-38.0000007152557,-91.0000002086163,1.));
#6549=CARTESIAN_POINT('Origin',(-38.0000007152558,-81.0000002086163,1.));
#6550=CARTESIAN_POINT('',(37.9999992847443,-91.0000002086162,1.));
#6551=CARTESIAN_POINT('',(37.9999992847443,-91.0000002086162,1.));
#6552=CARTESIAN_POINT('Origin',(37.9999992847443,-81.0000002086163,1.));
#6553=CARTESIAN_POINT('',(50.0000007450581,14.0000002086163,1.));
#6554=CARTESIAN_POINT('Origin',(50.0000007450581,-14.0000002086163,1.));
#6555=CARTESIAN_POINT('',(50.0000007450581,16.0000002086163,1.50000000745058));
#6556=CARTESIAN_POINT('Origin',(-47.0000007450581,-14.0000001912315,1.));
#6557=CARTESIAN_POINT('',(-52.0000007450581,-14.0000001912315,-1.));
#6558=CARTESIAN_POINT('',(-52.0000007450581,-14.0000001912315,1.));
#6559=CARTESIAN_POINT('',(-51.0000007301569,-17.0000002110998,-1.));
#6560=CARTESIAN_POINT('Origin',(-47.0000007450581,-14.0000001912315,-1.));
#6561=CARTESIAN_POINT('',(-51.0000007301569,-17.0000002110998,1.));
#6562=CARTESIAN_POINT('Origin',(-55.0000007152557,-20.0000002309681,1.));
#6563=CARTESIAN_POINT('',(-50.0000007152557,-20.0000002309681,-1.));
#6564=CARTESIAN_POINT('Origin',(-55.0000007152557,-20.0000002309681,-1.));
#6565=CARTESIAN_POINT('',(-50.0000007152557,-20.0000002309681,1.));
#6566=CARTESIAN_POINT('Origin',(47.0000007450581,-13.9999993567666,1.));
#6567=CARTESIAN_POINT('',(51.0000000149012,-17.0000003303089,-1.));
#6568=CARTESIAN_POINT('',(51.0000000149012,-17.0000003303089,1.));
#6569=CARTESIAN_POINT('',(52.0000007450581,-13.9999993567666,-1.));
#6570=CARTESIAN_POINT('Origin',(47.0000007450581,-13.9999993567666,-1.));
#6571=CARTESIAN_POINT('',(52.0000007450581,-13.9999993567666,1.));
#6572=CARTESIAN_POINT('Origin',(52.0000007450581,-14.0000002086163,1.));
#6573=CARTESIAN_POINT('',(52.0000007450581,16.0000002086163,-1.));
#6574=CARTESIAN_POINT('',(52.0000007450581,-7.00000010430813,-1.));
#6575=CARTESIAN_POINT('',(52.0000007450581,16.0000002086163,1.));
#6576=CARTESIAN_POINT('Origin',(54.9999992847443,-20.0000013038512,1.));
#6577=CARTESIAN_POINT('',(49.9999992847443,-20.0000013038512,-1.));
#6578=CARTESIAN_POINT('',(49.9999992847443,-20.0000013038512,1.));
#6579=CARTESIAN_POINT('Origin',(54.9999992847443,-20.0000013038512,-1.));
#6580=CARTESIAN_POINT('Origin',(37.9999992847443,-81.0000002086163,1.));
#6581=CARTESIAN_POINT('',(37.9999992847443,-91.0000002086162,1.));
#6582=CARTESIAN_POINT('Origin',(-38.0000007152557,-91.0000002086163,1.));
#6583=CARTESIAN_POINT('',(-38.0000007152557,-91.0000002086163,1.));
#6584=CARTESIAN_POINT('Origin',(-38.0000007152558,-81.0000002086163,1.));
#6585=CARTESIAN_POINT('',(-48.0000007152558,-81.0000002086163,1.));
#6586=CARTESIAN_POINT('Origin',(-48.0000007152556,-14.0000002086163,1.));
#6587=CARTESIAN_POINT('Origin',(49.9999992847443,-81.0000002086163,1.));
#6588=CARTESIAN_POINT('',(49.9999992847443,-81.0000002086163,-1.));
#6589=CARTESIAN_POINT('',(49.9999992847443,-81.0000002086163,1.));
#6590=CARTESIAN_POINT('',(49.9999992847443,-40.5000001043081,-1.));
#6591=CARTESIAN_POINT('Origin',(37.9999992847443,-81.0000002086163,1.));
#6592=CARTESIAN_POINT('',(37.9999992847443,-93.0000002086162,-1.));
#6593=CARTESIAN_POINT('Origin',(37.9999992847443,-81.0000002086163,-1.));
#6594=CARTESIAN_POINT('',(37.9999992847443,-93.0000002086162,1.));
#6595=CARTESIAN_POINT('Origin',(-38.0000007152557,-93.0000002086162,1.));
#6596=CARTESIAN_POINT('',(-38.0000007152557,-93.0000002086162,-1.));
#6597=CARTESIAN_POINT('',(-39.5000006631017,-93.0000002086162,-1.));
#6598=CARTESIAN_POINT('',(-38.0000007152557,-93.0000002086162,1.));
#6599=CARTESIAN_POINT('Origin',(-38.0000007152558,-81.0000002086163,1.));
#6600=CARTESIAN_POINT('',(-50.0000007152558,-81.0000002086163,-1.));
#6601=CARTESIAN_POINT('Origin',(-38.0000007152558,-81.0000002086163,-1.));
#6602=CARTESIAN_POINT('',(-50.0000007152558,-81.0000002086163,1.));
#6603=CARTESIAN_POINT('Origin',(-50.0000007152556,-14.0000002086163,1.));
#6604=CARTESIAN_POINT('',(-50.0000007152556,-7.00000010430812,-1.));
#6605=CARTESIAN_POINT('Origin',(-52.0000007450581,14.0000002086163,1.));
#6606=CARTESIAN_POINT('',(-52.0000007450581,16.0000002086163,-1.));
#6607=CARTESIAN_POINT('',(-52.0000007450581,16.0000002086163,1.));
#6608=CARTESIAN_POINT('',(-52.0000007450581,7.00000010430813,-1.));
#6609=CARTESIAN_POINT('Origin',(50.0000007450581,16.0000002086163,1.));
#6610=CARTESIAN_POINT('',(4.50000006705523,16.0000002086163,-1.));
#6611=CARTESIAN_POINT('Origin',(-41.0000006109476,0.,-1.));
#6612=CARTESIAN_POINT('',(0.,0.,0.));
#6613=CARTESIAN_POINT('Origin',(0.,0.,0.));
#6614=UNCERTAINTY_MEASURE_WITH_UNIT(LENGTH_MEASURE(0.01),#6620,
'DISTANCE_ACCURACY_VALUE',
'Maximum model space distance between geometric entities at asserted c
onnectivities');
#6615=UNCERTAINTY_MEASURE_WITH_UNIT(LENGTH_MEASURE(0.01),#6620,
'DISTANCE_ACCURACY_VALUE',
'Maximum model space distance between geometric entities at asserted c
onnectivities');
#6616=UNCERTAINTY_MEASURE_WITH_UNIT(LENGTH_MEASURE(0.01),#6620,
'DISTANCE_ACCURACY_VALUE',
'Maximum model space distance between geometric entities at asserted c
onnectivities');
#6617=(
GEOMETRIC_REPRESENTATION_CONTEXT(3)
GLOBAL_UNCERTAINTY_ASSIGNED_CONTEXT((#6614))
GLOBAL_UNIT_ASSIGNED_CONTEXT((#6620,#6622,#6623))
REPRESENTATION_CONTEXT('','3D')
);
#6618=(
GEOMETRIC_REPRESENTATION_CONTEXT(3)
GLOBAL_UNCERTAINTY_ASSIGNED_CONTEXT((#6615))
GLOBAL_UNIT_ASSIGNED_CONTEXT((#6620,#6622,#6623))
REPRESENTATION_CONTEXT('','3D')
);
#6619=(
GEOMETRIC_REPRESENTATION_CONTEXT(3)
GLOBAL_UNCERTAINTY_ASSIGNED_CONTEXT((#6616))
GLOBAL_UNIT_ASSIGNED_CONTEXT((#6620,#6622,#6623))
REPRESENTATION_CONTEXT('','3D')
);
#6620=(
LENGTH_UNIT()
NAMED_UNIT(*)
SI_UNIT(.MILLI.,.METRE.)
);
#6621=(
LENGTH_UNIT()
NAMED_UNIT(*)
SI_UNIT($,.METRE.)
);
#6622=(
NAMED_UNIT(*)
PLANE_ANGLE_UNIT()
SI_UNIT($,.RADIAN.)
);
#6623=(
NAMED_UNIT(*)
SI_UNIT($,.STERADIAN.)
SOLID_ANGLE_UNIT()
);
#6624=SHAPE_DEFINITION_REPRESENTATION(#6626,#6629);
#6625=SHAPE_DEFINITION_REPRESENTATION(#6627,#6630);
#6626=PRODUCT_DEFINITION_SHAPE('',$,#6632);
#6627=PRODUCT_DEFINITION_SHAPE('',$,#6633);
#6628=PRODUCT_DEFINITION_SHAPE($,$,#17);
#6629=SHAPE_REPRESENTATION('',(#3806,#4205),#6617);
#6630=SHAPE_REPRESENTATION('',(#3807),#6618);
#6631=PRODUCT_DEFINITION_CONTEXT('part definition',#6639,'design');
#6632=PRODUCT_DEFINITION('Mini 4DOF Robot Arm','Mini 4DOF Robot Arm v7',
#6634,#6631);
#6633=PRODUCT_DEFINITION('ModularBrain Base','ModularBrain Base v1',#6635,
#6631);
#6634=PRODUCT_DEFINITION_FORMATION('',$,#6641);
#6635=PRODUCT_DEFINITION_FORMATION('',$,#6642);
#6636=PRODUCT_RELATED_PRODUCT_CATEGORY('Mini 4DOF Robot Arm v7',
'Mini 4DOF Robot Arm v7',(#6641));
#6637=PRODUCT_RELATED_PRODUCT_CATEGORY('ModularBrain Base v1',
'ModularBrain Base v1',(#6642));
#6638=APPLICATION_PROTOCOL_DEFINITION('international standard',
'automotive_design',2009,#6639);
#6639=APPLICATION_CONTEXT(
'Core Data for Automotive Mechanical Design Process');
#6640=PRODUCT_CONTEXT('part definition',#6639,'mechanical');
#6641=PRODUCT('Mini 4DOF Robot Arm','Mini 4DOF Robot Arm v7',$,(#6640));
#6642=PRODUCT('ModularBrain Base','ModularBrain Base v1',$,(#6640));
#6643=PRESENTATION_STYLE_ASSIGNMENT((#6648));
#6644=PRESENTATION_STYLE_ASSIGNMENT((#6649));
#6645=PRESENTATION_STYLE_ASSIGNMENT((#6650));
#6646=PRESENTATION_STYLE_ASSIGNMENT((#6651));
#6647=PRESENTATION_STYLE_ASSIGNMENT((NULL_STYLE(.NULL.)));
#6648=SURFACE_STYLE_USAGE(.BOTH.,#6652);
#6649=SURFACE_STYLE_USAGE(.BOTH.,#6653);
#6650=SURFACE_STYLE_USAGE(.BOTH.,#6654);
#6651=SURFACE_STYLE_USAGE(.BOTH.,#6655);
#6652=SURFACE_SIDE_STYLE('',(#6656));
#6653=SURFACE_SIDE_STYLE('',(#6657));
#6654=SURFACE_SIDE_STYLE('',(#6658));
#6655=SURFACE_SIDE_STYLE('',(#6659));
#6656=SURFACE_STYLE_FILL_AREA(#6660);
#6657=SURFACE_STYLE_FILL_AREA(#6661);
#6658=SURFACE_STYLE_FILL_AREA(#6662);
#6659=SURFACE_STYLE_FILL_AREA(#6663);
#6660=FILL_AREA_STYLE('Steel - Satin',(#6664));
#6661=FILL_AREA_STYLE('Aluminum nitride (AlN)',(#6665));
#6662=FILL_AREA_STYLE('Aluminum nitride (AlN)',(#6666));
#6663=FILL_AREA_STYLE('Black',(#6667));
#6664=FILL_AREA_STYLE_COLOUR('Steel - Satin',#6668);
#6665=FILL_AREA_STYLE_COLOUR('Aluminum nitride (AlN)',#6669);
#6666=FILL_AREA_STYLE_COLOUR('Aluminum nitride (AlN)',#6670);
#6667=FILL_AREA_STYLE_COLOUR('Black',#6671);
#6668=COLOUR_RGB('Steel - Satin',0.627450980392157,0.627450980392157,0.627450980392157);
#6669=COLOUR_RGB('Aluminum nitride (AlN)',0.850980392156863,0.827450980392157,
0.788235294117647);
#6670=COLOUR_RGB('Aluminum nitride (AlN)',0.0352941176470588,0.407843137254902,
0.541176470588235);
#6671=COLOUR_RGB('Black',0.172549019607843,0.172549019607843,0.172549019607843);
ENDSEC;
END-ISO-10303-21;
