ISO-10303-21;
HEADER;
/* Generated by software containing ST-Developer
 * from STEP Tools, Inc. (www.steptools.com) 
 */

FILE_DESCRIPTION(
/* description */ (''),
/* implementation_level */ '2;1');

FILE_NAME(
/* name */ 'ModularBrain Cover v1.step',
/* time_stamp */ '2026-08-03T03:54:47+08:00',
/* author */ (''),
/* organization */ (''),
/* preprocessor_version */ 'ST-DEVELOPER v20.1',
/* originating_system */ 'Autodesk Translation Framework v15.8.0.0',
/* authorisation */ '');

FILE_SCHEMA (('AUTOMOTIVE_DESIGN { 1 0 10303 214 3 1 1 }'));
ENDSEC;

DATA;
#10=MECHANICAL_DESIGN_GEOMETRIC_PRESENTATION_REPRESENTATION('',(#13),#5465);
#11=SHAPE_REPRESENTATION_RELATIONSHIP('SRR','None',#5472,#12);
#12=ADVANCED_BREP_SHAPE_REPRESENTATION('',(#14),#5464);
#13=STYLED_ITEM('',(#5481),#14);
#14=MANIFOLD_SOLID_BREP('lid',#3437);
#15=CYLINDRICAL_SURFACE('',#3621,2.6);
#16=CYLINDRICAL_SURFACE('',#3622,1.35);
#17=CYLINDRICAL_SURFACE('',#3626,2.6);
#18=CYLINDRICAL_SURFACE('',#3627,1.35);
#19=CYLINDRICAL_SURFACE('',#3631,2.6);
#20=CYLINDRICAL_SURFACE('',#3632,1.35);
#21=CYLINDRICAL_SURFACE('',#3636,2.6);
#22=CYLINDRICAL_SURFACE('',#3637,1.35);
#23=CYLINDRICAL_SURFACE('',#3638,3.1);
#24=CYLINDRICAL_SURFACE('',#3639,3.1);
#25=CYLINDRICAL_SURFACE('',#3640,3.1);
#26=CYLINDRICAL_SURFACE('',#3641,3.1);
#27=CYLINDRICAL_SURFACE('',#3642,5.);
#28=CYLINDRICAL_SURFACE('',#3644,5.);
#29=CYLINDRICAL_SURFACE('',#3645,5.);
#30=CYLINDRICAL_SURFACE('',#3647,5.);
#31=CYLINDRICAL_SURFACE('',#3651,12.);
#32=CYLINDRICAL_SURFACE('',#3652,12.);
#33=FACE_BOUND('',#291,.T.);
#34=FACE_BOUND('',#292,.T.);
#35=FACE_BOUND('',#293,.T.);
#36=FACE_BOUND('',#294,.T.);
#37=FACE_BOUND('',#295,.T.);
#38=FACE_BOUND('',#296,.T.);
#39=FACE_BOUND('',#297,.T.);
#40=FACE_BOUND('',#298,.T.);
#41=FACE_BOUND('',#299,.T.);
#42=FACE_BOUND('',#300,.T.);
#43=FACE_BOUND('',#301,.T.);
#44=FACE_BOUND('',#302,.T.);
#45=FACE_BOUND('',#303,.T.);
#46=FACE_BOUND('',#304,.T.);
#47=FACE_BOUND('',#305,.T.);
#48=FACE_BOUND('',#306,.T.);
#49=FACE_BOUND('',#307,.T.);
#50=FACE_BOUND('',#308,.T.);
#51=FACE_BOUND('',#309,.T.);
#52=FACE_BOUND('',#310,.T.);
#53=FACE_BOUND('',#311,.T.);
#54=FACE_BOUND('',#423,.T.);
#55=FACE_BOUND('',#424,.T.);
#56=FACE_BOUND('',#425,.T.);
#57=FACE_BOUND('',#426,.T.);
#58=FACE_BOUND('',#427,.T.);
#59=FACE_BOUND('',#428,.T.);
#60=FACE_BOUND('',#429,.T.);
#61=FACE_BOUND('',#430,.T.);
#62=FACE_BOUND('',#431,.T.);
#63=FACE_BOUND('',#432,.T.);
#64=FACE_BOUND('',#433,.T.);
#65=FACE_BOUND('',#434,.T.);
#66=FACE_BOUND('',#435,.T.);
#67=FACE_BOUND('',#436,.T.);
#68=FACE_BOUND('',#437,.T.);
#69=FACE_BOUND('',#438,.T.);
#70=FACE_BOUND('',#439,.T.);
#71=FACE_BOUND('',#440,.T.);
#72=FACE_BOUND('',#441,.T.);
#73=FACE_BOUND('',#442,.T.);
#74=FACE_BOUND('',#443,.T.);
#75=FACE_BOUND('',#463,.T.);
#76=FACE_BOUND('',#465,.T.);
#77=FACE_BOUND('',#467,.T.);
#78=FACE_BOUND('',#469,.T.);
#79=FACE_BOUND('',#473,.T.);
#80=FACE_BOUND('',#477,.T.);
#81=FACE_BOUND('',#481,.T.);
#82=FACE_BOUND('',#485,.T.);
#83=CIRCLE('',#3455,5.);
#84=CIRCLE('',#3456,5.);
#85=CIRCLE('',#3457,12.);
#86=CIRCLE('',#3458,12.);
#87=CIRCLE('',#3459,5.);
#88=CIRCLE('',#3460,5.);
#89=CIRCLE('',#3461,3.1);
#90=CIRCLE('',#3462,3.1);
#91=CIRCLE('',#3463,3.1);
#92=CIRCLE('',#3464,3.1);
#93=CIRCLE('',#3576,5.);
#94=CIRCLE('',#3577,5.);
#95=CIRCLE('',#3578,12.);
#96=CIRCLE('',#3579,12.);
#97=CIRCLE('',#3580,5.);
#98=CIRCLE('',#3581,5.);
#99=CIRCLE('',#3582,2.6);
#100=CIRCLE('',#3583,2.6);
#101=CIRCLE('',#3584,2.6);
#102=CIRCLE('',#3585,2.6);
#103=CIRCLE('',#3605,3.1);
#104=CIRCLE('',#3606,1.35);
#105=CIRCLE('',#3608,3.1);
#106=CIRCLE('',#3609,1.35);
#107=CIRCLE('',#3611,3.1);
#108=CIRCLE('',#3612,1.35);
#109=CIRCLE('',#3614,3.1);
#110=CIRCLE('',#3615,1.35);
#111=CIRCLE('',#3619,2.6);
#112=CIRCLE('',#3620,1.35);
#113=CIRCLE('',#3624,2.6);
#114=CIRCLE('',#3625,1.35);
#115=CIRCLE('',#3629,2.6);
#116=CIRCLE('',#3630,1.35);
#117=CIRCLE('',#3634,2.6);
#118=CIRCLE('',#3635,1.35);
#119=FACE_OUTER_BOUND('',#287,.T.);
#120=FACE_OUTER_BOUND('',#288,.T.);
#121=FACE_OUTER_BOUND('',#289,.T.);
#122=FACE_OUTER_BOUND('',#290,.T.);
#123=FACE_OUTER_BOUND('',#312,.T.);
#124=FACE_OUTER_BOUND('',#313,.T.);
#125=FACE_OUTER_BOUND('',#314,.T.);
#126=FACE_OUTER_BOUND('',#315,.T.);
#127=FACE_OUTER_BOUND('',#316,.T.);
#128=FACE_OUTER_BOUND('',#317,.T.);
#129=FACE_OUTER_BOUND('',#318,.T.);
#130=FACE_OUTER_BOUND('',#319,.T.);
#131=FACE_OUTER_BOUND('',#320,.T.);
#132=FACE_OUTER_BOUND('',#321,.T.);
#133=FACE_OUTER_BOUND('',#322,.T.);
#134=FACE_OUTER_BOUND('',#323,.T.);
#135=FACE_OUTER_BOUND('',#324,.T.);
#136=FACE_OUTER_BOUND('',#325,.T.);
#137=FACE_OUTER_BOUND('',#326,.T.);
#138=FACE_OUTER_BOUND('',#327,.T.);
#139=FACE_OUTER_BOUND('',#328,.T.);
#140=FACE_OUTER_BOUND('',#329,.T.);
#141=FACE_OUTER_BOUND('',#330,.T.);
#142=FACE_OUTER_BOUND('',#331,.T.);
#143=FACE_OUTER_BOUND('',#332,.T.);
#144=FACE_OUTER_BOUND('',#333,.T.);
#145=FACE_OUTER_BOUND('',#334,.T.);
#146=FACE_OUTER_BOUND('',#335,.T.);
#147=FACE_OUTER_BOUND('',#336,.T.);
#148=FACE_OUTER_BOUND('',#337,.T.);
#149=FACE_OUTER_BOUND('',#338,.T.);
#150=FACE_OUTER_BOUND('',#339,.T.);
#151=FACE_OUTER_BOUND('',#340,.T.);
#152=FACE_OUTER_BOUND('',#341,.T.);
#153=FACE_OUTER_BOUND('',#342,.T.);
#154=FACE_OUTER_BOUND('',#343,.T.);
#155=FACE_OUTER_BOUND('',#344,.T.);
#156=FACE_OUTER_BOUND('',#345,.T.);
#157=FACE_OUTER_BOUND('',#346,.T.);
#158=FACE_OUTER_BOUND('',#347,.T.);
#159=FACE_OUTER_BOUND('',#348,.T.);
#160=FACE_OUTER_BOUND('',#349,.T.);
#161=FACE_OUTER_BOUND('',#350,.T.);
#162=FACE_OUTER_BOUND('',#351,.T.);
#163=FACE_OUTER_BOUND('',#352,.T.);
#164=FACE_OUTER_BOUND('',#353,.T.);
#165=FACE_OUTER_BOUND('',#354,.T.);
#166=FACE_OUTER_BOUND('',#355,.T.);
#167=FACE_OUTER_BOUND('',#356,.T.);
#168=FACE_OUTER_BOUND('',#357,.T.);
#169=FACE_OUTER_BOUND('',#358,.T.);
#170=FACE_OUTER_BOUND('',#359,.T.);
#171=FACE_OUTER_BOUND('',#360,.T.);
#172=FACE_OUTER_BOUND('',#361,.T.);
#173=FACE_OUTER_BOUND('',#362,.T.);
#174=FACE_OUTER_BOUND('',#363,.T.);
#175=FACE_OUTER_BOUND('',#364,.T.);
#176=FACE_OUTER_BOUND('',#365,.T.);
#177=FACE_OUTER_BOUND('',#366,.T.);
#178=FACE_OUTER_BOUND('',#367,.T.);
#179=FACE_OUTER_BOUND('',#368,.T.);
#180=FACE_OUTER_BOUND('',#369,.T.);
#181=FACE_OUTER_BOUND('',#370,.T.);
#182=FACE_OUTER_BOUND('',#371,.T.);
#183=FACE_OUTER_BOUND('',#372,.T.);
#184=FACE_OUTER_BOUND('',#373,.T.);
#185=FACE_OUTER_BOUND('',#374,.T.);
#186=FACE_OUTER_BOUND('',#375,.T.);
#187=FACE_OUTER_BOUND('',#376,.T.);
#188=FACE_OUTER_BOUND('',#377,.T.);
#189=FACE_OUTER_BOUND('',#378,.T.);
#190=FACE_OUTER_BOUND('',#379,.T.);
#191=FACE_OUTER_BOUND('',#380,.T.);
#192=FACE_OUTER_BOUND('',#381,.T.);
#193=FACE_OUTER_BOUND('',#382,.T.);
#194=FACE_OUTER_BOUND('',#383,.T.);
#195=FACE_OUTER_BOUND('',#384,.T.);
#196=FACE_OUTER_BOUND('',#385,.T.);
#197=FACE_OUTER_BOUND('',#386,.T.);
#198=FACE_OUTER_BOUND('',#387,.T.);
#199=FACE_OUTER_BOUND('',#388,.T.);
#200=FACE_OUTER_BOUND('',#389,.T.);
#201=FACE_OUTER_BOUND('',#390,.T.);
#202=FACE_OUTER_BOUND('',#391,.T.);
#203=FACE_OUTER_BOUND('',#392,.T.);
#204=FACE_OUTER_BOUND('',#393,.T.);
#205=FACE_OUTER_BOUND('',#394,.T.);
#206=FACE_OUTER_BOUND('',#395,.T.);
#207=FACE_OUTER_BOUND('',#396,.T.);
#208=FACE_OUTER_BOUND('',#397,.T.);
#209=FACE_OUTER_BOUND('',#398,.T.);
#210=FACE_OUTER_BOUND('',#399,.T.);
#211=FACE_OUTER_BOUND('',#400,.T.);
#212=FACE_OUTER_BOUND('',#401,.T.);
#213=FACE_OUTER_BOUND('',#402,.T.);
#214=FACE_OUTER_BOUND('',#403,.T.);
#215=FACE_OUTER_BOUND('',#404,.T.);
#216=FACE_OUTER_BOUND('',#405,.T.);
#217=FACE_OUTER_BOUND('',#406,.T.);
#218=FACE_OUTER_BOUND('',#407,.T.);
#219=FACE_OUTER_BOUND('',#408,.T.);
#220=FACE_OUTER_BOUND('',#409,.T.);
#221=FACE_OUTER_BOUND('',#410,.T.);
#222=FACE_OUTER_BOUND('',#411,.T.);
#223=FACE_OUTER_BOUND('',#412,.T.);
#224=FACE_OUTER_BOUND('',#413,.T.);
#225=FACE_OUTER_BOUND('',#414,.T.);
#226=FACE_OUTER_BOUND('',#415,.T.);
#227=FACE_OUTER_BOUND('',#416,.T.);
#228=FACE_OUTER_BOUND('',#417,.T.);
#229=FACE_OUTER_BOUND('',#418,.T.);
#230=FACE_OUTER_BOUND('',#419,.T.);
#231=FACE_OUTER_BOUND('',#420,.T.);
#232=FACE_OUTER_BOUND('',#421,.T.);
#233=FACE_OUTER_BOUND('',#422,.T.);
#234=FACE_OUTER_BOUND('',#444,.T.);
#235=FACE_OUTER_BOUND('',#445,.T.);
#236=FACE_OUTER_BOUND('',#446,.T.);
#237=FACE_OUTER_BOUND('',#447,.T.);
#238=FACE_OUTER_BOUND('',#448,.T.);
#239=FACE_OUTER_BOUND('',#449,.T.);
#240=FACE_OUTER_BOUND('',#450,.T.);
#241=FACE_OUTER_BOUND('',#451,.T.);
#242=FACE_OUTER_BOUND('',#452,.T.);
#243=FACE_OUTER_BOUND('',#453,.T.);
#244=FACE_OUTER_BOUND('',#454,.T.);
#245=FACE_OUTER_BOUND('',#455,.T.);
#246=FACE_OUTER_BOUND('',#456,.T.);
#247=FACE_OUTER_BOUND('',#457,.T.);
#248=FACE_OUTER_BOUND('',#458,.T.);
#249=FACE_OUTER_BOUND('',#459,.T.);
#250=FACE_OUTER_BOUND('',#460,.T.);
#251=FACE_OUTER_BOUND('',#461,.T.);
#252=FACE_OUTER_BOUND('',#462,.T.);
#253=FACE_OUTER_BOUND('',#464,.T.);
#254=FACE_OUTER_BOUND('',#466,.T.);
#255=FACE_OUTER_BOUND('',#468,.T.);
#256=FACE_OUTER_BOUND('',#470,.T.);
#257=FACE_OUTER_BOUND('',#471,.T.);
#258=FACE_OUTER_BOUND('',#472,.T.);
#259=FACE_OUTER_BOUND('',#474,.T.);
#260=FACE_OUTER_BOUND('',#475,.T.);
#261=FACE_OUTER_BOUND('',#476,.T.);
#262=FACE_OUTER_BOUND('',#478,.T.);
#263=FACE_OUTER_BOUND('',#479,.T.);
#264=FACE_OUTER_BOUND('',#480,.T.);
#265=FACE_OUTER_BOUND('',#482,.T.);
#266=FACE_OUTER_BOUND('',#483,.T.);
#267=FACE_OUTER_BOUND('',#484,.T.);
#268=FACE_OUTER_BOUND('',#486,.T.);
#269=FACE_OUTER_BOUND('',#487,.T.);
#270=FACE_OUTER_BOUND('',#488,.T.);
#271=FACE_OUTER_BOUND('',#489,.T.);
#272=FACE_OUTER_BOUND('',#490,.T.);
#273=FACE_OUTER_BOUND('',#491,.T.);
#274=FACE_OUTER_BOUND('',#492,.T.);
#275=FACE_OUTER_BOUND('',#493,.T.);
#276=FACE_OUTER_BOUND('',#494,.T.);
#277=FACE_OUTER_BOUND('',#495,.T.);
#278=FACE_OUTER_BOUND('',#496,.T.);
#279=FACE_OUTER_BOUND('',#497,.T.);
#280=FACE_OUTER_BOUND('',#498,.T.);
#281=FACE_OUTER_BOUND('',#499,.T.);
#282=FACE_OUTER_BOUND('',#500,.T.);
#283=FACE_OUTER_BOUND('',#501,.T.);
#284=FACE_OUTER_BOUND('',#502,.T.);
#285=FACE_OUTER_BOUND('',#503,.T.);
#286=FACE_OUTER_BOUND('',#504,.T.);
#287=EDGE_LOOP('',(#2171,#2172,#2173,#2174));
#288=EDGE_LOOP('',(#2175,#2176,#2177,#2178));
#289=EDGE_LOOP('',(#2179,#2180,#2181,#2182,#2183,#2184,#2185,#2186));
#290=EDGE_LOOP('',(#2187,#2188,#2189,#2190,#2191,#2192,#2193,#2194,#2195,
#2196,#2197,#2198,#2199,#2200,#2201,#2202,#2203,#2204,#2205,#2206,#2207,
#2208,#2209,#2210));
#291=EDGE_LOOP('',(#2211));
#292=EDGE_LOOP('',(#2212));
#293=EDGE_LOOP('',(#2213));
#294=EDGE_LOOP('',(#2214));
#295=EDGE_LOOP('',(#2215,#2216,#2217,#2218,#2219,#2220));
#296=EDGE_LOOP('',(#2221,#2222,#2223,#2224,#2225,#2226));
#297=EDGE_LOOP('',(#2227,#2228,#2229,#2230,#2231,#2232));
#298=EDGE_LOOP('',(#2233,#2234,#2235,#2236,#2237,#2238));
#299=EDGE_LOOP('',(#2239,#2240,#2241,#2242,#2243,#2244));
#300=EDGE_LOOP('',(#2245,#2246,#2247,#2248,#2249,#2250));
#301=EDGE_LOOP('',(#2251,#2252,#2253,#2254,#2255,#2256));
#302=EDGE_LOOP('',(#2257,#2258,#2259,#2260,#2261,#2262));
#303=EDGE_LOOP('',(#2263,#2264,#2265,#2266,#2267,#2268));
#304=EDGE_LOOP('',(#2269,#2270,#2271,#2272,#2273,#2274));
#305=EDGE_LOOP('',(#2275,#2276,#2277,#2278,#2279,#2280));
#306=EDGE_LOOP('',(#2281,#2282,#2283,#2284,#2285,#2286));
#307=EDGE_LOOP('',(#2287,#2288,#2289,#2290,#2291,#2292));
#308=EDGE_LOOP('',(#2293,#2294,#2295,#2296,#2297,#2298));
#309=EDGE_LOOP('',(#2299,#2300,#2301,#2302,#2303,#2304));
#310=EDGE_LOOP('',(#2305,#2306,#2307,#2308,#2309,#2310));
#311=EDGE_LOOP('',(#2311,#2312,#2313,#2314,#2315,#2316));
#312=EDGE_LOOP('',(#2317,#2318,#2319,#2320));
#313=EDGE_LOOP('',(#2321,#2322,#2323,#2324));
#314=EDGE_LOOP('',(#2325,#2326,#2327,#2328));
#315=EDGE_LOOP('',(#2329,#2330,#2331,#2332));
#316=EDGE_LOOP('',(#2333,#2334,#2335,#2336));
#317=EDGE_LOOP('',(#2337,#2338,#2339,#2340));
#318=EDGE_LOOP('',(#2341,#2342,#2343,#2344));
#319=EDGE_LOOP('',(#2345,#2346,#2347,#2348));
#320=EDGE_LOOP('',(#2349,#2350,#2351,#2352));
#321=EDGE_LOOP('',(#2353,#2354,#2355,#2356));
#322=EDGE_LOOP('',(#2357,#2358,#2359,#2360));
#323=EDGE_LOOP('',(#2361,#2362,#2363,#2364));
#324=EDGE_LOOP('',(#2365,#2366,#2367,#2368));
#325=EDGE_LOOP('',(#2369,#2370,#2371,#2372));
#326=EDGE_LOOP('',(#2373,#2374,#2375,#2376));
#327=EDGE_LOOP('',(#2377,#2378,#2379,#2380));
#328=EDGE_LOOP('',(#2381,#2382,#2383,#2384));
#329=EDGE_LOOP('',(#2385,#2386,#2387,#2388));
#330=EDGE_LOOP('',(#2389,#2390,#2391,#2392));
#331=EDGE_LOOP('',(#2393,#2394,#2395,#2396));
#332=EDGE_LOOP('',(#2397,#2398,#2399,#2400));
#333=EDGE_LOOP('',(#2401,#2402,#2403,#2404));
#334=EDGE_LOOP('',(#2405,#2406,#2407,#2408));
#335=EDGE_LOOP('',(#2409,#2410,#2411,#2412));
#336=EDGE_LOOP('',(#2413,#2414,#2415,#2416));
#337=EDGE_LOOP('',(#2417,#2418,#2419,#2420));
#338=EDGE_LOOP('',(#2421,#2422,#2423,#2424));
#339=EDGE_LOOP('',(#2425,#2426,#2427,#2428));
#340=EDGE_LOOP('',(#2429,#2430,#2431,#2432));
#341=EDGE_LOOP('',(#2433,#2434,#2435,#2436));
#342=EDGE_LOOP('',(#2437,#2438,#2439,#2440));
#343=EDGE_LOOP('',(#2441,#2442,#2443,#2444));
#344=EDGE_LOOP('',(#2445,#2446,#2447,#2448));
#345=EDGE_LOOP('',(#2449,#2450,#2451,#2452));
#346=EDGE_LOOP('',(#2453,#2454,#2455,#2456));
#347=EDGE_LOOP('',(#2457,#2458,#2459,#2460));
#348=EDGE_LOOP('',(#2461,#2462,#2463,#2464));
#349=EDGE_LOOP('',(#2465,#2466,#2467,#2468));
#350=EDGE_LOOP('',(#2469,#2470,#2471,#2472));
#351=EDGE_LOOP('',(#2473,#2474,#2475,#2476));
#352=EDGE_LOOP('',(#2477,#2478,#2479,#2480));
#353=EDGE_LOOP('',(#2481,#2482,#2483,#2484));
#354=EDGE_LOOP('',(#2485,#2486,#2487,#2488));
#355=EDGE_LOOP('',(#2489,#2490,#2491,#2492));
#356=EDGE_LOOP('',(#2493,#2494,#2495,#2496));
#357=EDGE_LOOP('',(#2497,#2498,#2499,#2500));
#358=EDGE_LOOP('',(#2501,#2502,#2503,#2504));
#359=EDGE_LOOP('',(#2505,#2506,#2507,#2508));
#360=EDGE_LOOP('',(#2509,#2510,#2511,#2512));
#361=EDGE_LOOP('',(#2513,#2514,#2515,#2516));
#362=EDGE_LOOP('',(#2517,#2518,#2519,#2520));
#363=EDGE_LOOP('',(#2521,#2522,#2523,#2524));
#364=EDGE_LOOP('',(#2525,#2526,#2527,#2528));
#365=EDGE_LOOP('',(#2529,#2530,#2531,#2532));
#366=EDGE_LOOP('',(#2533,#2534,#2535,#2536));
#367=EDGE_LOOP('',(#2537,#2538,#2539,#2540));
#368=EDGE_LOOP('',(#2541,#2542,#2543,#2544));
#369=EDGE_LOOP('',(#2545,#2546,#2547,#2548));
#370=EDGE_LOOP('',(#2549,#2550,#2551,#2552));
#371=EDGE_LOOP('',(#2553,#2554,#2555,#2556));
#372=EDGE_LOOP('',(#2557,#2558,#2559,#2560));
#373=EDGE_LOOP('',(#2561,#2562,#2563,#2564));
#374=EDGE_LOOP('',(#2565,#2566,#2567,#2568));
#375=EDGE_LOOP('',(#2569,#2570,#2571,#2572));
#376=EDGE_LOOP('',(#2573,#2574,#2575,#2576));
#377=EDGE_LOOP('',(#2577,#2578,#2579,#2580));
#378=EDGE_LOOP('',(#2581,#2582,#2583,#2584));
#379=EDGE_LOOP('',(#2585,#2586,#2587,#2588));
#380=EDGE_LOOP('',(#2589,#2590,#2591,#2592));
#381=EDGE_LOOP('',(#2593,#2594,#2595,#2596));
#382=EDGE_LOOP('',(#2597,#2598,#2599,#2600));
#383=EDGE_LOOP('',(#2601,#2602,#2603,#2604));
#384=EDGE_LOOP('',(#2605,#2606,#2607,#2608));
#385=EDGE_LOOP('',(#2609,#2610,#2611,#2612));
#386=EDGE_LOOP('',(#2613,#2614,#2615,#2616));
#387=EDGE_LOOP('',(#2617,#2618,#2619,#2620));
#388=EDGE_LOOP('',(#2621,#2622,#2623,#2624));
#389=EDGE_LOOP('',(#2625,#2626,#2627,#2628));
#390=EDGE_LOOP('',(#2629,#2630,#2631,#2632));
#391=EDGE_LOOP('',(#2633,#2634,#2635,#2636));
#392=EDGE_LOOP('',(#2637,#2638,#2639,#2640));
#393=EDGE_LOOP('',(#2641,#2642,#2643,#2644));
#394=EDGE_LOOP('',(#2645,#2646,#2647,#2648));
#395=EDGE_LOOP('',(#2649,#2650,#2651,#2652));
#396=EDGE_LOOP('',(#2653,#2654,#2655,#2656));
#397=EDGE_LOOP('',(#2657,#2658,#2659,#2660));
#398=EDGE_LOOP('',(#2661,#2662,#2663,#2664));
#399=EDGE_LOOP('',(#2665,#2666,#2667,#2668));
#400=EDGE_LOOP('',(#2669,#2670,#2671,#2672));
#401=EDGE_LOOP('',(#2673,#2674,#2675,#2676));
#402=EDGE_LOOP('',(#2677,#2678,#2679,#2680));
#403=EDGE_LOOP('',(#2681,#2682,#2683,#2684));
#404=EDGE_LOOP('',(#2685,#2686,#2687,#2688));
#405=EDGE_LOOP('',(#2689,#2690,#2691,#2692));
#406=EDGE_LOOP('',(#2693,#2694,#2695,#2696));
#407=EDGE_LOOP('',(#2697,#2698,#2699,#2700));
#408=EDGE_LOOP('',(#2701,#2702,#2703,#2704));
#409=EDGE_LOOP('',(#2705,#2706,#2707,#2708));
#410=EDGE_LOOP('',(#2709,#2710,#2711,#2712));
#411=EDGE_LOOP('',(#2713,#2714,#2715,#2716));
#412=EDGE_LOOP('',(#2717,#2718,#2719,#2720));
#413=EDGE_LOOP('',(#2721,#2722,#2723,#2724));
#414=EDGE_LOOP('',(#2725,#2726,#2727,#2728));
#415=EDGE_LOOP('',(#2729,#2730,#2731,#2732));
#416=EDGE_LOOP('',(#2733,#2734,#2735,#2736));
#417=EDGE_LOOP('',(#2737,#2738,#2739,#2740));
#418=EDGE_LOOP('',(#2741,#2742,#2743,#2744));
#419=EDGE_LOOP('',(#2745,#2746,#2747,#2748));
#420=EDGE_LOOP('',(#2749,#2750,#2751,#2752));
#421=EDGE_LOOP('',(#2753,#2754,#2755,#2756));
#422=EDGE_LOOP('',(#2757,#2758,#2759,#2760,#2761,#2762,#2763,#2764,#2765,
#2766,#2767,#2768,#2769,#2770,#2771,#2772,#2773,#2774,#2775,#2776,#2777,
#2778,#2779,#2780));
#423=EDGE_LOOP('',(#2781,#2782,#2783,#2784,#2785,#2786));
#424=EDGE_LOOP('',(#2787,#2788,#2789,#2790,#2791,#2792));
#425=EDGE_LOOP('',(#2793,#2794,#2795,#2796,#2797,#2798));
#426=EDGE_LOOP('',(#2799,#2800,#2801,#2802,#2803,#2804));
#427=EDGE_LOOP('',(#2805,#2806,#2807,#2808,#2809,#2810));
#428=EDGE_LOOP('',(#2811,#2812,#2813,#2814,#2815,#2816));
#429=EDGE_LOOP('',(#2817,#2818,#2819,#2820,#2821,#2822));
#430=EDGE_LOOP('',(#2823,#2824,#2825,#2826,#2827,#2828));
#431=EDGE_LOOP('',(#2829,#2830,#2831,#2832,#2833,#2834));
#432=EDGE_LOOP('',(#2835,#2836,#2837,#2838,#2839,#2840));
#433=EDGE_LOOP('',(#2841,#2842,#2843,#2844,#2845,#2846));
#434=EDGE_LOOP('',(#2847,#2848,#2849,#2850,#2851,#2852));
#435=EDGE_LOOP('',(#2853,#2854,#2855,#2856,#2857,#2858));
#436=EDGE_LOOP('',(#2859,#2860,#2861,#2862,#2863,#2864));
#437=EDGE_LOOP('',(#2865,#2866,#2867,#2868,#2869,#2870));
#438=EDGE_LOOP('',(#2871,#2872,#2873,#2874,#2875,#2876));
#439=EDGE_LOOP('',(#2877,#2878,#2879,#2880,#2881,#2882));
#440=EDGE_LOOP('',(#2883));
#441=EDGE_LOOP('',(#2884));
#442=EDGE_LOOP('',(#2885));
#443=EDGE_LOOP('',(#2886));
#444=EDGE_LOOP('',(#2887,#2888,#2889,#2890));
#445=EDGE_LOOP('',(#2891,#2892,#2893,#2894));
#446=EDGE_LOOP('',(#2895,#2896,#2897,#2898));
#447=EDGE_LOOP('',(#2899,#2900,#2901,#2902));
#448=EDGE_LOOP('',(#2903,#2904,#2905,#2906,#2907,#2908));
#449=EDGE_LOOP('',(#2909,#2910,#2911,#2912,#2913,#2914));
#450=EDGE_LOOP('',(#2915,#2916,#2917,#2918,#2919,#2920));
#451=EDGE_LOOP('',(#2921,#2922,#2923,#2924));
#452=EDGE_LOOP('',(#2925,#2926,#2927,#2928,#2929,#2930));
#453=EDGE_LOOP('',(#2931,#2932,#2933,#2934));
#454=EDGE_LOOP('',(#2935,#2936,#2937,#2938,#2939,#2940,#2941,#2942,#2943,
#2944));
#455=EDGE_LOOP('',(#2945,#2946,#2947,#2948,#2949,#2950,#2951,#2952,#2953,
#2954));
#456=EDGE_LOOP('',(#2955,#2956,#2957,#2958));
#457=EDGE_LOOP('',(#2959,#2960,#2961,#2962));
#458=EDGE_LOOP('',(#2963,#2964,#2965,#2966,#2967,#2968,#2969,#2970,#2971,
#2972,#2973,#2974));
#459=EDGE_LOOP('',(#2975,#2976,#2977,#2978));
#460=EDGE_LOOP('',(#2979,#2980,#2981,#2982,#2983,#2984));
#461=EDGE_LOOP('',(#2985,#2986,#2987,#2988));
#462=EDGE_LOOP('',(#2989));
#463=EDGE_LOOP('',(#2990));
#464=EDGE_LOOP('',(#2991));
#465=EDGE_LOOP('',(#2992));
#466=EDGE_LOOP('',(#2993));
#467=EDGE_LOOP('',(#2994));
#468=EDGE_LOOP('',(#2995));
#469=EDGE_LOOP('',(#2996));
#470=EDGE_LOOP('',(#2997,#2998,#2999,#3000));
#471=EDGE_LOOP('',(#3001,#3002,#3003,#3004,#3005,#3006,#3007,#3008,#3009,
#3010));
#472=EDGE_LOOP('',(#3011));
#473=EDGE_LOOP('',(#3012));
#474=EDGE_LOOP('',(#3013,#3014,#3015,#3016));
#475=EDGE_LOOP('',(#3017,#3018,#3019,#3020));
#476=EDGE_LOOP('',(#3021));
#477=EDGE_LOOP('',(#3022));
#478=EDGE_LOOP('',(#3023,#3024,#3025,#3026));
#479=EDGE_LOOP('',(#3027,#3028,#3029,#3030));
#480=EDGE_LOOP('',(#3031));
#481=EDGE_LOOP('',(#3032));
#482=EDGE_LOOP('',(#3033,#3034,#3035,#3036));
#483=EDGE_LOOP('',(#3037,#3038,#3039,#3040));
#484=EDGE_LOOP('',(#3041));
#485=EDGE_LOOP('',(#3042));
#486=EDGE_LOOP('',(#3043,#3044,#3045,#3046));
#487=EDGE_LOOP('',(#3047,#3048,#3049,#3050));
#488=EDGE_LOOP('',(#3051,#3052,#3053,#3054));
#489=EDGE_LOOP('',(#3055,#3056,#3057,#3058));
#490=EDGE_LOOP('',(#3059,#3060,#3061,#3062));
#491=EDGE_LOOP('',(#3063,#3064,#3065,#3066));
#492=EDGE_LOOP('',(#3067,#3068,#3069,#3070));
#493=EDGE_LOOP('',(#3071,#3072,#3073,#3074));
#494=EDGE_LOOP('',(#3075,#3076,#3077,#3078));
#495=EDGE_LOOP('',(#3079,#3080,#3081,#3082));
#496=EDGE_LOOP('',(#3083,#3084,#3085,#3086));
#497=EDGE_LOOP('',(#3087,#3088,#3089,#3090));
#498=EDGE_LOOP('',(#3091,#3092,#3093,#3094));
#499=EDGE_LOOP('',(#3095,#3096,#3097,#3098));
#500=EDGE_LOOP('',(#3099,#3100,#3101,#3102));
#501=EDGE_LOOP('',(#3103,#3104,#3105,#3106));
#502=EDGE_LOOP('',(#3107,#3108,#3109,#3110));
#503=EDGE_LOOP('',(#3111,#3112,#3113,#3114));
#504=EDGE_LOOP('',(#3115,#3116,#3117,#3118));
#505=LINE('',#4507,#943);
#506=LINE('',#4509,#944);
#507=LINE('',#4511,#945);
#508=LINE('',#4512,#946);
#509=LINE('',#4515,#947);
#510=LINE('',#4517,#948);
#511=LINE('',#4518,#949);
#512=LINE('',#4521,#950);
#513=LINE('',#4523,#951);
#514=LINE('',#4525,#952);
#515=LINE('',#4527,#953);
#516=LINE('',#4529,#954);
#517=LINE('',#4530,#955);
#518=LINE('',#4533,#956);
#519=LINE('',#4535,#957);
#520=LINE('',#4537,#958);
#521=LINE('',#4539,#959);
#522=LINE('',#4541,#960);
#523=LINE('',#4543,#961);
#524=LINE('',#4545,#962);
#525=LINE('',#4551,#963);
#526=LINE('',#4555,#964);
#527=LINE('',#4559,#965);
#528=LINE('',#4565,#966);
#529=LINE('',#4567,#967);
#530=LINE('',#4569,#968);
#531=LINE('',#4571,#969);
#532=LINE('',#4573,#970);
#533=LINE('',#4574,#971);
#534=LINE('',#4585,#972);
#535=LINE('',#4587,#973);
#536=LINE('',#4589,#974);
#537=LINE('',#4591,#975);
#538=LINE('',#4593,#976);
#539=LINE('',#4594,#977);
#540=LINE('',#4597,#978);
#541=LINE('',#4599,#979);
#542=LINE('',#4601,#980);
#543=LINE('',#4603,#981);
#544=LINE('',#4605,#982);
#545=LINE('',#4606,#983);
#546=LINE('',#4609,#984);
#547=LINE('',#4611,#985);
#548=LINE('',#4613,#986);
#549=LINE('',#4615,#987);
#550=LINE('',#4617,#988);
#551=LINE('',#4618,#989);
#552=LINE('',#4621,#990);
#553=LINE('',#4623,#991);
#554=LINE('',#4625,#992);
#555=LINE('',#4627,#993);
#556=LINE('',#4629,#994);
#557=LINE('',#4630,#995);
#558=LINE('',#4633,#996);
#559=LINE('',#4635,#997);
#560=LINE('',#4637,#998);
#561=LINE('',#4639,#999);
#562=LINE('',#4641,#1000);
#563=LINE('',#4642,#1001);
#564=LINE('',#4645,#1002);
#565=LINE('',#4647,#1003);
#566=LINE('',#4649,#1004);
#567=LINE('',#4651,#1005);
#568=LINE('',#4653,#1006);
#569=LINE('',#4654,#1007);
#570=LINE('',#4657,#1008);
#571=LINE('',#4659,#1009);
#572=LINE('',#4661,#1010);
#573=LINE('',#4663,#1011);
#574=LINE('',#4665,#1012);
#575=LINE('',#4666,#1013);
#576=LINE('',#4669,#1014);
#577=LINE('',#4671,#1015);
#578=LINE('',#4673,#1016);
#579=LINE('',#4675,#1017);
#580=LINE('',#4677,#1018);
#581=LINE('',#4678,#1019);
#582=LINE('',#4681,#1020);
#583=LINE('',#4683,#1021);
#584=LINE('',#4685,#1022);
#585=LINE('',#4687,#1023);
#586=LINE('',#4689,#1024);
#587=LINE('',#4690,#1025);
#588=LINE('',#4693,#1026);
#589=LINE('',#4695,#1027);
#590=LINE('',#4697,#1028);
#591=LINE('',#4699,#1029);
#592=LINE('',#4701,#1030);
#593=LINE('',#4702,#1031);
#594=LINE('',#4705,#1032);
#595=LINE('',#4707,#1033);
#596=LINE('',#4709,#1034);
#597=LINE('',#4711,#1035);
#598=LINE('',#4713,#1036);
#599=LINE('',#4714,#1037);
#600=LINE('',#4717,#1038);
#601=LINE('',#4719,#1039);
#602=LINE('',#4721,#1040);
#603=LINE('',#4723,#1041);
#604=LINE('',#4725,#1042);
#605=LINE('',#4726,#1043);
#606=LINE('',#4729,#1044);
#607=LINE('',#4731,#1045);
#608=LINE('',#4733,#1046);
#609=LINE('',#4735,#1047);
#610=LINE('',#4737,#1048);
#611=LINE('',#4738,#1049);
#612=LINE('',#4741,#1050);
#613=LINE('',#4743,#1051);
#614=LINE('',#4745,#1052);
#615=LINE('',#4747,#1053);
#616=LINE('',#4749,#1054);
#617=LINE('',#4750,#1055);
#618=LINE('',#4753,#1056);
#619=LINE('',#4755,#1057);
#620=LINE('',#4757,#1058);
#621=LINE('',#4759,#1059);
#622=LINE('',#4761,#1060);
#623=LINE('',#4762,#1061);
#624=LINE('',#4765,#1062);
#625=LINE('',#4767,#1063);
#626=LINE('',#4769,#1064);
#627=LINE('',#4771,#1065);
#628=LINE('',#4773,#1066);
#629=LINE('',#4774,#1067);
#630=LINE('',#4777,#1068);
#631=LINE('',#4779,#1069);
#632=LINE('',#4781,#1070);
#633=LINE('',#4783,#1071);
#634=LINE('',#4785,#1072);
#635=LINE('',#4786,#1073);
#636=LINE('',#4789,#1074);
#637=LINE('',#4791,#1075);
#638=LINE('',#4792,#1076);
#639=LINE('',#4795,#1077);
#640=LINE('',#4796,#1078);
#641=LINE('',#4799,#1079);
#642=LINE('',#4800,#1080);
#643=LINE('',#4803,#1081);
#644=LINE('',#4804,#1082);
#645=LINE('',#4807,#1083);
#646=LINE('',#4808,#1084);
#647=LINE('',#4810,#1085);
#648=LINE('',#4813,#1086);
#649=LINE('',#4815,#1087);
#650=LINE('',#4816,#1088);
#651=LINE('',#4819,#1089);
#652=LINE('',#4820,#1090);
#653=LINE('',#4823,#1091);
#654=LINE('',#4824,#1092);
#655=LINE('',#4827,#1093);
#656=LINE('',#4828,#1094);
#657=LINE('',#4831,#1095);
#658=LINE('',#4832,#1096);
#659=LINE('',#4834,#1097);
#660=LINE('',#4837,#1098);
#661=LINE('',#4839,#1099);
#662=LINE('',#4840,#1100);
#663=LINE('',#4843,#1101);
#664=LINE('',#4844,#1102);
#665=LINE('',#4847,#1103);
#666=LINE('',#4848,#1104);
#667=LINE('',#4851,#1105);
#668=LINE('',#4852,#1106);
#669=LINE('',#4855,#1107);
#670=LINE('',#4856,#1108);
#671=LINE('',#4858,#1109);
#672=LINE('',#4861,#1110);
#673=LINE('',#4863,#1111);
#674=LINE('',#4864,#1112);
#675=LINE('',#4867,#1113);
#676=LINE('',#4868,#1114);
#677=LINE('',#4871,#1115);
#678=LINE('',#4872,#1116);
#679=LINE('',#4875,#1117);
#680=LINE('',#4876,#1118);
#681=LINE('',#4879,#1119);
#682=LINE('',#4880,#1120);
#683=LINE('',#4882,#1121);
#684=LINE('',#4885,#1122);
#685=LINE('',#4887,#1123);
#686=LINE('',#4888,#1124);
#687=LINE('',#4891,#1125);
#688=LINE('',#4892,#1126);
#689=LINE('',#4895,#1127);
#690=LINE('',#4896,#1128);
#691=LINE('',#4899,#1129);
#692=LINE('',#4900,#1130);
#693=LINE('',#4903,#1131);
#694=LINE('',#4904,#1132);
#695=LINE('',#4906,#1133);
#696=LINE('',#4909,#1134);
#697=LINE('',#4911,#1135);
#698=LINE('',#4912,#1136);
#699=LINE('',#4915,#1137);
#700=LINE('',#4916,#1138);
#701=LINE('',#4919,#1139);
#702=LINE('',#4920,#1140);
#703=LINE('',#4923,#1141);
#704=LINE('',#4924,#1142);
#705=LINE('',#4927,#1143);
#706=LINE('',#4928,#1144);
#707=LINE('',#4930,#1145);
#708=LINE('',#4933,#1146);
#709=LINE('',#4935,#1147);
#710=LINE('',#4936,#1148);
#711=LINE('',#4939,#1149);
#712=LINE('',#4940,#1150);
#713=LINE('',#4943,#1151);
#714=LINE('',#4944,#1152);
#715=LINE('',#4947,#1153);
#716=LINE('',#4948,#1154);
#717=LINE('',#4951,#1155);
#718=LINE('',#4952,#1156);
#719=LINE('',#4954,#1157);
#720=LINE('',#4957,#1158);
#721=LINE('',#4959,#1159);
#722=LINE('',#4960,#1160);
#723=LINE('',#4963,#1161);
#724=LINE('',#4964,#1162);
#725=LINE('',#4967,#1163);
#726=LINE('',#4968,#1164);
#727=LINE('',#4971,#1165);
#728=LINE('',#4972,#1166);
#729=LINE('',#4975,#1167);
#730=LINE('',#4976,#1168);
#731=LINE('',#4978,#1169);
#732=LINE('',#4981,#1170);
#733=LINE('',#4983,#1171);
#734=LINE('',#4984,#1172);
#735=LINE('',#4987,#1173);
#736=LINE('',#4988,#1174);
#737=LINE('',#4991,#1175);
#738=LINE('',#4992,#1176);
#739=LINE('',#4995,#1177);
#740=LINE('',#4996,#1178);
#741=LINE('',#4999,#1179);
#742=LINE('',#5000,#1180);
#743=LINE('',#5002,#1181);
#744=LINE('',#5005,#1182);
#745=LINE('',#5007,#1183);
#746=LINE('',#5008,#1184);
#747=LINE('',#5011,#1185);
#748=LINE('',#5012,#1186);
#749=LINE('',#5015,#1187);
#750=LINE('',#5016,#1188);
#751=LINE('',#5019,#1189);
#752=LINE('',#5020,#1190);
#753=LINE('',#5023,#1191);
#754=LINE('',#5024,#1192);
#755=LINE('',#5026,#1193);
#756=LINE('',#5029,#1194);
#757=LINE('',#5031,#1195);
#758=LINE('',#5032,#1196);
#759=LINE('',#5035,#1197);
#760=LINE('',#5036,#1198);
#761=LINE('',#5039,#1199);
#762=LINE('',#5040,#1200);
#763=LINE('',#5043,#1201);
#764=LINE('',#5044,#1202);
#765=LINE('',#5047,#1203);
#766=LINE('',#5048,#1204);
#767=LINE('',#5050,#1205);
#768=LINE('',#5053,#1206);
#769=LINE('',#5055,#1207);
#770=LINE('',#5056,#1208);
#771=LINE('',#5059,#1209);
#772=LINE('',#5060,#1210);
#773=LINE('',#5063,#1211);
#774=LINE('',#5064,#1212);
#775=LINE('',#5067,#1213);
#776=LINE('',#5068,#1214);
#777=LINE('',#5071,#1215);
#778=LINE('',#5072,#1216);
#779=LINE('',#5074,#1217);
#780=LINE('',#5077,#1218);
#781=LINE('',#5079,#1219);
#782=LINE('',#5080,#1220);
#783=LINE('',#5083,#1221);
#784=LINE('',#5084,#1222);
#785=LINE('',#5087,#1223);
#786=LINE('',#5088,#1224);
#787=LINE('',#5091,#1225);
#788=LINE('',#5092,#1226);
#789=LINE('',#5095,#1227);
#790=LINE('',#5096,#1228);
#791=LINE('',#5098,#1229);
#792=LINE('',#5101,#1230);
#793=LINE('',#5103,#1231);
#794=LINE('',#5104,#1232);
#795=LINE('',#5107,#1233);
#796=LINE('',#5108,#1234);
#797=LINE('',#5111,#1235);
#798=LINE('',#5112,#1236);
#799=LINE('',#5115,#1237);
#800=LINE('',#5116,#1238);
#801=LINE('',#5119,#1239);
#802=LINE('',#5120,#1240);
#803=LINE('',#5122,#1241);
#804=LINE('',#5125,#1242);
#805=LINE('',#5127,#1243);
#806=LINE('',#5128,#1244);
#807=LINE('',#5131,#1245);
#808=LINE('',#5132,#1246);
#809=LINE('',#5135,#1247);
#810=LINE('',#5136,#1248);
#811=LINE('',#5139,#1249);
#812=LINE('',#5140,#1250);
#813=LINE('',#5143,#1251);
#814=LINE('',#5144,#1252);
#815=LINE('',#5146,#1253);
#816=LINE('',#5149,#1254);
#817=LINE('',#5151,#1255);
#818=LINE('',#5152,#1256);
#819=LINE('',#5155,#1257);
#820=LINE('',#5156,#1258);
#821=LINE('',#5159,#1259);
#822=LINE('',#5160,#1260);
#823=LINE('',#5163,#1261);
#824=LINE('',#5164,#1262);
#825=LINE('',#5167,#1263);
#826=LINE('',#5168,#1264);
#827=LINE('',#5170,#1265);
#828=LINE('',#5173,#1266);
#829=LINE('',#5175,#1267);
#830=LINE('',#5176,#1268);
#831=LINE('',#5179,#1269);
#832=LINE('',#5180,#1270);
#833=LINE('',#5183,#1271);
#834=LINE('',#5184,#1272);
#835=LINE('',#5187,#1273);
#836=LINE('',#5188,#1274);
#837=LINE('',#5191,#1275);
#838=LINE('',#5192,#1276);
#839=LINE('',#5194,#1277);
#840=LINE('',#5198,#1278);
#841=LINE('',#5200,#1279);
#842=LINE('',#5202,#1280);
#843=LINE('',#5203,#1281);
#844=LINE('',#5207,#1282);
#845=LINE('',#5209,#1283);
#846=LINE('',#5211,#1284);
#847=LINE('',#5212,#1285);
#848=LINE('',#5214,#1286);
#849=LINE('',#5215,#1287);
#850=LINE('',#5217,#1288);
#851=LINE('',#5221,#1289);
#852=LINE('',#5223,#1290);
#853=LINE('',#5225,#1291);
#854=LINE('',#5226,#1292);
#855=LINE('',#5230,#1293);
#856=LINE('',#5232,#1294);
#857=LINE('',#5234,#1295);
#858=LINE('',#5235,#1296);
#859=LINE('',#5237,#1297);
#860=LINE('',#5238,#1298);
#861=LINE('',#5240,#1299);
#862=LINE('',#5243,#1300);
#863=LINE('',#5245,#1301);
#864=LINE('',#5246,#1302);
#865=LINE('',#5247,#1303);
#866=LINE('',#5249,#1304);
#867=LINE('',#5251,#1305);
#868=LINE('',#5257,#1306);
#869=LINE('',#5261,#1307);
#870=LINE('',#5265,#1308);
#871=LINE('',#5271,#1309);
#872=LINE('',#5272,#1310);
#873=LINE('',#5284,#1311);
#874=LINE('',#5285,#1312);
#875=LINE('',#5286,#1313);
#876=LINE('',#5290,#1314);
#877=LINE('',#5291,#1315);
#878=LINE('',#5292,#1316);
#879=LINE('',#5295,#1317);
#880=LINE('',#5297,#1318);
#881=LINE('',#5298,#1319);
#882=LINE('',#5301,#1320);
#883=LINE('',#5303,#1321);
#884=LINE('',#5304,#1322);
#885=LINE('',#5307,#1323);
#886=LINE('',#5309,#1324);
#887=LINE('',#5310,#1325);
#888=LINE('',#5313,#1326);
#889=LINE('',#5315,#1327);
#890=LINE('',#5316,#1328);
#891=LINE('',#5318,#1329);
#892=LINE('',#5320,#1330);
#893=LINE('',#5322,#1331);
#894=LINE('',#5323,#1332);
#895=LINE('',#5327,#1333);
#896=LINE('',#5329,#1334);
#897=LINE('',#5331,#1335);
#898=LINE('',#5332,#1336);
#899=LINE('',#5335,#1337);
#900=LINE('',#5337,#1338);
#901=LINE('',#5339,#1339);
#902=LINE('',#5341,#1340);
#903=LINE('',#5342,#1341);
#904=LINE('',#5344,#1342);
#905=LINE('',#5346,#1343);
#906=LINE('',#5348,#1344);
#907=LINE('',#5349,#1345);
#908=LINE('',#5351,#1346);
#909=LINE('',#5353,#1347);
#910=LINE('',#5354,#1348);
#911=LINE('',#5357,#1349);
#912=LINE('',#5359,#1350);
#913=LINE('',#5360,#1351);
#914=LINE('',#5363,#1352);
#915=LINE('',#5364,#1353);
#916=LINE('',#5366,#1354);
#917=LINE('',#5389,#1355);
#918=LINE('',#5392,#1356);
#919=LINE('',#5393,#1357);
#920=LINE('',#5400,#1358);
#921=LINE('',#5402,#1359);
#922=LINE('',#5409,#1360);
#923=LINE('',#5411,#1361);
#924=LINE('',#5418,#1362);
#925=LINE('',#5420,#1363);
#926=LINE('',#5427,#1364);
#927=LINE('',#5429,#1365);
#928=LINE('',#5431,#1366);
#929=LINE('',#5433,#1367);
#930=LINE('',#5435,#1368);
#931=LINE('',#5437,#1369);
#932=LINE('',#5439,#1370);
#933=LINE('',#5440,#1371);
#934=LINE('',#5443,#1372);
#935=LINE('',#5445,#1373);
#936=LINE('',#5446,#1374);
#937=LINE('',#5449,#1375);
#938=LINE('',#5451,#1376);
#939=LINE('',#5453,#1377);
#940=LINE('',#5454,#1378);
#941=LINE('',#5456,#1379);
#942=LINE('',#5460,#1380);
#943=VECTOR('',#3659,10.);
#944=VECTOR('',#3660,10.);
#945=VECTOR('',#3661,10.);
#946=VECTOR('',#3662,10.);
#947=VECTOR('',#3665,10.);
#948=VECTOR('',#3666,10.);
#949=VECTOR('',#3667,10.);
#950=VECTOR('',#3670,10.);
#951=VECTOR('',#3671,10.);
#952=VECTOR('',#3672,10.);
#953=VECTOR('',#3673,10.);
#954=VECTOR('',#3674,10.);
#955=VECTOR('',#3675,10.);
#956=VECTOR('',#3678,10.);
#957=VECTOR('',#3679,10.);
#958=VECTOR('',#3680,10.);
#959=VECTOR('',#3681,10.);
#960=VECTOR('',#3682,10.);
#961=VECTOR('',#3683,10.);
#962=VECTOR('',#3684,10.);
#963=VECTOR('',#3689,10.);
#964=VECTOR('',#3692,10.);
#965=VECTOR('',#3695,10.);
#966=VECTOR('',#3700,10.);
#967=VECTOR('',#3701,10.);
#968=VECTOR('',#3702,10.);
#969=VECTOR('',#3703,10.);
#970=VECTOR('',#3704,10.);
#971=VECTOR('',#3705,10.);
#972=VECTOR('',#3714,10.);
#973=VECTOR('',#3715,10.);
#974=VECTOR('',#3716,10.);
#975=VECTOR('',#3717,10.);
#976=VECTOR('',#3718,10.);
#977=VECTOR('',#3719,10.);
#978=VECTOR('',#3720,10.);
#979=VECTOR('',#3721,10.);
#980=VECTOR('',#3722,10.);
#981=VECTOR('',#3723,10.);
#982=VECTOR('',#3724,10.);
#983=VECTOR('',#3725,10.);
#984=VECTOR('',#3726,10.);
#985=VECTOR('',#3727,10.);
#986=VECTOR('',#3728,10.);
#987=VECTOR('',#3729,10.);
#988=VECTOR('',#3730,10.);
#989=VECTOR('',#3731,10.);
#990=VECTOR('',#3732,10.);
#991=VECTOR('',#3733,10.);
#992=VECTOR('',#3734,10.);
#993=VECTOR('',#3735,10.);
#994=VECTOR('',#3736,10.);
#995=VECTOR('',#3737,10.);
#996=VECTOR('',#3738,10.);
#997=VECTOR('',#3739,10.);
#998=VECTOR('',#3740,10.);
#999=VECTOR('',#3741,10.);
#1000=VECTOR('',#3742,10.);
#1001=VECTOR('',#3743,10.);
#1002=VECTOR('',#3744,10.);
#1003=VECTOR('',#3745,10.);
#1004=VECTOR('',#3746,10.);
#1005=VECTOR('',#3747,10.);
#1006=VECTOR('',#3748,10.);
#1007=VECTOR('',#3749,10.);
#1008=VECTOR('',#3750,10.);
#1009=VECTOR('',#3751,10.);
#1010=VECTOR('',#3752,10.);
#1011=VECTOR('',#3753,10.);
#1012=VECTOR('',#3754,10.);
#1013=VECTOR('',#3755,10.);
#1014=VECTOR('',#3756,10.);
#1015=VECTOR('',#3757,10.);
#1016=VECTOR('',#3758,10.);
#1017=VECTOR('',#3759,10.);
#1018=VECTOR('',#3760,10.);
#1019=VECTOR('',#3761,10.);
#1020=VECTOR('',#3762,10.);
#1021=VECTOR('',#3763,10.);
#1022=VECTOR('',#3764,10.);
#1023=VECTOR('',#3765,10.);
#1024=VECTOR('',#3766,10.);
#1025=VECTOR('',#3767,10.);
#1026=VECTOR('',#3768,10.);
#1027=VECTOR('',#3769,10.);
#1028=VECTOR('',#3770,10.);
#1029=VECTOR('',#3771,10.);
#1030=VECTOR('',#3772,10.);
#1031=VECTOR('',#3773,10.);
#1032=VECTOR('',#3774,10.);
#1033=VECTOR('',#3775,10.);
#1034=VECTOR('',#3776,10.);
#1035=VECTOR('',#3777,10.);
#1036=VECTOR('',#3778,10.);
#1037=VECTOR('',#3779,10.);
#1038=VECTOR('',#3780,10.);
#1039=VECTOR('',#3781,10.);
#1040=VECTOR('',#3782,10.);
#1041=VECTOR('',#3783,10.);
#1042=VECTOR('',#3784,10.);
#1043=VECTOR('',#3785,10.);
#1044=VECTOR('',#3786,10.);
#1045=VECTOR('',#3787,10.);
#1046=VECTOR('',#3788,10.);
#1047=VECTOR('',#3789,10.);
#1048=VECTOR('',#3790,10.);
#1049=VECTOR('',#3791,10.);
#1050=VECTOR('',#3792,10.);
#1051=VECTOR('',#3793,10.);
#1052=VECTOR('',#3794,10.);
#1053=VECTOR('',#3795,10.);
#1054=VECTOR('',#3796,10.);
#1055=VECTOR('',#3797,10.);
#1056=VECTOR('',#3798,10.);
#1057=VECTOR('',#3799,10.);
#1058=VECTOR('',#3800,10.);
#1059=VECTOR('',#3801,10.);
#1060=VECTOR('',#3802,10.);
#1061=VECTOR('',#3803,10.);
#1062=VECTOR('',#3804,10.);
#1063=VECTOR('',#3805,10.);
#1064=VECTOR('',#3806,10.);
#1065=VECTOR('',#3807,10.);
#1066=VECTOR('',#3808,10.);
#1067=VECTOR('',#3809,10.);
#1068=VECTOR('',#3810,10.);
#1069=VECTOR('',#3811,10.);
#1070=VECTOR('',#3812,10.);
#1071=VECTOR('',#3813,10.);
#1072=VECTOR('',#3814,10.);
#1073=VECTOR('',#3815,10.);
#1074=VECTOR('',#3818,10.);
#1075=VECTOR('',#3819,10.);
#1076=VECTOR('',#3820,10.);
#1077=VECTOR('',#3823,10.);
#1078=VECTOR('',#3824,10.);
#1079=VECTOR('',#3827,10.);
#1080=VECTOR('',#3828,10.);
#1081=VECTOR('',#3831,10.);
#1082=VECTOR('',#3832,10.);
#1083=VECTOR('',#3835,10.);
#1084=VECTOR('',#3836,10.);
#1085=VECTOR('',#3839,10.);
#1086=VECTOR('',#3842,10.);
#1087=VECTOR('',#3843,10.);
#1088=VECTOR('',#3844,10.);
#1089=VECTOR('',#3847,10.);
#1090=VECTOR('',#3848,10.);
#1091=VECTOR('',#3851,10.);
#1092=VECTOR('',#3852,10.);
#1093=VECTOR('',#3855,10.);
#1094=VECTOR('',#3856,10.);
#1095=VECTOR('',#3859,10.);
#1096=VECTOR('',#3860,10.);
#1097=VECTOR('',#3863,10.);
#1098=VECTOR('',#3866,10.);
#1099=VECTOR('',#3867,10.);
#1100=VECTOR('',#3868,10.);
#1101=VECTOR('',#3871,10.);
#1102=VECTOR('',#3872,10.);
#1103=VECTOR('',#3875,10.);
#1104=VECTOR('',#3876,10.);
#1105=VECTOR('',#3879,10.);
#1106=VECTOR('',#3880,10.);
#1107=VECTOR('',#3883,10.);
#1108=VECTOR('',#3884,10.);
#1109=VECTOR('',#3887,10.);
#1110=VECTOR('',#3890,10.);
#1111=VECTOR('',#3891,10.);
#1112=VECTOR('',#3892,10.);
#1113=VECTOR('',#3895,10.);
#1114=VECTOR('',#3896,10.);
#1115=VECTOR('',#3899,10.);
#1116=VECTOR('',#3900,10.);
#1117=VECTOR('',#3903,10.);
#1118=VECTOR('',#3904,10.);
#1119=VECTOR('',#3907,10.);
#1120=VECTOR('',#3908,10.);
#1121=VECTOR('',#3911,10.);
#1122=VECTOR('',#3914,10.);
#1123=VECTOR('',#3915,10.);
#1124=VECTOR('',#3916,10.);
#1125=VECTOR('',#3919,10.);
#1126=VECTOR('',#3920,10.);
#1127=VECTOR('',#3923,10.);
#1128=VECTOR('',#3924,10.);
#1129=VECTOR('',#3927,10.);
#1130=VECTOR('',#3928,10.);
#1131=VECTOR('',#3931,10.);
#1132=VECTOR('',#3932,10.);
#1133=VECTOR('',#3935,10.);
#1134=VECTOR('',#3938,10.);
#1135=VECTOR('',#3939,10.);
#1136=VECTOR('',#3940,10.);
#1137=VECTOR('',#3943,10.);
#1138=VECTOR('',#3944,10.);
#1139=VECTOR('',#3947,10.);
#1140=VECTOR('',#3948,10.);
#1141=VECTOR('',#3951,10.);
#1142=VECTOR('',#3952,10.);
#1143=VECTOR('',#3955,10.);
#1144=VECTOR('',#3956,10.);
#1145=VECTOR('',#3959,10.);
#1146=VECTOR('',#3962,10.);
#1147=VECTOR('',#3963,10.);
#1148=VECTOR('',#3964,10.);
#1149=VECTOR('',#3967,10.);
#1150=VECTOR('',#3968,10.);
#1151=VECTOR('',#3971,10.);
#1152=VECTOR('',#3972,10.);
#1153=VECTOR('',#3975,10.);
#1154=VECTOR('',#3976,10.);
#1155=VECTOR('',#3979,10.);
#1156=VECTOR('',#3980,10.);
#1157=VECTOR('',#3983,10.);
#1158=VECTOR('',#3986,10.);
#1159=VECTOR('',#3987,10.);
#1160=VECTOR('',#3988,10.);
#1161=VECTOR('',#3991,10.);
#1162=VECTOR('',#3992,10.);
#1163=VECTOR('',#3995,10.);
#1164=VECTOR('',#3996,10.);
#1165=VECTOR('',#3999,10.);
#1166=VECTOR('',#4000,10.);
#1167=VECTOR('',#4003,10.);
#1168=VECTOR('',#4004,10.);
#1169=VECTOR('',#4007,10.);
#1170=VECTOR('',#4010,10.);
#1171=VECTOR('',#4011,10.);
#1172=VECTOR('',#4012,10.);
#1173=VECTOR('',#4015,10.);
#1174=VECTOR('',#4016,10.);
#1175=VECTOR('',#4019,10.);
#1176=VECTOR('',#4020,10.);
#1177=VECTOR('',#4023,10.);
#1178=VECTOR('',#4024,10.);
#1179=VECTOR('',#4027,10.);
#1180=VECTOR('',#4028,10.);
#1181=VECTOR('',#4031,10.);
#1182=VECTOR('',#4034,10.);
#1183=VECTOR('',#4035,10.);
#1184=VECTOR('',#4036,10.);
#1185=VECTOR('',#4039,10.);
#1186=VECTOR('',#4040,10.);
#1187=VECTOR('',#4043,10.);
#1188=VECTOR('',#4044,10.);
#1189=VECTOR('',#4047,10.);
#1190=VECTOR('',#4048,10.);
#1191=VECTOR('',#4051,10.);
#1192=VECTOR('',#4052,10.);
#1193=VECTOR('',#4055,10.);
#1194=VECTOR('',#4058,10.);
#1195=VECTOR('',#4059,10.);
#1196=VECTOR('',#4060,10.);
#1197=VECTOR('',#4063,10.);
#1198=VECTOR('',#4064,10.);
#1199=VECTOR('',#4067,10.);
#1200=VECTOR('',#4068,10.);
#1201=VECTOR('',#4071,10.);
#1202=VECTOR('',#4072,10.);
#1203=VECTOR('',#4075,10.);
#1204=VECTOR('',#4076,10.);
#1205=VECTOR('',#4079,10.);
#1206=VECTOR('',#4082,10.);
#1207=VECTOR('',#4083,10.);
#1208=VECTOR('',#4084,10.);
#1209=VECTOR('',#4087,10.);
#1210=VECTOR('',#4088,10.);
#1211=VECTOR('',#4091,10.);
#1212=VECTOR('',#4092,10.);
#1213=VECTOR('',#4095,10.);
#1214=VECTOR('',#4096,10.);
#1215=VECTOR('',#4099,10.);
#1216=VECTOR('',#4100,10.);
#1217=VECTOR('',#4103,10.);
#1218=VECTOR('',#4106,10.);
#1219=VECTOR('',#4107,10.);
#1220=VECTOR('',#4108,10.);
#1221=VECTOR('',#4111,10.);
#1222=VECTOR('',#4112,10.);
#1223=VECTOR('',#4115,10.);
#1224=VECTOR('',#4116,10.);
#1225=VECTOR('',#4119,10.);
#1226=VECTOR('',#4120,10.);
#1227=VECTOR('',#4123,10.);
#1228=VECTOR('',#4124,10.);
#1229=VECTOR('',#4127,10.);
#1230=VECTOR('',#4130,10.);
#1231=VECTOR('',#4131,10.);
#1232=VECTOR('',#4132,10.);
#1233=VECTOR('',#4135,10.);
#1234=VECTOR('',#4136,10.);
#1235=VECTOR('',#4139,10.);
#1236=VECTOR('',#4140,10.);
#1237=VECTOR('',#4143,10.);
#1238=VECTOR('',#4144,10.);
#1239=VECTOR('',#4147,10.);
#1240=VECTOR('',#4148,10.);
#1241=VECTOR('',#4151,10.);
#1242=VECTOR('',#4154,10.);
#1243=VECTOR('',#4155,10.);
#1244=VECTOR('',#4156,10.);
#1245=VECTOR('',#4159,10.);
#1246=VECTOR('',#4160,10.);
#1247=VECTOR('',#4163,10.);
#1248=VECTOR('',#4164,10.);
#1249=VECTOR('',#4167,10.);
#1250=VECTOR('',#4168,10.);
#1251=VECTOR('',#4171,10.);
#1252=VECTOR('',#4172,10.);
#1253=VECTOR('',#4175,10.);
#1254=VECTOR('',#4178,10.);
#1255=VECTOR('',#4179,10.);
#1256=VECTOR('',#4180,10.);
#1257=VECTOR('',#4183,10.);
#1258=VECTOR('',#4184,10.);
#1259=VECTOR('',#4187,10.);
#1260=VECTOR('',#4188,10.);
#1261=VECTOR('',#4191,10.);
#1262=VECTOR('',#4192,10.);
#1263=VECTOR('',#4195,10.);
#1264=VECTOR('',#4196,10.);
#1265=VECTOR('',#4199,10.);
#1266=VECTOR('',#4202,10.);
#1267=VECTOR('',#4203,10.);
#1268=VECTOR('',#4204,10.);
#1269=VECTOR('',#4207,10.);
#1270=VECTOR('',#4208,10.);
#1271=VECTOR('',#4211,10.);
#1272=VECTOR('',#4212,10.);
#1273=VECTOR('',#4215,10.);
#1274=VECTOR('',#4216,10.);
#1275=VECTOR('',#4219,10.);
#1276=VECTOR('',#4220,10.);
#1277=VECTOR('',#4223,10.);
#1278=VECTOR('',#4226,10.);
#1279=VECTOR('',#4227,10.);
#1280=VECTOR('',#4228,10.);
#1281=VECTOR('',#4229,10.);
#1282=VECTOR('',#4232,10.);
#1283=VECTOR('',#4233,10.);
#1284=VECTOR('',#4234,10.);
#1285=VECTOR('',#4235,10.);
#1286=VECTOR('',#4238,10.);
#1287=VECTOR('',#4239,10.);
#1288=VECTOR('',#4242,10.);
#1289=VECTOR('',#4245,10.);
#1290=VECTOR('',#4246,10.);
#1291=VECTOR('',#4247,10.);
#1292=VECTOR('',#4248,10.);
#1293=VECTOR('',#4251,10.);
#1294=VECTOR('',#4252,10.);
#1295=VECTOR('',#4253,10.);
#1296=VECTOR('',#4254,10.);
#1297=VECTOR('',#4257,10.);
#1298=VECTOR('',#4258,10.);
#1299=VECTOR('',#4261,10.);
#1300=VECTOR('',#4264,10.);
#1301=VECTOR('',#4265,10.);
#1302=VECTOR('',#4266,10.);
#1303=VECTOR('',#4267,10.);
#1304=VECTOR('',#4268,10.);
#1305=VECTOR('',#4269,10.);
#1306=VECTOR('',#4274,10.);
#1307=VECTOR('',#4277,10.);
#1308=VECTOR('',#4280,10.);
#1309=VECTOR('',#4285,10.);
#1310=VECTOR('',#4286,10.);
#1311=VECTOR('',#4297,10.);
#1312=VECTOR('',#4298,10.);
#1313=VECTOR('',#4299,10.);
#1314=VECTOR('',#4302,10.);
#1315=VECTOR('',#4303,10.);
#1316=VECTOR('',#4304,10.);
#1317=VECTOR('',#4307,10.);
#1318=VECTOR('',#4308,10.);
#1319=VECTOR('',#4309,10.);
#1320=VECTOR('',#4312,10.);
#1321=VECTOR('',#4313,10.);
#1322=VECTOR('',#4314,10.);
#1323=VECTOR('',#4317,10.);
#1324=VECTOR('',#4318,10.);
#1325=VECTOR('',#4319,10.);
#1326=VECTOR('',#4322,10.);
#1327=VECTOR('',#4323,10.);
#1328=VECTOR('',#4324,10.);
#1329=VECTOR('',#4327,10.);
#1330=VECTOR('',#4328,10.);
#1331=VECTOR('',#4329,10.);
#1332=VECTOR('',#4330,10.);
#1333=VECTOR('',#4333,10.);
#1334=VECTOR('',#4334,10.);
#1335=VECTOR('',#4335,10.);
#1336=VECTOR('',#4336,10.);
#1337=VECTOR('',#4339,10.);
#1338=VECTOR('',#4340,10.);
#1339=VECTOR('',#4341,10.);
#1340=VECTOR('',#4342,10.);
#1341=VECTOR('',#4343,10.);
#1342=VECTOR('',#4346,10.);
#1343=VECTOR('',#4349,10.);
#1344=VECTOR('',#4352,10.);
#1345=VECTOR('',#4353,10.);
#1346=VECTOR('',#4356,10.);
#1347=VECTOR('',#4359,10.);
#1348=VECTOR('',#4360,10.);
#1349=VECTOR('',#4363,10.);
#1350=VECTOR('',#4364,10.);
#1351=VECTOR('',#4365,10.);
#1352=VECTOR('',#4368,10.);
#1353=VECTOR('',#4369,10.);
#1354=VECTOR('',#4372,10.);
#1355=VECTOR('',#4401,10.);
#1356=VECTOR('',#4404,10.);
#1357=VECTOR('',#4405,10.);
#1358=VECTOR('',#4414,2.6);
#1359=VECTOR('',#4417,1.35);
#1360=VECTOR('',#4426,2.6);
#1361=VECTOR('',#4429,1.35);
#1362=VECTOR('',#4438,2.6);
#1363=VECTOR('',#4441,1.35);
#1364=VECTOR('',#4450,2.6);
#1365=VECTOR('',#4453,1.35);
#1366=VECTOR('',#4456,3.1);
#1367=VECTOR('',#4459,3.1);
#1368=VECTOR('',#4462,3.1);
#1369=VECTOR('',#4465,3.1);
#1370=VECTOR('',#4468,10.);
#1371=VECTOR('',#4469,10.);
#1372=VECTOR('',#4474,5.);
#1373=VECTOR('',#4477,10.);
#1374=VECTOR('',#4478,10.);
#1375=VECTOR('',#4483,5.);
#1376=VECTOR('',#4486,10.);
#1377=VECTOR('',#4489,10.);
#1378=VECTOR('',#4490,10.);
#1379=VECTOR('',#4493,10.);
#1380=VECTOR('',#4500,10.);
#1381=VERTEX_POINT('',#4505);
#1382=VERTEX_POINT('',#4506);
#1383=VERTEX_POINT('',#4508);
#1384=VERTEX_POINT('',#4510);
#1385=VERTEX_POINT('',#4514);
#1386=VERTEX_POINT('',#4516);
#1387=VERTEX_POINT('',#4520);
#1388=VERTEX_POINT('',#4522);
#1389=VERTEX_POINT('',#4524);
#1390=VERTEX_POINT('',#4526);
#1391=VERTEX_POINT('',#4528);
#1392=VERTEX_POINT('',#4532);
#1393=VERTEX_POINT('',#4534);
#1394=VERTEX_POINT('',#4536);
#1395=VERTEX_POINT('',#4538);
#1396=VERTEX_POINT('',#4540);
#1397=VERTEX_POINT('',#4542);
#1398=VERTEX_POINT('',#4544);
#1399=VERTEX_POINT('',#4546);
#1400=VERTEX_POINT('',#4548);
#1401=VERTEX_POINT('',#4550);
#1402=VERTEX_POINT('',#4552);
#1403=VERTEX_POINT('',#4554);
#1404=VERTEX_POINT('',#4556);
#1405=VERTEX_POINT('',#4558);
#1406=VERTEX_POINT('',#4560);
#1407=VERTEX_POINT('',#4562);
#1408=VERTEX_POINT('',#4564);
#1409=VERTEX_POINT('',#4566);
#1410=VERTEX_POINT('',#4568);
#1411=VERTEX_POINT('',#4570);
#1412=VERTEX_POINT('',#4572);
#1413=VERTEX_POINT('',#4575);
#1414=VERTEX_POINT('',#4577);
#1415=VERTEX_POINT('',#4579);
#1416=VERTEX_POINT('',#4581);
#1417=VERTEX_POINT('',#4583);
#1418=VERTEX_POINT('',#4584);
#1419=VERTEX_POINT('',#4586);
#1420=VERTEX_POINT('',#4588);
#1421=VERTEX_POINT('',#4590);
#1422=VERTEX_POINT('',#4592);
#1423=VERTEX_POINT('',#4595);
#1424=VERTEX_POINT('',#4596);
#1425=VERTEX_POINT('',#4598);
#1426=VERTEX_POINT('',#4600);
#1427=VERTEX_POINT('',#4602);
#1428=VERTEX_POINT('',#4604);
#1429=VERTEX_POINT('',#4607);
#1430=VERTEX_POINT('',#4608);
#1431=VERTEX_POINT('',#4610);
#1432=VERTEX_POINT('',#4612);
#1433=VERTEX_POINT('',#4614);
#1434=VERTEX_POINT('',#4616);
#1435=VERTEX_POINT('',#4619);
#1436=VERTEX_POINT('',#4620);
#1437=VERTEX_POINT('',#4622);
#1438=VERTEX_POINT('',#4624);
#1439=VERTEX_POINT('',#4626);
#1440=VERTEX_POINT('',#4628);
#1441=VERTEX_POINT('',#4631);
#1442=VERTEX_POINT('',#4632);
#1443=VERTEX_POINT('',#4634);
#1444=VERTEX_POINT('',#4636);
#1445=VERTEX_POINT('',#4638);
#1446=VERTEX_POINT('',#4640);
#1447=VERTEX_POINT('',#4643);
#1448=VERTEX_POINT('',#4644);
#1449=VERTEX_POINT('',#4646);
#1450=VERTEX_POINT('',#4648);
#1451=VERTEX_POINT('',#4650);
#1452=VERTEX_POINT('',#4652);
#1453=VERTEX_POINT('',#4655);
#1454=VERTEX_POINT('',#4656);
#1455=VERTEX_POINT('',#4658);
#1456=VERTEX_POINT('',#4660);
#1457=VERTEX_POINT('',#4662);
#1458=VERTEX_POINT('',#4664);
#1459=VERTEX_POINT('',#4667);
#1460=VERTEX_POINT('',#4668);
#1461=VERTEX_POINT('',#4670);
#1462=VERTEX_POINT('',#4672);
#1463=VERTEX_POINT('',#4674);
#1464=VERTEX_POINT('',#4676);
#1465=VERTEX_POINT('',#4679);
#1466=VERTEX_POINT('',#4680);
#1467=VERTEX_POINT('',#4682);
#1468=VERTEX_POINT('',#4684);
#1469=VERTEX_POINT('',#4686);
#1470=VERTEX_POINT('',#4688);
#1471=VERTEX_POINT('',#4691);
#1472=VERTEX_POINT('',#4692);
#1473=VERTEX_POINT('',#4694);
#1474=VERTEX_POINT('',#4696);
#1475=VERTEX_POINT('',#4698);
#1476=VERTEX_POINT('',#4700);
#1477=VERTEX_POINT('',#4703);
#1478=VERTEX_POINT('',#4704);
#1479=VERTEX_POINT('',#4706);
#1480=VERTEX_POINT('',#4708);
#1481=VERTEX_POINT('',#4710);
#1482=VERTEX_POINT('',#4712);
#1483=VERTEX_POINT('',#4715);
#1484=VERTEX_POINT('',#4716);
#1485=VERTEX_POINT('',#4718);
#1486=VERTEX_POINT('',#4720);
#1487=VERTEX_POINT('',#4722);
#1488=VERTEX_POINT('',#4724);
#1489=VERTEX_POINT('',#4727);
#1490=VERTEX_POINT('',#4728);
#1491=VERTEX_POINT('',#4730);
#1492=VERTEX_POINT('',#4732);
#1493=VERTEX_POINT('',#4734);
#1494=VERTEX_POINT('',#4736);
#1495=VERTEX_POINT('',#4739);
#1496=VERTEX_POINT('',#4740);
#1497=VERTEX_POINT('',#4742);
#1498=VERTEX_POINT('',#4744);
#1499=VERTEX_POINT('',#4746);
#1500=VERTEX_POINT('',#4748);
#1501=VERTEX_POINT('',#4751);
#1502=VERTEX_POINT('',#4752);
#1503=VERTEX_POINT('',#4754);
#1504=VERTEX_POINT('',#4756);
#1505=VERTEX_POINT('',#4758);
#1506=VERTEX_POINT('',#4760);
#1507=VERTEX_POINT('',#4763);
#1508=VERTEX_POINT('',#4764);
#1509=VERTEX_POINT('',#4766);
#1510=VERTEX_POINT('',#4768);
#1511=VERTEX_POINT('',#4770);
#1512=VERTEX_POINT('',#4772);
#1513=VERTEX_POINT('',#4775);
#1514=VERTEX_POINT('',#4776);
#1515=VERTEX_POINT('',#4778);
#1516=VERTEX_POINT('',#4780);
#1517=VERTEX_POINT('',#4782);
#1518=VERTEX_POINT('',#4784);
#1519=VERTEX_POINT('',#4788);
#1520=VERTEX_POINT('',#4790);
#1521=VERTEX_POINT('',#4794);
#1522=VERTEX_POINT('',#4798);
#1523=VERTEX_POINT('',#4802);
#1524=VERTEX_POINT('',#4806);
#1525=VERTEX_POINT('',#4812);
#1526=VERTEX_POINT('',#4814);
#1527=VERTEX_POINT('',#4818);
#1528=VERTEX_POINT('',#4822);
#1529=VERTEX_POINT('',#4826);
#1530=VERTEX_POINT('',#4830);
#1531=VERTEX_POINT('',#4836);
#1532=VERTEX_POINT('',#4838);
#1533=VERTEX_POINT('',#4842);
#1534=VERTEX_POINT('',#4846);
#1535=VERTEX_POINT('',#4850);
#1536=VERTEX_POINT('',#4854);
#1537=VERTEX_POINT('',#4860);
#1538=VERTEX_POINT('',#4862);
#1539=VERTEX_POINT('',#4866);
#1540=VERTEX_POINT('',#4870);
#1541=VERTEX_POINT('',#4874);
#1542=VERTEX_POINT('',#4878);
#1543=VERTEX_POINT('',#4884);
#1544=VERTEX_POINT('',#4886);
#1545=VERTEX_POINT('',#4890);
#1546=VERTEX_POINT('',#4894);
#1547=VERTEX_POINT('',#4898);
#1548=VERTEX_POINT('',#4902);
#1549=VERTEX_POINT('',#4908);
#1550=VERTEX_POINT('',#4910);
#1551=VERTEX_POINT('',#4914);
#1552=VERTEX_POINT('',#4918);
#1553=VERTEX_POINT('',#4922);
#1554=VERTEX_POINT('',#4926);
#1555=VERTEX_POINT('',#4932);
#1556=VERTEX_POINT('',#4934);
#1557=VERTEX_POINT('',#4938);
#1558=VERTEX_POINT('',#4942);
#1559=VERTEX_POINT('',#4946);
#1560=VERTEX_POINT('',#4950);
#1561=VERTEX_POINT('',#4956);
#1562=VERTEX_POINT('',#4958);
#1563=VERTEX_POINT('',#4962);
#1564=VERTEX_POINT('',#4966);
#1565=VERTEX_POINT('',#4970);
#1566=VERTEX_POINT('',#4974);
#1567=VERTEX_POINT('',#4980);
#1568=VERTEX_POINT('',#4982);
#1569=VERTEX_POINT('',#4986);
#1570=VERTEX_POINT('',#4990);
#1571=VERTEX_POINT('',#4994);
#1572=VERTEX_POINT('',#4998);
#1573=VERTEX_POINT('',#5004);
#1574=VERTEX_POINT('',#5006);
#1575=VERTEX_POINT('',#5010);
#1576=VERTEX_POINT('',#5014);
#1577=VERTEX_POINT('',#5018);
#1578=VERTEX_POINT('',#5022);
#1579=VERTEX_POINT('',#5028);
#1580=VERTEX_POINT('',#5030);
#1581=VERTEX_POINT('',#5034);
#1582=VERTEX_POINT('',#5038);
#1583=VERTEX_POINT('',#5042);
#1584=VERTEX_POINT('',#5046);
#1585=VERTEX_POINT('',#5052);
#1586=VERTEX_POINT('',#5054);
#1587=VERTEX_POINT('',#5058);
#1588=VERTEX_POINT('',#5062);
#1589=VERTEX_POINT('',#5066);
#1590=VERTEX_POINT('',#5070);
#1591=VERTEX_POINT('',#5076);
#1592=VERTEX_POINT('',#5078);
#1593=VERTEX_POINT('',#5082);
#1594=VERTEX_POINT('',#5086);
#1595=VERTEX_POINT('',#5090);
#1596=VERTEX_POINT('',#5094);
#1597=VERTEX_POINT('',#5100);
#1598=VERTEX_POINT('',#5102);
#1599=VERTEX_POINT('',#5106);
#1600=VERTEX_POINT('',#5110);
#1601=VERTEX_POINT('',#5114);
#1602=VERTEX_POINT('',#5118);
#1603=VERTEX_POINT('',#5124);
#1604=VERTEX_POINT('',#5126);
#1605=VERTEX_POINT('',#5130);
#1606=VERTEX_POINT('',#5134);
#1607=VERTEX_POINT('',#5138);
#1608=VERTEX_POINT('',#5142);
#1609=VERTEX_POINT('',#5148);
#1610=VERTEX_POINT('',#5150);
#1611=VERTEX_POINT('',#5154);
#1612=VERTEX_POINT('',#5158);
#1613=VERTEX_POINT('',#5162);
#1614=VERTEX_POINT('',#5166);
#1615=VERTEX_POINT('',#5172);
#1616=VERTEX_POINT('',#5174);
#1617=VERTEX_POINT('',#5178);
#1618=VERTEX_POINT('',#5182);
#1619=VERTEX_POINT('',#5186);
#1620=VERTEX_POINT('',#5190);
#1621=VERTEX_POINT('',#5196);
#1622=VERTEX_POINT('',#5197);
#1623=VERTEX_POINT('',#5199);
#1624=VERTEX_POINT('',#5201);
#1625=VERTEX_POINT('',#5205);
#1626=VERTEX_POINT('',#5206);
#1627=VERTEX_POINT('',#5208);
#1628=VERTEX_POINT('',#5210);
#1629=VERTEX_POINT('',#5219);
#1630=VERTEX_POINT('',#5220);
#1631=VERTEX_POINT('',#5222);
#1632=VERTEX_POINT('',#5224);
#1633=VERTEX_POINT('',#5228);
#1634=VERTEX_POINT('',#5229);
#1635=VERTEX_POINT('',#5231);
#1636=VERTEX_POINT('',#5233);
#1637=VERTEX_POINT('',#5242);
#1638=VERTEX_POINT('',#5244);
#1639=VERTEX_POINT('',#5248);
#1640=VERTEX_POINT('',#5250);
#1641=VERTEX_POINT('',#5252);
#1642=VERTEX_POINT('',#5254);
#1643=VERTEX_POINT('',#5256);
#1644=VERTEX_POINT('',#5258);
#1645=VERTEX_POINT('',#5260);
#1646=VERTEX_POINT('',#5262);
#1647=VERTEX_POINT('',#5264);
#1648=VERTEX_POINT('',#5266);
#1649=VERTEX_POINT('',#5268);
#1650=VERTEX_POINT('',#5270);
#1651=VERTEX_POINT('',#5273);
#1652=VERTEX_POINT('',#5275);
#1653=VERTEX_POINT('',#5277);
#1654=VERTEX_POINT('',#5279);
#1655=VERTEX_POINT('',#5282);
#1656=VERTEX_POINT('',#5283);
#1657=VERTEX_POINT('',#5288);
#1658=VERTEX_POINT('',#5289);
#1659=VERTEX_POINT('',#5294);
#1660=VERTEX_POINT('',#5296);
#1661=VERTEX_POINT('',#5300);
#1662=VERTEX_POINT('',#5302);
#1663=VERTEX_POINT('',#5306);
#1664=VERTEX_POINT('',#5308);
#1665=VERTEX_POINT('',#5312);
#1666=VERTEX_POINT('',#5314);
#1667=VERTEX_POINT('',#5319);
#1668=VERTEX_POINT('',#5321);
#1669=VERTEX_POINT('',#5325);
#1670=VERTEX_POINT('',#5326);
#1671=VERTEX_POINT('',#5328);
#1672=VERTEX_POINT('',#5330);
#1673=VERTEX_POINT('',#5334);
#1674=VERTEX_POINT('',#5336);
#1675=VERTEX_POINT('',#5338);
#1676=VERTEX_POINT('',#5340);
#1677=VERTEX_POINT('',#5356);
#1678=VERTEX_POINT('',#5358);
#1679=VERTEX_POINT('',#5362);
#1680=VERTEX_POINT('',#5369);
#1681=VERTEX_POINT('',#5371);
#1682=VERTEX_POINT('',#5374);
#1683=VERTEX_POINT('',#5376);
#1684=VERTEX_POINT('',#5379);
#1685=VERTEX_POINT('',#5381);
#1686=VERTEX_POINT('',#5384);
#1687=VERTEX_POINT('',#5386);
#1688=VERTEX_POINT('',#5391);
#1689=VERTEX_POINT('',#5395);
#1690=VERTEX_POINT('',#5397);
#1691=VERTEX_POINT('',#5404);
#1692=VERTEX_POINT('',#5406);
#1693=VERTEX_POINT('',#5413);
#1694=VERTEX_POINT('',#5415);
#1695=VERTEX_POINT('',#5422);
#1696=VERTEX_POINT('',#5424);
#1697=EDGE_CURVE('',#1381,#1382,#505,.T.);
#1698=EDGE_CURVE('',#1383,#1381,#506,.T.);
#1699=EDGE_CURVE('',#1384,#1383,#507,.T.);
#1700=EDGE_CURVE('',#1382,#1384,#508,.T.);
#1701=EDGE_CURVE('',#1385,#1383,#509,.T.);
#1702=EDGE_CURVE('',#1385,#1386,#510,.T.);
#1703=EDGE_CURVE('',#1384,#1386,#511,.T.);
#1704=EDGE_CURVE('',#1387,#1385,#512,.T.);
#1705=EDGE_CURVE('',#1381,#1388,#513,.T.);
#1706=EDGE_CURVE('',#1389,#1388,#514,.T.);
#1707=EDGE_CURVE('',#1390,#1389,#515,.T.);
#1708=EDGE_CURVE('',#1391,#1390,#516,.T.);
#1709=EDGE_CURVE('',#1387,#1391,#517,.T.);
#1710=EDGE_CURVE('',#1392,#1382,#518,.T.);
#1711=EDGE_CURVE('',#1393,#1392,#519,.T.);
#1712=EDGE_CURVE('',#1394,#1393,#520,.T.);
#1713=EDGE_CURVE('',#1394,#1395,#521,.T.);
#1714=EDGE_CURVE('',#1395,#1396,#522,.T.);
#1715=EDGE_CURVE('',#1397,#1396,#523,.T.);
#1716=EDGE_CURVE('',#1398,#1397,#524,.T.);
#1717=EDGE_CURVE('',#1399,#1398,#83,.T.);
#1718=EDGE_CURVE('',#1400,#1399,#84,.T.);
#1719=EDGE_CURVE('',#1401,#1400,#525,.T.);
#1720=EDGE_CURVE('',#1402,#1401,#85,.T.);
#1721=EDGE_CURVE('',#1403,#1402,#526,.T.);
#1722=EDGE_CURVE('',#1404,#1403,#86,.T.);
#1723=EDGE_CURVE('',#1405,#1404,#527,.T.);
#1724=EDGE_CURVE('',#1406,#1405,#87,.T.);
#1725=EDGE_CURVE('',#1407,#1406,#88,.T.);
#1726=EDGE_CURVE('',#1408,#1407,#528,.T.);
#1727=EDGE_CURVE('',#1409,#1408,#529,.T.);
#1728=EDGE_CURVE('',#1410,#1409,#530,.T.);
#1729=EDGE_CURVE('',#1410,#1411,#531,.T.);
#1730=EDGE_CURVE('',#1412,#1411,#532,.T.);
#1731=EDGE_CURVE('',#1388,#1412,#533,.T.);
#1732=EDGE_CURVE('',#1413,#1413,#89,.T.);
#1733=EDGE_CURVE('',#1414,#1414,#90,.T.);
#1734=EDGE_CURVE('',#1415,#1415,#91,.T.);
#1735=EDGE_CURVE('',#1416,#1416,#92,.T.);
#1736=EDGE_CURVE('',#1417,#1418,#534,.T.);
#1737=EDGE_CURVE('',#1418,#1419,#535,.T.);
#1738=EDGE_CURVE('',#1419,#1420,#536,.T.);
#1739=EDGE_CURVE('',#1420,#1421,#537,.T.);
#1740=EDGE_CURVE('',#1421,#1422,#538,.T.);
#1741=EDGE_CURVE('',#1422,#1417,#539,.T.);
#1742=EDGE_CURVE('',#1423,#1424,#540,.T.);
#1743=EDGE_CURVE('',#1424,#1425,#541,.T.);
#1744=EDGE_CURVE('',#1425,#1426,#542,.T.);
#1745=EDGE_CURVE('',#1426,#1427,#543,.T.);
#1746=EDGE_CURVE('',#1427,#1428,#544,.T.);
#1747=EDGE_CURVE('',#1428,#1423,#545,.T.);
#1748=EDGE_CURVE('',#1429,#1430,#546,.T.);
#1749=EDGE_CURVE('',#1430,#1431,#547,.T.);
#1750=EDGE_CURVE('',#1431,#1432,#548,.T.);
#1751=EDGE_CURVE('',#1432,#1433,#549,.T.);
#1752=EDGE_CURVE('',#1433,#1434,#550,.T.);
#1753=EDGE_CURVE('',#1434,#1429,#551,.T.);
#1754=EDGE_CURVE('',#1435,#1436,#552,.T.);
#1755=EDGE_CURVE('',#1436,#1437,#553,.T.);
#1756=EDGE_CURVE('',#1437,#1438,#554,.T.);
#1757=EDGE_CURVE('',#1438,#1439,#555,.T.);
#1758=EDGE_CURVE('',#1439,#1440,#556,.T.);
#1759=EDGE_CURVE('',#1440,#1435,#557,.T.);
#1760=EDGE_CURVE('',#1441,#1442,#558,.T.);
#1761=EDGE_CURVE('',#1442,#1443,#559,.T.);
#1762=EDGE_CURVE('',#1443,#1444,#560,.T.);
#1763=EDGE_CURVE('',#1444,#1445,#561,.T.);
#1764=EDGE_CURVE('',#1445,#1446,#562,.T.);
#1765=EDGE_CURVE('',#1446,#1441,#563,.T.);
#1766=EDGE_CURVE('',#1447,#1448,#564,.T.);
#1767=EDGE_CURVE('',#1448,#1449,#565,.T.);
#1768=EDGE_CURVE('',#1449,#1450,#566,.T.);
#1769=EDGE_CURVE('',#1450,#1451,#567,.T.);
#1770=EDGE_CURVE('',#1451,#1452,#568,.T.);
#1771=EDGE_CURVE('',#1452,#1447,#569,.T.);
#1772=EDGE_CURVE('',#1453,#1454,#570,.T.);
#1773=EDGE_CURVE('',#1454,#1455,#571,.T.);
#1774=EDGE_CURVE('',#1455,#1456,#572,.T.);
#1775=EDGE_CURVE('',#1456,#1457,#573,.T.);
#1776=EDGE_CURVE('',#1457,#1458,#574,.T.);
#1777=EDGE_CURVE('',#1458,#1453,#575,.T.);
#1778=EDGE_CURVE('',#1459,#1460,#576,.T.);
#1779=EDGE_CURVE('',#1460,#1461,#577,.T.);
#1780=EDGE_CURVE('',#1461,#1462,#578,.T.);
#1781=EDGE_CURVE('',#1462,#1463,#579,.T.);
#1782=EDGE_CURVE('',#1463,#1464,#580,.T.);
#1783=EDGE_CURVE('',#1464,#1459,#581,.T.);
#1784=EDGE_CURVE('',#1465,#1466,#582,.T.);
#1785=EDGE_CURVE('',#1466,#1467,#583,.T.);
#1786=EDGE_CURVE('',#1467,#1468,#584,.T.);
#1787=EDGE_CURVE('',#1468,#1469,#585,.T.);
#1788=EDGE_CURVE('',#1469,#1470,#586,.T.);
#1789=EDGE_CURVE('',#1470,#1465,#587,.T.);
#1790=EDGE_CURVE('',#1471,#1472,#588,.T.);
#1791=EDGE_CURVE('',#1472,#1473,#589,.T.);
#1792=EDGE_CURVE('',#1473,#1474,#590,.T.);
#1793=EDGE_CURVE('',#1474,#1475,#591,.T.);
#1794=EDGE_CURVE('',#1475,#1476,#592,.T.);
#1795=EDGE_CURVE('',#1476,#1471,#593,.T.);
#1796=EDGE_CURVE('',#1477,#1478,#594,.T.);
#1797=EDGE_CURVE('',#1478,#1479,#595,.T.);
#1798=EDGE_CURVE('',#1479,#1480,#596,.T.);
#1799=EDGE_CURVE('',#1480,#1481,#597,.T.);
#1800=EDGE_CURVE('',#1481,#1482,#598,.T.);
#1801=EDGE_CURVE('',#1482,#1477,#599,.T.);
#1802=EDGE_CURVE('',#1483,#1484,#600,.T.);
#1803=EDGE_CURVE('',#1484,#1485,#601,.T.);
#1804=EDGE_CURVE('',#1485,#1486,#602,.T.);
#1805=EDGE_CURVE('',#1486,#1487,#603,.T.);
#1806=EDGE_CURVE('',#1487,#1488,#604,.T.);
#1807=EDGE_CURVE('',#1488,#1483,#605,.T.);
#1808=EDGE_CURVE('',#1489,#1490,#606,.T.);
#1809=EDGE_CURVE('',#1490,#1491,#607,.T.);
#1810=EDGE_CURVE('',#1491,#1492,#608,.T.);
#1811=EDGE_CURVE('',#1492,#1493,#609,.T.);
#1812=EDGE_CURVE('',#1493,#1494,#610,.T.);
#1813=EDGE_CURVE('',#1494,#1489,#611,.T.);
#1814=EDGE_CURVE('',#1495,#1496,#612,.T.);
#1815=EDGE_CURVE('',#1496,#1497,#613,.T.);
#1816=EDGE_CURVE('',#1497,#1498,#614,.T.);
#1817=EDGE_CURVE('',#1498,#1499,#615,.T.);
#1818=EDGE_CURVE('',#1499,#1500,#616,.T.);
#1819=EDGE_CURVE('',#1500,#1495,#617,.T.);
#1820=EDGE_CURVE('',#1501,#1502,#618,.T.);
#1821=EDGE_CURVE('',#1502,#1503,#619,.T.);
#1822=EDGE_CURVE('',#1503,#1504,#620,.T.);
#1823=EDGE_CURVE('',#1504,#1505,#621,.T.);
#1824=EDGE_CURVE('',#1505,#1506,#622,.T.);
#1825=EDGE_CURVE('',#1506,#1501,#623,.T.);
#1826=EDGE_CURVE('',#1507,#1508,#624,.T.);
#1827=EDGE_CURVE('',#1508,#1509,#625,.T.);
#1828=EDGE_CURVE('',#1509,#1510,#626,.T.);
#1829=EDGE_CURVE('',#1510,#1511,#627,.T.);
#1830=EDGE_CURVE('',#1511,#1512,#628,.T.);
#1831=EDGE_CURVE('',#1512,#1507,#629,.T.);
#1832=EDGE_CURVE('',#1513,#1514,#630,.T.);
#1833=EDGE_CURVE('',#1514,#1515,#631,.T.);
#1834=EDGE_CURVE('',#1515,#1516,#632,.T.);
#1835=EDGE_CURVE('',#1516,#1517,#633,.T.);
#1836=EDGE_CURVE('',#1517,#1518,#634,.T.);
#1837=EDGE_CURVE('',#1518,#1513,#635,.T.);
#1838=EDGE_CURVE('',#1519,#1516,#636,.T.);
#1839=EDGE_CURVE('',#1520,#1519,#637,.T.);
#1840=EDGE_CURVE('',#1520,#1517,#638,.T.);
#1841=EDGE_CURVE('',#1521,#1520,#639,.T.);
#1842=EDGE_CURVE('',#1521,#1518,#640,.T.);
#1843=EDGE_CURVE('',#1522,#1521,#641,.T.);
#1844=EDGE_CURVE('',#1522,#1513,#642,.T.);
#1845=EDGE_CURVE('',#1523,#1522,#643,.T.);
#1846=EDGE_CURVE('',#1523,#1514,#644,.T.);
#1847=EDGE_CURVE('',#1524,#1523,#645,.T.);
#1848=EDGE_CURVE('',#1524,#1515,#646,.T.);
#1849=EDGE_CURVE('',#1519,#1524,#647,.T.);
#1850=EDGE_CURVE('',#1525,#1510,#648,.T.);
#1851=EDGE_CURVE('',#1526,#1525,#649,.T.);
#1852=EDGE_CURVE('',#1526,#1511,#650,.T.);
#1853=EDGE_CURVE('',#1527,#1526,#651,.T.);
#1854=EDGE_CURVE('',#1527,#1512,#652,.T.);
#1855=EDGE_CURVE('',#1528,#1527,#653,.T.);
#1856=EDGE_CURVE('',#1528,#1507,#654,.T.);
#1857=EDGE_CURVE('',#1529,#1528,#655,.T.);
#1858=EDGE_CURVE('',#1529,#1508,#656,.T.);
#1859=EDGE_CURVE('',#1530,#1529,#657,.T.);
#1860=EDGE_CURVE('',#1530,#1509,#658,.T.);
#1861=EDGE_CURVE('',#1525,#1530,#659,.T.);
#1862=EDGE_CURVE('',#1531,#1504,#660,.T.);
#1863=EDGE_CURVE('',#1532,#1531,#661,.T.);
#1864=EDGE_CURVE('',#1532,#1505,#662,.T.);
#1865=EDGE_CURVE('',#1533,#1532,#663,.T.);
#1866=EDGE_CURVE('',#1533,#1506,#664,.T.);
#1867=EDGE_CURVE('',#1534,#1533,#665,.T.);
#1868=EDGE_CURVE('',#1534,#1501,#666,.T.);
#1869=EDGE_CURVE('',#1535,#1534,#667,.T.);
#1870=EDGE_CURVE('',#1535,#1502,#668,.T.);
#1871=EDGE_CURVE('',#1536,#1535,#669,.T.);
#1872=EDGE_CURVE('',#1536,#1503,#670,.T.);
#1873=EDGE_CURVE('',#1531,#1536,#671,.T.);
#1874=EDGE_CURVE('',#1537,#1498,#672,.T.);
#1875=EDGE_CURVE('',#1538,#1537,#673,.T.);
#1876=EDGE_CURVE('',#1538,#1499,#674,.T.);
#1877=EDGE_CURVE('',#1539,#1538,#675,.T.);
#1878=EDGE_CURVE('',#1539,#1500,#676,.T.);
#1879=EDGE_CURVE('',#1540,#1539,#677,.T.);
#1880=EDGE_CURVE('',#1540,#1495,#678,.T.);
#1881=EDGE_CURVE('',#1541,#1540,#679,.T.);
#1882=EDGE_CURVE('',#1541,#1496,#680,.T.);
#1883=EDGE_CURVE('',#1542,#1541,#681,.T.);
#1884=EDGE_CURVE('',#1542,#1497,#682,.T.);
#1885=EDGE_CURVE('',#1537,#1542,#683,.T.);
#1886=EDGE_CURVE('',#1543,#1492,#684,.T.);
#1887=EDGE_CURVE('',#1544,#1543,#685,.T.);
#1888=EDGE_CURVE('',#1544,#1493,#686,.T.);
#1889=EDGE_CURVE('',#1545,#1544,#687,.T.);
#1890=EDGE_CURVE('',#1545,#1494,#688,.T.);
#1891=EDGE_CURVE('',#1546,#1545,#689,.T.);
#1892=EDGE_CURVE('',#1546,#1489,#690,.T.);
#1893=EDGE_CURVE('',#1547,#1546,#691,.T.);
#1894=EDGE_CURVE('',#1547,#1490,#692,.T.);
#1895=EDGE_CURVE('',#1548,#1547,#693,.T.);
#1896=EDGE_CURVE('',#1548,#1491,#694,.T.);
#1897=EDGE_CURVE('',#1543,#1548,#695,.T.);
#1898=EDGE_CURVE('',#1549,#1486,#696,.T.);
#1899=EDGE_CURVE('',#1550,#1549,#697,.T.);
#1900=EDGE_CURVE('',#1550,#1487,#698,.T.);
#1901=EDGE_CURVE('',#1551,#1550,#699,.T.);
#1902=EDGE_CURVE('',#1551,#1488,#700,.T.);
#1903=EDGE_CURVE('',#1552,#1551,#701,.T.);
#1904=EDGE_CURVE('',#1552,#1483,#702,.T.);
#1905=EDGE_CURVE('',#1553,#1552,#703,.T.);
#1906=EDGE_CURVE('',#1553,#1484,#704,.T.);
#1907=EDGE_CURVE('',#1554,#1553,#705,.T.);
#1908=EDGE_CURVE('',#1554,#1485,#706,.T.);
#1909=EDGE_CURVE('',#1549,#1554,#707,.T.);
#1910=EDGE_CURVE('',#1555,#1480,#708,.T.);
#1911=EDGE_CURVE('',#1556,#1555,#709,.T.);
#1912=EDGE_CURVE('',#1556,#1481,#710,.T.);
#1913=EDGE_CURVE('',#1557,#1556,#711,.T.);
#1914=EDGE_CURVE('',#1557,#1482,#712,.T.);
#1915=EDGE_CURVE('',#1558,#1557,#713,.T.);
#1916=EDGE_CURVE('',#1558,#1477,#714,.T.);
#1917=EDGE_CURVE('',#1559,#1558,#715,.T.);
#1918=EDGE_CURVE('',#1559,#1478,#716,.T.);
#1919=EDGE_CURVE('',#1560,#1559,#717,.T.);
#1920=EDGE_CURVE('',#1560,#1479,#718,.T.);
#1921=EDGE_CURVE('',#1555,#1560,#719,.T.);
#1922=EDGE_CURVE('',#1561,#1474,#720,.T.);
#1923=EDGE_CURVE('',#1562,#1561,#721,.T.);
#1924=EDGE_CURVE('',#1562,#1475,#722,.T.);
#1925=EDGE_CURVE('',#1563,#1562,#723,.T.);
#1926=EDGE_CURVE('',#1563,#1476,#724,.T.);
#1927=EDGE_CURVE('',#1564,#1563,#725,.T.);
#1928=EDGE_CURVE('',#1564,#1471,#726,.T.);
#1929=EDGE_CURVE('',#1565,#1564,#727,.T.);
#1930=EDGE_CURVE('',#1565,#1472,#728,.T.);
#1931=EDGE_CURVE('',#1566,#1565,#729,.T.);
#1932=EDGE_CURVE('',#1566,#1473,#730,.T.);
#1933=EDGE_CURVE('',#1561,#1566,#731,.T.);
#1934=EDGE_CURVE('',#1567,#1468,#732,.T.);
#1935=EDGE_CURVE('',#1568,#1567,#733,.T.);
#1936=EDGE_CURVE('',#1568,#1469,#734,.T.);
#1937=EDGE_CURVE('',#1569,#1568,#735,.T.);
#1938=EDGE_CURVE('',#1569,#1470,#736,.T.);
#1939=EDGE_CURVE('',#1570,#1569,#737,.T.);
#1940=EDGE_CURVE('',#1570,#1465,#738,.T.);
#1941=EDGE_CURVE('',#1571,#1570,#739,.T.);
#1942=EDGE_CURVE('',#1571,#1466,#740,.T.);
#1943=EDGE_CURVE('',#1572,#1571,#741,.T.);
#1944=EDGE_CURVE('',#1572,#1467,#742,.T.);
#1945=EDGE_CURVE('',#1567,#1572,#743,.T.);
#1946=EDGE_CURVE('',#1573,#1462,#744,.T.);
#1947=EDGE_CURVE('',#1574,#1573,#745,.T.);
#1948=EDGE_CURVE('',#1574,#1463,#746,.T.);
#1949=EDGE_CURVE('',#1575,#1574,#747,.T.);
#1950=EDGE_CURVE('',#1575,#1464,#748,.T.);
#1951=EDGE_CURVE('',#1576,#1575,#749,.T.);
#1952=EDGE_CURVE('',#1576,#1459,#750,.T.);
#1953=EDGE_CURVE('',#1577,#1576,#751,.T.);
#1954=EDGE_CURVE('',#1577,#1460,#752,.T.);
#1955=EDGE_CURVE('',#1578,#1577,#753,.T.);
#1956=EDGE_CURVE('',#1578,#1461,#754,.T.);
#1957=EDGE_CURVE('',#1573,#1578,#755,.T.);
#1958=EDGE_CURVE('',#1579,#1456,#756,.T.);
#1959=EDGE_CURVE('',#1580,#1579,#757,.T.);
#1960=EDGE_CURVE('',#1580,#1457,#758,.T.);
#1961=EDGE_CURVE('',#1581,#1580,#759,.T.);
#1962=EDGE_CURVE('',#1581,#1458,#760,.T.);
#1963=EDGE_CURVE('',#1582,#1581,#761,.T.);
#1964=EDGE_CURVE('',#1582,#1453,#762,.T.);
#1965=EDGE_CURVE('',#1583,#1582,#763,.T.);
#1966=EDGE_CURVE('',#1583,#1454,#764,.T.);
#1967=EDGE_CURVE('',#1584,#1583,#765,.T.);
#1968=EDGE_CURVE('',#1584,#1455,#766,.T.);
#1969=EDGE_CURVE('',#1579,#1584,#767,.T.);
#1970=EDGE_CURVE('',#1585,#1450,#768,.T.);
#1971=EDGE_CURVE('',#1586,#1585,#769,.T.);
#1972=EDGE_CURVE('',#1586,#1451,#770,.T.);
#1973=EDGE_CURVE('',#1587,#1586,#771,.T.);
#1974=EDGE_CURVE('',#1587,#1452,#772,.T.);
#1975=EDGE_CURVE('',#1588,#1587,#773,.T.);
#1976=EDGE_CURVE('',#1588,#1447,#774,.T.);
#1977=EDGE_CURVE('',#1589,#1588,#775,.T.);
#1978=EDGE_CURVE('',#1589,#1448,#776,.T.);
#1979=EDGE_CURVE('',#1590,#1589,#777,.T.);
#1980=EDGE_CURVE('',#1590,#1449,#778,.T.);
#1981=EDGE_CURVE('',#1585,#1590,#779,.T.);
#1982=EDGE_CURVE('',#1591,#1444,#780,.T.);
#1983=EDGE_CURVE('',#1592,#1591,#781,.T.);
#1984=EDGE_CURVE('',#1592,#1445,#782,.T.);
#1985=EDGE_CURVE('',#1593,#1592,#783,.T.);
#1986=EDGE_CURVE('',#1593,#1446,#784,.T.);
#1987=EDGE_CURVE('',#1594,#1593,#785,.T.);
#1988=EDGE_CURVE('',#1594,#1441,#786,.T.);
#1989=EDGE_CURVE('',#1595,#1594,#787,.T.);
#1990=EDGE_CURVE('',#1595,#1442,#788,.T.);
#1991=EDGE_CURVE('',#1596,#1595,#789,.T.);
#1992=EDGE_CURVE('',#1596,#1443,#790,.T.);
#1993=EDGE_CURVE('',#1591,#1596,#791,.T.);
#1994=EDGE_CURVE('',#1597,#1438,#792,.T.);
#1995=EDGE_CURVE('',#1598,#1597,#793,.T.);
#1996=EDGE_CURVE('',#1598,#1439,#794,.T.);
#1997=EDGE_CURVE('',#1599,#1598,#795,.T.);
#1998=EDGE_CURVE('',#1599,#1440,#796,.T.);
#1999=EDGE_CURVE('',#1600,#1599,#797,.T.);
#2000=EDGE_CURVE('',#1600,#1435,#798,.T.);
#2001=EDGE_CURVE('',#1601,#1600,#799,.T.);
#2002=EDGE_CURVE('',#1601,#1436,#800,.T.);
#2003=EDGE_CURVE('',#1602,#1601,#801,.T.);
#2004=EDGE_CURVE('',#1602,#1437,#802,.T.);
#2005=EDGE_CURVE('',#1597,#1602,#803,.T.);
#2006=EDGE_CURVE('',#1603,#1432,#804,.T.);
#2007=EDGE_CURVE('',#1604,#1603,#805,.T.);
#2008=EDGE_CURVE('',#1604,#1433,#806,.T.);
#2009=EDGE_CURVE('',#1605,#1604,#807,.T.);
#2010=EDGE_CURVE('',#1605,#1434,#808,.T.);
#2011=EDGE_CURVE('',#1606,#1605,#809,.T.);
#2012=EDGE_CURVE('',#1606,#1429,#810,.T.);
#2013=EDGE_CURVE('',#1607,#1606,#811,.T.);
#2014=EDGE_CURVE('',#1607,#1430,#812,.T.);
#2015=EDGE_CURVE('',#1608,#1607,#813,.T.);
#2016=EDGE_CURVE('',#1608,#1431,#814,.T.);
#2017=EDGE_CURVE('',#1603,#1608,#815,.T.);
#2018=EDGE_CURVE('',#1609,#1426,#816,.T.);
#2019=EDGE_CURVE('',#1610,#1609,#817,.T.);
#2020=EDGE_CURVE('',#1610,#1427,#818,.T.);
#2021=EDGE_CURVE('',#1611,#1610,#819,.T.);
#2022=EDGE_CURVE('',#1611,#1428,#820,.T.);
#2023=EDGE_CURVE('',#1612,#1611,#821,.T.);
#2024=EDGE_CURVE('',#1612,#1423,#822,.T.);
#2025=EDGE_CURVE('',#1613,#1612,#823,.T.);
#2026=EDGE_CURVE('',#1613,#1424,#824,.T.);
#2027=EDGE_CURVE('',#1614,#1613,#825,.T.);
#2028=EDGE_CURVE('',#1614,#1425,#826,.T.);
#2029=EDGE_CURVE('',#1609,#1614,#827,.T.);
#2030=EDGE_CURVE('',#1615,#1420,#828,.T.);
#2031=EDGE_CURVE('',#1616,#1615,#829,.T.);
#2032=EDGE_CURVE('',#1616,#1421,#830,.T.);
#2033=EDGE_CURVE('',#1617,#1616,#831,.T.);
#2034=EDGE_CURVE('',#1617,#1422,#832,.T.);
#2035=EDGE_CURVE('',#1618,#1617,#833,.T.);
#2036=EDGE_CURVE('',#1618,#1417,#834,.T.);
#2037=EDGE_CURVE('',#1619,#1618,#835,.T.);
#2038=EDGE_CURVE('',#1619,#1418,#836,.T.);
#2039=EDGE_CURVE('',#1620,#1619,#837,.T.);
#2040=EDGE_CURVE('',#1620,#1419,#838,.T.);
#2041=EDGE_CURVE('',#1615,#1620,#839,.T.);
#2042=EDGE_CURVE('',#1621,#1622,#840,.T.);
#2043=EDGE_CURVE('',#1623,#1621,#841,.T.);
#2044=EDGE_CURVE('',#1623,#1624,#842,.T.);
#2045=EDGE_CURVE('',#1622,#1624,#843,.T.);
#2046=EDGE_CURVE('',#1625,#1626,#844,.T.);
#2047=EDGE_CURVE('',#1625,#1627,#845,.T.);
#2048=EDGE_CURVE('',#1627,#1628,#846,.T.);
#2049=EDGE_CURVE('',#1626,#1628,#847,.T.);
#2050=EDGE_CURVE('',#1622,#1625,#848,.T.);
#2051=EDGE_CURVE('',#1624,#1627,#849,.T.);
#2052=EDGE_CURVE('',#1628,#1623,#850,.T.);
#2053=EDGE_CURVE('',#1629,#1630,#851,.T.);
#2054=EDGE_CURVE('',#1631,#1629,#852,.T.);
#2055=EDGE_CURVE('',#1631,#1632,#853,.T.);
#2056=EDGE_CURVE('',#1630,#1632,#854,.T.);
#2057=EDGE_CURVE('',#1633,#1634,#855,.T.);
#2058=EDGE_CURVE('',#1633,#1635,#856,.T.);
#2059=EDGE_CURVE('',#1635,#1636,#857,.T.);
#2060=EDGE_CURVE('',#1634,#1636,#858,.T.);
#2061=EDGE_CURVE('',#1630,#1633,#859,.T.);
#2062=EDGE_CURVE('',#1632,#1635,#860,.T.);
#2063=EDGE_CURVE('',#1636,#1631,#861,.T.);
#2064=EDGE_CURVE('',#1637,#1621,#862,.T.);
#2065=EDGE_CURVE('',#1637,#1638,#863,.T.);
#2066=EDGE_CURVE('',#1638,#1387,#864,.T.);
#2067=EDGE_CURVE('',#1634,#1391,#865,.T.);
#2068=EDGE_CURVE('',#1639,#1629,#866,.T.);
#2069=EDGE_CURVE('',#1639,#1640,#867,.T.);
#2070=EDGE_CURVE('',#1641,#1640,#93,.T.);
#2071=EDGE_CURVE('',#1641,#1642,#94,.F.);
#2072=EDGE_CURVE('',#1643,#1642,#868,.T.);
#2073=EDGE_CURVE('',#1643,#1644,#95,.F.);
#2074=EDGE_CURVE('',#1645,#1644,#869,.T.);
#2075=EDGE_CURVE('',#1645,#1646,#96,.F.);
#2076=EDGE_CURVE('',#1647,#1646,#870,.T.);
#2077=EDGE_CURVE('',#1648,#1647,#97,.T.);
#2078=EDGE_CURVE('',#1649,#1648,#98,.T.);
#2079=EDGE_CURVE('',#1650,#1649,#871,.T.);
#2080=EDGE_CURVE('',#1626,#1650,#872,.T.);
#2081=EDGE_CURVE('',#1651,#1651,#99,.T.);
#2082=EDGE_CURVE('',#1652,#1652,#100,.T.);
#2083=EDGE_CURVE('',#1653,#1653,#101,.T.);
#2084=EDGE_CURVE('',#1654,#1654,#102,.T.);
#2085=EDGE_CURVE('',#1655,#1656,#873,.T.);
#2086=EDGE_CURVE('',#1411,#1656,#874,.T.);
#2087=EDGE_CURVE('',#1410,#1655,#875,.T.);
#2088=EDGE_CURVE('',#1657,#1658,#876,.T.);
#2089=EDGE_CURVE('',#1658,#1395,#877,.T.);
#2090=EDGE_CURVE('',#1657,#1394,#878,.T.);
#2091=EDGE_CURVE('',#1659,#1655,#879,.T.);
#2092=EDGE_CURVE('',#1660,#1659,#880,.T.);
#2093=EDGE_CURVE('',#1656,#1660,#881,.T.);
#2094=EDGE_CURVE('',#1658,#1661,#882,.T.);
#2095=EDGE_CURVE('',#1662,#1657,#883,.T.);
#2096=EDGE_CURVE('',#1661,#1662,#884,.T.);
#2097=EDGE_CURVE('',#1659,#1663,#885,.T.);
#2098=EDGE_CURVE('',#1664,#1409,#886,.T.);
#2099=EDGE_CURVE('',#1663,#1664,#887,.T.);
#2100=EDGE_CURVE('',#1661,#1665,#888,.T.);
#2101=EDGE_CURVE('',#1666,#1665,#889,.T.);
#2102=EDGE_CURVE('',#1396,#1666,#890,.T.);
#2103=EDGE_CURVE('',#1664,#1390,#891,.T.);
#2104=EDGE_CURVE('',#1389,#1667,#892,.T.);
#2105=EDGE_CURVE('',#1667,#1668,#893,.T.);
#2106=EDGE_CURVE('',#1668,#1663,#894,.T.);
#2107=EDGE_CURVE('',#1669,#1670,#895,.T.);
#2108=EDGE_CURVE('',#1670,#1671,#896,.T.);
#2109=EDGE_CURVE('',#1671,#1672,#897,.T.);
#2110=EDGE_CURVE('',#1672,#1669,#898,.T.);
#2111=EDGE_CURVE('',#1665,#1673,#899,.T.);
#2112=EDGE_CURVE('',#1673,#1674,#900,.T.);
#2113=EDGE_CURVE('',#1674,#1675,#901,.T.);
#2114=EDGE_CURVE('',#1675,#1676,#902,.T.);
#2115=EDGE_CURVE('',#1676,#1666,#903,.T.);
#2116=EDGE_CURVE('',#1638,#1386,#904,.T.);
#2117=EDGE_CURVE('',#1639,#1408,#905,.F.);
#2118=EDGE_CURVE('',#1397,#1650,#906,.F.);
#2119=EDGE_CURVE('',#1676,#1637,#907,.T.);
#2120=EDGE_CURVE('',#1668,#1660,#908,.T.);
#2121=EDGE_CURVE('',#1671,#1393,#909,.T.);
#2122=EDGE_CURVE('',#1392,#1672,#910,.T.);
#2123=EDGE_CURVE('',#1675,#1677,#911,.T.);
#2124=EDGE_CURVE('',#1677,#1678,#912,.T.);
#2125=EDGE_CURVE('',#1678,#1669,#913,.T.);
#2126=EDGE_CURVE('',#1679,#1674,#914,.T.);
#2127=EDGE_CURVE('',#1677,#1679,#915,.T.);
#2128=EDGE_CURVE('',#1667,#1412,#916,.T.);
#2129=EDGE_CURVE('',#1680,#1680,#103,.T.);
#2130=EDGE_CURVE('',#1681,#1681,#104,.T.);
#2131=EDGE_CURVE('',#1682,#1682,#105,.T.);
#2132=EDGE_CURVE('',#1683,#1683,#106,.T.);
#2133=EDGE_CURVE('',#1684,#1684,#107,.T.);
#2134=EDGE_CURVE('',#1685,#1685,#108,.T.);
#2135=EDGE_CURVE('',#1686,#1686,#109,.T.);
#2136=EDGE_CURVE('',#1687,#1687,#110,.T.);
#2137=EDGE_CURVE('',#1662,#1673,#917,.T.);
#2138=EDGE_CURVE('',#1670,#1688,#918,.T.);
#2139=EDGE_CURVE('',#1688,#1679,#919,.T.);
#2140=EDGE_CURVE('',#1689,#1689,#111,.T.);
#2141=EDGE_CURVE('',#1690,#1690,#112,.T.);
#2142=EDGE_CURVE('',#1654,#1689,#920,.T.);
#2143=EDGE_CURVE('',#1690,#1683,#921,.T.);
#2144=EDGE_CURVE('',#1691,#1691,#113,.T.);
#2145=EDGE_CURVE('',#1692,#1692,#114,.T.);
#2146=EDGE_CURVE('',#1653,#1691,#922,.T.);
#2147=EDGE_CURVE('',#1692,#1685,#923,.T.);
#2148=EDGE_CURVE('',#1693,#1693,#115,.T.);
#2149=EDGE_CURVE('',#1694,#1694,#116,.T.);
#2150=EDGE_CURVE('',#1652,#1693,#924,.T.);
#2151=EDGE_CURVE('',#1694,#1681,#925,.T.);
#2152=EDGE_CURVE('',#1695,#1695,#117,.T.);
#2153=EDGE_CURVE('',#1696,#1696,#118,.T.);
#2154=EDGE_CURVE('',#1651,#1695,#926,.T.);
#2155=EDGE_CURVE('',#1696,#1687,#927,.T.);
#2156=EDGE_CURVE('',#1680,#1416,#928,.T.);
#2157=EDGE_CURVE('',#1686,#1415,#929,.T.);
#2158=EDGE_CURVE('',#1684,#1414,#930,.T.);
#2159=EDGE_CURVE('',#1682,#1413,#931,.T.);
#2160=EDGE_CURVE('',#1406,#1641,#932,.T.);
#2161=EDGE_CURVE('',#1640,#1407,#933,.T.);
#2162=EDGE_CURVE('',#1405,#1642,#934,.T.);
#2163=EDGE_CURVE('',#1398,#1649,#935,.T.);
#2164=EDGE_CURVE('',#1648,#1399,#936,.T.);
#2165=EDGE_CURVE('',#1647,#1400,#937,.T.);
#2166=EDGE_CURVE('',#1401,#1646,#938,.F.);
#2167=EDGE_CURVE('',#1402,#1645,#939,.T.);
#2168=EDGE_CURVE('',#1403,#1644,#940,.F.);
#2169=EDGE_CURVE('',#1404,#1643,#941,.T.);
#2170=EDGE_CURVE('',#1678,#1688,#942,.T.);
#2171=ORIENTED_EDGE('',*,*,#1697,.F.);
#2172=ORIENTED_EDGE('',*,*,#1698,.F.);
#2173=ORIENTED_EDGE('',*,*,#1699,.F.);
#2174=ORIENTED_EDGE('',*,*,#1700,.F.);
#2175=ORIENTED_EDGE('',*,*,#1699,.T.);
#2176=ORIENTED_EDGE('',*,*,#1701,.F.);
#2177=ORIENTED_EDGE('',*,*,#1702,.T.);
#2178=ORIENTED_EDGE('',*,*,#1703,.F.);
#2179=ORIENTED_EDGE('',*,*,#1704,.T.);
#2180=ORIENTED_EDGE('',*,*,#1701,.T.);
#2181=ORIENTED_EDGE('',*,*,#1698,.T.);
#2182=ORIENTED_EDGE('',*,*,#1705,.T.);
#2183=ORIENTED_EDGE('',*,*,#1706,.F.);
#2184=ORIENTED_EDGE('',*,*,#1707,.F.);
#2185=ORIENTED_EDGE('',*,*,#1708,.F.);
#2186=ORIENTED_EDGE('',*,*,#1709,.F.);
#2187=ORIENTED_EDGE('',*,*,#1697,.T.);
#2188=ORIENTED_EDGE('',*,*,#1710,.F.);
#2189=ORIENTED_EDGE('',*,*,#1711,.F.);
#2190=ORIENTED_EDGE('',*,*,#1712,.F.);
#2191=ORIENTED_EDGE('',*,*,#1713,.T.);
#2192=ORIENTED_EDGE('',*,*,#1714,.T.);
#2193=ORIENTED_EDGE('',*,*,#1715,.F.);
#2194=ORIENTED_EDGE('',*,*,#1716,.F.);
#2195=ORIENTED_EDGE('',*,*,#1717,.F.);
#2196=ORIENTED_EDGE('',*,*,#1718,.F.);
#2197=ORIENTED_EDGE('',*,*,#1719,.F.);
#2198=ORIENTED_EDGE('',*,*,#1720,.F.);
#2199=ORIENTED_EDGE('',*,*,#1721,.F.);
#2200=ORIENTED_EDGE('',*,*,#1722,.F.);
#2201=ORIENTED_EDGE('',*,*,#1723,.F.);
#2202=ORIENTED_EDGE('',*,*,#1724,.F.);
#2203=ORIENTED_EDGE('',*,*,#1725,.F.);
#2204=ORIENTED_EDGE('',*,*,#1726,.F.);
#2205=ORIENTED_EDGE('',*,*,#1727,.F.);
#2206=ORIENTED_EDGE('',*,*,#1728,.F.);
#2207=ORIENTED_EDGE('',*,*,#1729,.T.);
#2208=ORIENTED_EDGE('',*,*,#1730,.F.);
#2209=ORIENTED_EDGE('',*,*,#1731,.F.);
#2210=ORIENTED_EDGE('',*,*,#1705,.F.);
#2211=ORIENTED_EDGE('',*,*,#1732,.F.);
#2212=ORIENTED_EDGE('',*,*,#1733,.F.);
#2213=ORIENTED_EDGE('',*,*,#1734,.F.);
#2214=ORIENTED_EDGE('',*,*,#1735,.F.);
#2215=ORIENTED_EDGE('',*,*,#1736,.T.);
#2216=ORIENTED_EDGE('',*,*,#1737,.T.);
#2217=ORIENTED_EDGE('',*,*,#1738,.T.);
#2218=ORIENTED_EDGE('',*,*,#1739,.T.);
#2219=ORIENTED_EDGE('',*,*,#1740,.T.);
#2220=ORIENTED_EDGE('',*,*,#1741,.T.);
#2221=ORIENTED_EDGE('',*,*,#1742,.T.);
#2222=ORIENTED_EDGE('',*,*,#1743,.T.);
#2223=ORIENTED_EDGE('',*,*,#1744,.T.);
#2224=ORIENTED_EDGE('',*,*,#1745,.T.);
#2225=ORIENTED_EDGE('',*,*,#1746,.T.);
#2226=ORIENTED_EDGE('',*,*,#1747,.T.);
#2227=ORIENTED_EDGE('',*,*,#1748,.T.);
#2228=ORIENTED_EDGE('',*,*,#1749,.T.);
#2229=ORIENTED_EDGE('',*,*,#1750,.T.);
#2230=ORIENTED_EDGE('',*,*,#1751,.T.);
#2231=ORIENTED_EDGE('',*,*,#1752,.T.);
#2232=ORIENTED_EDGE('',*,*,#1753,.T.);
#2233=ORIENTED_EDGE('',*,*,#1754,.T.);
#2234=ORIENTED_EDGE('',*,*,#1755,.T.);
#2235=ORIENTED_EDGE('',*,*,#1756,.T.);
#2236=ORIENTED_EDGE('',*,*,#1757,.T.);
#2237=ORIENTED_EDGE('',*,*,#1758,.T.);
#2238=ORIENTED_EDGE('',*,*,#1759,.T.);
#2239=ORIENTED_EDGE('',*,*,#1760,.T.);
#2240=ORIENTED_EDGE('',*,*,#1761,.T.);
#2241=ORIENTED_EDGE('',*,*,#1762,.T.);
#2242=ORIENTED_EDGE('',*,*,#1763,.T.);
#2243=ORIENTED_EDGE('',*,*,#1764,.T.);
#2244=ORIENTED_EDGE('',*,*,#1765,.T.);
#2245=ORIENTED_EDGE('',*,*,#1766,.T.);
#2246=ORIENTED_EDGE('',*,*,#1767,.T.);
#2247=ORIENTED_EDGE('',*,*,#1768,.T.);
#2248=ORIENTED_EDGE('',*,*,#1769,.T.);
#2249=ORIENTED_EDGE('',*,*,#1770,.T.);
#2250=ORIENTED_EDGE('',*,*,#1771,.T.);
#2251=ORIENTED_EDGE('',*,*,#1772,.T.);
#2252=ORIENTED_EDGE('',*,*,#1773,.T.);
#2253=ORIENTED_EDGE('',*,*,#1774,.T.);
#2254=ORIENTED_EDGE('',*,*,#1775,.T.);
#2255=ORIENTED_EDGE('',*,*,#1776,.T.);
#2256=ORIENTED_EDGE('',*,*,#1777,.T.);
#2257=ORIENTED_EDGE('',*,*,#1778,.T.);
#2258=ORIENTED_EDGE('',*,*,#1779,.T.);
#2259=ORIENTED_EDGE('',*,*,#1780,.T.);
#2260=ORIENTED_EDGE('',*,*,#1781,.T.);
#2261=ORIENTED_EDGE('',*,*,#1782,.T.);
#2262=ORIENTED_EDGE('',*,*,#1783,.T.);
#2263=ORIENTED_EDGE('',*,*,#1784,.T.);
#2264=ORIENTED_EDGE('',*,*,#1785,.T.);
#2265=ORIENTED_EDGE('',*,*,#1786,.T.);
#2266=ORIENTED_EDGE('',*,*,#1787,.T.);
#2267=ORIENTED_EDGE('',*,*,#1788,.T.);
#2268=ORIENTED_EDGE('',*,*,#1789,.T.);
#2269=ORIENTED_EDGE('',*,*,#1790,.T.);
#2270=ORIENTED_EDGE('',*,*,#1791,.T.);
#2271=ORIENTED_EDGE('',*,*,#1792,.T.);
#2272=ORIENTED_EDGE('',*,*,#1793,.T.);
#2273=ORIENTED_EDGE('',*,*,#1794,.T.);
#2274=ORIENTED_EDGE('',*,*,#1795,.T.);
#2275=ORIENTED_EDGE('',*,*,#1796,.T.);
#2276=ORIENTED_EDGE('',*,*,#1797,.T.);
#2277=ORIENTED_EDGE('',*,*,#1798,.T.);
#2278=ORIENTED_EDGE('',*,*,#1799,.T.);
#2279=ORIENTED_EDGE('',*,*,#1800,.T.);
#2280=ORIENTED_EDGE('',*,*,#1801,.T.);
#2281=ORIENTED_EDGE('',*,*,#1802,.T.);
#2282=ORIENTED_EDGE('',*,*,#1803,.T.);
#2283=ORIENTED_EDGE('',*,*,#1804,.T.);
#2284=ORIENTED_EDGE('',*,*,#1805,.T.);
#2285=ORIENTED_EDGE('',*,*,#1806,.T.);
#2286=ORIENTED_EDGE('',*,*,#1807,.T.);
#2287=ORIENTED_EDGE('',*,*,#1808,.T.);
#2288=ORIENTED_EDGE('',*,*,#1809,.T.);
#2289=ORIENTED_EDGE('',*,*,#1810,.T.);
#2290=ORIENTED_EDGE('',*,*,#1811,.T.);
#2291=ORIENTED_EDGE('',*,*,#1812,.T.);
#2292=ORIENTED_EDGE('',*,*,#1813,.T.);
#2293=ORIENTED_EDGE('',*,*,#1814,.T.);
#2294=ORIENTED_EDGE('',*,*,#1815,.T.);
#2295=ORIENTED_EDGE('',*,*,#1816,.T.);
#2296=ORIENTED_EDGE('',*,*,#1817,.T.);
#2297=ORIENTED_EDGE('',*,*,#1818,.T.);
#2298=ORIENTED_EDGE('',*,*,#1819,.T.);
#2299=ORIENTED_EDGE('',*,*,#1820,.T.);
#2300=ORIENTED_EDGE('',*,*,#1821,.T.);
#2301=ORIENTED_EDGE('',*,*,#1822,.T.);
#2302=ORIENTED_EDGE('',*,*,#1823,.T.);
#2303=ORIENTED_EDGE('',*,*,#1824,.T.);
#2304=ORIENTED_EDGE('',*,*,#1825,.T.);
#2305=ORIENTED_EDGE('',*,*,#1826,.T.);
#2306=ORIENTED_EDGE('',*,*,#1827,.T.);
#2307=ORIENTED_EDGE('',*,*,#1828,.T.);
#2308=ORIENTED_EDGE('',*,*,#1829,.T.);
#2309=ORIENTED_EDGE('',*,*,#1830,.T.);
#2310=ORIENTED_EDGE('',*,*,#1831,.T.);
#2311=ORIENTED_EDGE('',*,*,#1832,.T.);
#2312=ORIENTED_EDGE('',*,*,#1833,.T.);
#2313=ORIENTED_EDGE('',*,*,#1834,.T.);
#2314=ORIENTED_EDGE('',*,*,#1835,.T.);
#2315=ORIENTED_EDGE('',*,*,#1836,.T.);
#2316=ORIENTED_EDGE('',*,*,#1837,.T.);
#2317=ORIENTED_EDGE('',*,*,#1835,.F.);
#2318=ORIENTED_EDGE('',*,*,#1838,.F.);
#2319=ORIENTED_EDGE('',*,*,#1839,.F.);
#2320=ORIENTED_EDGE('',*,*,#1840,.T.);
#2321=ORIENTED_EDGE('',*,*,#1836,.F.);
#2322=ORIENTED_EDGE('',*,*,#1840,.F.);
#2323=ORIENTED_EDGE('',*,*,#1841,.F.);
#2324=ORIENTED_EDGE('',*,*,#1842,.T.);
#2325=ORIENTED_EDGE('',*,*,#1837,.F.);
#2326=ORIENTED_EDGE('',*,*,#1842,.F.);
#2327=ORIENTED_EDGE('',*,*,#1843,.F.);
#2328=ORIENTED_EDGE('',*,*,#1844,.T.);
#2329=ORIENTED_EDGE('',*,*,#1832,.F.);
#2330=ORIENTED_EDGE('',*,*,#1844,.F.);
#2331=ORIENTED_EDGE('',*,*,#1845,.F.);
#2332=ORIENTED_EDGE('',*,*,#1846,.T.);
#2333=ORIENTED_EDGE('',*,*,#1833,.F.);
#2334=ORIENTED_EDGE('',*,*,#1846,.F.);
#2335=ORIENTED_EDGE('',*,*,#1847,.F.);
#2336=ORIENTED_EDGE('',*,*,#1848,.T.);
#2337=ORIENTED_EDGE('',*,*,#1834,.F.);
#2338=ORIENTED_EDGE('',*,*,#1848,.F.);
#2339=ORIENTED_EDGE('',*,*,#1849,.F.);
#2340=ORIENTED_EDGE('',*,*,#1838,.T.);
#2341=ORIENTED_EDGE('',*,*,#1829,.F.);
#2342=ORIENTED_EDGE('',*,*,#1850,.F.);
#2343=ORIENTED_EDGE('',*,*,#1851,.F.);
#2344=ORIENTED_EDGE('',*,*,#1852,.T.);
#2345=ORIENTED_EDGE('',*,*,#1830,.F.);
#2346=ORIENTED_EDGE('',*,*,#1852,.F.);
#2347=ORIENTED_EDGE('',*,*,#1853,.F.);
#2348=ORIENTED_EDGE('',*,*,#1854,.T.);
#2349=ORIENTED_EDGE('',*,*,#1831,.F.);
#2350=ORIENTED_EDGE('',*,*,#1854,.F.);
#2351=ORIENTED_EDGE('',*,*,#1855,.F.);
#2352=ORIENTED_EDGE('',*,*,#1856,.T.);
#2353=ORIENTED_EDGE('',*,*,#1826,.F.);
#2354=ORIENTED_EDGE('',*,*,#1856,.F.);
#2355=ORIENTED_EDGE('',*,*,#1857,.F.);
#2356=ORIENTED_EDGE('',*,*,#1858,.T.);
#2357=ORIENTED_EDGE('',*,*,#1827,.F.);
#2358=ORIENTED_EDGE('',*,*,#1858,.F.);
#2359=ORIENTED_EDGE('',*,*,#1859,.F.);
#2360=ORIENTED_EDGE('',*,*,#1860,.T.);
#2361=ORIENTED_EDGE('',*,*,#1828,.F.);
#2362=ORIENTED_EDGE('',*,*,#1860,.F.);
#2363=ORIENTED_EDGE('',*,*,#1861,.F.);
#2364=ORIENTED_EDGE('',*,*,#1850,.T.);
#2365=ORIENTED_EDGE('',*,*,#1823,.F.);
#2366=ORIENTED_EDGE('',*,*,#1862,.F.);
#2367=ORIENTED_EDGE('',*,*,#1863,.F.);
#2368=ORIENTED_EDGE('',*,*,#1864,.T.);
#2369=ORIENTED_EDGE('',*,*,#1824,.F.);
#2370=ORIENTED_EDGE('',*,*,#1864,.F.);
#2371=ORIENTED_EDGE('',*,*,#1865,.F.);
#2372=ORIENTED_EDGE('',*,*,#1866,.T.);
#2373=ORIENTED_EDGE('',*,*,#1825,.F.);
#2374=ORIENTED_EDGE('',*,*,#1866,.F.);
#2375=ORIENTED_EDGE('',*,*,#1867,.F.);
#2376=ORIENTED_EDGE('',*,*,#1868,.T.);
#2377=ORIENTED_EDGE('',*,*,#1820,.F.);
#2378=ORIENTED_EDGE('',*,*,#1868,.F.);
#2379=ORIENTED_EDGE('',*,*,#1869,.F.);
#2380=ORIENTED_EDGE('',*,*,#1870,.T.);
#2381=ORIENTED_EDGE('',*,*,#1821,.F.);
#2382=ORIENTED_EDGE('',*,*,#1870,.F.);
#2383=ORIENTED_EDGE('',*,*,#1871,.F.);
#2384=ORIENTED_EDGE('',*,*,#1872,.T.);
#2385=ORIENTED_EDGE('',*,*,#1822,.F.);
#2386=ORIENTED_EDGE('',*,*,#1872,.F.);
#2387=ORIENTED_EDGE('',*,*,#1873,.F.);
#2388=ORIENTED_EDGE('',*,*,#1862,.T.);
#2389=ORIENTED_EDGE('',*,*,#1817,.F.);
#2390=ORIENTED_EDGE('',*,*,#1874,.F.);
#2391=ORIENTED_EDGE('',*,*,#1875,.F.);
#2392=ORIENTED_EDGE('',*,*,#1876,.T.);
#2393=ORIENTED_EDGE('',*,*,#1818,.F.);
#2394=ORIENTED_EDGE('',*,*,#1876,.F.);
#2395=ORIENTED_EDGE('',*,*,#1877,.F.);
#2396=ORIENTED_EDGE('',*,*,#1878,.T.);
#2397=ORIENTED_EDGE('',*,*,#1819,.F.);
#2398=ORIENTED_EDGE('',*,*,#1878,.F.);
#2399=ORIENTED_EDGE('',*,*,#1879,.F.);
#2400=ORIENTED_EDGE('',*,*,#1880,.T.);
#2401=ORIENTED_EDGE('',*,*,#1814,.F.);
#2402=ORIENTED_EDGE('',*,*,#1880,.F.);
#2403=ORIENTED_EDGE('',*,*,#1881,.F.);
#2404=ORIENTED_EDGE('',*,*,#1882,.T.);
#2405=ORIENTED_EDGE('',*,*,#1815,.F.);
#2406=ORIENTED_EDGE('',*,*,#1882,.F.);
#2407=ORIENTED_EDGE('',*,*,#1883,.F.);
#2408=ORIENTED_EDGE('',*,*,#1884,.T.);
#2409=ORIENTED_EDGE('',*,*,#1816,.F.);
#2410=ORIENTED_EDGE('',*,*,#1884,.F.);
#2411=ORIENTED_EDGE('',*,*,#1885,.F.);
#2412=ORIENTED_EDGE('',*,*,#1874,.T.);
#2413=ORIENTED_EDGE('',*,*,#1811,.F.);
#2414=ORIENTED_EDGE('',*,*,#1886,.F.);
#2415=ORIENTED_EDGE('',*,*,#1887,.F.);
#2416=ORIENTED_EDGE('',*,*,#1888,.T.);
#2417=ORIENTED_EDGE('',*,*,#1812,.F.);
#2418=ORIENTED_EDGE('',*,*,#1888,.F.);
#2419=ORIENTED_EDGE('',*,*,#1889,.F.);
#2420=ORIENTED_EDGE('',*,*,#1890,.T.);
#2421=ORIENTED_EDGE('',*,*,#1813,.F.);
#2422=ORIENTED_EDGE('',*,*,#1890,.F.);
#2423=ORIENTED_EDGE('',*,*,#1891,.F.);
#2424=ORIENTED_EDGE('',*,*,#1892,.T.);
#2425=ORIENTED_EDGE('',*,*,#1808,.F.);
#2426=ORIENTED_EDGE('',*,*,#1892,.F.);
#2427=ORIENTED_EDGE('',*,*,#1893,.F.);
#2428=ORIENTED_EDGE('',*,*,#1894,.T.);
#2429=ORIENTED_EDGE('',*,*,#1809,.F.);
#2430=ORIENTED_EDGE('',*,*,#1894,.F.);
#2431=ORIENTED_EDGE('',*,*,#1895,.F.);
#2432=ORIENTED_EDGE('',*,*,#1896,.T.);
#2433=ORIENTED_EDGE('',*,*,#1810,.F.);
#2434=ORIENTED_EDGE('',*,*,#1896,.F.);
#2435=ORIENTED_EDGE('',*,*,#1897,.F.);
#2436=ORIENTED_EDGE('',*,*,#1886,.T.);
#2437=ORIENTED_EDGE('',*,*,#1805,.F.);
#2438=ORIENTED_EDGE('',*,*,#1898,.F.);
#2439=ORIENTED_EDGE('',*,*,#1899,.F.);
#2440=ORIENTED_EDGE('',*,*,#1900,.T.);
#2441=ORIENTED_EDGE('',*,*,#1806,.F.);
#2442=ORIENTED_EDGE('',*,*,#1900,.F.);
#2443=ORIENTED_EDGE('',*,*,#1901,.F.);
#2444=ORIENTED_EDGE('',*,*,#1902,.T.);
#2445=ORIENTED_EDGE('',*,*,#1807,.F.);
#2446=ORIENTED_EDGE('',*,*,#1902,.F.);
#2447=ORIENTED_EDGE('',*,*,#1903,.F.);
#2448=ORIENTED_EDGE('',*,*,#1904,.T.);
#2449=ORIENTED_EDGE('',*,*,#1802,.F.);
#2450=ORIENTED_EDGE('',*,*,#1904,.F.);
#2451=ORIENTED_EDGE('',*,*,#1905,.F.);
#2452=ORIENTED_EDGE('',*,*,#1906,.T.);
#2453=ORIENTED_EDGE('',*,*,#1803,.F.);
#2454=ORIENTED_EDGE('',*,*,#1906,.F.);
#2455=ORIENTED_EDGE('',*,*,#1907,.F.);
#2456=ORIENTED_EDGE('',*,*,#1908,.T.);
#2457=ORIENTED_EDGE('',*,*,#1804,.F.);
#2458=ORIENTED_EDGE('',*,*,#1908,.F.);
#2459=ORIENTED_EDGE('',*,*,#1909,.F.);
#2460=ORIENTED_EDGE('',*,*,#1898,.T.);
#2461=ORIENTED_EDGE('',*,*,#1799,.F.);
#2462=ORIENTED_EDGE('',*,*,#1910,.F.);
#2463=ORIENTED_EDGE('',*,*,#1911,.F.);
#2464=ORIENTED_EDGE('',*,*,#1912,.T.);
#2465=ORIENTED_EDGE('',*,*,#1800,.F.);
#2466=ORIENTED_EDGE('',*,*,#1912,.F.);
#2467=ORIENTED_EDGE('',*,*,#1913,.F.);
#2468=ORIENTED_EDGE('',*,*,#1914,.T.);
#2469=ORIENTED_EDGE('',*,*,#1801,.F.);
#2470=ORIENTED_EDGE('',*,*,#1914,.F.);
#2471=ORIENTED_EDGE('',*,*,#1915,.F.);
#2472=ORIENTED_EDGE('',*,*,#1916,.T.);
#2473=ORIENTED_EDGE('',*,*,#1796,.F.);
#2474=ORIENTED_EDGE('',*,*,#1916,.F.);
#2475=ORIENTED_EDGE('',*,*,#1917,.F.);
#2476=ORIENTED_EDGE('',*,*,#1918,.T.);
#2477=ORIENTED_EDGE('',*,*,#1797,.F.);
#2478=ORIENTED_EDGE('',*,*,#1918,.F.);
#2479=ORIENTED_EDGE('',*,*,#1919,.F.);
#2480=ORIENTED_EDGE('',*,*,#1920,.T.);
#2481=ORIENTED_EDGE('',*,*,#1798,.F.);
#2482=ORIENTED_EDGE('',*,*,#1920,.F.);
#2483=ORIENTED_EDGE('',*,*,#1921,.F.);
#2484=ORIENTED_EDGE('',*,*,#1910,.T.);
#2485=ORIENTED_EDGE('',*,*,#1793,.F.);
#2486=ORIENTED_EDGE('',*,*,#1922,.F.);
#2487=ORIENTED_EDGE('',*,*,#1923,.F.);
#2488=ORIENTED_EDGE('',*,*,#1924,.T.);
#2489=ORIENTED_EDGE('',*,*,#1794,.F.);
#2490=ORIENTED_EDGE('',*,*,#1924,.F.);
#2491=ORIENTED_EDGE('',*,*,#1925,.F.);
#2492=ORIENTED_EDGE('',*,*,#1926,.T.);
#2493=ORIENTED_EDGE('',*,*,#1795,.F.);
#2494=ORIENTED_EDGE('',*,*,#1926,.F.);
#2495=ORIENTED_EDGE('',*,*,#1927,.F.);
#2496=ORIENTED_EDGE('',*,*,#1928,.T.);
#2497=ORIENTED_EDGE('',*,*,#1790,.F.);
#2498=ORIENTED_EDGE('',*,*,#1928,.F.);
#2499=ORIENTED_EDGE('',*,*,#1929,.F.);
#2500=ORIENTED_EDGE('',*,*,#1930,.T.);
#2501=ORIENTED_EDGE('',*,*,#1791,.F.);
#2502=ORIENTED_EDGE('',*,*,#1930,.F.);
#2503=ORIENTED_EDGE('',*,*,#1931,.F.);
#2504=ORIENTED_EDGE('',*,*,#1932,.T.);
#2505=ORIENTED_EDGE('',*,*,#1792,.F.);
#2506=ORIENTED_EDGE('',*,*,#1932,.F.);
#2507=ORIENTED_EDGE('',*,*,#1933,.F.);
#2508=ORIENTED_EDGE('',*,*,#1922,.T.);
#2509=ORIENTED_EDGE('',*,*,#1787,.F.);
#2510=ORIENTED_EDGE('',*,*,#1934,.F.);
#2511=ORIENTED_EDGE('',*,*,#1935,.F.);
#2512=ORIENTED_EDGE('',*,*,#1936,.T.);
#2513=ORIENTED_EDGE('',*,*,#1788,.F.);
#2514=ORIENTED_EDGE('',*,*,#1936,.F.);
#2515=ORIENTED_EDGE('',*,*,#1937,.F.);
#2516=ORIENTED_EDGE('',*,*,#1938,.T.);
#2517=ORIENTED_EDGE('',*,*,#1789,.F.);
#2518=ORIENTED_EDGE('',*,*,#1938,.F.);
#2519=ORIENTED_EDGE('',*,*,#1939,.F.);
#2520=ORIENTED_EDGE('',*,*,#1940,.T.);
#2521=ORIENTED_EDGE('',*,*,#1784,.F.);
#2522=ORIENTED_EDGE('',*,*,#1940,.F.);
#2523=ORIENTED_EDGE('',*,*,#1941,.F.);
#2524=ORIENTED_EDGE('',*,*,#1942,.T.);
#2525=ORIENTED_EDGE('',*,*,#1785,.F.);
#2526=ORIENTED_EDGE('',*,*,#1942,.F.);
#2527=ORIENTED_EDGE('',*,*,#1943,.F.);
#2528=ORIENTED_EDGE('',*,*,#1944,.T.);
#2529=ORIENTED_EDGE('',*,*,#1786,.F.);
#2530=ORIENTED_EDGE('',*,*,#1944,.F.);
#2531=ORIENTED_EDGE('',*,*,#1945,.F.);
#2532=ORIENTED_EDGE('',*,*,#1934,.T.);
#2533=ORIENTED_EDGE('',*,*,#1781,.F.);
#2534=ORIENTED_EDGE('',*,*,#1946,.F.);
#2535=ORIENTED_EDGE('',*,*,#1947,.F.);
#2536=ORIENTED_EDGE('',*,*,#1948,.T.);
#2537=ORIENTED_EDGE('',*,*,#1782,.F.);
#2538=ORIENTED_EDGE('',*,*,#1948,.F.);
#2539=ORIENTED_EDGE('',*,*,#1949,.F.);
#2540=ORIENTED_EDGE('',*,*,#1950,.T.);
#2541=ORIENTED_EDGE('',*,*,#1783,.F.);
#2542=ORIENTED_EDGE('',*,*,#1950,.F.);
#2543=ORIENTED_EDGE('',*,*,#1951,.F.);
#2544=ORIENTED_EDGE('',*,*,#1952,.T.);
#2545=ORIENTED_EDGE('',*,*,#1778,.F.);
#2546=ORIENTED_EDGE('',*,*,#1952,.F.);
#2547=ORIENTED_EDGE('',*,*,#1953,.F.);
#2548=ORIENTED_EDGE('',*,*,#1954,.T.);
#2549=ORIENTED_EDGE('',*,*,#1779,.F.);
#2550=ORIENTED_EDGE('',*,*,#1954,.F.);
#2551=ORIENTED_EDGE('',*,*,#1955,.F.);
#2552=ORIENTED_EDGE('',*,*,#1956,.T.);
#2553=ORIENTED_EDGE('',*,*,#1780,.F.);
#2554=ORIENTED_EDGE('',*,*,#1956,.F.);
#2555=ORIENTED_EDGE('',*,*,#1957,.F.);
#2556=ORIENTED_EDGE('',*,*,#1946,.T.);
#2557=ORIENTED_EDGE('',*,*,#1775,.F.);
#2558=ORIENTED_EDGE('',*,*,#1958,.F.);
#2559=ORIENTED_EDGE('',*,*,#1959,.F.);
#2560=ORIENTED_EDGE('',*,*,#1960,.T.);
#2561=ORIENTED_EDGE('',*,*,#1776,.F.);
#2562=ORIENTED_EDGE('',*,*,#1960,.F.);
#2563=ORIENTED_EDGE('',*,*,#1961,.F.);
#2564=ORIENTED_EDGE('',*,*,#1962,.T.);
#2565=ORIENTED_EDGE('',*,*,#1777,.F.);
#2566=ORIENTED_EDGE('',*,*,#1962,.F.);
#2567=ORIENTED_EDGE('',*,*,#1963,.F.);
#2568=ORIENTED_EDGE('',*,*,#1964,.T.);
#2569=ORIENTED_EDGE('',*,*,#1772,.F.);
#2570=ORIENTED_EDGE('',*,*,#1964,.F.);
#2571=ORIENTED_EDGE('',*,*,#1965,.F.);
#2572=ORIENTED_EDGE('',*,*,#1966,.T.);
#2573=ORIENTED_EDGE('',*,*,#1773,.F.);
#2574=ORIENTED_EDGE('',*,*,#1966,.F.);
#2575=ORIENTED_EDGE('',*,*,#1967,.F.);
#2576=ORIENTED_EDGE('',*,*,#1968,.T.);
#2577=ORIENTED_EDGE('',*,*,#1774,.F.);
#2578=ORIENTED_EDGE('',*,*,#1968,.F.);
#2579=ORIENTED_EDGE('',*,*,#1969,.F.);
#2580=ORIENTED_EDGE('',*,*,#1958,.T.);
#2581=ORIENTED_EDGE('',*,*,#1769,.F.);
#2582=ORIENTED_EDGE('',*,*,#1970,.F.);
#2583=ORIENTED_EDGE('',*,*,#1971,.F.);
#2584=ORIENTED_EDGE('',*,*,#1972,.T.);
#2585=ORIENTED_EDGE('',*,*,#1770,.F.);
#2586=ORIENTED_EDGE('',*,*,#1972,.F.);
#2587=ORIENTED_EDGE('',*,*,#1973,.F.);
#2588=ORIENTED_EDGE('',*,*,#1974,.T.);
#2589=ORIENTED_EDGE('',*,*,#1771,.F.);
#2590=ORIENTED_EDGE('',*,*,#1974,.F.);
#2591=ORIENTED_EDGE('',*,*,#1975,.F.);
#2592=ORIENTED_EDGE('',*,*,#1976,.T.);
#2593=ORIENTED_EDGE('',*,*,#1766,.F.);
#2594=ORIENTED_EDGE('',*,*,#1976,.F.);
#2595=ORIENTED_EDGE('',*,*,#1977,.F.);
#2596=ORIENTED_EDGE('',*,*,#1978,.T.);
#2597=ORIENTED_EDGE('',*,*,#1767,.F.);
#2598=ORIENTED_EDGE('',*,*,#1978,.F.);
#2599=ORIENTED_EDGE('',*,*,#1979,.F.);
#2600=ORIENTED_EDGE('',*,*,#1980,.T.);
#2601=ORIENTED_EDGE('',*,*,#1768,.F.);
#2602=ORIENTED_EDGE('',*,*,#1980,.F.);
#2603=ORIENTED_EDGE('',*,*,#1981,.F.);
#2604=ORIENTED_EDGE('',*,*,#1970,.T.);
#2605=ORIENTED_EDGE('',*,*,#1763,.F.);
#2606=ORIENTED_EDGE('',*,*,#1982,.F.);
#2607=ORIENTED_EDGE('',*,*,#1983,.F.);
#2608=ORIENTED_EDGE('',*,*,#1984,.T.);
#2609=ORIENTED_EDGE('',*,*,#1764,.F.);
#2610=ORIENTED_EDGE('',*,*,#1984,.F.);
#2611=ORIENTED_EDGE('',*,*,#1985,.F.);
#2612=ORIENTED_EDGE('',*,*,#1986,.T.);
#2613=ORIENTED_EDGE('',*,*,#1765,.F.);
#2614=ORIENTED_EDGE('',*,*,#1986,.F.);
#2615=ORIENTED_EDGE('',*,*,#1987,.F.);
#2616=ORIENTED_EDGE('',*,*,#1988,.T.);
#2617=ORIENTED_EDGE('',*,*,#1760,.F.);
#2618=ORIENTED_EDGE('',*,*,#1988,.F.);
#2619=ORIENTED_EDGE('',*,*,#1989,.F.);
#2620=ORIENTED_EDGE('',*,*,#1990,.T.);
#2621=ORIENTED_EDGE('',*,*,#1761,.F.);
#2622=ORIENTED_EDGE('',*,*,#1990,.F.);
#2623=ORIENTED_EDGE('',*,*,#1991,.F.);
#2624=ORIENTED_EDGE('',*,*,#1992,.T.);
#2625=ORIENTED_EDGE('',*,*,#1762,.F.);
#2626=ORIENTED_EDGE('',*,*,#1992,.F.);
#2627=ORIENTED_EDGE('',*,*,#1993,.F.);
#2628=ORIENTED_EDGE('',*,*,#1982,.T.);
#2629=ORIENTED_EDGE('',*,*,#1757,.F.);
#2630=ORIENTED_EDGE('',*,*,#1994,.F.);
#2631=ORIENTED_EDGE('',*,*,#1995,.F.);
#2632=ORIENTED_EDGE('',*,*,#1996,.T.);
#2633=ORIENTED_EDGE('',*,*,#1758,.F.);
#2634=ORIENTED_EDGE('',*,*,#1996,.F.);
#2635=ORIENTED_EDGE('',*,*,#1997,.F.);
#2636=ORIENTED_EDGE('',*,*,#1998,.T.);
#2637=ORIENTED_EDGE('',*,*,#1759,.F.);
#2638=ORIENTED_EDGE('',*,*,#1998,.F.);
#2639=ORIENTED_EDGE('',*,*,#1999,.F.);
#2640=ORIENTED_EDGE('',*,*,#2000,.T.);
#2641=ORIENTED_EDGE('',*,*,#1754,.F.);
#2642=ORIENTED_EDGE('',*,*,#2000,.F.);
#2643=ORIENTED_EDGE('',*,*,#2001,.F.);
#2644=ORIENTED_EDGE('',*,*,#2002,.T.);
#2645=ORIENTED_EDGE('',*,*,#1755,.F.);
#2646=ORIENTED_EDGE('',*,*,#2002,.F.);
#2647=ORIENTED_EDGE('',*,*,#2003,.F.);
#2648=ORIENTED_EDGE('',*,*,#2004,.T.);
#2649=ORIENTED_EDGE('',*,*,#1756,.F.);
#2650=ORIENTED_EDGE('',*,*,#2004,.F.);
#2651=ORIENTED_EDGE('',*,*,#2005,.F.);
#2652=ORIENTED_EDGE('',*,*,#1994,.T.);
#2653=ORIENTED_EDGE('',*,*,#1751,.F.);
#2654=ORIENTED_EDGE('',*,*,#2006,.F.);
#2655=ORIENTED_EDGE('',*,*,#2007,.F.);
#2656=ORIENTED_EDGE('',*,*,#2008,.T.);
#2657=ORIENTED_EDGE('',*,*,#1752,.F.);
#2658=ORIENTED_EDGE('',*,*,#2008,.F.);
#2659=ORIENTED_EDGE('',*,*,#2009,.F.);
#2660=ORIENTED_EDGE('',*,*,#2010,.T.);
#2661=ORIENTED_EDGE('',*,*,#1753,.F.);
#2662=ORIENTED_EDGE('',*,*,#2010,.F.);
#2663=ORIENTED_EDGE('',*,*,#2011,.F.);
#2664=ORIENTED_EDGE('',*,*,#2012,.T.);
#2665=ORIENTED_EDGE('',*,*,#1748,.F.);
#2666=ORIENTED_EDGE('',*,*,#2012,.F.);
#2667=ORIENTED_EDGE('',*,*,#2013,.F.);
#2668=ORIENTED_EDGE('',*,*,#2014,.T.);
#2669=ORIENTED_EDGE('',*,*,#1749,.F.);
#2670=ORIENTED_EDGE('',*,*,#2014,.F.);
#2671=ORIENTED_EDGE('',*,*,#2015,.F.);
#2672=ORIENTED_EDGE('',*,*,#2016,.T.);
#2673=ORIENTED_EDGE('',*,*,#1750,.F.);
#2674=ORIENTED_EDGE('',*,*,#2016,.F.);
#2675=ORIENTED_EDGE('',*,*,#2017,.F.);
#2676=ORIENTED_EDGE('',*,*,#2006,.T.);
#2677=ORIENTED_EDGE('',*,*,#1745,.F.);
#2678=ORIENTED_EDGE('',*,*,#2018,.F.);
#2679=ORIENTED_EDGE('',*,*,#2019,.F.);
#2680=ORIENTED_EDGE('',*,*,#2020,.T.);
#2681=ORIENTED_EDGE('',*,*,#1746,.F.);
#2682=ORIENTED_EDGE('',*,*,#2020,.F.);
#2683=ORIENTED_EDGE('',*,*,#2021,.F.);
#2684=ORIENTED_EDGE('',*,*,#2022,.T.);
#2685=ORIENTED_EDGE('',*,*,#1747,.F.);
#2686=ORIENTED_EDGE('',*,*,#2022,.F.);
#2687=ORIENTED_EDGE('',*,*,#2023,.F.);
#2688=ORIENTED_EDGE('',*,*,#2024,.T.);
#2689=ORIENTED_EDGE('',*,*,#1742,.F.);
#2690=ORIENTED_EDGE('',*,*,#2024,.F.);
#2691=ORIENTED_EDGE('',*,*,#2025,.F.);
#2692=ORIENTED_EDGE('',*,*,#2026,.T.);
#2693=ORIENTED_EDGE('',*,*,#1743,.F.);
#2694=ORIENTED_EDGE('',*,*,#2026,.F.);
#2695=ORIENTED_EDGE('',*,*,#2027,.F.);
#2696=ORIENTED_EDGE('',*,*,#2028,.T.);
#2697=ORIENTED_EDGE('',*,*,#1744,.F.);
#2698=ORIENTED_EDGE('',*,*,#2028,.F.);
#2699=ORIENTED_EDGE('',*,*,#2029,.F.);
#2700=ORIENTED_EDGE('',*,*,#2018,.T.);
#2701=ORIENTED_EDGE('',*,*,#1739,.F.);
#2702=ORIENTED_EDGE('',*,*,#2030,.F.);
#2703=ORIENTED_EDGE('',*,*,#2031,.F.);
#2704=ORIENTED_EDGE('',*,*,#2032,.T.);
#2705=ORIENTED_EDGE('',*,*,#1740,.F.);
#2706=ORIENTED_EDGE('',*,*,#2032,.F.);
#2707=ORIENTED_EDGE('',*,*,#2033,.F.);
#2708=ORIENTED_EDGE('',*,*,#2034,.T.);
#2709=ORIENTED_EDGE('',*,*,#1741,.F.);
#2710=ORIENTED_EDGE('',*,*,#2034,.F.);
#2711=ORIENTED_EDGE('',*,*,#2035,.F.);
#2712=ORIENTED_EDGE('',*,*,#2036,.T.);
#2713=ORIENTED_EDGE('',*,*,#1736,.F.);
#2714=ORIENTED_EDGE('',*,*,#2036,.F.);
#2715=ORIENTED_EDGE('',*,*,#2037,.F.);
#2716=ORIENTED_EDGE('',*,*,#2038,.T.);
#2717=ORIENTED_EDGE('',*,*,#1737,.F.);
#2718=ORIENTED_EDGE('',*,*,#2038,.F.);
#2719=ORIENTED_EDGE('',*,*,#2039,.F.);
#2720=ORIENTED_EDGE('',*,*,#2040,.T.);
#2721=ORIENTED_EDGE('',*,*,#1738,.F.);
#2722=ORIENTED_EDGE('',*,*,#2040,.F.);
#2723=ORIENTED_EDGE('',*,*,#2041,.F.);
#2724=ORIENTED_EDGE('',*,*,#2030,.T.);
#2725=ORIENTED_EDGE('',*,*,#2042,.F.);
#2726=ORIENTED_EDGE('',*,*,#2043,.F.);
#2727=ORIENTED_EDGE('',*,*,#2044,.T.);
#2728=ORIENTED_EDGE('',*,*,#2045,.F.);
#2729=ORIENTED_EDGE('',*,*,#2046,.F.);
#2730=ORIENTED_EDGE('',*,*,#2047,.T.);
#2731=ORIENTED_EDGE('',*,*,#2048,.T.);
#2732=ORIENTED_EDGE('',*,*,#2049,.F.);
#2733=ORIENTED_EDGE('',*,*,#2050,.F.);
#2734=ORIENTED_EDGE('',*,*,#2045,.T.);
#2735=ORIENTED_EDGE('',*,*,#2051,.T.);
#2736=ORIENTED_EDGE('',*,*,#2047,.F.);
#2737=ORIENTED_EDGE('',*,*,#2051,.F.);
#2738=ORIENTED_EDGE('',*,*,#2044,.F.);
#2739=ORIENTED_EDGE('',*,*,#2052,.F.);
#2740=ORIENTED_EDGE('',*,*,#2048,.F.);
#2741=ORIENTED_EDGE('',*,*,#2053,.F.);
#2742=ORIENTED_EDGE('',*,*,#2054,.F.);
#2743=ORIENTED_EDGE('',*,*,#2055,.T.);
#2744=ORIENTED_EDGE('',*,*,#2056,.F.);
#2745=ORIENTED_EDGE('',*,*,#2057,.F.);
#2746=ORIENTED_EDGE('',*,*,#2058,.T.);
#2747=ORIENTED_EDGE('',*,*,#2059,.T.);
#2748=ORIENTED_EDGE('',*,*,#2060,.F.);
#2749=ORIENTED_EDGE('',*,*,#2061,.F.);
#2750=ORIENTED_EDGE('',*,*,#2056,.T.);
#2751=ORIENTED_EDGE('',*,*,#2062,.T.);
#2752=ORIENTED_EDGE('',*,*,#2058,.F.);
#2753=ORIENTED_EDGE('',*,*,#2062,.F.);
#2754=ORIENTED_EDGE('',*,*,#2055,.F.);
#2755=ORIENTED_EDGE('',*,*,#2063,.F.);
#2756=ORIENTED_EDGE('',*,*,#2059,.F.);
#2757=ORIENTED_EDGE('',*,*,#2049,.T.);
#2758=ORIENTED_EDGE('',*,*,#2052,.T.);
#2759=ORIENTED_EDGE('',*,*,#2043,.T.);
#2760=ORIENTED_EDGE('',*,*,#2064,.F.);
#2761=ORIENTED_EDGE('',*,*,#2065,.T.);
#2762=ORIENTED_EDGE('',*,*,#2066,.T.);
#2763=ORIENTED_EDGE('',*,*,#1709,.T.);
#2764=ORIENTED_EDGE('',*,*,#2067,.F.);
#2765=ORIENTED_EDGE('',*,*,#2060,.T.);
#2766=ORIENTED_EDGE('',*,*,#2063,.T.);
#2767=ORIENTED_EDGE('',*,*,#2054,.T.);
#2768=ORIENTED_EDGE('',*,*,#2068,.F.);
#2769=ORIENTED_EDGE('',*,*,#2069,.T.);
#2770=ORIENTED_EDGE('',*,*,#2070,.F.);
#2771=ORIENTED_EDGE('',*,*,#2071,.T.);
#2772=ORIENTED_EDGE('',*,*,#2072,.F.);
#2773=ORIENTED_EDGE('',*,*,#2073,.T.);
#2774=ORIENTED_EDGE('',*,*,#2074,.F.);
#2775=ORIENTED_EDGE('',*,*,#2075,.T.);
#2776=ORIENTED_EDGE('',*,*,#2076,.F.);
#2777=ORIENTED_EDGE('',*,*,#2077,.F.);
#2778=ORIENTED_EDGE('',*,*,#2078,.F.);
#2779=ORIENTED_EDGE('',*,*,#2079,.F.);
#2780=ORIENTED_EDGE('',*,*,#2080,.F.);
#2781=ORIENTED_EDGE('',*,*,#1845,.T.);
#2782=ORIENTED_EDGE('',*,*,#1843,.T.);
#2783=ORIENTED_EDGE('',*,*,#1841,.T.);
#2784=ORIENTED_EDGE('',*,*,#1839,.T.);
#2785=ORIENTED_EDGE('',*,*,#1849,.T.);
#2786=ORIENTED_EDGE('',*,*,#1847,.T.);
#2787=ORIENTED_EDGE('',*,*,#1857,.T.);
#2788=ORIENTED_EDGE('',*,*,#1855,.T.);
#2789=ORIENTED_EDGE('',*,*,#1853,.T.);
#2790=ORIENTED_EDGE('',*,*,#1851,.T.);
#2791=ORIENTED_EDGE('',*,*,#1861,.T.);
#2792=ORIENTED_EDGE('',*,*,#1859,.T.);
#2793=ORIENTED_EDGE('',*,*,#1869,.T.);
#2794=ORIENTED_EDGE('',*,*,#1867,.T.);
#2795=ORIENTED_EDGE('',*,*,#1865,.T.);
#2796=ORIENTED_EDGE('',*,*,#1863,.T.);
#2797=ORIENTED_EDGE('',*,*,#1873,.T.);
#2798=ORIENTED_EDGE('',*,*,#1871,.T.);
#2799=ORIENTED_EDGE('',*,*,#1881,.T.);
#2800=ORIENTED_EDGE('',*,*,#1879,.T.);
#2801=ORIENTED_EDGE('',*,*,#1877,.T.);
#2802=ORIENTED_EDGE('',*,*,#1875,.T.);
#2803=ORIENTED_EDGE('',*,*,#1885,.T.);
#2804=ORIENTED_EDGE('',*,*,#1883,.T.);
#2805=ORIENTED_EDGE('',*,*,#1893,.T.);
#2806=ORIENTED_EDGE('',*,*,#1891,.T.);
#2807=ORIENTED_EDGE('',*,*,#1889,.T.);
#2808=ORIENTED_EDGE('',*,*,#1887,.T.);
#2809=ORIENTED_EDGE('',*,*,#1897,.T.);
#2810=ORIENTED_EDGE('',*,*,#1895,.T.);
#2811=ORIENTED_EDGE('',*,*,#1905,.T.);
#2812=ORIENTED_EDGE('',*,*,#1903,.T.);
#2813=ORIENTED_EDGE('',*,*,#1901,.T.);
#2814=ORIENTED_EDGE('',*,*,#1899,.T.);
#2815=ORIENTED_EDGE('',*,*,#1909,.T.);
#2816=ORIENTED_EDGE('',*,*,#1907,.T.);
#2817=ORIENTED_EDGE('',*,*,#1917,.T.);
#2818=ORIENTED_EDGE('',*,*,#1915,.T.);
#2819=ORIENTED_EDGE('',*,*,#1913,.T.);
#2820=ORIENTED_EDGE('',*,*,#1911,.T.);
#2821=ORIENTED_EDGE('',*,*,#1921,.T.);
#2822=ORIENTED_EDGE('',*,*,#1919,.T.);
#2823=ORIENTED_EDGE('',*,*,#1929,.T.);
#2824=ORIENTED_EDGE('',*,*,#1927,.T.);
#2825=ORIENTED_EDGE('',*,*,#1925,.T.);
#2826=ORIENTED_EDGE('',*,*,#1923,.T.);
#2827=ORIENTED_EDGE('',*,*,#1933,.T.);
#2828=ORIENTED_EDGE('',*,*,#1931,.T.);
#2829=ORIENTED_EDGE('',*,*,#1941,.T.);
#2830=ORIENTED_EDGE('',*,*,#1939,.T.);
#2831=ORIENTED_EDGE('',*,*,#1937,.T.);
#2832=ORIENTED_EDGE('',*,*,#1935,.T.);
#2833=ORIENTED_EDGE('',*,*,#1945,.T.);
#2834=ORIENTED_EDGE('',*,*,#1943,.T.);
#2835=ORIENTED_EDGE('',*,*,#1953,.T.);
#2836=ORIENTED_EDGE('',*,*,#1951,.T.);
#2837=ORIENTED_EDGE('',*,*,#1949,.T.);
#2838=ORIENTED_EDGE('',*,*,#1947,.T.);
#2839=ORIENTED_EDGE('',*,*,#1957,.T.);
#2840=ORIENTED_EDGE('',*,*,#1955,.T.);
#2841=ORIENTED_EDGE('',*,*,#1965,.T.);
#2842=ORIENTED_EDGE('',*,*,#1963,.T.);
#2843=ORIENTED_EDGE('',*,*,#1961,.T.);
#2844=ORIENTED_EDGE('',*,*,#1959,.T.);
#2845=ORIENTED_EDGE('',*,*,#1969,.T.);
#2846=ORIENTED_EDGE('',*,*,#1967,.T.);
#2847=ORIENTED_EDGE('',*,*,#1977,.T.);
#2848=ORIENTED_EDGE('',*,*,#1975,.T.);
#2849=ORIENTED_EDGE('',*,*,#1973,.T.);
#2850=ORIENTED_EDGE('',*,*,#1971,.T.);
#2851=ORIENTED_EDGE('',*,*,#1981,.T.);
#2852=ORIENTED_EDGE('',*,*,#1979,.T.);
#2853=ORIENTED_EDGE('',*,*,#1989,.T.);
#2854=ORIENTED_EDGE('',*,*,#1987,.T.);
#2855=ORIENTED_EDGE('',*,*,#1985,.T.);
#2856=ORIENTED_EDGE('',*,*,#1983,.T.);
#2857=ORIENTED_EDGE('',*,*,#1993,.T.);
#2858=ORIENTED_EDGE('',*,*,#1991,.T.);
#2859=ORIENTED_EDGE('',*,*,#2001,.T.);
#2860=ORIENTED_EDGE('',*,*,#1999,.T.);
#2861=ORIENTED_EDGE('',*,*,#1997,.T.);
#2862=ORIENTED_EDGE('',*,*,#1995,.T.);
#2863=ORIENTED_EDGE('',*,*,#2005,.T.);
#2864=ORIENTED_EDGE('',*,*,#2003,.T.);
#2865=ORIENTED_EDGE('',*,*,#2013,.T.);
#2866=ORIENTED_EDGE('',*,*,#2011,.T.);
#2867=ORIENTED_EDGE('',*,*,#2009,.T.);
#2868=ORIENTED_EDGE('',*,*,#2007,.T.);
#2869=ORIENTED_EDGE('',*,*,#2017,.T.);
#2870=ORIENTED_EDGE('',*,*,#2015,.T.);
#2871=ORIENTED_EDGE('',*,*,#2025,.T.);
#2872=ORIENTED_EDGE('',*,*,#2023,.T.);
#2873=ORIENTED_EDGE('',*,*,#2021,.T.);
#2874=ORIENTED_EDGE('',*,*,#2019,.T.);
#2875=ORIENTED_EDGE('',*,*,#2029,.T.);
#2876=ORIENTED_EDGE('',*,*,#2027,.T.);
#2877=ORIENTED_EDGE('',*,*,#2037,.T.);
#2878=ORIENTED_EDGE('',*,*,#2035,.T.);
#2879=ORIENTED_EDGE('',*,*,#2033,.T.);
#2880=ORIENTED_EDGE('',*,*,#2031,.T.);
#2881=ORIENTED_EDGE('',*,*,#2041,.T.);
#2882=ORIENTED_EDGE('',*,*,#2039,.T.);
#2883=ORIENTED_EDGE('',*,*,#2081,.T.);
#2884=ORIENTED_EDGE('',*,*,#2082,.T.);
#2885=ORIENTED_EDGE('',*,*,#2083,.T.);
#2886=ORIENTED_EDGE('',*,*,#2084,.T.);
#2887=ORIENTED_EDGE('',*,*,#2085,.T.);
#2888=ORIENTED_EDGE('',*,*,#2086,.F.);
#2889=ORIENTED_EDGE('',*,*,#1729,.F.);
#2890=ORIENTED_EDGE('',*,*,#2087,.T.);
#2891=ORIENTED_EDGE('',*,*,#2088,.T.);
#2892=ORIENTED_EDGE('',*,*,#2089,.T.);
#2893=ORIENTED_EDGE('',*,*,#1713,.F.);
#2894=ORIENTED_EDGE('',*,*,#2090,.F.);
#2895=ORIENTED_EDGE('',*,*,#2091,.F.);
#2896=ORIENTED_EDGE('',*,*,#2092,.F.);
#2897=ORIENTED_EDGE('',*,*,#2093,.F.);
#2898=ORIENTED_EDGE('',*,*,#2085,.F.);
#2899=ORIENTED_EDGE('',*,*,#2094,.F.);
#2900=ORIENTED_EDGE('',*,*,#2088,.F.);
#2901=ORIENTED_EDGE('',*,*,#2095,.F.);
#2902=ORIENTED_EDGE('',*,*,#2096,.F.);
#2903=ORIENTED_EDGE('',*,*,#2097,.F.);
#2904=ORIENTED_EDGE('',*,*,#2091,.T.);
#2905=ORIENTED_EDGE('',*,*,#2087,.F.);
#2906=ORIENTED_EDGE('',*,*,#1728,.T.);
#2907=ORIENTED_EDGE('',*,*,#2098,.F.);
#2908=ORIENTED_EDGE('',*,*,#2099,.F.);
#2909=ORIENTED_EDGE('',*,*,#2094,.T.);
#2910=ORIENTED_EDGE('',*,*,#2100,.T.);
#2911=ORIENTED_EDGE('',*,*,#2101,.F.);
#2912=ORIENTED_EDGE('',*,*,#2102,.F.);
#2913=ORIENTED_EDGE('',*,*,#1714,.F.);
#2914=ORIENTED_EDGE('',*,*,#2089,.F.);
#2915=ORIENTED_EDGE('',*,*,#2099,.T.);
#2916=ORIENTED_EDGE('',*,*,#2103,.T.);
#2917=ORIENTED_EDGE('',*,*,#1707,.T.);
#2918=ORIENTED_EDGE('',*,*,#2104,.T.);
#2919=ORIENTED_EDGE('',*,*,#2105,.T.);
#2920=ORIENTED_EDGE('',*,*,#2106,.T.);
#2921=ORIENTED_EDGE('',*,*,#2107,.T.);
#2922=ORIENTED_EDGE('',*,*,#2108,.T.);
#2923=ORIENTED_EDGE('',*,*,#2109,.T.);
#2924=ORIENTED_EDGE('',*,*,#2110,.T.);
#2925=ORIENTED_EDGE('',*,*,#2101,.T.);
#2926=ORIENTED_EDGE('',*,*,#2111,.T.);
#2927=ORIENTED_EDGE('',*,*,#2112,.T.);
#2928=ORIENTED_EDGE('',*,*,#2113,.T.);
#2929=ORIENTED_EDGE('',*,*,#2114,.T.);
#2930=ORIENTED_EDGE('',*,*,#2115,.T.);
#2931=ORIENTED_EDGE('',*,*,#1704,.F.);
#2932=ORIENTED_EDGE('',*,*,#2066,.F.);
#2933=ORIENTED_EDGE('',*,*,#2116,.T.);
#2934=ORIENTED_EDGE('',*,*,#1702,.F.);
#2935=ORIENTED_EDGE('',*,*,#2057,.T.);
#2936=ORIENTED_EDGE('',*,*,#2067,.T.);
#2937=ORIENTED_EDGE('',*,*,#1708,.T.);
#2938=ORIENTED_EDGE('',*,*,#2103,.F.);
#2939=ORIENTED_EDGE('',*,*,#2098,.T.);
#2940=ORIENTED_EDGE('',*,*,#1727,.T.);
#2941=ORIENTED_EDGE('',*,*,#2117,.F.);
#2942=ORIENTED_EDGE('',*,*,#2068,.T.);
#2943=ORIENTED_EDGE('',*,*,#2053,.T.);
#2944=ORIENTED_EDGE('',*,*,#2061,.T.);
#2945=ORIENTED_EDGE('',*,*,#2046,.T.);
#2946=ORIENTED_EDGE('',*,*,#2080,.T.);
#2947=ORIENTED_EDGE('',*,*,#2118,.F.);
#2948=ORIENTED_EDGE('',*,*,#1715,.T.);
#2949=ORIENTED_EDGE('',*,*,#2102,.T.);
#2950=ORIENTED_EDGE('',*,*,#2115,.F.);
#2951=ORIENTED_EDGE('',*,*,#2119,.T.);
#2952=ORIENTED_EDGE('',*,*,#2064,.T.);
#2953=ORIENTED_EDGE('',*,*,#2042,.T.);
#2954=ORIENTED_EDGE('',*,*,#2050,.T.);
#2955=ORIENTED_EDGE('',*,*,#2097,.T.);
#2956=ORIENTED_EDGE('',*,*,#2106,.F.);
#2957=ORIENTED_EDGE('',*,*,#2120,.T.);
#2958=ORIENTED_EDGE('',*,*,#2092,.T.);
#2959=ORIENTED_EDGE('',*,*,#2121,.T.);
#2960=ORIENTED_EDGE('',*,*,#1711,.T.);
#2961=ORIENTED_EDGE('',*,*,#2122,.T.);
#2962=ORIENTED_EDGE('',*,*,#2109,.F.);
#2963=ORIENTED_EDGE('',*,*,#2116,.F.);
#2964=ORIENTED_EDGE('',*,*,#2065,.F.);
#2965=ORIENTED_EDGE('',*,*,#2119,.F.);
#2966=ORIENTED_EDGE('',*,*,#2114,.F.);
#2967=ORIENTED_EDGE('',*,*,#2123,.T.);
#2968=ORIENTED_EDGE('',*,*,#2124,.T.);
#2969=ORIENTED_EDGE('',*,*,#2125,.T.);
#2970=ORIENTED_EDGE('',*,*,#2110,.F.);
#2971=ORIENTED_EDGE('',*,*,#2122,.F.);
#2972=ORIENTED_EDGE('',*,*,#1710,.T.);
#2973=ORIENTED_EDGE('',*,*,#1700,.T.);
#2974=ORIENTED_EDGE('',*,*,#1703,.T.);
#2975=ORIENTED_EDGE('',*,*,#2126,.F.);
#2976=ORIENTED_EDGE('',*,*,#2127,.F.);
#2977=ORIENTED_EDGE('',*,*,#2123,.F.);
#2978=ORIENTED_EDGE('',*,*,#2113,.F.);
#2979=ORIENTED_EDGE('',*,*,#2093,.T.);
#2980=ORIENTED_EDGE('',*,*,#2120,.F.);
#2981=ORIENTED_EDGE('',*,*,#2105,.F.);
#2982=ORIENTED_EDGE('',*,*,#2128,.T.);
#2983=ORIENTED_EDGE('',*,*,#1730,.T.);
#2984=ORIENTED_EDGE('',*,*,#2086,.T.);
#2985=ORIENTED_EDGE('',*,*,#1706,.T.);
#2986=ORIENTED_EDGE('',*,*,#1731,.T.);
#2987=ORIENTED_EDGE('',*,*,#2128,.F.);
#2988=ORIENTED_EDGE('',*,*,#2104,.F.);
#2989=ORIENTED_EDGE('',*,*,#2129,.F.);
#2990=ORIENTED_EDGE('',*,*,#2130,.F.);
#2991=ORIENTED_EDGE('',*,*,#2131,.F.);
#2992=ORIENTED_EDGE('',*,*,#2132,.F.);
#2993=ORIENTED_EDGE('',*,*,#2133,.F.);
#2994=ORIENTED_EDGE('',*,*,#2134,.F.);
#2995=ORIENTED_EDGE('',*,*,#2135,.F.);
#2996=ORIENTED_EDGE('',*,*,#2136,.F.);
#2997=ORIENTED_EDGE('',*,*,#2100,.F.);
#2998=ORIENTED_EDGE('',*,*,#2096,.T.);
#2999=ORIENTED_EDGE('',*,*,#2137,.T.);
#3000=ORIENTED_EDGE('',*,*,#2111,.F.);
#3001=ORIENTED_EDGE('',*,*,#2090,.T.);
#3002=ORIENTED_EDGE('',*,*,#1712,.T.);
#3003=ORIENTED_EDGE('',*,*,#2121,.F.);
#3004=ORIENTED_EDGE('',*,*,#2108,.F.);
#3005=ORIENTED_EDGE('',*,*,#2138,.T.);
#3006=ORIENTED_EDGE('',*,*,#2139,.T.);
#3007=ORIENTED_EDGE('',*,*,#2126,.T.);
#3008=ORIENTED_EDGE('',*,*,#2112,.F.);
#3009=ORIENTED_EDGE('',*,*,#2137,.F.);
#3010=ORIENTED_EDGE('',*,*,#2095,.T.);
#3011=ORIENTED_EDGE('',*,*,#2140,.F.);
#3012=ORIENTED_EDGE('',*,*,#2141,.T.);
#3013=ORIENTED_EDGE('',*,*,#2084,.F.);
#3014=ORIENTED_EDGE('',*,*,#2142,.T.);
#3015=ORIENTED_EDGE('',*,*,#2140,.T.);
#3016=ORIENTED_EDGE('',*,*,#2142,.F.);
#3017=ORIENTED_EDGE('',*,*,#2141,.F.);
#3018=ORIENTED_EDGE('',*,*,#2143,.T.);
#3019=ORIENTED_EDGE('',*,*,#2132,.T.);
#3020=ORIENTED_EDGE('',*,*,#2143,.F.);
#3021=ORIENTED_EDGE('',*,*,#2144,.F.);
#3022=ORIENTED_EDGE('',*,*,#2145,.T.);
#3023=ORIENTED_EDGE('',*,*,#2083,.F.);
#3024=ORIENTED_EDGE('',*,*,#2146,.T.);
#3025=ORIENTED_EDGE('',*,*,#2144,.T.);
#3026=ORIENTED_EDGE('',*,*,#2146,.F.);
#3027=ORIENTED_EDGE('',*,*,#2145,.F.);
#3028=ORIENTED_EDGE('',*,*,#2147,.T.);
#3029=ORIENTED_EDGE('',*,*,#2134,.T.);
#3030=ORIENTED_EDGE('',*,*,#2147,.F.);
#3031=ORIENTED_EDGE('',*,*,#2148,.F.);
#3032=ORIENTED_EDGE('',*,*,#2149,.T.);
#3033=ORIENTED_EDGE('',*,*,#2082,.F.);
#3034=ORIENTED_EDGE('',*,*,#2150,.T.);
#3035=ORIENTED_EDGE('',*,*,#2148,.T.);
#3036=ORIENTED_EDGE('',*,*,#2150,.F.);
#3037=ORIENTED_EDGE('',*,*,#2149,.F.);
#3038=ORIENTED_EDGE('',*,*,#2151,.T.);
#3039=ORIENTED_EDGE('',*,*,#2130,.T.);
#3040=ORIENTED_EDGE('',*,*,#2151,.F.);
#3041=ORIENTED_EDGE('',*,*,#2152,.F.);
#3042=ORIENTED_EDGE('',*,*,#2153,.T.);
#3043=ORIENTED_EDGE('',*,*,#2081,.F.);
#3044=ORIENTED_EDGE('',*,*,#2154,.T.);
#3045=ORIENTED_EDGE('',*,*,#2152,.T.);
#3046=ORIENTED_EDGE('',*,*,#2154,.F.);
#3047=ORIENTED_EDGE('',*,*,#2153,.F.);
#3048=ORIENTED_EDGE('',*,*,#2155,.T.);
#3049=ORIENTED_EDGE('',*,*,#2136,.T.);
#3050=ORIENTED_EDGE('',*,*,#2155,.F.);
#3051=ORIENTED_EDGE('',*,*,#2129,.T.);
#3052=ORIENTED_EDGE('',*,*,#2156,.T.);
#3053=ORIENTED_EDGE('',*,*,#1735,.T.);
#3054=ORIENTED_EDGE('',*,*,#2156,.F.);
#3055=ORIENTED_EDGE('',*,*,#2135,.T.);
#3056=ORIENTED_EDGE('',*,*,#2157,.T.);
#3057=ORIENTED_EDGE('',*,*,#1734,.T.);
#3058=ORIENTED_EDGE('',*,*,#2157,.F.);
#3059=ORIENTED_EDGE('',*,*,#2133,.T.);
#3060=ORIENTED_EDGE('',*,*,#2158,.T.);
#3061=ORIENTED_EDGE('',*,*,#1733,.T.);
#3062=ORIENTED_EDGE('',*,*,#2158,.F.);
#3063=ORIENTED_EDGE('',*,*,#2131,.T.);
#3064=ORIENTED_EDGE('',*,*,#2159,.T.);
#3065=ORIENTED_EDGE('',*,*,#1732,.T.);
#3066=ORIENTED_EDGE('',*,*,#2159,.F.);
#3067=ORIENTED_EDGE('',*,*,#1725,.T.);
#3068=ORIENTED_EDGE('',*,*,#2160,.T.);
#3069=ORIENTED_EDGE('',*,*,#2070,.T.);
#3070=ORIENTED_EDGE('',*,*,#2161,.T.);
#3071=ORIENTED_EDGE('',*,*,#1726,.T.);
#3072=ORIENTED_EDGE('',*,*,#2161,.F.);
#3073=ORIENTED_EDGE('',*,*,#2069,.F.);
#3074=ORIENTED_EDGE('',*,*,#2117,.T.);
#3075=ORIENTED_EDGE('',*,*,#1724,.T.);
#3076=ORIENTED_EDGE('',*,*,#2162,.T.);
#3077=ORIENTED_EDGE('',*,*,#2071,.F.);
#3078=ORIENTED_EDGE('',*,*,#2160,.F.);
#3079=ORIENTED_EDGE('',*,*,#1717,.T.);
#3080=ORIENTED_EDGE('',*,*,#2163,.T.);
#3081=ORIENTED_EDGE('',*,*,#2078,.T.);
#3082=ORIENTED_EDGE('',*,*,#2164,.T.);
#3083=ORIENTED_EDGE('',*,*,#1716,.T.);
#3084=ORIENTED_EDGE('',*,*,#2118,.T.);
#3085=ORIENTED_EDGE('',*,*,#2079,.T.);
#3086=ORIENTED_EDGE('',*,*,#2163,.F.);
#3087=ORIENTED_EDGE('',*,*,#1718,.T.);
#3088=ORIENTED_EDGE('',*,*,#2164,.F.);
#3089=ORIENTED_EDGE('',*,*,#2077,.T.);
#3090=ORIENTED_EDGE('',*,*,#2165,.T.);
#3091=ORIENTED_EDGE('',*,*,#1719,.T.);
#3092=ORIENTED_EDGE('',*,*,#2165,.F.);
#3093=ORIENTED_EDGE('',*,*,#2076,.T.);
#3094=ORIENTED_EDGE('',*,*,#2166,.F.);
#3095=ORIENTED_EDGE('',*,*,#1721,.T.);
#3096=ORIENTED_EDGE('',*,*,#2167,.T.);
#3097=ORIENTED_EDGE('',*,*,#2074,.T.);
#3098=ORIENTED_EDGE('',*,*,#2168,.F.);
#3099=ORIENTED_EDGE('',*,*,#1723,.T.);
#3100=ORIENTED_EDGE('',*,*,#2169,.T.);
#3101=ORIENTED_EDGE('',*,*,#2072,.T.);
#3102=ORIENTED_EDGE('',*,*,#2162,.F.);
#3103=ORIENTED_EDGE('',*,*,#1720,.T.);
#3104=ORIENTED_EDGE('',*,*,#2166,.T.);
#3105=ORIENTED_EDGE('',*,*,#2075,.F.);
#3106=ORIENTED_EDGE('',*,*,#2167,.F.);
#3107=ORIENTED_EDGE('',*,*,#1722,.T.);
#3108=ORIENTED_EDGE('',*,*,#2168,.T.);
#3109=ORIENTED_EDGE('',*,*,#2073,.F.);
#3110=ORIENTED_EDGE('',*,*,#2169,.F.);
#3111=ORIENTED_EDGE('',*,*,#2125,.F.);
#3112=ORIENTED_EDGE('',*,*,#2170,.T.);
#3113=ORIENTED_EDGE('',*,*,#2138,.F.);
#3114=ORIENTED_EDGE('',*,*,#2107,.F.);
#3115=ORIENTED_EDGE('',*,*,#2124,.F.);
#3116=ORIENTED_EDGE('',*,*,#2127,.T.);
#3117=ORIENTED_EDGE('',*,*,#2139,.F.);
#3118=ORIENTED_EDGE('',*,*,#2170,.F.);
#3119=PLANE('',#3451);
#3120=PLANE('',#3452);
#3121=PLANE('',#3453);
#3122=PLANE('',#3454);
#3123=PLANE('',#3465);
#3124=PLANE('',#3466);
#3125=PLANE('',#3467);
#3126=PLANE('',#3468);
#3127=PLANE('',#3469);
#3128=PLANE('',#3470);
#3129=PLANE('',#3471);
#3130=PLANE('',#3472);
#3131=PLANE('',#3473);
#3132=PLANE('',#3474);
#3133=PLANE('',#3475);
#3134=PLANE('',#3476);
#3135=PLANE('',#3477);
#3136=PLANE('',#3478);
#3137=PLANE('',#3479);
#3138=PLANE('',#3480);
#3139=PLANE('',#3481);
#3140=PLANE('',#3482);
#3141=PLANE('',#3483);
#3142=PLANE('',#3484);
#3143=PLANE('',#3485);
#3144=PLANE('',#3486);
#3145=PLANE('',#3487);
#3146=PLANE('',#3488);
#3147=PLANE('',#3489);
#3148=PLANE('',#3490);
#3149=PLANE('',#3491);
#3150=PLANE('',#3492);
#3151=PLANE('',#3493);
#3152=PLANE('',#3494);
#3153=PLANE('',#3495);
#3154=PLANE('',#3496);
#3155=PLANE('',#3497);
#3156=PLANE('',#3498);
#3157=PLANE('',#3499);
#3158=PLANE('',#3500);
#3159=PLANE('',#3501);
#3160=PLANE('',#3502);
#3161=PLANE('',#3503);
#3162=PLANE('',#3504);
#3163=PLANE('',#3505);
#3164=PLANE('',#3506);
#3165=PLANE('',#3507);
#3166=PLANE('',#3508);
#3167=PLANE('',#3509);
#3168=PLANE('',#3510);
#3169=PLANE('',#3511);
#3170=PLANE('',#3512);
#3171=PLANE('',#3513);
#3172=PLANE('',#3514);
#3173=PLANE('',#3515);
#3174=PLANE('',#3516);
#3175=PLANE('',#3517);
#3176=PLANE('',#3518);
#3177=PLANE('',#3519);
#3178=PLANE('',#3520);
#3179=PLANE('',#3521);
#3180=PLANE('',#3522);
#3181=PLANE('',#3523);
#3182=PLANE('',#3524);
#3183=PLANE('',#3525);
#3184=PLANE('',#3526);
#3185=PLANE('',#3527);
#3186=PLANE('',#3528);
#3187=PLANE('',#3529);
#3188=PLANE('',#3530);
#3189=PLANE('',#3531);
#3190=PLANE('',#3532);
#3191=PLANE('',#3533);
#3192=PLANE('',#3534);
#3193=PLANE('',#3535);
#3194=PLANE('',#3536);
#3195=PLANE('',#3537);
#3196=PLANE('',#3538);
#3197=PLANE('',#3539);
#3198=PLANE('',#3540);
#3199=PLANE('',#3541);
#3200=PLANE('',#3542);
#3201=PLANE('',#3543);
#3202=PLANE('',#3544);
#3203=PLANE('',#3545);
#3204=PLANE('',#3546);
#3205=PLANE('',#3547);
#3206=PLANE('',#3548);
#3207=PLANE('',#3549);
#3208=PLANE('',#3550);
#3209=PLANE('',#3551);
#3210=PLANE('',#3552);
#3211=PLANE('',#3553);
#3212=PLANE('',#3554);
#3213=PLANE('',#3555);
#3214=PLANE('',#3556);
#3215=PLANE('',#3557);
#3216=PLANE('',#3558);
#3217=PLANE('',#3559);
#3218=PLANE('',#3560);
#3219=PLANE('',#3561);
#3220=PLANE('',#3562);
#3221=PLANE('',#3563);
#3222=PLANE('',#3564);
#3223=PLANE('',#3565);
#3224=PLANE('',#3566);
#3225=PLANE('',#3567);
#3226=PLANE('',#3568);
#3227=PLANE('',#3569);
#3228=PLANE('',#3570);
#3229=PLANE('',#3571);
#3230=PLANE('',#3572);
#3231=PLANE('',#3573);
#3232=PLANE('',#3574);
#3233=PLANE('',#3575);
#3234=PLANE('',#3586);
#3235=PLANE('',#3587);
#3236=PLANE('',#3588);
#3237=PLANE('',#3589);
#3238=PLANE('',#3590);
#3239=PLANE('',#3591);
#3240=PLANE('',#3592);
#3241=PLANE('',#3593);
#3242=PLANE('',#3594);
#3243=PLANE('',#3595);
#3244=PLANE('',#3596);
#3245=PLANE('',#3597);
#3246=PLANE('',#3598);
#3247=PLANE('',#3599);
#3248=PLANE('',#3600);
#3249=PLANE('',#3601);
#3250=PLANE('',#3602);
#3251=PLANE('',#3603);
#3252=PLANE('',#3604);
#3253=PLANE('',#3607);
#3254=PLANE('',#3610);
#3255=PLANE('',#3613);
#3256=PLANE('',#3616);
#3257=PLANE('',#3617);
#3258=PLANE('',#3618);
#3259=PLANE('',#3623);
#3260=PLANE('',#3628);
#3261=PLANE('',#3633);
#3262=PLANE('',#3643);
#3263=PLANE('',#3646);
#3264=PLANE('',#3648);
#3265=PLANE('',#3649);
#3266=PLANE('',#3650);
#3267=PLANE('',#3653);
#3268=PLANE('',#3654);
#3269=ADVANCED_FACE('',(#119),#3119,.T.);
#3270=ADVANCED_FACE('',(#120),#3120,.T.);
#3271=ADVANCED_FACE('',(#121),#3121,.F.);
#3272=ADVANCED_FACE('',(#122,#33,#34,#35,#36,#37,#38,#39,#40,#41,#42,#43,
#44,#45,#46,#47,#48,#49,#50,#51,#52,#53),#3122,.F.);
#3273=ADVANCED_FACE('',(#123),#3123,.F.);
#3274=ADVANCED_FACE('',(#124),#3124,.F.);
#3275=ADVANCED_FACE('',(#125),#3125,.F.);
#3276=ADVANCED_FACE('',(#126),#3126,.F.);
#3277=ADVANCED_FACE('',(#127),#3127,.F.);
#3278=ADVANCED_FACE('',(#128),#3128,.F.);
#3279=ADVANCED_FACE('',(#129),#3129,.F.);
#3280=ADVANCED_FACE('',(#130),#3130,.F.);
#3281=ADVANCED_FACE('',(#131),#3131,.F.);
#3282=ADVANCED_FACE('',(#132),#3132,.F.);
#3283=ADVANCED_FACE('',(#133),#3133,.F.);
#3284=ADVANCED_FACE('',(#134),#3134,.F.);
#3285=ADVANCED_FACE('',(#135),#3135,.F.);
#3286=ADVANCED_FACE('',(#136),#3136,.F.);
#3287=ADVANCED_FACE('',(#137),#3137,.F.);
#3288=ADVANCED_FACE('',(#138),#3138,.F.);
#3289=ADVANCED_FACE('',(#139),#3139,.F.);
#3290=ADVANCED_FACE('',(#140),#3140,.F.);
#3291=ADVANCED_FACE('',(#141),#3141,.F.);
#3292=ADVANCED_FACE('',(#142),#3142,.F.);
#3293=ADVANCED_FACE('',(#143),#3143,.F.);
#3294=ADVANCED_FACE('',(#144),#3144,.F.);
#3295=ADVANCED_FACE('',(#145),#3145,.F.);
#3296=ADVANCED_FACE('',(#146),#3146,.F.);
#3297=ADVANCED_FACE('',(#147),#3147,.F.);
#3298=ADVANCED_FACE('',(#148),#3148,.F.);
#3299=ADVANCED_FACE('',(#149),#3149,.F.);
#3300=ADVANCED_FACE('',(#150),#3150,.F.);
#3301=ADVANCED_FACE('',(#151),#3151,.F.);
#3302=ADVANCED_FACE('',(#152),#3152,.F.);
#3303=ADVANCED_FACE('',(#153),#3153,.F.);
#3304=ADVANCED_FACE('',(#154),#3154,.F.);
#3305=ADVANCED_FACE('',(#155),#3155,.F.);
#3306=ADVANCED_FACE('',(#156),#3156,.F.);
#3307=ADVANCED_FACE('',(#157),#3157,.F.);
#3308=ADVANCED_FACE('',(#158),#3158,.F.);
#3309=ADVANCED_FACE('',(#159),#3159,.F.);
#3310=ADVANCED_FACE('',(#160),#3160,.F.);
#3311=ADVANCED_FACE('',(#161),#3161,.F.);
#3312=ADVANCED_FACE('',(#162),#3162,.F.);
#3313=ADVANCED_FACE('',(#163),#3163,.F.);
#3314=ADVANCED_FACE('',(#164),#3164,.F.);
#3315=ADVANCED_FACE('',(#165),#3165,.F.);
#3316=ADVANCED_FACE('',(#166),#3166,.F.);
#3317=ADVANCED_FACE('',(#167),#3167,.F.);
#3318=ADVANCED_FACE('',(#168),#3168,.F.);
#3319=ADVANCED_FACE('',(#169),#3169,.F.);
#3320=ADVANCED_FACE('',(#170),#3170,.F.);
#3321=ADVANCED_FACE('',(#171),#3171,.F.);
#3322=ADVANCED_FACE('',(#172),#3172,.F.);
#3323=ADVANCED_FACE('',(#173),#3173,.F.);
#3324=ADVANCED_FACE('',(#174),#3174,.F.);
#3325=ADVANCED_FACE('',(#175),#3175,.F.);
#3326=ADVANCED_FACE('',(#176),#3176,.F.);
#3327=ADVANCED_FACE('',(#177),#3177,.F.);
#3328=ADVANCED_FACE('',(#178),#3178,.F.);
#3329=ADVANCED_FACE('',(#179),#3179,.F.);
#3330=ADVANCED_FACE('',(#180),#3180,.F.);
#3331=ADVANCED_FACE('',(#181),#3181,.F.);
#3332=ADVANCED_FACE('',(#182),#3182,.F.);
#3333=ADVANCED_FACE('',(#183),#3183,.F.);
#3334=ADVANCED_FACE('',(#184),#3184,.F.);
#3335=ADVANCED_FACE('',(#185),#3185,.F.);
#3336=ADVANCED_FACE('',(#186),#3186,.F.);
#3337=ADVANCED_FACE('',(#187),#3187,.F.);
#3338=ADVANCED_FACE('',(#188),#3188,.F.);
#3339=ADVANCED_FACE('',(#189),#3189,.F.);
#3340=ADVANCED_FACE('',(#190),#3190,.F.);
#3341=ADVANCED_FACE('',(#191),#3191,.F.);
#3342=ADVANCED_FACE('',(#192),#3192,.F.);
#3343=ADVANCED_FACE('',(#193),#3193,.F.);
#3344=ADVANCED_FACE('',(#194),#3194,.F.);
#3345=ADVANCED_FACE('',(#195),#3195,.F.);
#3346=ADVANCED_FACE('',(#196),#3196,.F.);
#3347=ADVANCED_FACE('',(#197),#3197,.F.);
#3348=ADVANCED_FACE('',(#198),#3198,.F.);
#3349=ADVANCED_FACE('',(#199),#3199,.F.);
#3350=ADVANCED_FACE('',(#200),#3200,.F.);
#3351=ADVANCED_FACE('',(#201),#3201,.F.);
#3352=ADVANCED_FACE('',(#202),#3202,.F.);
#3353=ADVANCED_FACE('',(#203),#3203,.F.);
#3354=ADVANCED_FACE('',(#204),#3204,.F.);
#3355=ADVANCED_FACE('',(#205),#3205,.F.);
#3356=ADVANCED_FACE('',(#206),#3206,.F.);
#3357=ADVANCED_FACE('',(#207),#3207,.F.);
#3358=ADVANCED_FACE('',(#208),#3208,.F.);
#3359=ADVANCED_FACE('',(#209),#3209,.F.);
#3360=ADVANCED_FACE('',(#210),#3210,.F.);
#3361=ADVANCED_FACE('',(#211),#3211,.F.);
#3362=ADVANCED_FACE('',(#212),#3212,.F.);
#3363=ADVANCED_FACE('',(#213),#3213,.F.);
#3364=ADVANCED_FACE('',(#214),#3214,.F.);
#3365=ADVANCED_FACE('',(#215),#3215,.F.);
#3366=ADVANCED_FACE('',(#216),#3216,.F.);
#3367=ADVANCED_FACE('',(#217),#3217,.F.);
#3368=ADVANCED_FACE('',(#218),#3218,.F.);
#3369=ADVANCED_FACE('',(#219),#3219,.F.);
#3370=ADVANCED_FACE('',(#220),#3220,.F.);
#3371=ADVANCED_FACE('',(#221),#3221,.F.);
#3372=ADVANCED_FACE('',(#222),#3222,.F.);
#3373=ADVANCED_FACE('',(#223),#3223,.F.);
#3374=ADVANCED_FACE('',(#224),#3224,.F.);
#3375=ADVANCED_FACE('',(#225),#3225,.F.);
#3376=ADVANCED_FACE('',(#226),#3226,.F.);
#3377=ADVANCED_FACE('',(#227),#3227,.F.);
#3378=ADVANCED_FACE('',(#228),#3228,.F.);
#3379=ADVANCED_FACE('',(#229),#3229,.F.);
#3380=ADVANCED_FACE('',(#230),#3230,.F.);
#3381=ADVANCED_FACE('',(#231),#3231,.F.);
#3382=ADVANCED_FACE('',(#232),#3232,.F.);
#3383=ADVANCED_FACE('',(#233,#54,#55,#56,#57,#58,#59,#60,#61,#62,#63,#64,
#65,#66,#67,#68,#69,#70,#71,#72,#73,#74),#3233,.T.);
#3384=ADVANCED_FACE('',(#234),#3234,.T.);
#3385=ADVANCED_FACE('',(#235),#3235,.T.);
#3386=ADVANCED_FACE('',(#236),#3236,.F.);
#3387=ADVANCED_FACE('',(#237),#3237,.F.);
#3388=ADVANCED_FACE('',(#238),#3238,.F.);
#3389=ADVANCED_FACE('',(#239),#3239,.F.);
#3390=ADVANCED_FACE('',(#240),#3240,.T.);
#3391=ADVANCED_FACE('',(#241),#3241,.T.);
#3392=ADVANCED_FACE('',(#242),#3242,.T.);
#3393=ADVANCED_FACE('',(#243),#3243,.F.);
#3394=ADVANCED_FACE('',(#244),#3244,.T.);
#3395=ADVANCED_FACE('',(#245),#3245,.T.);
#3396=ADVANCED_FACE('',(#246),#3246,.F.);
#3397=ADVANCED_FACE('',(#247),#3247,.F.);
#3398=ADVANCED_FACE('',(#248),#3248,.F.);
#3399=ADVANCED_FACE('',(#249),#3249,.F.);
#3400=ADVANCED_FACE('',(#250),#3250,.T.);
#3401=ADVANCED_FACE('',(#251),#3251,.F.);
#3402=ADVANCED_FACE('',(#252,#75),#3252,.F.);
#3403=ADVANCED_FACE('',(#253,#76),#3253,.F.);
#3404=ADVANCED_FACE('',(#254,#77),#3254,.F.);
#3405=ADVANCED_FACE('',(#255,#78),#3255,.F.);
#3406=ADVANCED_FACE('',(#256),#3256,.F.);
#3407=ADVANCED_FACE('',(#257),#3257,.T.);
#3408=ADVANCED_FACE('',(#258,#79),#3258,.F.);
#3409=ADVANCED_FACE('',(#259),#15,.F.);
#3410=ADVANCED_FACE('',(#260),#16,.F.);
#3411=ADVANCED_FACE('',(#261,#80),#3259,.F.);
#3412=ADVANCED_FACE('',(#262),#17,.F.);
#3413=ADVANCED_FACE('',(#263),#18,.F.);
#3414=ADVANCED_FACE('',(#264,#81),#3260,.F.);
#3415=ADVANCED_FACE('',(#265),#19,.F.);
#3416=ADVANCED_FACE('',(#266),#20,.F.);
#3417=ADVANCED_FACE('',(#267,#82),#3261,.F.);
#3418=ADVANCED_FACE('',(#268),#21,.F.);
#3419=ADVANCED_FACE('',(#269),#22,.F.);
#3420=ADVANCED_FACE('',(#270),#23,.T.);
#3421=ADVANCED_FACE('',(#271),#24,.T.);
#3422=ADVANCED_FACE('',(#272),#25,.T.);
#3423=ADVANCED_FACE('',(#273),#26,.T.);
#3424=ADVANCED_FACE('',(#274),#27,.T.);
#3425=ADVANCED_FACE('',(#275),#3262,.T.);
#3426=ADVANCED_FACE('',(#276),#28,.F.);
#3427=ADVANCED_FACE('',(#277),#29,.T.);
#3428=ADVANCED_FACE('',(#278),#3263,.T.);
#3429=ADVANCED_FACE('',(#279),#30,.F.);
#3430=ADVANCED_FACE('',(#280),#3264,.T.);
#3431=ADVANCED_FACE('',(#281),#3265,.T.);
#3432=ADVANCED_FACE('',(#282),#3266,.T.);
#3433=ADVANCED_FACE('',(#283),#31,.T.);
#3434=ADVANCED_FACE('',(#284),#32,.T.);
#3435=ADVANCED_FACE('',(#285),#3267,.F.);
#3436=ADVANCED_FACE('',(#286),#3268,.F.);
#3437=CLOSED_SHELL('',(#3269,#3270,#3271,#3272,#3273,#3274,#3275,#3276,
#3277,#3278,#3279,#3280,#3281,#3282,#3283,#3284,#3285,#3286,#3287,#3288,
#3289,#3290,#3291,#3292,#3293,#3294,#3295,#3296,#3297,#3298,#3299,#3300,
#3301,#3302,#3303,#3304,#3305,#3306,#3307,#3308,#3309,#3310,#3311,#3312,
#3313,#3314,#3315,#3316,#3317,#3318,#3319,#3320,#3321,#3322,#3323,#3324,
#3325,#3326,#3327,#3328,#3329,#3330,#3331,#3332,#3333,#3334,#3335,#3336,
#3337,#3338,#3339,#3340,#3341,#3342,#3343,#3344,#3345,#3346,#3347,#3348,
#3349,#3350,#3351,#3352,#3353,#3354,#3355,#3356,#3357,#3358,#3359,#3360,
#3361,#3362,#3363,#3364,#3365,#3366,#3367,#3368,#3369,#3370,#3371,#3372,
#3373,#3374,#3375,#3376,#3377,#3378,#3379,#3380,#3381,#3382,#3383,#3384,
#3385,#3386,#3387,#3388,#3389,#3390,#3391,#3392,#3393,#3394,#3395,#3396,
#3397,#3398,#3399,#3400,#3401,#3402,#3403,#3404,#3405,#3406,#3407,#3408,
#3409,#3410,#3411,#3412,#3413,#3414,#3415,#3416,#3417,#3418,#3419,#3420,
#3421,#3422,#3423,#3424,#3425,#3426,#3427,#3428,#3429,#3430,#3431,#3432,
#3433,#3434,#3435,#3436));
#3438=DERIVED_UNIT_ELEMENT(#3440,1.);
#3439=DERIVED_UNIT_ELEMENT(#5467,-3.);
#3440=(
MASS_UNIT()
NAMED_UNIT(*)
SI_UNIT(.KILO.,.GRAM.)
);
#3441=DERIVED_UNIT((#3438,#3439));
#3442=MEASURE_REPRESENTATION_ITEM('density measure',
POSITIVE_RATIO_MEASURE(7850.),#3441);
#3443=PROPERTY_DEFINITION_REPRESENTATION(#3448,#3445);
#3444=PROPERTY_DEFINITION_REPRESENTATION(#3449,#3446);
#3445=REPRESENTATION('material name',(#3447),#5464);
#3446=REPRESENTATION('density',(#3442),#5464);
#3447=DESCRIPTIVE_REPRESENTATION_ITEM('Steel','Steel');
#3448=PROPERTY_DEFINITION('material property','material name',#5474);
#3449=PROPERTY_DEFINITION('material property','density of part',#5474);
#3450=AXIS2_PLACEMENT_3D('',#4503,#3655,#3656);
#3451=AXIS2_PLACEMENT_3D('',#4504,#3657,#3658);
#3452=AXIS2_PLACEMENT_3D('',#4513,#3663,#3664);
#3453=AXIS2_PLACEMENT_3D('',#4519,#3668,#3669);
#3454=AXIS2_PLACEMENT_3D('',#4531,#3676,#3677);
#3455=AXIS2_PLACEMENT_3D('',#4547,#3685,#3686);
#3456=AXIS2_PLACEMENT_3D('',#4549,#3687,#3688);
#3457=AXIS2_PLACEMENT_3D('',#4553,#3690,#3691);
#3458=AXIS2_PLACEMENT_3D('',#4557,#3693,#3694);
#3459=AXIS2_PLACEMENT_3D('',#4561,#3696,#3697);
#3460=AXIS2_PLACEMENT_3D('',#4563,#3698,#3699);
#3461=AXIS2_PLACEMENT_3D('',#4576,#3706,#3707);
#3462=AXIS2_PLACEMENT_3D('',#4578,#3708,#3709);
#3463=AXIS2_PLACEMENT_3D('',#4580,#3710,#3711);
#3464=AXIS2_PLACEMENT_3D('',#4582,#3712,#3713);
#3465=AXIS2_PLACEMENT_3D('',#4787,#3816,#3817);
#3466=AXIS2_PLACEMENT_3D('',#4793,#3821,#3822);
#3467=AXIS2_PLACEMENT_3D('',#4797,#3825,#3826);
#3468=AXIS2_PLACEMENT_3D('',#4801,#3829,#3830);
#3469=AXIS2_PLACEMENT_3D('',#4805,#3833,#3834);
#3470=AXIS2_PLACEMENT_3D('',#4809,#3837,#3838);
#3471=AXIS2_PLACEMENT_3D('',#4811,#3840,#3841);
#3472=AXIS2_PLACEMENT_3D('',#4817,#3845,#3846);
#3473=AXIS2_PLACEMENT_3D('',#4821,#3849,#3850);
#3474=AXIS2_PLACEMENT_3D('',#4825,#3853,#3854);
#3475=AXIS2_PLACEMENT_3D('',#4829,#3857,#3858);
#3476=AXIS2_PLACEMENT_3D('',#4833,#3861,#3862);
#3477=AXIS2_PLACEMENT_3D('',#4835,#3864,#3865);
#3478=AXIS2_PLACEMENT_3D('',#4841,#3869,#3870);
#3479=AXIS2_PLACEMENT_3D('',#4845,#3873,#3874);
#3480=AXIS2_PLACEMENT_3D('',#4849,#3877,#3878);
#3481=AXIS2_PLACEMENT_3D('',#4853,#3881,#3882);
#3482=AXIS2_PLACEMENT_3D('',#4857,#3885,#3886);
#3483=AXIS2_PLACEMENT_3D('',#4859,#3888,#3889);
#3484=AXIS2_PLACEMENT_3D('',#4865,#3893,#3894);
#3485=AXIS2_PLACEMENT_3D('',#4869,#3897,#3898);
#3486=AXIS2_PLACEMENT_3D('',#4873,#3901,#3902);
#3487=AXIS2_PLACEMENT_3D('',#4877,#3905,#3906);
#3488=AXIS2_PLACEMENT_3D('',#4881,#3909,#3910);
#3489=AXIS2_PLACEMENT_3D('',#4883,#3912,#3913);
#3490=AXIS2_PLACEMENT_3D('',#4889,#3917,#3918);
#3491=AXIS2_PLACEMENT_3D('',#4893,#3921,#3922);
#3492=AXIS2_PLACEMENT_3D('',#4897,#3925,#3926);
#3493=AXIS2_PLACEMENT_3D('',#4901,#3929,#3930);
#3494=AXIS2_PLACEMENT_3D('',#4905,#3933,#3934);
#3495=AXIS2_PLACEMENT_3D('',#4907,#3936,#3937);
#3496=AXIS2_PLACEMENT_3D('',#4913,#3941,#3942);
#3497=AXIS2_PLACEMENT_3D('',#4917,#3945,#3946);
#3498=AXIS2_PLACEMENT_3D('',#4921,#3949,#3950);
#3499=AXIS2_PLACEMENT_3D('',#4925,#3953,#3954);
#3500=AXIS2_PLACEMENT_3D('',#4929,#3957,#3958);
#3501=AXIS2_PLACEMENT_3D('',#4931,#3960,#3961);
#3502=AXIS2_PLACEMENT_3D('',#4937,#3965,#3966);
#3503=AXIS2_PLACEMENT_3D('',#4941,#3969,#3970);
#3504=AXIS2_PLACEMENT_3D('',#4945,#3973,#3974);
#3505=AXIS2_PLACEMENT_3D('',#4949,#3977,#3978);
#3506=AXIS2_PLACEMENT_3D('',#4953,#3981,#3982);
#3507=AXIS2_PLACEMENT_3D('',#4955,#3984,#3985);
#3508=AXIS2_PLACEMENT_3D('',#4961,#3989,#3990);
#3509=AXIS2_PLACEMENT_3D('',#4965,#3993,#3994);
#3510=AXIS2_PLACEMENT_3D('',#4969,#3997,#3998);
#3511=AXIS2_PLACEMENT_3D('',#4973,#4001,#4002);
#3512=AXIS2_PLACEMENT_3D('',#4977,#4005,#4006);
#3513=AXIS2_PLACEMENT_3D('',#4979,#4008,#4009);
#3514=AXIS2_PLACEMENT_3D('',#4985,#4013,#4014);
#3515=AXIS2_PLACEMENT_3D('',#4989,#4017,#4018);
#3516=AXIS2_PLACEMENT_3D('',#4993,#4021,#4022);
#3517=AXIS2_PLACEMENT_3D('',#4997,#4025,#4026);
#3518=AXIS2_PLACEMENT_3D('',#5001,#4029,#4030);
#3519=AXIS2_PLACEMENT_3D('',#5003,#4032,#4033);
#3520=AXIS2_PLACEMENT_3D('',#5009,#4037,#4038);
#3521=AXIS2_PLACEMENT_3D('',#5013,#4041,#4042);
#3522=AXIS2_PLACEMENT_3D('',#5017,#4045,#4046);
#3523=AXIS2_PLACEMENT_3D('',#5021,#4049,#4050);
#3524=AXIS2_PLACEMENT_3D('',#5025,#4053,#4054);
#3525=AXIS2_PLACEMENT_3D('',#5027,#4056,#4057);
#3526=AXIS2_PLACEMENT_3D('',#5033,#4061,#4062);
#3527=AXIS2_PLACEMENT_3D('',#5037,#4065,#4066);
#3528=AXIS2_PLACEMENT_3D('',#5041,#4069,#4070);
#3529=AXIS2_PLACEMENT_3D('',#5045,#4073,#4074);
#3530=AXIS2_PLACEMENT_3D('',#5049,#4077,#4078);
#3531=AXIS2_PLACEMENT_3D('',#5051,#4080,#4081);
#3532=AXIS2_PLACEMENT_3D('',#5057,#4085,#4086);
#3533=AXIS2_PLACEMENT_3D('',#5061,#4089,#4090);
#3534=AXIS2_PLACEMENT_3D('',#5065,#4093,#4094);
#3535=AXIS2_PLACEMENT_3D('',#5069,#4097,#4098);
#3536=AXIS2_PLACEMENT_3D('',#5073,#4101,#4102);
#3537=AXIS2_PLACEMENT_3D('',#5075,#4104,#4105);
#3538=AXIS2_PLACEMENT_3D('',#5081,#4109,#4110);
#3539=AXIS2_PLACEMENT_3D('',#5085,#4113,#4114);
#3540=AXIS2_PLACEMENT_3D('',#5089,#4117,#4118);
#3541=AXIS2_PLACEMENT_3D('',#5093,#4121,#4122);
#3542=AXIS2_PLACEMENT_3D('',#5097,#4125,#4126);
#3543=AXIS2_PLACEMENT_3D('',#5099,#4128,#4129);
#3544=AXIS2_PLACEMENT_3D('',#5105,#4133,#4134);
#3545=AXIS2_PLACEMENT_3D('',#5109,#4137,#4138);
#3546=AXIS2_PLACEMENT_3D('',#5113,#4141,#4142);
#3547=AXIS2_PLACEMENT_3D('',#5117,#4145,#4146);
#3548=AXIS2_PLACEMENT_3D('',#5121,#4149,#4150);
#3549=AXIS2_PLACEMENT_3D('',#5123,#4152,#4153);
#3550=AXIS2_PLACEMENT_3D('',#5129,#4157,#4158);
#3551=AXIS2_PLACEMENT_3D('',#5133,#4161,#4162);
#3552=AXIS2_PLACEMENT_3D('',#5137,#4165,#4166);
#3553=AXIS2_PLACEMENT_3D('',#5141,#4169,#4170);
#3554=AXIS2_PLACEMENT_3D('',#5145,#4173,#4174);
#3555=AXIS2_PLACEMENT_3D('',#5147,#4176,#4177);
#3556=AXIS2_PLACEMENT_3D('',#5153,#4181,#4182);
#3557=AXIS2_PLACEMENT_3D('',#5157,#4185,#4186);
#3558=AXIS2_PLACEMENT_3D('',#5161,#4189,#4190);
#3559=AXIS2_PLACEMENT_3D('',#5165,#4193,#4194);
#3560=AXIS2_PLACEMENT_3D('',#5169,#4197,#4198);
#3561=AXIS2_PLACEMENT_3D('',#5171,#4200,#4201);
#3562=AXIS2_PLACEMENT_3D('',#5177,#4205,#4206);
#3563=AXIS2_PLACEMENT_3D('',#5181,#4209,#4210);
#3564=AXIS2_PLACEMENT_3D('',#5185,#4213,#4214);
#3565=AXIS2_PLACEMENT_3D('',#5189,#4217,#4218);
#3566=AXIS2_PLACEMENT_3D('',#5193,#4221,#4222);
#3567=AXIS2_PLACEMENT_3D('',#5195,#4224,#4225);
#3568=AXIS2_PLACEMENT_3D('',#5204,#4230,#4231);
#3569=AXIS2_PLACEMENT_3D('',#5213,#4236,#4237);
#3570=AXIS2_PLACEMENT_3D('',#5216,#4240,#4241);
#3571=AXIS2_PLACEMENT_3D('',#5218,#4243,#4244);
#3572=AXIS2_PLACEMENT_3D('',#5227,#4249,#4250);
#3573=AXIS2_PLACEMENT_3D('',#5236,#4255,#4256);
#3574=AXIS2_PLACEMENT_3D('',#5239,#4259,#4260);
#3575=AXIS2_PLACEMENT_3D('',#5241,#4262,#4263);
#3576=AXIS2_PLACEMENT_3D('',#5253,#4270,#4271);
#3577=AXIS2_PLACEMENT_3D('',#5255,#4272,#4273);
#3578=AXIS2_PLACEMENT_3D('',#5259,#4275,#4276);
#3579=AXIS2_PLACEMENT_3D('',#5263,#4278,#4279);
#3580=AXIS2_PLACEMENT_3D('',#5267,#4281,#4282);
#3581=AXIS2_PLACEMENT_3D('',#5269,#4283,#4284);
#3582=AXIS2_PLACEMENT_3D('',#5274,#4287,#4288);
#3583=AXIS2_PLACEMENT_3D('',#5276,#4289,#4290);
#3584=AXIS2_PLACEMENT_3D('',#5278,#4291,#4292);
#3585=AXIS2_PLACEMENT_3D('',#5280,#4293,#4294);
#3586=AXIS2_PLACEMENT_3D('',#5281,#4295,#4296);
#3587=AXIS2_PLACEMENT_3D('',#5287,#4300,#4301);
#3588=AXIS2_PLACEMENT_3D('',#5293,#4305,#4306);
#3589=AXIS2_PLACEMENT_3D('',#5299,#4310,#4311);
#3590=AXIS2_PLACEMENT_3D('',#5305,#4315,#4316);
#3591=AXIS2_PLACEMENT_3D('',#5311,#4320,#4321);
#3592=AXIS2_PLACEMENT_3D('',#5317,#4325,#4326);
#3593=AXIS2_PLACEMENT_3D('',#5324,#4331,#4332);
#3594=AXIS2_PLACEMENT_3D('',#5333,#4337,#4338);
#3595=AXIS2_PLACEMENT_3D('',#5343,#4344,#4345);
#3596=AXIS2_PLACEMENT_3D('',#5345,#4347,#4348);
#3597=AXIS2_PLACEMENT_3D('',#5347,#4350,#4351);
#3598=AXIS2_PLACEMENT_3D('',#5350,#4354,#4355);
#3599=AXIS2_PLACEMENT_3D('',#5352,#4357,#4358);
#3600=AXIS2_PLACEMENT_3D('',#5355,#4361,#4362);
#3601=AXIS2_PLACEMENT_3D('',#5361,#4366,#4367);
#3602=AXIS2_PLACEMENT_3D('',#5365,#4370,#4371);
#3603=AXIS2_PLACEMENT_3D('',#5367,#4373,#4374);
#3604=AXIS2_PLACEMENT_3D('',#5368,#4375,#4376);
#3605=AXIS2_PLACEMENT_3D('',#5370,#4377,#4378);
#3606=AXIS2_PLACEMENT_3D('',#5372,#4379,#4380);
#3607=AXIS2_PLACEMENT_3D('',#5373,#4381,#4382);
#3608=AXIS2_PLACEMENT_3D('',#5375,#4383,#4384);
#3609=AXIS2_PLACEMENT_3D('',#5377,#4385,#4386);
#3610=AXIS2_PLACEMENT_3D('',#5378,#4387,#4388);
#3611=AXIS2_PLACEMENT_3D('',#5380,#4389,#4390);
#3612=AXIS2_PLACEMENT_3D('',#5382,#4391,#4392);
#3613=AXIS2_PLACEMENT_3D('',#5383,#4393,#4394);
#3614=AXIS2_PLACEMENT_3D('',#5385,#4395,#4396);
#3615=AXIS2_PLACEMENT_3D('',#5387,#4397,#4398);
#3616=AXIS2_PLACEMENT_3D('',#5388,#4399,#4400);
#3617=AXIS2_PLACEMENT_3D('',#5390,#4402,#4403);
#3618=AXIS2_PLACEMENT_3D('',#5394,#4406,#4407);
#3619=AXIS2_PLACEMENT_3D('',#5396,#4408,#4409);
#3620=AXIS2_PLACEMENT_3D('',#5398,#4410,#4411);
#3621=AXIS2_PLACEMENT_3D('',#5399,#4412,#4413);
#3622=AXIS2_PLACEMENT_3D('',#5401,#4415,#4416);
#3623=AXIS2_PLACEMENT_3D('',#5403,#4418,#4419);
#3624=AXIS2_PLACEMENT_3D('',#5405,#4420,#4421);
#3625=AXIS2_PLACEMENT_3D('',#5407,#4422,#4423);
#3626=AXIS2_PLACEMENT_3D('',#5408,#4424,#4425);
#3627=AXIS2_PLACEMENT_3D('',#5410,#4427,#4428);
#3628=AXIS2_PLACEMENT_3D('',#5412,#4430,#4431);
#3629=AXIS2_PLACEMENT_3D('',#5414,#4432,#4433);
#3630=AXIS2_PLACEMENT_3D('',#5416,#4434,#4435);
#3631=AXIS2_PLACEMENT_3D('',#5417,#4436,#4437);
#3632=AXIS2_PLACEMENT_3D('',#5419,#4439,#4440);
#3633=AXIS2_PLACEMENT_3D('',#5421,#4442,#4443);
#3634=AXIS2_PLACEMENT_3D('',#5423,#4444,#4445);
#3635=AXIS2_PLACEMENT_3D('',#5425,#4446,#4447);
#3636=AXIS2_PLACEMENT_3D('',#5426,#4448,#4449);
#3637=AXIS2_PLACEMENT_3D('',#5428,#4451,#4452);
#3638=AXIS2_PLACEMENT_3D('',#5430,#4454,#4455);
#3639=AXIS2_PLACEMENT_3D('',#5432,#4457,#4458);
#3640=AXIS2_PLACEMENT_3D('',#5434,#4460,#4461);
#3641=AXIS2_PLACEMENT_3D('',#5436,#4463,#4464);
#3642=AXIS2_PLACEMENT_3D('',#5438,#4466,#4467);
#3643=AXIS2_PLACEMENT_3D('',#5441,#4470,#4471);
#3644=AXIS2_PLACEMENT_3D('',#5442,#4472,#4473);
#3645=AXIS2_PLACEMENT_3D('',#5444,#4475,#4476);
#3646=AXIS2_PLACEMENT_3D('',#5447,#4479,#4480);
#3647=AXIS2_PLACEMENT_3D('',#5448,#4481,#4482);
#3648=AXIS2_PLACEMENT_3D('',#5450,#4484,#4485);
#3649=AXIS2_PLACEMENT_3D('',#5452,#4487,#4488);
#3650=AXIS2_PLACEMENT_3D('',#5455,#4491,#4492);
#3651=AXIS2_PLACEMENT_3D('',#5457,#4494,#4495);
#3652=AXIS2_PLACEMENT_3D('',#5458,#4496,#4497);
#3653=AXIS2_PLACEMENT_3D('',#5459,#4498,#4499);
#3654=AXIS2_PLACEMENT_3D('',#5461,#4501,#4502);
#3655=DIRECTION('axis',(0.,0.,1.));
#3656=DIRECTION('refdir',(1.,0.,0.));
#3657=DIRECTION('center_axis',(0.,-1.,0.));
#3658=DIRECTION('ref_axis',(-1.,0.,0.));
#3659=DIRECTION('',(1.,0.,0.));
#3660=DIRECTION('',(0.,0.,1.));
#3661=DIRECTION('',(-1.,0.,0.));
#3662=DIRECTION('',(0.,0.,-1.));
#3663=DIRECTION('center_axis',(0.,0.,-1.));
#3664=DIRECTION('ref_axis',(-1.,0.,0.));
#3665=DIRECTION('',(0.,-1.,0.));
#3666=DIRECTION('',(1.,0.,0.));
#3667=DIRECTION('',(0.,1.,0.));
#3668=DIRECTION('center_axis',(-1.,0.,0.));
#3669=DIRECTION('ref_axis',(0.,0.,1.));
#3670=DIRECTION('',(0.,0.,-1.));
#3671=DIRECTION('',(0.,-1.,0.));
#3672=DIRECTION('',(0.,0.,1.));
#3673=DIRECTION('',(0.,-1.,0.));
#3674=DIRECTION('',(0.,0.,-1.));
#3675=DIRECTION('',(0.,1.,0.));
#3676=DIRECTION('center_axis',(0.,0.,1.));
#3677=DIRECTION('ref_axis',(1.,0.,0.));
#3678=DIRECTION('',(0.,1.,0.));
#3679=DIRECTION('',(-1.,0.,0.));
#3680=DIRECTION('',(0.,-1.,0.));
#3681=DIRECTION('',(1.,0.,0.));
#3682=DIRECTION('',(0.,1.,0.));
#3683=DIRECTION('',(-1.,0.,0.));
#3684=DIRECTION('',(0.,1.,0.));
#3685=DIRECTION('center_axis',(0.,0.,1.));
#3686=DIRECTION('ref_axis',(0.948683297265154,-0.316227768372919,0.));
#3687=DIRECTION('center_axis',(0.,0.,-1.));
#3688=DIRECTION('ref_axis',(-0.599999994039536,0.800000004470348,0.));
#3689=DIRECTION('',(0.,1.,0.));
#3690=DIRECTION('center_axis',(0.,0.,1.));
#3691=DIRECTION('ref_axis',(-1.33226762955019E-15,-1.,0.));
#3692=DIRECTION('',(1.,0.,0.));
#3693=DIRECTION('center_axis',(0.,0.,1.));
#3694=DIRECTION('ref_axis',(-1.,0.,0.));
#3695=DIRECTION('',(-2.22044604925031E-15,-1.,0.));
#3696=DIRECTION('center_axis',(0.,0.,-1.));
#3697=DIRECTION('ref_axis',(0.599999994039536,0.800000004470348,0.));
#3698=DIRECTION('center_axis',(0.,0.,1.));
#3699=DIRECTION('ref_axis',(-0.948683297265154,-0.316227768372919,0.));
#3700=DIRECTION('',(0.,-1.,0.));
#3701=DIRECTION('',(-1.,0.,0.));
#3702=DIRECTION('',(0.,1.,0.));
#3703=DIRECTION('',(1.,0.,0.));
#3704=DIRECTION('',(0.,1.,0.));
#3705=DIRECTION('',(-1.,0.,0.));
#3706=DIRECTION('center_axis',(0.,0.,-1.));
#3707=DIRECTION('ref_axis',(-1.,0.,0.));
#3708=DIRECTION('center_axis',(0.,0.,-1.));
#3709=DIRECTION('ref_axis',(-1.,0.,0.));
#3710=DIRECTION('center_axis',(0.,0.,-1.));
#3711=DIRECTION('ref_axis',(-1.,0.,0.));
#3712=DIRECTION('center_axis',(0.,0.,-1.));
#3713=DIRECTION('ref_axis',(-1.,0.,0.));
#3714=DIRECTION('',(-0.869414005607983,0.49408429124258,0.));
#3715=DIRECTION('',(-0.862596550630895,-0.50589246964121,0.));
#3716=DIRECTION('',(0.00681745497708855,-0.999976760883789,0.));
#3717=DIRECTION('',(0.869414005607983,-0.49408429124258,0.));
#3718=DIRECTION('',(0.862596550630895,0.50589246964121,0.));
#3719=DIRECTION('',(-0.00681745497708807,0.999976760883789,0.));
#3720=DIRECTION('',(-0.869414005607983,0.494084291242579,0.));
#3721=DIRECTION('',(-0.862596550630895,-0.505892469641209,0.));
#3722=DIRECTION('',(0.00681745497708855,-0.999976760883789,0.));
#3723=DIRECTION('',(0.869414005607983,-0.49408429124258,0.));
#3724=DIRECTION('',(0.862596550630895,0.50589246964121,0.));
#3725=DIRECTION('',(-0.00681745497708807,0.999976760883789,0.));
#3726=DIRECTION('',(-0.869414005607983,0.49408429124258,0.));
#3727=DIRECTION('',(-0.862596550630895,-0.505892469641209,0.));
#3728=DIRECTION('',(0.00681745497708951,-0.999976760883789,0.));
#3729=DIRECTION('',(0.869414005607983,-0.49408429124258,0.));
#3730=DIRECTION('',(0.862596550630895,0.50589246964121,0.));
#3731=DIRECTION('',(-0.00681745497708759,0.999976760883789,0.));
#3732=DIRECTION('',(-0.869414005607983,0.49408429124258,0.));
#3733=DIRECTION('',(-0.862596550630895,-0.50589246964121,0.));
#3734=DIRECTION('',(0.00681745497708951,-0.999976760883789,0.));
#3735=DIRECTION('',(0.869414005607983,-0.49408429124258,0.));
#3736=DIRECTION('',(0.862596550630895,0.50589246964121,0.));
#3737=DIRECTION('',(-0.00681745497708855,0.999976760883789,0.));
#3738=DIRECTION('',(-0.869414005607983,0.49408429124258,0.));
#3739=DIRECTION('',(-0.862596550630895,-0.50589246964121,0.));
#3740=DIRECTION('',(0.00681745497708855,-0.999976760883789,0.));
#3741=DIRECTION('',(0.869414005607983,-0.49408429124258,0.));
#3742=DIRECTION('',(0.862596550630895,0.50589246964121,0.));
#3743=DIRECTION('',(-0.00681745497708759,0.999976760883789,0.));
#3744=DIRECTION('',(-0.869414005607983,0.49408429124258,0.));
#3745=DIRECTION('',(-0.862596550630895,-0.50589246964121,0.));
#3746=DIRECTION('',(0.00681745497708855,-0.999976760883789,0.));
#3747=DIRECTION('',(0.869414005607983,-0.49408429124258,0.));
#3748=DIRECTION('',(0.862596550630895,0.50589246964121,0.));
#3749=DIRECTION('',(-0.00681745497708855,0.999976760883789,0.));
#3750=DIRECTION('',(-0.869414005607983,0.49408429124258,0.));
#3751=DIRECTION('',(-0.862596550630895,-0.50589246964121,0.));
#3752=DIRECTION('',(0.00681745497708855,-0.999976760883789,0.));
#3753=DIRECTION('',(0.869414005607983,-0.49408429124258,0.));
#3754=DIRECTION('',(0.862596550630895,0.50589246964121,0.));
#3755=DIRECTION('',(-0.00681745497708855,0.999976760883789,0.));
#3756=DIRECTION('',(-0.869414005607983,0.49408429124258,0.));
#3757=DIRECTION('',(-0.862596550630895,-0.50589246964121,0.));
#3758=DIRECTION('',(0.00681745497708855,-0.999976760883789,0.));
#3759=DIRECTION('',(0.869414005607983,-0.49408429124258,0.));
#3760=DIRECTION('',(0.862596550630895,0.50589246964121,0.));
#3761=DIRECTION('',(-0.00681745497708807,0.999976760883789,0.));
#3762=DIRECTION('',(-0.869414005607983,0.49408429124258,0.));
#3763=DIRECTION('',(-0.862596550630895,-0.50589246964121,0.));
#3764=DIRECTION('',(0.00681745497708855,-0.999976760883789,0.));
#3765=DIRECTION('',(0.869414005607983,-0.49408429124258,0.));
#3766=DIRECTION('',(0.862596550630895,0.50589246964121,0.));
#3767=DIRECTION('',(-0.00681745497708807,0.999976760883789,0.));
#3768=DIRECTION('',(-0.869414005607983,0.49408429124258,0.));
#3769=DIRECTION('',(-0.862596550630895,-0.50589246964121,0.));
#3770=DIRECTION('',(0.00681745497708855,-0.999976760883789,0.));
#3771=DIRECTION('',(0.869414005607983,-0.49408429124258,0.));
#3772=DIRECTION('',(0.862596550630895,0.50589246964121,0.));
#3773=DIRECTION('',(-0.00681745497708807,0.999976760883789,0.));
#3774=DIRECTION('',(-0.869414005607983,0.49408429124258,0.));
#3775=DIRECTION('',(-0.862596550630895,-0.50589246964121,0.));
#3776=DIRECTION('',(0.00681745497708855,-0.999976760883789,0.));
#3777=DIRECTION('',(0.869414005607983,-0.49408429124258,0.));
#3778=DIRECTION('',(0.862596550630895,0.50589246964121,0.));
#3779=DIRECTION('',(-0.00681745497708759,0.999976760883789,0.));
#3780=DIRECTION('',(-0.869414005607983,0.494084291242579,0.));
#3781=DIRECTION('',(-0.862596550630895,-0.505892469641209,0.));
#3782=DIRECTION('',(0.00681745497708855,-0.999976760883789,0.));
#3783=DIRECTION('',(0.869414005607983,-0.49408429124258,0.));
#3784=DIRECTION('',(0.862596550630895,0.50589246964121,0.));
#3785=DIRECTION('',(-0.00681745497708855,0.999976760883789,0.));
#3786=DIRECTION('',(-0.869414005607983,0.49408429124258,0.));
#3787=DIRECTION('',(-0.862596550630895,-0.505892469641209,0.));
#3788=DIRECTION('',(0.00681745497708951,-0.999976760883789,0.));
#3789=DIRECTION('',(0.869414005607983,-0.49408429124258,0.));
#3790=DIRECTION('',(0.862596550630895,0.50589246964121,0.));
#3791=DIRECTION('',(-0.00681745497708807,0.999976760883789,0.));
#3792=DIRECTION('',(-0.869414005607983,0.49408429124258,0.));
#3793=DIRECTION('',(-0.862596550630895,-0.505892469641209,0.));
#3794=DIRECTION('',(0.00681745497708855,-0.999976760883789,0.));
#3795=DIRECTION('',(0.869414005607983,-0.49408429124258,0.));
#3796=DIRECTION('',(0.862596550630895,0.50589246964121,0.));
#3797=DIRECTION('',(-0.00681745497708759,0.999976760883789,0.));
#3798=DIRECTION('',(-0.869414005607982,0.494084291242581,0.));
#3799=DIRECTION('',(-0.862596550630894,-0.505892469641211,0.));
#3800=DIRECTION('',(0.00681745497708759,-0.999976760883789,0.));
#3801=DIRECTION('',(0.869414005607983,-0.49408429124258,0.));
#3802=DIRECTION('',(0.862596550630895,0.50589246964121,0.));
#3803=DIRECTION('',(-0.00681745497708807,0.999976760883789,0.));
#3804=DIRECTION('',(-0.00681745497708807,0.999976760883789,0.));
#3805=DIRECTION('',(-0.869414005607983,0.49408429124258,0.));
#3806=DIRECTION('',(-0.862596550630895,-0.50589246964121,0.));
#3807=DIRECTION('',(0.00681745497708855,-0.999976760883789,0.));
#3808=DIRECTION('',(0.869414005607983,-0.49408429124258,0.));
#3809=DIRECTION('',(0.862596550630895,0.50589246964121,0.));
#3810=DIRECTION('',(-0.869414005607983,0.49408429124258,0.));
#3811=DIRECTION('',(-0.862596550630895,-0.50589246964121,0.));
#3812=DIRECTION('',(0.00681745497708855,-0.999976760883789,0.));
#3813=DIRECTION('',(0.869414005607983,-0.49408429124258,0.));
#3814=DIRECTION('',(0.862596550630895,0.50589246964121,0.));
#3815=DIRECTION('',(-0.00681745497708807,0.999976760883789,0.));
#3816=DIRECTION('center_axis',(-0.49408429124258,-0.869414005607983,0.));
#3817=DIRECTION('ref_axis',(-0.869414005607983,0.49408429124258,0.));
#3818=DIRECTION('',(0.,0.,-1.));
#3819=DIRECTION('',(-0.869414005607983,0.49408429124258,0.));
#3820=DIRECTION('',(0.,0.,-1.));
#3821=DIRECTION('center_axis',(0.50589246964121,-0.862596550630895,0.));
#3822=DIRECTION('ref_axis',(-0.862596550630895,-0.50589246964121,0.));
#3823=DIRECTION('',(-0.862596550630895,-0.50589246964121,0.));
#3824=DIRECTION('',(0.,0.,-1.));
#3825=DIRECTION('center_axis',(0.999976760883789,0.00681745497708807,0.));
#3826=DIRECTION('ref_axis',(0.00681745497708807,-0.999976760883789,0.));
#3827=DIRECTION('',(0.00681745497708807,-0.999976760883789,0.));
#3828=DIRECTION('',(0.,0.,-1.));
#3829=DIRECTION('center_axis',(0.49408429124258,0.869414005607983,0.));
#3830=DIRECTION('ref_axis',(0.869414005607983,-0.49408429124258,0.));
#3831=DIRECTION('',(0.869414005607983,-0.49408429124258,0.));
#3832=DIRECTION('',(0.,0.,-1.));
#3833=DIRECTION('center_axis',(-0.50589246964121,0.862596550630895,0.));
#3834=DIRECTION('ref_axis',(0.862596550630895,0.50589246964121,0.));
#3835=DIRECTION('',(0.862596550630895,0.50589246964121,0.));
#3836=DIRECTION('',(0.,0.,-1.));
#3837=DIRECTION('center_axis',(-0.999976760883789,-0.00681745497708855,
0.));
#3838=DIRECTION('ref_axis',(-0.00681745497708855,0.999976760883789,0.));
#3839=DIRECTION('',(-0.00681745497708855,0.999976760883789,0.));
#3840=DIRECTION('center_axis',(-0.999976760883789,-0.00681745497708855,
0.));
#3841=DIRECTION('ref_axis',(-0.00681745497708855,0.999976760883789,0.));
#3842=DIRECTION('',(0.,0.,-1.));
#3843=DIRECTION('',(-0.00681745497708855,0.999976760883789,0.));
#3844=DIRECTION('',(0.,0.,-1.));
#3845=DIRECTION('center_axis',(-0.49408429124258,-0.869414005607983,0.));
#3846=DIRECTION('ref_axis',(-0.869414005607983,0.49408429124258,0.));
#3847=DIRECTION('',(-0.869414005607983,0.49408429124258,0.));
#3848=DIRECTION('',(0.,0.,-1.));
#3849=DIRECTION('center_axis',(0.50589246964121,-0.862596550630895,0.));
#3850=DIRECTION('ref_axis',(-0.862596550630895,-0.50589246964121,0.));
#3851=DIRECTION('',(-0.862596550630895,-0.50589246964121,0.));
#3852=DIRECTION('',(0.,0.,-1.));
#3853=DIRECTION('center_axis',(0.999976760883789,0.00681745497708807,0.));
#3854=DIRECTION('ref_axis',(0.00681745497708807,-0.999976760883789,0.));
#3855=DIRECTION('',(0.00681745497708807,-0.999976760883789,0.));
#3856=DIRECTION('',(0.,0.,-1.));
#3857=DIRECTION('center_axis',(0.49408429124258,0.869414005607983,0.));
#3858=DIRECTION('ref_axis',(0.869414005607983,-0.49408429124258,0.));
#3859=DIRECTION('',(0.869414005607983,-0.49408429124258,0.));
#3860=DIRECTION('',(0.,0.,-1.));
#3861=DIRECTION('center_axis',(-0.50589246964121,0.862596550630895,0.));
#3862=DIRECTION('ref_axis',(0.862596550630895,0.50589246964121,0.));
#3863=DIRECTION('',(0.862596550630895,0.50589246964121,0.));
#3864=DIRECTION('center_axis',(-0.49408429124258,-0.869414005607983,0.));
#3865=DIRECTION('ref_axis',(-0.869414005607983,0.49408429124258,0.));
#3866=DIRECTION('',(0.,0.,-1.));
#3867=DIRECTION('',(-0.869414005607983,0.49408429124258,0.));
#3868=DIRECTION('',(0.,0.,-1.));
#3869=DIRECTION('center_axis',(0.50589246964121,-0.862596550630895,0.));
#3870=DIRECTION('ref_axis',(-0.862596550630895,-0.50589246964121,0.));
#3871=DIRECTION('',(-0.862596550630895,-0.50589246964121,0.));
#3872=DIRECTION('',(0.,0.,-1.));
#3873=DIRECTION('center_axis',(0.999976760883789,0.00681745497708807,0.));
#3874=DIRECTION('ref_axis',(0.00681745497708807,-0.999976760883789,0.));
#3875=DIRECTION('',(0.00681745497708807,-0.999976760883789,0.));
#3876=DIRECTION('',(0.,0.,-1.));
#3877=DIRECTION('center_axis',(0.494084291242581,0.869414005607982,0.));
#3878=DIRECTION('ref_axis',(0.869414005607982,-0.494084291242581,0.));
#3879=DIRECTION('',(0.869414005607982,-0.494084291242581,0.));
#3880=DIRECTION('',(0.,0.,-1.));
#3881=DIRECTION('center_axis',(-0.505892469641211,0.862596550630894,0.));
#3882=DIRECTION('ref_axis',(0.862596550630894,0.505892469641211,0.));
#3883=DIRECTION('',(0.862596550630894,0.505892469641211,0.));
#3884=DIRECTION('',(0.,0.,-1.));
#3885=DIRECTION('center_axis',(-0.999976760883789,-0.00681745497708759,
0.));
#3886=DIRECTION('ref_axis',(-0.00681745497708759,0.999976760883789,0.));
#3887=DIRECTION('',(-0.00681745497708759,0.999976760883789,0.));
#3888=DIRECTION('center_axis',(-0.49408429124258,-0.869414005607983,0.));
#3889=DIRECTION('ref_axis',(-0.869414005607983,0.49408429124258,0.));
#3890=DIRECTION('',(0.,0.,-1.));
#3891=DIRECTION('',(-0.869414005607983,0.49408429124258,0.));
#3892=DIRECTION('',(0.,0.,-1.));
#3893=DIRECTION('center_axis',(0.50589246964121,-0.862596550630895,0.));
#3894=DIRECTION('ref_axis',(-0.862596550630895,-0.50589246964121,0.));
#3895=DIRECTION('',(-0.862596550630895,-0.50589246964121,0.));
#3896=DIRECTION('',(0.,0.,-1.));
#3897=DIRECTION('center_axis',(0.999976760883789,0.00681745497708759,0.));
#3898=DIRECTION('ref_axis',(0.00681745497708759,-0.999976760883789,0.));
#3899=DIRECTION('',(0.00681745497708759,-0.999976760883789,0.));
#3900=DIRECTION('',(0.,0.,-1.));
#3901=DIRECTION('center_axis',(0.49408429124258,0.869414005607983,0.));
#3902=DIRECTION('ref_axis',(0.869414005607983,-0.49408429124258,0.));
#3903=DIRECTION('',(0.869414005607983,-0.49408429124258,0.));
#3904=DIRECTION('',(0.,0.,-1.));
#3905=DIRECTION('center_axis',(-0.50589246964121,0.862596550630895,0.));
#3906=DIRECTION('ref_axis',(0.862596550630895,0.505892469641209,0.));
#3907=DIRECTION('',(0.862596550630895,0.505892469641209,0.));
#3908=DIRECTION('',(0.,0.,-1.));
#3909=DIRECTION('center_axis',(-0.999976760883789,-0.00681745497708855,
0.));
#3910=DIRECTION('ref_axis',(-0.00681745497708855,0.999976760883789,0.));
#3911=DIRECTION('',(-0.00681745497708855,0.999976760883789,0.));
#3912=DIRECTION('center_axis',(-0.49408429124258,-0.869414005607983,0.));
#3913=DIRECTION('ref_axis',(-0.869414005607983,0.49408429124258,0.));
#3914=DIRECTION('',(0.,0.,-1.));
#3915=DIRECTION('',(-0.869414005607983,0.49408429124258,0.));
#3916=DIRECTION('',(0.,0.,-1.));
#3917=DIRECTION('center_axis',(0.50589246964121,-0.862596550630895,0.));
#3918=DIRECTION('ref_axis',(-0.862596550630895,-0.50589246964121,0.));
#3919=DIRECTION('',(-0.862596550630895,-0.50589246964121,0.));
#3920=DIRECTION('',(0.,0.,-1.));
#3921=DIRECTION('center_axis',(0.999976760883789,0.00681745497708807,0.));
#3922=DIRECTION('ref_axis',(0.00681745497708807,-0.999976760883789,0.));
#3923=DIRECTION('',(0.00681745497708807,-0.999976760883789,0.));
#3924=DIRECTION('',(0.,0.,-1.));
#3925=DIRECTION('center_axis',(0.49408429124258,0.869414005607983,0.));
#3926=DIRECTION('ref_axis',(0.869414005607983,-0.49408429124258,0.));
#3927=DIRECTION('',(0.869414005607983,-0.49408429124258,0.));
#3928=DIRECTION('',(0.,0.,-1.));
#3929=DIRECTION('center_axis',(-0.50589246964121,0.862596550630895,0.));
#3930=DIRECTION('ref_axis',(0.862596550630895,0.505892469641209,0.));
#3931=DIRECTION('',(0.862596550630895,0.505892469641209,0.));
#3932=DIRECTION('',(0.,0.,-1.));
#3933=DIRECTION('center_axis',(-0.999976760883789,-0.00681745497708951,
0.));
#3934=DIRECTION('ref_axis',(-0.00681745497708951,0.999976760883789,0.));
#3935=DIRECTION('',(-0.00681745497708951,0.999976760883789,0.));
#3936=DIRECTION('center_axis',(-0.49408429124258,-0.869414005607983,0.));
#3937=DIRECTION('ref_axis',(-0.869414005607983,0.49408429124258,0.));
#3938=DIRECTION('',(0.,0.,-1.));
#3939=DIRECTION('',(-0.869414005607983,0.49408429124258,0.));
#3940=DIRECTION('',(0.,0.,-1.));
#3941=DIRECTION('center_axis',(0.50589246964121,-0.862596550630895,0.));
#3942=DIRECTION('ref_axis',(-0.862596550630895,-0.50589246964121,0.));
#3943=DIRECTION('',(-0.862596550630895,-0.50589246964121,0.));
#3944=DIRECTION('',(0.,0.,-1.));
#3945=DIRECTION('center_axis',(0.999976760883789,0.00681745497708855,0.));
#3946=DIRECTION('ref_axis',(0.00681745497708855,-0.999976760883789,0.));
#3947=DIRECTION('',(0.00681745497708855,-0.999976760883789,0.));
#3948=DIRECTION('',(0.,0.,-1.));
#3949=DIRECTION('center_axis',(0.494084291242579,0.869414005607983,0.));
#3950=DIRECTION('ref_axis',(0.869414005607983,-0.494084291242579,0.));
#3951=DIRECTION('',(0.869414005607983,-0.494084291242579,0.));
#3952=DIRECTION('',(0.,0.,-1.));
#3953=DIRECTION('center_axis',(-0.505892469641209,0.862596550630895,0.));
#3954=DIRECTION('ref_axis',(0.862596550630895,0.505892469641209,0.));
#3955=DIRECTION('',(0.862596550630895,0.505892469641209,0.));
#3956=DIRECTION('',(0.,0.,-1.));
#3957=DIRECTION('center_axis',(-0.999976760883789,-0.00681745497708855,
0.));
#3958=DIRECTION('ref_axis',(-0.00681745497708855,0.999976760883789,0.));
#3959=DIRECTION('',(-0.00681745497708855,0.999976760883789,0.));
#3960=DIRECTION('center_axis',(-0.49408429124258,-0.869414005607983,0.));
#3961=DIRECTION('ref_axis',(-0.869414005607983,0.49408429124258,0.));
#3962=DIRECTION('',(0.,0.,-1.));
#3963=DIRECTION('',(-0.869414005607983,0.49408429124258,0.));
#3964=DIRECTION('',(0.,0.,-1.));
#3965=DIRECTION('center_axis',(0.50589246964121,-0.862596550630895,0.));
#3966=DIRECTION('ref_axis',(-0.862596550630895,-0.50589246964121,0.));
#3967=DIRECTION('',(-0.862596550630895,-0.50589246964121,0.));
#3968=DIRECTION('',(0.,0.,-1.));
#3969=DIRECTION('center_axis',(0.999976760883789,0.00681745497708759,0.));
#3970=DIRECTION('ref_axis',(0.00681745497708759,-0.999976760883789,0.));
#3971=DIRECTION('',(0.00681745497708759,-0.999976760883789,0.));
#3972=DIRECTION('',(0.,0.,-1.));
#3973=DIRECTION('center_axis',(0.49408429124258,0.869414005607983,0.));
#3974=DIRECTION('ref_axis',(0.869414005607983,-0.49408429124258,0.));
#3975=DIRECTION('',(0.869414005607983,-0.49408429124258,0.));
#3976=DIRECTION('',(0.,0.,-1.));
#3977=DIRECTION('center_axis',(-0.50589246964121,0.862596550630895,0.));
#3978=DIRECTION('ref_axis',(0.862596550630895,0.50589246964121,0.));
#3979=DIRECTION('',(0.862596550630895,0.50589246964121,0.));
#3980=DIRECTION('',(0.,0.,-1.));
#3981=DIRECTION('center_axis',(-0.999976760883789,-0.00681745497708855,
0.));
#3982=DIRECTION('ref_axis',(-0.00681745497708855,0.999976760883789,0.));
#3983=DIRECTION('',(-0.00681745497708855,0.999976760883789,0.));
#3984=DIRECTION('center_axis',(-0.49408429124258,-0.869414005607983,0.));
#3985=DIRECTION('ref_axis',(-0.869414005607983,0.49408429124258,0.));
#3986=DIRECTION('',(0.,0.,-1.));
#3987=DIRECTION('',(-0.869414005607983,0.49408429124258,0.));
#3988=DIRECTION('',(0.,0.,-1.));
#3989=DIRECTION('center_axis',(0.50589246964121,-0.862596550630895,0.));
#3990=DIRECTION('ref_axis',(-0.862596550630895,-0.50589246964121,0.));
#3991=DIRECTION('',(-0.862596550630895,-0.50589246964121,0.));
#3992=DIRECTION('',(0.,0.,-1.));
#3993=DIRECTION('center_axis',(0.999976760883789,0.00681745497708807,0.));
#3994=DIRECTION('ref_axis',(0.00681745497708807,-0.999976760883789,0.));
#3995=DIRECTION('',(0.00681745497708807,-0.999976760883789,0.));
#3996=DIRECTION('',(0.,0.,-1.));
#3997=DIRECTION('center_axis',(0.49408429124258,0.869414005607983,0.));
#3998=DIRECTION('ref_axis',(0.869414005607983,-0.49408429124258,0.));
#3999=DIRECTION('',(0.869414005607983,-0.49408429124258,0.));
#4000=DIRECTION('',(0.,0.,-1.));
#4001=DIRECTION('center_axis',(-0.50589246964121,0.862596550630895,0.));
#4002=DIRECTION('ref_axis',(0.862596550630895,0.50589246964121,0.));
#4003=DIRECTION('',(0.862596550630895,0.50589246964121,0.));
#4004=DIRECTION('',(0.,0.,-1.));
#4005=DIRECTION('center_axis',(-0.999976760883789,-0.00681745497708855,
0.));
#4006=DIRECTION('ref_axis',(-0.00681745497708855,0.999976760883789,0.));
#4007=DIRECTION('',(-0.00681745497708855,0.999976760883789,0.));
#4008=DIRECTION('center_axis',(-0.49408429124258,-0.869414005607983,0.));
#4009=DIRECTION('ref_axis',(-0.869414005607983,0.49408429124258,0.));
#4010=DIRECTION('',(0.,0.,-1.));
#4011=DIRECTION('',(-0.869414005607983,0.49408429124258,0.));
#4012=DIRECTION('',(0.,0.,-1.));
#4013=DIRECTION('center_axis',(0.50589246964121,-0.862596550630895,0.));
#4014=DIRECTION('ref_axis',(-0.862596550630895,-0.50589246964121,0.));
#4015=DIRECTION('',(-0.862596550630895,-0.50589246964121,0.));
#4016=DIRECTION('',(0.,0.,-1.));
#4017=DIRECTION('center_axis',(0.999976760883789,0.00681745497708807,0.));
#4018=DIRECTION('ref_axis',(0.00681745497708807,-0.999976760883789,0.));
#4019=DIRECTION('',(0.00681745497708807,-0.999976760883789,0.));
#4020=DIRECTION('',(0.,0.,-1.));
#4021=DIRECTION('center_axis',(0.49408429124258,0.869414005607983,0.));
#4022=DIRECTION('ref_axis',(0.869414005607983,-0.49408429124258,0.));
#4023=DIRECTION('',(0.869414005607983,-0.49408429124258,0.));
#4024=DIRECTION('',(0.,0.,-1.));
#4025=DIRECTION('center_axis',(-0.50589246964121,0.862596550630895,0.));
#4026=DIRECTION('ref_axis',(0.862596550630895,0.50589246964121,0.));
#4027=DIRECTION('',(0.862596550630895,0.50589246964121,0.));
#4028=DIRECTION('',(0.,0.,-1.));
#4029=DIRECTION('center_axis',(-0.999976760883789,-0.00681745497708855,
0.));
#4030=DIRECTION('ref_axis',(-0.00681745497708855,0.999976760883789,0.));
#4031=DIRECTION('',(-0.00681745497708855,0.999976760883789,0.));
#4032=DIRECTION('center_axis',(-0.49408429124258,-0.869414005607983,0.));
#4033=DIRECTION('ref_axis',(-0.869414005607983,0.49408429124258,0.));
#4034=DIRECTION('',(0.,0.,-1.));
#4035=DIRECTION('',(-0.869414005607983,0.49408429124258,0.));
#4036=DIRECTION('',(0.,0.,-1.));
#4037=DIRECTION('center_axis',(0.50589246964121,-0.862596550630895,0.));
#4038=DIRECTION('ref_axis',(-0.862596550630895,-0.50589246964121,0.));
#4039=DIRECTION('',(-0.862596550630895,-0.50589246964121,0.));
#4040=DIRECTION('',(0.,0.,-1.));
#4041=DIRECTION('center_axis',(0.999976760883789,0.00681745497708807,0.));
#4042=DIRECTION('ref_axis',(0.00681745497708807,-0.999976760883789,0.));
#4043=DIRECTION('',(0.00681745497708807,-0.999976760883789,0.));
#4044=DIRECTION('',(0.,0.,-1.));
#4045=DIRECTION('center_axis',(0.49408429124258,0.869414005607983,0.));
#4046=DIRECTION('ref_axis',(0.869414005607983,-0.49408429124258,0.));
#4047=DIRECTION('',(0.869414005607983,-0.49408429124258,0.));
#4048=DIRECTION('',(0.,0.,-1.));
#4049=DIRECTION('center_axis',(-0.50589246964121,0.862596550630895,0.));
#4050=DIRECTION('ref_axis',(0.862596550630895,0.50589246964121,0.));
#4051=DIRECTION('',(0.862596550630895,0.50589246964121,0.));
#4052=DIRECTION('',(0.,0.,-1.));
#4053=DIRECTION('center_axis',(-0.999976760883789,-0.00681745497708855,
0.));
#4054=DIRECTION('ref_axis',(-0.00681745497708855,0.999976760883789,0.));
#4055=DIRECTION('',(-0.00681745497708855,0.999976760883789,0.));
#4056=DIRECTION('center_axis',(-0.49408429124258,-0.869414005607983,0.));
#4057=DIRECTION('ref_axis',(-0.869414005607983,0.49408429124258,0.));
#4058=DIRECTION('',(0.,0.,-1.));
#4059=DIRECTION('',(-0.869414005607983,0.49408429124258,0.));
#4060=DIRECTION('',(0.,0.,-1.));
#4061=DIRECTION('center_axis',(0.50589246964121,-0.862596550630895,0.));
#4062=DIRECTION('ref_axis',(-0.862596550630895,-0.50589246964121,0.));
#4063=DIRECTION('',(-0.862596550630895,-0.50589246964121,0.));
#4064=DIRECTION('',(0.,0.,-1.));
#4065=DIRECTION('center_axis',(0.999976760883789,0.00681745497708855,0.));
#4066=DIRECTION('ref_axis',(0.00681745497708855,-0.999976760883789,0.));
#4067=DIRECTION('',(0.00681745497708855,-0.999976760883789,0.));
#4068=DIRECTION('',(0.,0.,-1.));
#4069=DIRECTION('center_axis',(0.49408429124258,0.869414005607983,0.));
#4070=DIRECTION('ref_axis',(0.869414005607983,-0.49408429124258,0.));
#4071=DIRECTION('',(0.869414005607983,-0.49408429124258,0.));
#4072=DIRECTION('',(0.,0.,-1.));
#4073=DIRECTION('center_axis',(-0.50589246964121,0.862596550630895,0.));
#4074=DIRECTION('ref_axis',(0.862596550630895,0.50589246964121,0.));
#4075=DIRECTION('',(0.862596550630895,0.50589246964121,0.));
#4076=DIRECTION('',(0.,0.,-1.));
#4077=DIRECTION('center_axis',(-0.999976760883789,-0.00681745497708855,
0.));
#4078=DIRECTION('ref_axis',(-0.00681745497708855,0.999976760883789,0.));
#4079=DIRECTION('',(-0.00681745497708855,0.999976760883789,0.));
#4080=DIRECTION('center_axis',(-0.49408429124258,-0.869414005607983,0.));
#4081=DIRECTION('ref_axis',(-0.869414005607983,0.49408429124258,0.));
#4082=DIRECTION('',(0.,0.,-1.));
#4083=DIRECTION('',(-0.869414005607983,0.49408429124258,0.));
#4084=DIRECTION('',(0.,0.,-1.));
#4085=DIRECTION('center_axis',(0.50589246964121,-0.862596550630895,0.));
#4086=DIRECTION('ref_axis',(-0.862596550630895,-0.50589246964121,0.));
#4087=DIRECTION('',(-0.862596550630895,-0.50589246964121,0.));
#4088=DIRECTION('',(0.,0.,-1.));
#4089=DIRECTION('center_axis',(0.999976760883789,0.00681745497708855,0.));
#4090=DIRECTION('ref_axis',(0.00681745497708855,-0.999976760883789,0.));
#4091=DIRECTION('',(0.00681745497708855,-0.999976760883789,0.));
#4092=DIRECTION('',(0.,0.,-1.));
#4093=DIRECTION('center_axis',(0.49408429124258,0.869414005607983,0.));
#4094=DIRECTION('ref_axis',(0.869414005607983,-0.49408429124258,0.));
#4095=DIRECTION('',(0.869414005607983,-0.49408429124258,0.));
#4096=DIRECTION('',(0.,0.,-1.));
#4097=DIRECTION('center_axis',(-0.50589246964121,0.862596550630895,0.));
#4098=DIRECTION('ref_axis',(0.862596550630895,0.50589246964121,0.));
#4099=DIRECTION('',(0.862596550630895,0.50589246964121,0.));
#4100=DIRECTION('',(0.,0.,-1.));
#4101=DIRECTION('center_axis',(-0.999976760883789,-0.00681745497708855,
0.));
#4102=DIRECTION('ref_axis',(-0.00681745497708855,0.999976760883789,0.));
#4103=DIRECTION('',(-0.00681745497708855,0.999976760883789,0.));
#4104=DIRECTION('center_axis',(-0.49408429124258,-0.869414005607983,0.));
#4105=DIRECTION('ref_axis',(-0.869414005607983,0.49408429124258,0.));
#4106=DIRECTION('',(0.,0.,-1.));
#4107=DIRECTION('',(-0.869414005607983,0.49408429124258,0.));
#4108=DIRECTION('',(0.,0.,-1.));
#4109=DIRECTION('center_axis',(0.50589246964121,-0.862596550630895,0.));
#4110=DIRECTION('ref_axis',(-0.862596550630895,-0.50589246964121,0.));
#4111=DIRECTION('',(-0.862596550630895,-0.50589246964121,0.));
#4112=DIRECTION('',(0.,0.,-1.));
#4113=DIRECTION('center_axis',(0.999976760883789,0.00681745497708759,0.));
#4114=DIRECTION('ref_axis',(0.00681745497708759,-0.999976760883789,0.));
#4115=DIRECTION('',(0.00681745497708759,-0.999976760883789,0.));
#4116=DIRECTION('',(0.,0.,-1.));
#4117=DIRECTION('center_axis',(0.49408429124258,0.869414005607983,0.));
#4118=DIRECTION('ref_axis',(0.869414005607983,-0.49408429124258,0.));
#4119=DIRECTION('',(0.869414005607983,-0.49408429124258,0.));
#4120=DIRECTION('',(0.,0.,-1.));
#4121=DIRECTION('center_axis',(-0.50589246964121,0.862596550630895,0.));
#4122=DIRECTION('ref_axis',(0.862596550630895,0.50589246964121,0.));
#4123=DIRECTION('',(0.862596550630895,0.50589246964121,0.));
#4124=DIRECTION('',(0.,0.,-1.));
#4125=DIRECTION('center_axis',(-0.999976760883789,-0.00681745497708855,
0.));
#4126=DIRECTION('ref_axis',(-0.00681745497708855,0.999976760883789,0.));
#4127=DIRECTION('',(-0.00681745497708855,0.999976760883789,0.));
#4128=DIRECTION('center_axis',(-0.49408429124258,-0.869414005607983,0.));
#4129=DIRECTION('ref_axis',(-0.869414005607983,0.49408429124258,0.));
#4130=DIRECTION('',(0.,0.,-1.));
#4131=DIRECTION('',(-0.869414005607983,0.49408429124258,0.));
#4132=DIRECTION('',(0.,0.,-1.));
#4133=DIRECTION('center_axis',(0.50589246964121,-0.862596550630895,0.));
#4134=DIRECTION('ref_axis',(-0.862596550630895,-0.50589246964121,0.));
#4135=DIRECTION('',(-0.862596550630895,-0.50589246964121,0.));
#4136=DIRECTION('',(0.,0.,-1.));
#4137=DIRECTION('center_axis',(0.999976760883789,0.00681745497708855,0.));
#4138=DIRECTION('ref_axis',(0.00681745497708855,-0.999976760883789,0.));
#4139=DIRECTION('',(0.00681745497708855,-0.999976760883789,0.));
#4140=DIRECTION('',(0.,0.,-1.));
#4141=DIRECTION('center_axis',(0.49408429124258,0.869414005607983,0.));
#4142=DIRECTION('ref_axis',(0.869414005607983,-0.49408429124258,0.));
#4143=DIRECTION('',(0.869414005607983,-0.49408429124258,0.));
#4144=DIRECTION('',(0.,0.,-1.));
#4145=DIRECTION('center_axis',(-0.50589246964121,0.862596550630895,0.));
#4146=DIRECTION('ref_axis',(0.862596550630895,0.50589246964121,0.));
#4147=DIRECTION('',(0.862596550630895,0.50589246964121,0.));
#4148=DIRECTION('',(0.,0.,-1.));
#4149=DIRECTION('center_axis',(-0.999976760883789,-0.00681745497708951,
0.));
#4150=DIRECTION('ref_axis',(-0.00681745497708951,0.999976760883789,0.));
#4151=DIRECTION('',(-0.00681745497708951,0.999976760883789,0.));
#4152=DIRECTION('center_axis',(-0.49408429124258,-0.869414005607983,0.));
#4153=DIRECTION('ref_axis',(-0.869414005607983,0.49408429124258,0.));
#4154=DIRECTION('',(0.,0.,-1.));
#4155=DIRECTION('',(-0.869414005607983,0.49408429124258,0.));
#4156=DIRECTION('',(0.,0.,-1.));
#4157=DIRECTION('center_axis',(0.50589246964121,-0.862596550630895,0.));
#4158=DIRECTION('ref_axis',(-0.862596550630895,-0.50589246964121,0.));
#4159=DIRECTION('',(-0.862596550630895,-0.50589246964121,0.));
#4160=DIRECTION('',(0.,0.,-1.));
#4161=DIRECTION('center_axis',(0.999976760883789,0.00681745497708759,0.));
#4162=DIRECTION('ref_axis',(0.00681745497708759,-0.999976760883789,0.));
#4163=DIRECTION('',(0.00681745497708759,-0.999976760883789,0.));
#4164=DIRECTION('',(0.,0.,-1.));
#4165=DIRECTION('center_axis',(0.49408429124258,0.869414005607983,0.));
#4166=DIRECTION('ref_axis',(0.869414005607983,-0.49408429124258,0.));
#4167=DIRECTION('',(0.869414005607983,-0.49408429124258,0.));
#4168=DIRECTION('',(0.,0.,-1.));
#4169=DIRECTION('center_axis',(-0.50589246964121,0.862596550630895,0.));
#4170=DIRECTION('ref_axis',(0.862596550630895,0.505892469641209,0.));
#4171=DIRECTION('',(0.862596550630895,0.505892469641209,0.));
#4172=DIRECTION('',(0.,0.,-1.));
#4173=DIRECTION('center_axis',(-0.999976760883789,-0.00681745497708951,
0.));
#4174=DIRECTION('ref_axis',(-0.00681745497708951,0.999976760883789,0.));
#4175=DIRECTION('',(-0.00681745497708951,0.999976760883789,0.));
#4176=DIRECTION('center_axis',(-0.49408429124258,-0.869414005607983,0.));
#4177=DIRECTION('ref_axis',(-0.869414005607983,0.49408429124258,0.));
#4178=DIRECTION('',(0.,0.,-1.));
#4179=DIRECTION('',(-0.869414005607983,0.49408429124258,0.));
#4180=DIRECTION('',(0.,0.,-1.));
#4181=DIRECTION('center_axis',(0.50589246964121,-0.862596550630895,0.));
#4182=DIRECTION('ref_axis',(-0.862596550630895,-0.50589246964121,0.));
#4183=DIRECTION('',(-0.862596550630895,-0.50589246964121,0.));
#4184=DIRECTION('',(0.,0.,-1.));
#4185=DIRECTION('center_axis',(0.999976760883789,0.00681745497708807,0.));
#4186=DIRECTION('ref_axis',(0.00681745497708807,-0.999976760883789,0.));
#4187=DIRECTION('',(0.00681745497708807,-0.999976760883789,0.));
#4188=DIRECTION('',(0.,0.,-1.));
#4189=DIRECTION('center_axis',(0.494084291242579,0.869414005607983,0.));
#4190=DIRECTION('ref_axis',(0.869414005607983,-0.494084291242579,0.));
#4191=DIRECTION('',(0.869414005607983,-0.494084291242579,0.));
#4192=DIRECTION('',(0.,0.,-1.));
#4193=DIRECTION('center_axis',(-0.505892469641209,0.862596550630895,0.));
#4194=DIRECTION('ref_axis',(0.862596550630895,0.505892469641209,0.));
#4195=DIRECTION('',(0.862596550630895,0.505892469641209,0.));
#4196=DIRECTION('',(0.,0.,-1.));
#4197=DIRECTION('center_axis',(-0.999976760883789,-0.00681745497708855,
0.));
#4198=DIRECTION('ref_axis',(-0.00681745497708855,0.999976760883789,0.));
#4199=DIRECTION('',(-0.00681745497708855,0.999976760883789,0.));
#4200=DIRECTION('center_axis',(-0.49408429124258,-0.869414005607983,0.));
#4201=DIRECTION('ref_axis',(-0.869414005607983,0.49408429124258,0.));
#4202=DIRECTION('',(0.,0.,-1.));
#4203=DIRECTION('',(-0.869414005607983,0.49408429124258,0.));
#4204=DIRECTION('',(0.,0.,-1.));
#4205=DIRECTION('center_axis',(0.50589246964121,-0.862596550630895,0.));
#4206=DIRECTION('ref_axis',(-0.862596550630895,-0.50589246964121,0.));
#4207=DIRECTION('',(-0.862596550630895,-0.50589246964121,0.));
#4208=DIRECTION('',(0.,0.,-1.));
#4209=DIRECTION('center_axis',(0.999976760883789,0.00681745497708807,0.));
#4210=DIRECTION('ref_axis',(0.00681745497708807,-0.999976760883789,0.));
#4211=DIRECTION('',(0.00681745497708807,-0.999976760883789,0.));
#4212=DIRECTION('',(0.,0.,-1.));
#4213=DIRECTION('center_axis',(0.49408429124258,0.869414005607983,0.));
#4214=DIRECTION('ref_axis',(0.869414005607983,-0.49408429124258,0.));
#4215=DIRECTION('',(0.869414005607983,-0.49408429124258,0.));
#4216=DIRECTION('',(0.,0.,-1.));
#4217=DIRECTION('center_axis',(-0.50589246964121,0.862596550630895,0.));
#4218=DIRECTION('ref_axis',(0.862596550630895,0.50589246964121,0.));
#4219=DIRECTION('',(0.862596550630895,0.50589246964121,0.));
#4220=DIRECTION('',(0.,0.,-1.));
#4221=DIRECTION('center_axis',(-0.999976760883789,-0.00681745497708855,
0.));
#4222=DIRECTION('ref_axis',(-0.00681745497708855,0.999976760883789,0.));
#4223=DIRECTION('',(-0.00681745497708855,0.999976760883789,0.));
#4224=DIRECTION('center_axis',(-0.93969262078591,0.,0.342020143325663));
#4225=DIRECTION('ref_axis',(-0.342020143325663,0.,-0.93969262078591));
#4226=DIRECTION('',(-0.342020143325663,0.,-0.93969262078591));
#4227=DIRECTION('',(0.,1.,0.));
#4228=DIRECTION('',(-0.342020143325663,0.,-0.93969262078591));
#4229=DIRECTION('',(0.,-1.,0.));
#4230=DIRECTION('center_axis',(0.939692612705694,0.,0.342020165525873));
#4231=DIRECTION('ref_axis',(-0.342020165525873,0.,0.939692612705694));
#4232=DIRECTION('',(-0.342020165525873,0.,0.939692612705694));
#4233=DIRECTION('',(0.,-1.,0.));
#4234=DIRECTION('',(-0.342020165525873,0.,0.939692612705694));
#4235=DIRECTION('',(0.,-1.,0.));
#4236=DIRECTION('center_axis',(0.,0.,-1.));
#4237=DIRECTION('ref_axis',(1.,0.,0.));
#4238=DIRECTION('',(1.,0.,0.));
#4239=DIRECTION('',(1.,0.,0.));
#4240=DIRECTION('center_axis',(0.,-1.,0.));
#4241=DIRECTION('ref_axis',(0.,0.,-1.));
#4242=DIRECTION('',(-1.,0.,0.));
#4243=DIRECTION('center_axis',(-0.93969262078591,0.,0.342020143325663));
#4244=DIRECTION('ref_axis',(-0.342020143325663,0.,-0.93969262078591));
#4245=DIRECTION('',(-0.342020143325663,0.,-0.93969262078591));
#4246=DIRECTION('',(0.,1.,0.));
#4247=DIRECTION('',(-0.342020143325663,0.,-0.93969262078591));
#4248=DIRECTION('',(0.,-1.,0.));
#4249=DIRECTION('center_axis',(0.939692612705694,0.,0.342020165525873));
#4250=DIRECTION('ref_axis',(-0.342020165525873,0.,0.939692612705694));
#4251=DIRECTION('',(-0.342020165525873,0.,0.939692612705694));
#4252=DIRECTION('',(0.,-1.,0.));
#4253=DIRECTION('',(-0.342020165525873,0.,0.939692612705694));
#4254=DIRECTION('',(0.,-1.,0.));
#4255=DIRECTION('center_axis',(0.,0.,-1.));
#4256=DIRECTION('ref_axis',(1.,0.,0.));
#4257=DIRECTION('',(1.,0.,0.));
#4258=DIRECTION('',(1.,0.,0.));
#4259=DIRECTION('center_axis',(0.,-1.,0.));
#4260=DIRECTION('ref_axis',(0.,0.,-1.));
#4261=DIRECTION('',(-1.,0.,0.));
#4262=DIRECTION('center_axis',(0.,0.,1.));
#4263=DIRECTION('ref_axis',(1.,0.,0.));
#4264=DIRECTION('',(1.,0.,0.));
#4265=DIRECTION('',(0.,-1.,0.));
#4266=DIRECTION('',(-1.,0.,0.));
#4267=DIRECTION('',(1.,0.,0.));
#4268=DIRECTION('',(1.,0.,0.));
#4269=DIRECTION('',(0.,-1.,0.));
#4270=DIRECTION('center_axis',(0.,0.,-1.));
#4271=DIRECTION('ref_axis',(-0.948683297265154,-0.316227768372919,0.));
#4272=DIRECTION('center_axis',(0.,0.,1.));
#4273=DIRECTION('ref_axis',(0.599999994039536,0.800000004470348,0.));
#4274=DIRECTION('',(1.77635683940025E-15,1.,0.));
#4275=DIRECTION('center_axis',(0.,0.,-1.));
#4276=DIRECTION('ref_axis',(-1.,0.,0.));
#4277=DIRECTION('',(-1.,-2.3373116307898E-16,0.));
#4278=DIRECTION('center_axis',(0.,0.,-1.));
#4279=DIRECTION('ref_axis',(-1.33226762955019E-15,-1.,0.));
#4280=DIRECTION('',(0.,-1.,0.));
#4281=DIRECTION('center_axis',(0.,0.,1.));
#4282=DIRECTION('ref_axis',(-0.599999994039536,0.800000004470348,0.));
#4283=DIRECTION('center_axis',(0.,0.,-1.));
#4284=DIRECTION('ref_axis',(0.948683297265154,-0.316227768372919,0.));
#4285=DIRECTION('',(0.,-1.,0.));
#4286=DIRECTION('',(1.,0.,0.));
#4287=DIRECTION('center_axis',(0.,0.,-1.));
#4288=DIRECTION('ref_axis',(1.,0.,0.));
#4289=DIRECTION('center_axis',(0.,0.,-1.));
#4290=DIRECTION('ref_axis',(1.,0.,0.));
#4291=DIRECTION('center_axis',(0.,0.,-1.));
#4292=DIRECTION('ref_axis',(1.,0.,0.));
#4293=DIRECTION('center_axis',(0.,0.,-1.));
#4294=DIRECTION('ref_axis',(1.,0.,0.));
#4295=DIRECTION('center_axis',(0.,-1.,0.));
#4296=DIRECTION('ref_axis',(0.,0.,-1.));
#4297=DIRECTION('',(1.,0.,0.));
#4298=DIRECTION('',(0.,0.,-1.));
#4299=DIRECTION('',(0.,0.,-1.));
#4300=DIRECTION('center_axis',(0.,-1.,0.));
#4301=DIRECTION('ref_axis',(0.,0.,-1.));
#4302=DIRECTION('',(1.,0.,0.));
#4303=DIRECTION('',(0.,0.,1.));
#4304=DIRECTION('',(0.,0.,1.));
#4305=DIRECTION('center_axis',(0.,0.,1.));
#4306=DIRECTION('ref_axis',(1.,0.,0.));
#4307=DIRECTION('',(0.,-1.,0.));
#4308=DIRECTION('',(-1.,0.,0.));
#4309=DIRECTION('',(0.,1.,0.));
#4310=DIRECTION('center_axis',(0.,0.,1.));
#4311=DIRECTION('ref_axis',(1.,0.,0.));
#4312=DIRECTION('',(0.,1.,0.));
#4313=DIRECTION('',(0.,-1.,0.));
#4314=DIRECTION('',(-1.,0.,0.));
#4315=DIRECTION('center_axis',(1.,0.,0.));
#4316=DIRECTION('ref_axis',(0.,0.,-1.));
#4317=DIRECTION('',(0.,0.,-1.));
#4318=DIRECTION('',(0.,0.,1.));
#4319=DIRECTION('',(0.,1.,0.));
#4320=DIRECTION('center_axis',(-1.,0.,0.));
#4321=DIRECTION('ref_axis',(0.,0.,1.));
#4322=DIRECTION('',(0.,0.,-1.));
#4323=DIRECTION('',(0.,-1.,0.));
#4324=DIRECTION('',(0.,0.,-1.));
#4325=DIRECTION('center_axis',(0.,0.,-1.));
#4326=DIRECTION('ref_axis',(-1.,0.,0.));
#4327=DIRECTION('',(1.,0.,0.));
#4328=DIRECTION('',(-1.,0.,0.));
#4329=DIRECTION('',(0.,1.,0.));
#4330=DIRECTION('',(-1.,0.,0.));
#4331=DIRECTION('center_axis',(0.,0.,-1.));
#4332=DIRECTION('ref_axis',(-1.,0.,0.));
#4333=DIRECTION('',(1.,0.,0.));
#4334=DIRECTION('',(0.,-1.,0.));
#4335=DIRECTION('',(-1.,0.,0.));
#4336=DIRECTION('',(0.,1.,0.));
#4337=DIRECTION('center_axis',(0.,0.,-1.));
#4338=DIRECTION('ref_axis',(-1.,0.,0.));
#4339=DIRECTION('',(-1.,0.,0.));
#4340=DIRECTION('',(0.,-1.,0.));
#4341=DIRECTION('',(-1.,0.,0.));
#4342=DIRECTION('',(0.,1.,0.));
#4343=DIRECTION('',(1.,0.,0.));
#4344=DIRECTION('center_axis',(0.,-1.,0.));
#4345=DIRECTION('ref_axis',(-1.,0.,0.));
#4346=DIRECTION('',(0.,0.,-1.));
#4347=DIRECTION('center_axis',(0.,1.,0.));
#4348=DIRECTION('ref_axis',(-1.,0.,0.));
#4349=DIRECTION('',(0.,0.,1.));
#4350=DIRECTION('center_axis',(0.,1.,0.));
#4351=DIRECTION('ref_axis',(-1.,0.,0.));
#4352=DIRECTION('',(0.,0.,-1.));
#4353=DIRECTION('',(0.,0.,1.));
#4354=DIRECTION('center_axis',(0.,1.,0.));
#4355=DIRECTION('ref_axis',(-1.,0.,0.));
#4356=DIRECTION('',(0.,0.,1.));
#4357=DIRECTION('center_axis',(0.,1.,0.));
#4358=DIRECTION('ref_axis',(0.,0.,1.));
#4359=DIRECTION('',(0.,0.,1.));
#4360=DIRECTION('',(0.,0.,-1.));
#4361=DIRECTION('center_axis',(1.,0.,0.));
#4362=DIRECTION('ref_axis',(0.,0.,-1.));
#4363=DIRECTION('',(0.,0.,1.));
#4364=DIRECTION('',(0.,-1.,0.));
#4365=DIRECTION('',(0.,0.,-1.));
#4366=DIRECTION('center_axis',(0.,1.,0.));
#4367=DIRECTION('ref_axis',(0.,0.,1.));
#4368=DIRECTION('',(0.,0.,-1.));
#4369=DIRECTION('',(1.,0.,0.));
#4370=DIRECTION('center_axis',(-1.,0.,0.));
#4371=DIRECTION('ref_axis',(0.,0.,1.));
#4372=DIRECTION('',(0.,0.,1.));
#4373=DIRECTION('center_axis',(0.,1.,0.));
#4374=DIRECTION('ref_axis',(0.,0.,1.));
#4375=DIRECTION('center_axis',(0.,0.,1.));
#4376=DIRECTION('ref_axis',(-1.,0.,0.));
#4377=DIRECTION('center_axis',(0.,0.,1.));
#4378=DIRECTION('ref_axis',(-1.,0.,0.));
#4379=DIRECTION('center_axis',(0.,0.,-1.));
#4380=DIRECTION('ref_axis',(1.,0.,0.));
#4381=DIRECTION('center_axis',(0.,0.,1.));
#4382=DIRECTION('ref_axis',(-1.,0.,0.));
#4383=DIRECTION('center_axis',(0.,0.,1.));
#4384=DIRECTION('ref_axis',(-1.,0.,0.));
#4385=DIRECTION('center_axis',(0.,0.,-1.));
#4386=DIRECTION('ref_axis',(1.,0.,0.));
#4387=DIRECTION('center_axis',(0.,0.,1.));
#4388=DIRECTION('ref_axis',(-1.,0.,0.));
#4389=DIRECTION('center_axis',(0.,0.,1.));
#4390=DIRECTION('ref_axis',(-1.,0.,0.));
#4391=DIRECTION('center_axis',(0.,0.,-1.));
#4392=DIRECTION('ref_axis',(1.,0.,0.));
#4393=DIRECTION('center_axis',(0.,0.,1.));
#4394=DIRECTION('ref_axis',(-1.,0.,0.));
#4395=DIRECTION('center_axis',(0.,0.,1.));
#4396=DIRECTION('ref_axis',(-1.,0.,0.));
#4397=DIRECTION('center_axis',(0.,0.,-1.));
#4398=DIRECTION('ref_axis',(1.,0.,0.));
#4399=DIRECTION('center_axis',(0.,1.,0.));
#4400=DIRECTION('ref_axis',(-1.,0.,0.));
#4401=DIRECTION('',(0.,0.,-1.));
#4402=DIRECTION('center_axis',(1.,0.,0.));
#4403=DIRECTION('ref_axis',(0.,0.,-1.));
#4404=DIRECTION('',(0.,0.,1.));
#4405=DIRECTION('',(0.,1.,0.));
#4406=DIRECTION('center_axis',(0.,0.,-1.));
#4407=DIRECTION('ref_axis',(1.,0.,0.));
#4408=DIRECTION('center_axis',(0.,0.,-1.));
#4409=DIRECTION('ref_axis',(1.,0.,0.));
#4410=DIRECTION('center_axis',(0.,0.,-1.));
#4411=DIRECTION('ref_axis',(1.,0.,0.));
#4412=DIRECTION('center_axis',(0.,0.,-1.));
#4413=DIRECTION('ref_axis',(1.,0.,0.));
#4414=DIRECTION('',(0.,0.,-1.));
#4415=DIRECTION('center_axis',(0.,0.,-1.));
#4416=DIRECTION('ref_axis',(1.,0.,0.));
#4417=DIRECTION('',(0.,0.,-1.));
#4418=DIRECTION('center_axis',(0.,0.,-1.));
#4419=DIRECTION('ref_axis',(1.,0.,0.));
#4420=DIRECTION('center_axis',(0.,0.,-1.));
#4421=DIRECTION('ref_axis',(1.,0.,0.));
#4422=DIRECTION('center_axis',(0.,0.,-1.));
#4423=DIRECTION('ref_axis',(1.,0.,0.));
#4424=DIRECTION('center_axis',(0.,0.,-1.));
#4425=DIRECTION('ref_axis',(1.,0.,0.));
#4426=DIRECTION('',(0.,0.,-1.));
#4427=DIRECTION('center_axis',(0.,0.,-1.));
#4428=DIRECTION('ref_axis',(1.,0.,0.));
#4429=DIRECTION('',(0.,0.,-1.));
#4430=DIRECTION('center_axis',(0.,0.,-1.));
#4431=DIRECTION('ref_axis',(1.,0.,0.));
#4432=DIRECTION('center_axis',(0.,0.,-1.));
#4433=DIRECTION('ref_axis',(1.,0.,0.));
#4434=DIRECTION('center_axis',(0.,0.,-1.));
#4435=DIRECTION('ref_axis',(1.,0.,0.));
#4436=DIRECTION('center_axis',(0.,0.,-1.));
#4437=DIRECTION('ref_axis',(1.,0.,0.));
#4438=DIRECTION('',(0.,0.,-1.));
#4439=DIRECTION('center_axis',(0.,0.,-1.));
#4440=DIRECTION('ref_axis',(1.,0.,0.));
#4441=DIRECTION('',(0.,0.,-1.));
#4442=DIRECTION('center_axis',(0.,0.,-1.));
#4443=DIRECTION('ref_axis',(1.,0.,0.));
#4444=DIRECTION('center_axis',(0.,0.,-1.));
#4445=DIRECTION('ref_axis',(1.,0.,0.));
#4446=DIRECTION('center_axis',(0.,0.,-1.));
#4447=DIRECTION('ref_axis',(1.,0.,0.));
#4448=DIRECTION('center_axis',(0.,0.,-1.));
#4449=DIRECTION('ref_axis',(1.,0.,0.));
#4450=DIRECTION('',(0.,0.,-1.));
#4451=DIRECTION('center_axis',(0.,0.,-1.));
#4452=DIRECTION('ref_axis',(1.,0.,0.));
#4453=DIRECTION('',(0.,0.,-1.));
#4454=DIRECTION('center_axis',(0.,0.,-1.));
#4455=DIRECTION('ref_axis',(-1.,0.,0.));
#4456=DIRECTION('',(0.,0.,1.));
#4457=DIRECTION('center_axis',(0.,0.,-1.));
#4458=DIRECTION('ref_axis',(-1.,0.,0.));
#4459=DIRECTION('',(0.,0.,1.));
#4460=DIRECTION('center_axis',(0.,0.,-1.));
#4461=DIRECTION('ref_axis',(-1.,0.,0.));
#4462=DIRECTION('',(0.,0.,1.));
#4463=DIRECTION('center_axis',(0.,0.,-1.));
#4464=DIRECTION('ref_axis',(-1.,0.,0.));
#4465=DIRECTION('',(0.,0.,1.));
#4466=DIRECTION('center_axis',(0.,0.,1.));
#4467=DIRECTION('ref_axis',(-0.948683297265154,-0.316227768372919,0.));
#4468=DIRECTION('',(0.,0.,1.));
#4469=DIRECTION('',(0.,0.,-1.));
#4470=DIRECTION('center_axis',(-1.,0.,0.));
#4471=DIRECTION('ref_axis',(0.,0.,1.));
#4472=DIRECTION('center_axis',(0.,0.,-1.));
#4473=DIRECTION('ref_axis',(0.599999994039536,0.800000004470348,0.));
#4474=DIRECTION('',(0.,0.,1.));
#4475=DIRECTION('center_axis',(0.,0.,1.));
#4476=DIRECTION('ref_axis',(0.948683297265154,-0.316227768372919,0.));
#4477=DIRECTION('',(0.,0.,1.));
#4478=DIRECTION('',(0.,0.,-1.));
#4479=DIRECTION('center_axis',(1.,0.,0.));
#4480=DIRECTION('ref_axis',(0.,0.,-1.));
#4481=DIRECTION('center_axis',(0.,0.,1.));
#4482=DIRECTION('ref_axis',(-0.599999994039536,0.800000004470348,0.));
#4483=DIRECTION('',(0.,0.,-1.));
#4484=DIRECTION('center_axis',(1.,0.,0.));
#4485=DIRECTION('ref_axis',(0.,0.,-1.));
#4486=DIRECTION('',(0.,0.,-1.));
#4487=DIRECTION('center_axis',(0.,-1.,0.));
#4488=DIRECTION('ref_axis',(0.,0.,-1.));
#4489=DIRECTION('',(0.,0.,1.));
#4490=DIRECTION('',(0.,0.,-1.));
#4491=DIRECTION('center_axis',(-1.,2.22044604925031E-15,0.));
#4492=DIRECTION('ref_axis',(0.,0.,1.));
#4493=DIRECTION('',(0.,0.,1.));
#4494=DIRECTION('center_axis',(0.,0.,1.));
#4495=DIRECTION('ref_axis',(-1.33226762955019E-15,-1.,0.));
#4496=DIRECTION('center_axis',(0.,0.,1.));
#4497=DIRECTION('ref_axis',(-1.,0.,0.));
#4498=DIRECTION('center_axis',(0.,-1.,0.));
#4499=DIRECTION('ref_axis',(0.,0.,-1.));
#4500=DIRECTION('',(1.,0.,0.));
#4501=DIRECTION('center_axis',(0.,0.,1.));
#4502=DIRECTION('ref_axis',(0.,-1.,0.));
#4503=CARTESIAN_POINT('',(0.,0.,0.));
#4504=CARTESIAN_POINT('Origin',(32.0000004768372,-10.4999997615814,36.2));
#4505=CARTESIAN_POINT('',(-32.0000004768372,-10.4999997615814,36.2));
#4506=CARTESIAN_POINT('',(32.0000004768372,-10.4999997615814,36.2));
#4507=CARTESIAN_POINT('',(16.0000002384186,-10.4999997615814,36.2));
#4508=CARTESIAN_POINT('',(-32.0000004768372,-10.4999997615814,21.2));
#4509=CARTESIAN_POINT('',(-32.0000004768372,-10.4999997615814,18.1));
#4510=CARTESIAN_POINT('',(32.0000004768372,-10.4999997615814,21.2));
#4511=CARTESIAN_POINT('',(-32.0000004768372,-10.4999997615814,21.2));
#4512=CARTESIAN_POINT('',(32.0000004768372,-10.4999997615814,18.1));
#4513=CARTESIAN_POINT('Origin',(0.,-9.74999976158142,21.2));
#4514=CARTESIAN_POINT('',(-32.0000004768372,-8.99999976158142,21.2));
#4515=CARTESIAN_POINT('',(-32.0000004768372,-11.8749999850988,21.2));
#4516=CARTESIAN_POINT('',(32.0000004768372,-8.99999976158142,21.2));
#4517=CARTESIAN_POINT('',(32.0000004768372,-8.99999976158142,21.2));
#4518=CARTESIAN_POINT('',(32.0000004768372,2.12500022351742,21.2));
#4519=CARTESIAN_POINT('Origin',(-32.0000004768372,-14.0000002086163,0.));
#4520=CARTESIAN_POINT('',(-32.0000004768372,-8.99999976158142,38.));
#4521=CARTESIAN_POINT('',(-32.0000004768372,-8.99999976158142,18.1));
#4522=CARTESIAN_POINT('',(-32.0000004768372,-14.0000002086163,36.2));
#4523=CARTESIAN_POINT('',(-32.0000004768372,-26.2500001043081,36.2));
#4524=CARTESIAN_POINT('',(-32.0000004768372,-14.0000002086163,2.2));
#4525=CARTESIAN_POINT('',(-32.0000004768372,-14.0000002086163,0.));
#4526=CARTESIAN_POINT('',(-32.0000004768372,16.0000002086162,2.2));
#4527=CARTESIAN_POINT('',(-32.0000004768372,-7.00000010430813,2.2));
#4528=CARTESIAN_POINT('',(-32.0000004768372,16.0000002384186,38.));
#4529=CARTESIAN_POINT('',(-32.0000004768372,16.0000002086163,18.));
#4530=CARTESIAN_POINT('',(-32.0000004768372,-23.7499998807907,38.));
#4531=CARTESIAN_POINT('Origin',(0.,-38.5,36.2));
#4532=CARTESIAN_POINT('',(32.0000004768372,-14.0000002086163,36.2));
#4533=CARTESIAN_POINT('',(32.0000004768372,7.00000010430813,36.2));
#4534=CARTESIAN_POINT('',(34.0000004768372,-14.0000002086163,36.2));
#4535=CARTESIAN_POINT('',(30.0000004768372,-14.0000002086163,36.2));
#4536=CARTESIAN_POINT('',(34.0000007450581,-12.9999997615814,36.2));
#4537=CARTESIAN_POINT('',(34.0000004768372,7.00000010430813,36.2));
#4538=CARTESIAN_POINT('',(49.7500007450581,-12.9999997615814,36.2));
#4539=CARTESIAN_POINT('',(25.000000372529,-12.9999997615814,36.2));
#4540=CARTESIAN_POINT('',(49.7500007450581,16.0000002086163,36.2));
#4541=CARTESIAN_POINT('',(49.7500007450581,-23.7499998807907,36.2));
#4542=CARTESIAN_POINT('',(52.0000007450581,16.0000002086163,36.2));
#4543=CARTESIAN_POINT('',(25.000000372529,16.0000002086163,36.2));
#4544=CARTESIAN_POINT('',(52.0000007450581,-14.0000001912316,36.2));
#4545=CARTESIAN_POINT('',(52.0000007450581,-26.2500001043081,36.2));
#4546=CARTESIAN_POINT('',(51.0000007301569,-17.0000002110998,36.2));
#4547=CARTESIAN_POINT('Origin',(47.0000007450581,-14.0000001912316,36.2));
#4548=CARTESIAN_POINT('',(49.9999992847443,-20.000000230968,36.2));
#4549=CARTESIAN_POINT('Origin',(55.0000007152557,-20.000000230968,36.2));
#4550=CARTESIAN_POINT('',(49.9999992847443,-81.0000002086163,36.2));
#4551=CARTESIAN_POINT('',(50.0000007152557,-59.7500001043081,36.2));
#4552=CARTESIAN_POINT('',(37.9999992847443,-93.0000002086162,36.2));
#4553=CARTESIAN_POINT('Origin',(37.9999992847443,-81.0000002086163,36.2));
#4554=CARTESIAN_POINT('',(-38.0000007152557,-93.0000002086162,36.2));
#4555=CARTESIAN_POINT('',(-19.0000003576279,-93.0000002086162,36.2));
#4556=CARTESIAN_POINT('',(-50.0000007152558,-81.0000002086163,36.2));
#4557=CARTESIAN_POINT('Origin',(-38.0000007152558,-81.0000002086163,36.2));
#4558=CARTESIAN_POINT('',(-50.0000007152557,-20.000000230968,36.2));
#4559=CARTESIAN_POINT('',(-50.0000007152558,-26.2500001043081,36.2));
#4560=CARTESIAN_POINT('',(-51.0000007301569,-17.0000002110998,36.2));
#4561=CARTESIAN_POINT('Origin',(-55.0000007152557,-20.000000230968,36.2));
#4562=CARTESIAN_POINT('',(-52.0000007450581,-14.0000001912316,36.2));
#4563=CARTESIAN_POINT('Origin',(-47.0000007450581,-14.0000001912316,36.2));
#4564=CARTESIAN_POINT('',(-52.0000007450581,16.0000002086163,36.2));
#4565=CARTESIAN_POINT('',(-52.0000007450581,-12.2499998956919,36.2));
#4566=CARTESIAN_POINT('',(-49.7500007450581,16.0000002086163,36.2));
#4567=CARTESIAN_POINT('',(25.000000372529,16.0000002086163,36.2));
#4568=CARTESIAN_POINT('',(-49.7500007450581,-12.9999997615814,36.2));
#4569=CARTESIAN_POINT('',(-49.7500007450581,-12.2499998956919,36.2));
#4570=CARTESIAN_POINT('',(-34.0000007450581,-12.9999997615814,36.2));
#4571=CARTESIAN_POINT('',(-17.000000372529,-12.9999997615814,36.2));
#4572=CARTESIAN_POINT('',(-34.0000004768372,-14.0000002086163,36.2));
#4573=CARTESIAN_POINT('',(-34.0000004768372,-26.2500001043081,36.2));
#4574=CARTESIAN_POINT('',(-25.000000372529,-14.0000002086163,36.2));
#4575=CARTESIAN_POINT('',(-39.4000006332993,-19.5000002905726,36.2));
#4576=CARTESIAN_POINT('Origin',(-42.5000006332994,-19.5000002905726,36.2));
#4577=CARTESIAN_POINT('',(-35.9000005811453,-82.0000012218952,36.2));
#4578=CARTESIAN_POINT('Origin',(-39.0000005811453,-82.0000012218952,36.2));
#4579=CARTESIAN_POINT('',(47.1000006556511,-34.0000005066395,36.2));
#4580=CARTESIAN_POINT('Origin',(44.0000006556511,-34.0000005066395,36.2));
#4581=CARTESIAN_POINT('',(42.1000005811453,-82.0000012218952,36.2));
#4582=CARTESIAN_POINT('Origin',(39.0000005811453,-82.0000012218952,36.2));
#4583=CARTESIAN_POINT('',(-0.122320145678347,-25.0139313115794,36.2));
#4584=CARTESIAN_POINT('',(-4.13797142707835,-22.7318537231692,36.2));
#4585=CARTESIAN_POINT('',(0.812647408116801,-25.5452694061718,36.2));
#4586=CARTESIAN_POINT('',(-8.12213423274867,-25.0684709513961,36.2));
#4587=CARTESIAN_POINT('',(-8.03103732105207,-25.0150447678562,36.2));
#4588=CARTESIAN_POINT('',(-8.09064575701899,-29.6871657680331,36.2));
#4589=CARTESIAN_POINT('',(-8.06041788756407,-34.1209562496023,36.2));
#4590=CARTESIAN_POINT('',(-4.07499447561899,-31.9692433564433,36.2));
#4591=CARTESIAN_POINT('',(-1.13220128112384,-33.6416202452407,36.2));
#4592=CARTESIAN_POINT('',(-0.0908316699486678,-29.6326261282164,36.2));
#4593=CARTESIAN_POINT('',(-1.99181616108723,-30.7475085587899,36.2));
#4594=CARTESIAN_POINT('',(-0.0763480383585966,-31.7570692014671,36.2));
#4595=CARTESIAN_POINT('',(-0.0160465400906706,-40.6020263177293,36.2));
#4596=CARTESIAN_POINT('',(-4.03169782149067,-38.3199487293191,36.2));
#4597=CARTESIAN_POINT('',(-2.46928475497677,-39.2078614471006,36.2));
#4598=CARTESIAN_POINT('',(-8.01586062716099,-40.656565957546,36.2));
#4599=CARTESIAN_POINT('',(-4.56312634818006,-38.6316189876897,36.2));
#4600=CARTESIAN_POINT('',(-7.98437215143131,-45.275260774183,36.2));
#4601=CARTESIAN_POINT('',(-8.00728108477023,-41.9150037526773,36.2));
#4602=CARTESIAN_POINT('',(-3.96872087003131,-47.5573383625931,36.2));
#4603=CARTESIAN_POINT('',(-4.41413344421741,-47.3042122861696,36.2));
#4604=CARTESIAN_POINT('',(0.015441935639009,-45.2207211343663,36.2));
#4605=CARTESIAN_POINT('',(1.47609481178478,-44.3640827786234,36.2));
#4606=CARTESIAN_POINT('',(-0.0232112355647542,-39.5511167045421,36.2));
#4607=CARTESIAN_POINT('',(-26.9091454783653,-56.3741926082606,36.2));
#4608=CARTESIAN_POINT('',(-30.9247967597653,-54.0921150198504,36.2));
#4609=CARTESIAN_POINT('',(-22.5859721558889,-58.831033668074,36.2));
#4610=CARTESIAN_POINT('',(-34.9089595654356,-56.4287322480773,36.2));
#4611=CARTESIAN_POINT('',(-18.0096758173174,-46.5177021329553,36.2));
#4612=CARTESIAN_POINT('',(-34.8774710897059,-61.0474270647143,36.2));
#4613=CARTESIAN_POINT('',(-34.9535168258387,-49.8931225401336,36.2));
#4614=CARTESIAN_POINT('',(-30.861819808306,-63.3295046531244,36.2));
#4615=CARTESIAN_POINT('',(-24.5308208451296,-66.927384507143,36.2));
#4616=CARTESIAN_POINT('',(-26.8776570026356,-60.9928874248976,36.2));
#4617=CARTESIAN_POINT('',(-11.9704546573525,-52.2501659238891,36.2));
#4618=CARTESIAN_POINT('',(-26.9694469766332,-47.5292354919984,36.2));
#4619=CARTESIAN_POINT('',(-36.0152099319071,-40.8474546969045,36.2));
#4620=CARTESIAN_POINT('',(-40.0308612133071,-38.5653771084943,36.2));
#4621=CARTESIAN_POINT('',(-24.9156250720682,-47.15530168716,36.2));
#4622=CARTESIAN_POINT('',(-44.0150240189774,-40.9019943367212,36.2));
#4623=CARTESIAN_POINT('',(-27.1157402708592,-30.9909642215992,36.2));
#4624=CARTESIAN_POINT('',(-43.9835355432477,-45.5206891533582,36.2));
#4625=CARTESIAN_POINT('',(-44.0064444765867,-42.1604321318525,36.2));
#4626=CARTESIAN_POINT('',(-39.9678842618477,-47.8027667417683,36.2));
#4627=CARTESIAN_POINT('',(-26.8604737613088,-55.251652526229,36.2));
#4628=CARTESIAN_POINT('',(-35.9837214561774,-45.4661495135415,36.2));
#4629=CARTESIAN_POINT('',(-21.0765191108943,-36.7234280125329,36.2));
#4630=CARTESIAN_POINT('',(-36.0223746273812,-39.7965450837172,36.2));
#4631=CARTESIAN_POINT('',(-13.5688696148157,-32.900014456845,36.2));
#4632=CARTESIAN_POINT('',(-17.5845208962157,-30.6179368684349,36.2));
#4633=CARTESIAN_POINT('',(-9.24569629233927,-35.3568555166585,36.2));
#4634=CARTESIAN_POINT('',(-21.568683701886,-32.9545540966617,36.2));
#4635=CARTESIAN_POINT('',(-14.7543120556207,-28.958086340489,36.2));
#4636=CARTESIAN_POINT('',(-21.5371952261563,-37.5732489132987,36.2));
#4637=CARTESIAN_POINT('',(-21.5335357580983,-38.1100156433305,36.2));
#4638=CARTESIAN_POINT('',(-17.5215439447563,-39.8553265017089,36.2));
#4639=CARTESIAN_POINT('',(-11.1905449815799,-43.4532063557274,36.2));
#4640=CARTESIAN_POINT('',(-13.537381139086,-37.518709273482,36.2));
#4641=CARTESIAN_POINT('',(-8.71509089565589,-34.6905501314227,36.2));
#4642=CARTESIAN_POINT('',(-13.5494659088928,-35.7461285951953,36.2));
#4643=CARTESIAN_POINT('',(-31.5684513107239,-33.0227286464326,36.2));
#4644=CARTESIAN_POINT('',(-35.5841025921239,-30.7406510580225,36.2));
#4645=CARTESIAN_POINT('',(-20.468866450885,-39.3305756366882,36.2));
#4646=CARTESIAN_POINT('',(-39.5682653977942,-33.0772682862493,36.2));
#4647=CARTESIAN_POINT('',(-26.0306190169603,-25.1377589574438,36.2));
#4648=CARTESIAN_POINT('',(-39.5367769220645,-37.6959631028863,36.2));
#4649=CARTESIAN_POINT('',(-39.5331174540065,-38.2327298329181,36.2));
#4650=CARTESIAN_POINT('',(-35.5211256406645,-39.9780406912965,36.2));
#4651=CARTESIAN_POINT('',(-22.4137151401256,-47.4269264757571,36.2));
#4652=CARTESIAN_POINT('',(-31.5369628349942,-37.6414234630696,36.2));
#4653=CARTESIAN_POINT('',(-19.9913978569954,-30.8702227483775,36.2));
#4654=CARTESIAN_POINT('',(-31.549047604801,-35.8688427847829,36.2));
#4655=CARTESIAN_POINT('',(-22.4623868571821,-48.5494665577887,36.2));
#4656=CARTESIAN_POINT('',(-26.4780381385821,-46.2673889693786,36.2));
#4657=CARTESIAN_POINT('',(-18.1392135347057,-51.0063076176022,36.2));
#4658=CARTESIAN_POINT('',(-30.4622009442524,-48.6040061976054,36.2));
#4659=CARTESIAN_POINT('',(-16.9245545634185,-40.6644968687999,36.2));
#4660=CARTESIAN_POINT('',(-30.4307124685227,-53.2227010142424,36.2));
#4661=CARTESIAN_POINT('',(-30.4801898032586,-45.9654202411992,36.2));
#4662=CARTESIAN_POINT('',(-26.4150611871227,-55.5047786026526,36.2));
#4663=CARTESIAN_POINT('',(-20.0840622239463,-59.1026584566711,36.2));
#4664=CARTESIAN_POINT('',(-22.4308983814524,-53.1681613744257,36.2));
#4665=CARTESIAN_POINT('',(-10.8853334034537,-46.3969606597336,36.2));
#4666=CARTESIAN_POINT('',(-22.4961199540531,-43.601533193064,36.2));
#4667=CARTESIAN_POINT('',(-4.46280516127389,-48.4267523682011,36.2));
#4668=CARTESIAN_POINT('',(-8.47845644267388,-46.144674779791,36.2));
#4669=CARTESIAN_POINT('',(-6.91604337615999,-47.0325874975725,36.2));
#4670=CARTESIAN_POINT('',(-12.4626192483442,-48.4812920080178,36.2));
#4671=CARTESIAN_POINT('',(-5.64824760207895,-44.4848242518451,36.2));
#4672=CARTESIAN_POINT('',(-12.4311307726145,-53.0999868246548,36.2));
#4673=CARTESIAN_POINT('',(-12.4806081073504,-45.8427060516117,36.2));
#4674=CARTESIAN_POINT('',(-8.41547949121452,-55.382064413065,36.2));
#4675=CARTESIAN_POINT('',(-8.86089206540063,-55.1289383366414,36.2));
#4676=CARTESIAN_POINT('',(-4.43131668554421,-53.0454471848381,36.2));
#4677=CARTESIAN_POINT('',(0.390973557885895,-50.2172880427789,36.2));
#4678=CARTESIAN_POINT('',(-4.49653825814489,-43.4788190034764,36.2));
#4679=CARTESIAN_POINT('',(4.43071208109254,-32.7773002672574,36.2));
#4680=CARTESIAN_POINT('',(0.415060799692546,-30.4952226788473,36.2));
#4681=CARTESIAN_POINT('',(1.97747386620644,-31.3831353966288,36.2));
#4682=CARTESIAN_POINT('',(-3.56910200597778,-32.8318399070741,36.2));
#4683=CARTESIAN_POINT('',(-3.47800509428118,-32.7784137235342,36.2));
#4684=CARTESIAN_POINT('',(-3.53761353024809,-37.4505347237111,36.2));
#4685=CARTESIAN_POINT('',(-3.5339540621901,-37.9873014537429,36.2));
#4686=CARTESIAN_POINT('',(0.478037751151905,-39.7326123121213,36.2));
#4687=CARTESIAN_POINT('',(0.0326251769658032,-39.4794862356977,36.2));
#4688=CARTESIAN_POINT('',(4.46220055682222,-37.3959950838944,36.2));
#4689=CARTESIAN_POINT('',(2.56121606568366,-38.510877514468,36.2));
#4690=CARTESIAN_POINT('',(4.45011578701538,-35.6234144056077,36.2));
#4691=CARTESIAN_POINT('',(4.53698568668022,-48.3653952734073,36.2));
#4692=CARTESIAN_POINT('',(0.521334405280223,-46.0833176849972,36.2));
#4693=CARTESIAN_POINT('',(-1.30445829688713,-45.0457274375576,36.2));
#4694=CARTESIAN_POINT('',(-3.4628284003901,-48.419934913224,36.2));
#4695=CARTESIAN_POINT('',(-0.010094121409171,-46.3949879433677,36.2));
#4696=CARTESIAN_POINT('',(-3.43133992466042,-53.038629729861,36.2));
#4697=CARTESIAN_POINT('',(-3.48081725939626,-45.7813489568179,36.2));
#4698=CARTESIAN_POINT('',(0.584311356739582,-55.3207073182712,36.2));
#4699=CARTESIAN_POINT('',(-3.24930698612777,-53.1420782766265,36.2));
#4700=CARTESIAN_POINT('',(4.5684741624099,-52.9840900900443,36.2));
#4701=CARTESIAN_POINT('',(6.02912703855567,-52.1274517343015,36.2));
#4702=CARTESIAN_POINT('',(4.50325258980922,-43.4174619086826,36.2));
#4703=CARTESIAN_POINT('',(-13.462596009228,-48.4881094629949,36.2));
#4704=CARTESIAN_POINT('',(-17.478247290628,-46.2060318745848,36.2));
#4705=CARTESIAN_POINT('',(-12.5276284554328,-49.0194475575873,36.2));
#4706=CARTESIAN_POINT('',(-21.4624100962983,-48.5426491028116,36.2));
#4707=CARTESIAN_POINT('',(-11.2864010827487,-42.5746605603225,36.2));
#4708=CARTESIAN_POINT('',(-21.4309216205686,-53.1613439194486,36.2));
#4709=CARTESIAN_POINT('',(-21.4803989553045,-45.9040631464055,36.2));
#4710=CARTESIAN_POINT('',(-17.4152703391686,-55.4434215078588,36.2));
#4711=CARTESIAN_POINT('',(-14.4724771446735,-57.1157983966563,36.2));
#4712=CARTESIAN_POINT('',(-13.4311075334983,-53.1068042796319,36.2));
#4713=CARTESIAN_POINT('',(-5.24717992278388,-48.3071243512562,36.2));
#4714=CARTESIAN_POINT('',(-13.496329106099,-43.5401760982702,36.2));
#4715=CARTESIAN_POINT('',(-27.015419083953,-40.7860976021107,36.2));
#4716=CARTESIAN_POINT('',(-31.031070365353,-38.5040200137005,36.2));
#4717=CARTESIAN_POINT('',(-19.3040399927953,-45.1684416271452,36.2));
#4718=CARTESIAN_POINT('',(-35.0152331710233,-40.8406372419274,36.2));
#4719=CARTESIAN_POINT('',(-21.4775867901894,-32.9011279131218,36.2));
#4720=CARTESIAN_POINT('',(-34.9837446952936,-45.4593320585644,36.2));
#4721=CARTESIAN_POINT('',(-35.0066536286325,-42.0990750370587,36.2));
#4722=CARTESIAN_POINT('',(-30.9680934138936,-47.7414096469745,36.2));
#4723=CARTESIAN_POINT('',(-21.248888682036,-53.2647924662141,36.2));
#4724=CARTESIAN_POINT('',(-26.9839306082233,-45.4047924187477,36.2));
#4725=CARTESIAN_POINT('',(-15.4383656302245,-38.6335917040556,36.2));
#4726=CARTESIAN_POINT('',(-27.0225837794271,-39.7351879889235,36.2));
#4727=CARTESIAN_POINT('',(-18.1219018415866,-25.136645501167,36.2));
#4728=CARTESIAN_POINT('',(-22.1375531229866,-22.8545679127568,36.2));
#4729=CARTESIAN_POINT('',(-10.4105227504289,-29.5189895262015,36.2));
#4730=CARTESIAN_POINT('',(-26.1217159286569,-25.1911851409837,36.2));
#4731=CARTESIAN_POINT('',(-19.3073442823916,-21.194717384811,36.2));
#4732=CARTESIAN_POINT('',(-26.0902274529272,-29.8098799576207,36.2));
#4733=CARTESIAN_POINT('',(-26.0599995834723,-34.2436704391899,36.2));
#4734=CARTESIAN_POINT('',(-22.0745761715272,-32.0919575460308,36.2));
#4735=CARTESIAN_POINT('',(-12.3553714396696,-37.6153403652704,36.2));
#4736=CARTESIAN_POINT('',(-18.0904133658569,-29.755340317804,36.2));
#4737=CARTESIAN_POINT('',(-13.2681231224268,-26.9271811757447,36.2));
#4738=CARTESIAN_POINT('',(-18.0759297342668,-31.8797833910547,36.2));
#4739=CARTESIAN_POINT('',(-22.5686604627698,-32.9613715516388,36.2));
#4740=CARTESIAN_POINT('',(-26.5843117441698,-30.6792939632287,36.2));
#4741=CARTESIAN_POINT('',(-14.8572813716121,-37.3437155766733,36.2));
#4742=CARTESIAN_POINT('',(-30.5684745498401,-33.0159111914555,36.2));
#4743=CARTESIAN_POINT('',(-20.3924655362905,-27.0479226489664,36.2));
#4744=CARTESIAN_POINT('',(-30.5369860741104,-37.6346060080925,36.2));
#4745=CARTESIAN_POINT('',(-30.5333266060524,-38.1713727381243,36.2));
#4746=CARTESIAN_POINT('',(-26.5213347927104,-39.9166835965027,36.2));
#4747=CARTESIAN_POINT('',(-16.8021300608528,-45.4400664157423,36.2));
#4748=CARTESIAN_POINT('',(-22.5371719870401,-37.5800663682758,36.2));
#4749=CARTESIAN_POINT('',(-14.3532443763257,-32.7803864399001,36.2));
#4750=CARTESIAN_POINT('',(-22.5492567568469,-35.8074856899891,36.2));
#4751=CARTESIAN_POINT('',(-18.0156282359989,-40.7247405073169,36.2));
#4752=CARTESIAN_POINT('',(-22.0312795173989,-38.4426629189067,36.2));
#4753=CARTESIAN_POINT('',(-13.6924549135225,-43.1815815671303,36.2));
#4754=CARTESIAN_POINT('',(-26.0154423230692,-40.7792801471336,36.2));
#4755=CARTESIAN_POINT('',(-15.8394333095196,-34.8112916046445,36.2));
#4756=CARTESIAN_POINT('',(-25.9839538473395,-45.3979749637706,36.2));
#4757=CARTESIAN_POINT('',(-26.0068627806784,-42.0377179422649,36.2));
#4758=CARTESIAN_POINT('',(-21.9683025659395,-47.6800525521807,36.2));
#4759=CARTESIAN_POINT('',(-15.6373036027631,-51.2779324061993,36.2));
#4760=CARTESIAN_POINT('',(-17.9841397602692,-45.3434353239539,36.2));
#4761=CARTESIAN_POINT('',(-9.80021214955477,-40.5437553955782,36.2));
#4762=CARTESIAN_POINT('',(-18.022792931473,-39.6738308941297,36.2));
#4763=CARTESIAN_POINT('',(-8.9843489123151,-45.2820782291601,36.2));
#4764=CARTESIAN_POINT('',(-9.01583738804478,-40.6633834125231,36.2));
#4765=CARTESIAN_POINT('',(-9.02300208351886,-39.6124737993359,36.2));
#4766=CARTESIAN_POINT('',(-13.0314886694448,-38.3813058241129,36.2));
#4767=CARTESIAN_POINT('',(-8.08086983424963,-41.1947215071155,36.2));
#4768=CARTESIAN_POINT('',(-17.0156514751151,-40.7179230523398,36.2));
#4769=CARTESIAN_POINT('',(-10.2012798288498,-36.7214552961671,36.2));
#4770=CARTESIAN_POINT('',(-16.9841629993854,-45.3366178689768,36.2));
#4771=CARTESIAN_POINT('',(-17.0070719327243,-41.9763608474711,36.2));
#4772=CARTESIAN_POINT('',(-12.9685117179854,-47.6186954573869,36.2));
#4773=CARTESIAN_POINT('',(-10.0257185234903,-49.2910723461844,36.2));
#4774=CARTESIAN_POINT('',(-4.162058668885,-42.4539190871008,36.2));
#4775=CARTESIAN_POINT('',(9.09001791345111,-56.1287642290854,36.2));
#4776=CARTESIAN_POINT('',(5.07436663205111,-53.8466866406752,36.2));
#4777=CARTESIAN_POINT('',(-0.13963183879749,-50.8835934280146,36.2));
#4778=CARTESIAN_POINT('',(1.09020382638079,-56.1833038689021,36.2));
#4779=CARTESIAN_POINT('',(4.54293810536172,-54.1583568990458,36.2));
#4780=CARTESIAN_POINT('',(1.12169230211047,-60.8019986855391,36.2));
#4781=CARTESIAN_POINT('',(1.04564656597771,-49.6476941609584,36.2));
#4782=CARTESIAN_POINT('',(5.13734358351047,-63.0840762739493,36.2));
#4783=CARTESIAN_POINT('',(-2.08448052803813,-58.9799442670835,36.2));
#4784=CARTESIAN_POINT('',(9.12150638918079,-60.7474590457224,36.2));
#4785=CARTESIAN_POINT('',(10.5821592653266,-59.8908206899795,36.2));
#4786=CARTESIAN_POINT('',(9.02971641518319,-47.2838071128232,36.2));
#4787=CARTESIAN_POINT('Origin',(5.13734358351047,-63.0840762739493,38.));
#4788=CARTESIAN_POINT('',(1.12169230211047,-60.8019986855391,38.));
#4789=CARTESIAN_POINT('',(1.12169230211047,-60.8019986855391,38.));
#4790=CARTESIAN_POINT('',(5.13734358351047,-63.0840762739493,38.));
#4791=CARTESIAN_POINT('',(-2.08448052803813,-58.9799442670835,38.));
#4792=CARTESIAN_POINT('',(5.13734358351047,-63.0840762739493,38.));
#4793=CARTESIAN_POINT('Origin',(9.12150638918079,-60.7474590457224,38.));
#4794=CARTESIAN_POINT('',(9.12150638918079,-60.7474590457224,38.));
#4795=CARTESIAN_POINT('',(10.5821592653266,-59.8908206899795,38.));
#4796=CARTESIAN_POINT('',(9.12150638918079,-60.7474590457224,38.));
#4797=CARTESIAN_POINT('Origin',(9.09001791345111,-56.1287642290854,38.));
#4798=CARTESIAN_POINT('',(9.09001791345111,-56.1287642290854,38.));
#4799=CARTESIAN_POINT('',(9.02971641518319,-47.2838071128232,38.));
#4800=CARTESIAN_POINT('',(9.09001791345111,-56.1287642290854,38.));
#4801=CARTESIAN_POINT('Origin',(5.07436663205111,-53.8466866406752,38.));
#4802=CARTESIAN_POINT('',(5.07436663205111,-53.8466866406752,38.));
#4803=CARTESIAN_POINT('',(-0.13963183879749,-50.8835934280146,38.));
#4804=CARTESIAN_POINT('',(5.07436663205111,-53.8466866406752,38.));
#4805=CARTESIAN_POINT('Origin',(1.09020382638079,-56.1833038689021,38.));
#4806=CARTESIAN_POINT('',(1.09020382638079,-56.1833038689021,38.));
#4807=CARTESIAN_POINT('',(4.54293810536172,-54.1583568990458,38.));
#4808=CARTESIAN_POINT('',(1.09020382638079,-56.1833038689021,38.));
#4809=CARTESIAN_POINT('Origin',(1.12169230211047,-60.8019986855391,38.));
#4810=CARTESIAN_POINT('',(1.04564656597771,-49.6476941609584,38.));
#4811=CARTESIAN_POINT('Origin',(-16.9841629993854,-45.3366178689768,38.));
#4812=CARTESIAN_POINT('',(-17.0156514751151,-40.7179230523398,38.));
#4813=CARTESIAN_POINT('',(-17.0156514751151,-40.7179230523398,38.));
#4814=CARTESIAN_POINT('',(-16.9841629993854,-45.3366178689768,38.));
#4815=CARTESIAN_POINT('',(-17.0070719327243,-41.9763608474711,38.));
#4816=CARTESIAN_POINT('',(-16.9841629993854,-45.3366178689768,38.));
#4817=CARTESIAN_POINT('Origin',(-12.9685117179854,-47.6186954573869,38.));
#4818=CARTESIAN_POINT('',(-12.9685117179854,-47.6186954573869,38.));
#4819=CARTESIAN_POINT('',(-10.0257185234903,-49.2910723461844,38.));
#4820=CARTESIAN_POINT('',(-12.9685117179854,-47.6186954573869,38.));
#4821=CARTESIAN_POINT('Origin',(-8.9843489123151,-45.2820782291601,38.));
#4822=CARTESIAN_POINT('',(-8.9843489123151,-45.2820782291601,38.));
#4823=CARTESIAN_POINT('',(-4.162058668885,-42.4539190871008,38.));
#4824=CARTESIAN_POINT('',(-8.9843489123151,-45.2820782291601,38.));
#4825=CARTESIAN_POINT('Origin',(-9.01583738804478,-40.6633834125231,38.));
#4826=CARTESIAN_POINT('',(-9.01583738804478,-40.6633834125231,38.));
#4827=CARTESIAN_POINT('',(-9.02300208351886,-39.6124737993359,38.));
#4828=CARTESIAN_POINT('',(-9.01583738804478,-40.6633834125231,38.));
#4829=CARTESIAN_POINT('Origin',(-13.0314886694448,-38.3813058241129,38.));
#4830=CARTESIAN_POINT('',(-13.0314886694448,-38.3813058241129,38.));
#4831=CARTESIAN_POINT('',(-8.08086983424963,-41.1947215071155,38.));
#4832=CARTESIAN_POINT('',(-13.0314886694448,-38.3813058241129,38.));
#4833=CARTESIAN_POINT('Origin',(-17.0156514751151,-40.7179230523398,38.));
#4834=CARTESIAN_POINT('',(-10.2012798288498,-36.7214552961671,38.));
#4835=CARTESIAN_POINT('Origin',(-21.9683025659395,-47.6800525521807,38.));
#4836=CARTESIAN_POINT('',(-25.9839538473395,-45.3979749637706,38.));
#4837=CARTESIAN_POINT('',(-25.9839538473395,-45.3979749637706,38.));
#4838=CARTESIAN_POINT('',(-21.9683025659395,-47.6800525521807,38.));
#4839=CARTESIAN_POINT('',(-15.6373036027631,-51.2779324061993,38.));
#4840=CARTESIAN_POINT('',(-21.9683025659395,-47.6800525521807,38.));
#4841=CARTESIAN_POINT('Origin',(-17.9841397602692,-45.3434353239539,38.));
#4842=CARTESIAN_POINT('',(-17.9841397602692,-45.3434353239539,38.));
#4843=CARTESIAN_POINT('',(-9.80021214955477,-40.5437553955782,38.));
#4844=CARTESIAN_POINT('',(-17.9841397602692,-45.3434353239539,38.));
#4845=CARTESIAN_POINT('Origin',(-18.0156282359989,-40.7247405073169,38.));
#4846=CARTESIAN_POINT('',(-18.0156282359989,-40.7247405073169,38.));
#4847=CARTESIAN_POINT('',(-18.022792931473,-39.6738308941297,38.));
#4848=CARTESIAN_POINT('',(-18.0156282359989,-40.7247405073169,38.));
#4849=CARTESIAN_POINT('Origin',(-22.0312795173989,-38.4426629189067,38.));
#4850=CARTESIAN_POINT('',(-22.0312795173989,-38.4426629189067,38.));
#4851=CARTESIAN_POINT('',(-13.6924549135225,-43.1815815671303,38.));
#4852=CARTESIAN_POINT('',(-22.0312795173989,-38.4426629189067,38.));
#4853=CARTESIAN_POINT('Origin',(-26.0154423230692,-40.7792801471336,38.));
#4854=CARTESIAN_POINT('',(-26.0154423230692,-40.7792801471336,38.));
#4855=CARTESIAN_POINT('',(-15.8394333095196,-34.8112916046445,38.));
#4856=CARTESIAN_POINT('',(-26.0154423230692,-40.7792801471336,38.));
#4857=CARTESIAN_POINT('Origin',(-25.9839538473395,-45.3979749637706,38.));
#4858=CARTESIAN_POINT('',(-26.0068627806784,-42.0377179422649,38.));
#4859=CARTESIAN_POINT('Origin',(-26.5213347927104,-39.9166835965027,38.));
#4860=CARTESIAN_POINT('',(-30.5369860741104,-37.6346060080925,38.));
#4861=CARTESIAN_POINT('',(-30.5369860741104,-37.6346060080925,38.));
#4862=CARTESIAN_POINT('',(-26.5213347927104,-39.9166835965027,38.));
#4863=CARTESIAN_POINT('',(-16.8021300608528,-45.4400664157423,38.));
#4864=CARTESIAN_POINT('',(-26.5213347927104,-39.9166835965027,38.));
#4865=CARTESIAN_POINT('Origin',(-22.5371719870401,-37.5800663682758,38.));
#4866=CARTESIAN_POINT('',(-22.5371719870401,-37.5800663682758,38.));
#4867=CARTESIAN_POINT('',(-14.3532443763257,-32.7803864399001,38.));
#4868=CARTESIAN_POINT('',(-22.5371719870401,-37.5800663682758,38.));
#4869=CARTESIAN_POINT('Origin',(-22.5686604627698,-32.9613715516388,38.));
#4870=CARTESIAN_POINT('',(-22.5686604627698,-32.9613715516388,38.));
#4871=CARTESIAN_POINT('',(-22.5492567568469,-35.8074856899891,38.));
#4872=CARTESIAN_POINT('',(-22.5686604627698,-32.9613715516388,38.));
#4873=CARTESIAN_POINT('Origin',(-26.5843117441698,-30.6792939632287,38.));
#4874=CARTESIAN_POINT('',(-26.5843117441698,-30.6792939632287,38.));
#4875=CARTESIAN_POINT('',(-14.8572813716121,-37.3437155766733,38.));
#4876=CARTESIAN_POINT('',(-26.5843117441698,-30.6792939632287,38.));
#4877=CARTESIAN_POINT('Origin',(-30.5684745498401,-33.0159111914555,38.));
#4878=CARTESIAN_POINT('',(-30.5684745498401,-33.0159111914555,38.));
#4879=CARTESIAN_POINT('',(-20.3924655362905,-27.0479226489664,38.));
#4880=CARTESIAN_POINT('',(-30.5684745498401,-33.0159111914555,38.));
#4881=CARTESIAN_POINT('Origin',(-30.5369860741104,-37.6346060080925,38.));
#4882=CARTESIAN_POINT('',(-30.5333266060524,-38.1713727381243,38.));
#4883=CARTESIAN_POINT('Origin',(-22.0745761715272,-32.0919575460308,38.));
#4884=CARTESIAN_POINT('',(-26.0902274529272,-29.8098799576207,38.));
#4885=CARTESIAN_POINT('',(-26.0902274529272,-29.8098799576207,38.));
#4886=CARTESIAN_POINT('',(-22.0745761715272,-32.0919575460308,38.));
#4887=CARTESIAN_POINT('',(-12.3553714396696,-37.6153403652704,38.));
#4888=CARTESIAN_POINT('',(-22.0745761715272,-32.0919575460308,38.));
#4889=CARTESIAN_POINT('Origin',(-18.0904133658569,-29.755340317804,38.));
#4890=CARTESIAN_POINT('',(-18.0904133658569,-29.755340317804,38.));
#4891=CARTESIAN_POINT('',(-13.2681231224268,-26.9271811757447,38.));
#4892=CARTESIAN_POINT('',(-18.0904133658569,-29.755340317804,38.));
#4893=CARTESIAN_POINT('Origin',(-18.1219018415866,-25.136645501167,38.));
#4894=CARTESIAN_POINT('',(-18.1219018415866,-25.136645501167,38.));
#4895=CARTESIAN_POINT('',(-18.0759297342668,-31.8797833910547,38.));
#4896=CARTESIAN_POINT('',(-18.1219018415866,-25.136645501167,38.));
#4897=CARTESIAN_POINT('Origin',(-22.1375531229866,-22.8545679127568,38.));
#4898=CARTESIAN_POINT('',(-22.1375531229866,-22.8545679127568,38.));
#4899=CARTESIAN_POINT('',(-10.4105227504289,-29.5189895262015,38.));
#4900=CARTESIAN_POINT('',(-22.1375531229866,-22.8545679127568,38.));
#4901=CARTESIAN_POINT('Origin',(-26.1217159286569,-25.1911851409837,38.));
#4902=CARTESIAN_POINT('',(-26.1217159286569,-25.1911851409837,38.));
#4903=CARTESIAN_POINT('',(-19.3073442823916,-21.194717384811,38.));
#4904=CARTESIAN_POINT('',(-26.1217159286569,-25.1911851409837,38.));
#4905=CARTESIAN_POINT('Origin',(-26.0902274529272,-29.8098799576207,38.));
#4906=CARTESIAN_POINT('',(-26.0599995834723,-34.2436704391899,38.));
#4907=CARTESIAN_POINT('Origin',(-30.9680934138936,-47.7414096469745,38.));
#4908=CARTESIAN_POINT('',(-34.9837446952936,-45.4593320585644,38.));
#4909=CARTESIAN_POINT('',(-34.9837446952936,-45.4593320585644,38.));
#4910=CARTESIAN_POINT('',(-30.9680934138936,-47.7414096469745,38.));
#4911=CARTESIAN_POINT('',(-21.248888682036,-53.2647924662141,38.));
#4912=CARTESIAN_POINT('',(-30.9680934138936,-47.7414096469745,38.));
#4913=CARTESIAN_POINT('Origin',(-26.9839306082233,-45.4047924187477,38.));
#4914=CARTESIAN_POINT('',(-26.9839306082233,-45.4047924187477,38.));
#4915=CARTESIAN_POINT('',(-15.4383656302245,-38.6335917040556,38.));
#4916=CARTESIAN_POINT('',(-26.9839306082233,-45.4047924187477,38.));
#4917=CARTESIAN_POINT('Origin',(-27.015419083953,-40.7860976021107,38.));
#4918=CARTESIAN_POINT('',(-27.015419083953,-40.7860976021107,38.));
#4919=CARTESIAN_POINT('',(-27.0225837794271,-39.7351879889235,38.));
#4920=CARTESIAN_POINT('',(-27.015419083953,-40.7860976021107,38.));
#4921=CARTESIAN_POINT('Origin',(-31.031070365353,-38.5040200137005,38.));
#4922=CARTESIAN_POINT('',(-31.031070365353,-38.5040200137005,38.));
#4923=CARTESIAN_POINT('',(-19.3040399927953,-45.1684416271452,38.));
#4924=CARTESIAN_POINT('',(-31.031070365353,-38.5040200137005,38.));
#4925=CARTESIAN_POINT('Origin',(-35.0152331710233,-40.8406372419274,38.));
#4926=CARTESIAN_POINT('',(-35.0152331710233,-40.8406372419274,38.));
#4927=CARTESIAN_POINT('',(-21.4775867901894,-32.9011279131218,38.));
#4928=CARTESIAN_POINT('',(-35.0152331710233,-40.8406372419274,38.));
#4929=CARTESIAN_POINT('Origin',(-34.9837446952936,-45.4593320585644,38.));
#4930=CARTESIAN_POINT('',(-35.0066536286325,-42.0990750370587,38.));
#4931=CARTESIAN_POINT('Origin',(-17.4152703391686,-55.4434215078588,38.));
#4932=CARTESIAN_POINT('',(-21.4309216205686,-53.1613439194486,38.));
#4933=CARTESIAN_POINT('',(-21.4309216205686,-53.1613439194486,38.));
#4934=CARTESIAN_POINT('',(-17.4152703391686,-55.4434215078588,38.));
#4935=CARTESIAN_POINT('',(-14.4724771446735,-57.1157983966563,38.));
#4936=CARTESIAN_POINT('',(-17.4152703391686,-55.4434215078588,38.));
#4937=CARTESIAN_POINT('Origin',(-13.4311075334983,-53.1068042796319,38.));
#4938=CARTESIAN_POINT('',(-13.4311075334983,-53.1068042796319,38.));
#4939=CARTESIAN_POINT('',(-5.24717992278388,-48.3071243512562,38.));
#4940=CARTESIAN_POINT('',(-13.4311075334983,-53.1068042796319,38.));
#4941=CARTESIAN_POINT('Origin',(-13.462596009228,-48.4881094629949,38.));
#4942=CARTESIAN_POINT('',(-13.462596009228,-48.4881094629949,38.));
#4943=CARTESIAN_POINT('',(-13.496329106099,-43.5401760982702,38.));
#4944=CARTESIAN_POINT('',(-13.462596009228,-48.4881094629949,38.));
#4945=CARTESIAN_POINT('Origin',(-17.478247290628,-46.2060318745848,38.));
#4946=CARTESIAN_POINT('',(-17.478247290628,-46.2060318745848,38.));
#4947=CARTESIAN_POINT('',(-12.5276284554328,-49.0194475575873,38.));
#4948=CARTESIAN_POINT('',(-17.478247290628,-46.2060318745848,38.));
#4949=CARTESIAN_POINT('Origin',(-21.4624100962983,-48.5426491028116,38.));
#4950=CARTESIAN_POINT('',(-21.4624100962983,-48.5426491028116,38.));
#4951=CARTESIAN_POINT('',(-11.2864010827487,-42.5746605603225,38.));
#4952=CARTESIAN_POINT('',(-21.4624100962983,-48.5426491028116,38.));
#4953=CARTESIAN_POINT('Origin',(-21.4309216205686,-53.1613439194486,38.));
#4954=CARTESIAN_POINT('',(-21.4803989553045,-45.9040631464055,38.));
#4955=CARTESIAN_POINT('Origin',(0.584311356739582,-55.3207073182712,38.));
#4956=CARTESIAN_POINT('',(-3.43133992466042,-53.038629729861,38.));
#4957=CARTESIAN_POINT('',(-3.43133992466042,-53.038629729861,38.));
#4958=CARTESIAN_POINT('',(0.584311356739582,-55.3207073182712,38.));
#4959=CARTESIAN_POINT('',(-3.24930698612777,-53.1420782766265,38.));
#4960=CARTESIAN_POINT('',(0.584311356739582,-55.3207073182712,38.));
#4961=CARTESIAN_POINT('Origin',(4.5684741624099,-52.9840900900443,38.));
#4962=CARTESIAN_POINT('',(4.5684741624099,-52.9840900900443,38.));
#4963=CARTESIAN_POINT('',(6.02912703855567,-52.1274517343015,38.));
#4964=CARTESIAN_POINT('',(4.5684741624099,-52.9840900900443,38.));
#4965=CARTESIAN_POINT('Origin',(4.53698568668022,-48.3653952734073,38.));
#4966=CARTESIAN_POINT('',(4.53698568668022,-48.3653952734073,38.));
#4967=CARTESIAN_POINT('',(4.50325258980922,-43.4174619086826,38.));
#4968=CARTESIAN_POINT('',(4.53698568668022,-48.3653952734073,38.));
#4969=CARTESIAN_POINT('Origin',(0.521334405280223,-46.0833176849972,38.));
#4970=CARTESIAN_POINT('',(0.521334405280223,-46.0833176849972,38.));
#4971=CARTESIAN_POINT('',(-1.30445829688713,-45.0457274375576,38.));
#4972=CARTESIAN_POINT('',(0.521334405280223,-46.0833176849972,38.));
#4973=CARTESIAN_POINT('Origin',(-3.4628284003901,-48.419934913224,38.));
#4974=CARTESIAN_POINT('',(-3.4628284003901,-48.419934913224,38.));
#4975=CARTESIAN_POINT('',(-0.010094121409171,-46.3949879433677,38.));
#4976=CARTESIAN_POINT('',(-3.4628284003901,-48.419934913224,38.));
#4977=CARTESIAN_POINT('Origin',(-3.43133992466042,-53.038629729861,38.));
#4978=CARTESIAN_POINT('',(-3.48081725939626,-45.7813489568179,38.));
#4979=CARTESIAN_POINT('Origin',(0.478037751151905,-39.7326123121213,38.));
#4980=CARTESIAN_POINT('',(-3.53761353024809,-37.4505347237111,38.));
#4981=CARTESIAN_POINT('',(-3.53761353024809,-37.4505347237111,38.));
#4982=CARTESIAN_POINT('',(0.478037751151905,-39.7326123121213,38.));
#4983=CARTESIAN_POINT('',(0.0326251769658032,-39.4794862356977,38.));
#4984=CARTESIAN_POINT('',(0.478037751151905,-39.7326123121213,38.));
#4985=CARTESIAN_POINT('Origin',(4.46220055682222,-37.3959950838944,38.));
#4986=CARTESIAN_POINT('',(4.46220055682222,-37.3959950838944,38.));
#4987=CARTESIAN_POINT('',(2.56121606568366,-38.510877514468,38.));
#4988=CARTESIAN_POINT('',(4.46220055682222,-37.3959950838944,38.));
#4989=CARTESIAN_POINT('Origin',(4.43071208109254,-32.7773002672574,38.));
#4990=CARTESIAN_POINT('',(4.43071208109254,-32.7773002672574,38.));
#4991=CARTESIAN_POINT('',(4.45011578701538,-35.6234144056077,38.));
#4992=CARTESIAN_POINT('',(4.43071208109254,-32.7773002672574,38.));
#4993=CARTESIAN_POINT('Origin',(0.415060799692546,-30.4952226788473,38.));
#4994=CARTESIAN_POINT('',(0.415060799692546,-30.4952226788473,38.));
#4995=CARTESIAN_POINT('',(1.97747386620644,-31.3831353966288,38.));
#4996=CARTESIAN_POINT('',(0.415060799692546,-30.4952226788473,38.));
#4997=CARTESIAN_POINT('Origin',(-3.56910200597778,-32.8318399070741,38.));
#4998=CARTESIAN_POINT('',(-3.56910200597778,-32.8318399070741,38.));
#4999=CARTESIAN_POINT('',(-3.47800509428118,-32.7784137235342,38.));
#5000=CARTESIAN_POINT('',(-3.56910200597778,-32.8318399070741,38.));
#5001=CARTESIAN_POINT('Origin',(-3.53761353024809,-37.4505347237111,38.));
#5002=CARTESIAN_POINT('',(-3.5339540621901,-37.9873014537429,38.));
#5003=CARTESIAN_POINT('Origin',(-8.41547949121452,-55.382064413065,38.));
#5004=CARTESIAN_POINT('',(-12.4311307726145,-53.0999868246548,38.));
#5005=CARTESIAN_POINT('',(-12.4311307726145,-53.0999868246548,38.));
#5006=CARTESIAN_POINT('',(-8.41547949121452,-55.382064413065,38.));
#5007=CARTESIAN_POINT('',(-8.86089206540063,-55.1289383366414,38.));
#5008=CARTESIAN_POINT('',(-8.41547949121452,-55.382064413065,38.));
#5009=CARTESIAN_POINT('Origin',(-4.43131668554421,-53.0454471848381,38.));
#5010=CARTESIAN_POINT('',(-4.43131668554421,-53.0454471848381,38.));
#5011=CARTESIAN_POINT('',(0.390973557885895,-50.2172880427789,38.));
#5012=CARTESIAN_POINT('',(-4.43131668554421,-53.0454471848381,38.));
#5013=CARTESIAN_POINT('Origin',(-4.46280516127389,-48.4267523682011,38.));
#5014=CARTESIAN_POINT('',(-4.46280516127389,-48.4267523682011,38.));
#5015=CARTESIAN_POINT('',(-4.49653825814489,-43.4788190034764,38.));
#5016=CARTESIAN_POINT('',(-4.46280516127389,-48.4267523682011,38.));
#5017=CARTESIAN_POINT('Origin',(-8.47845644267388,-46.144674779791,38.));
#5018=CARTESIAN_POINT('',(-8.47845644267388,-46.144674779791,38.));
#5019=CARTESIAN_POINT('',(-6.91604337615999,-47.0325874975725,38.));
#5020=CARTESIAN_POINT('',(-8.47845644267388,-46.144674779791,38.));
#5021=CARTESIAN_POINT('Origin',(-12.4626192483442,-48.4812920080178,38.));
#5022=CARTESIAN_POINT('',(-12.4626192483442,-48.4812920080178,38.));
#5023=CARTESIAN_POINT('',(-5.64824760207895,-44.4848242518451,38.));
#5024=CARTESIAN_POINT('',(-12.4626192483442,-48.4812920080178,38.));
#5025=CARTESIAN_POINT('Origin',(-12.4311307726145,-53.0999868246548,38.));
#5026=CARTESIAN_POINT('',(-12.4806081073504,-45.8427060516117,38.));
#5027=CARTESIAN_POINT('Origin',(-26.4150611871227,-55.5047786026526,38.));
#5028=CARTESIAN_POINT('',(-30.4307124685227,-53.2227010142424,38.));
#5029=CARTESIAN_POINT('',(-30.4307124685227,-53.2227010142424,38.));
#5030=CARTESIAN_POINT('',(-26.4150611871227,-55.5047786026526,38.));
#5031=CARTESIAN_POINT('',(-20.0840622239463,-59.1026584566711,38.));
#5032=CARTESIAN_POINT('',(-26.4150611871227,-55.5047786026526,38.));
#5033=CARTESIAN_POINT('Origin',(-22.4308983814524,-53.1681613744257,38.));
#5034=CARTESIAN_POINT('',(-22.4308983814524,-53.1681613744257,38.));
#5035=CARTESIAN_POINT('',(-10.8853334034537,-46.3969606597336,38.));
#5036=CARTESIAN_POINT('',(-22.4308983814524,-53.1681613744257,38.));
#5037=CARTESIAN_POINT('Origin',(-22.4623868571821,-48.5494665577887,38.));
#5038=CARTESIAN_POINT('',(-22.4623868571821,-48.5494665577887,38.));
#5039=CARTESIAN_POINT('',(-22.4961199540531,-43.601533193064,38.));
#5040=CARTESIAN_POINT('',(-22.4623868571821,-48.5494665577887,38.));
#5041=CARTESIAN_POINT('Origin',(-26.4780381385821,-46.2673889693786,38.));
#5042=CARTESIAN_POINT('',(-26.4780381385821,-46.2673889693786,38.));
#5043=CARTESIAN_POINT('',(-18.1392135347057,-51.0063076176022,38.));
#5044=CARTESIAN_POINT('',(-26.4780381385821,-46.2673889693786,38.));
#5045=CARTESIAN_POINT('Origin',(-30.4622009442524,-48.6040061976054,38.));
#5046=CARTESIAN_POINT('',(-30.4622009442524,-48.6040061976054,38.));
#5047=CARTESIAN_POINT('',(-16.9245545634185,-40.6644968687999,38.));
#5048=CARTESIAN_POINT('',(-30.4622009442524,-48.6040061976054,38.));
#5049=CARTESIAN_POINT('Origin',(-30.4307124685227,-53.2227010142424,38.));
#5050=CARTESIAN_POINT('',(-30.4801898032586,-45.9654202411992,38.));
#5051=CARTESIAN_POINT('Origin',(-35.5211256406645,-39.9780406912965,38.));
#5052=CARTESIAN_POINT('',(-39.5367769220645,-37.6959631028863,38.));
#5053=CARTESIAN_POINT('',(-39.5367769220645,-37.6959631028863,38.));
#5054=CARTESIAN_POINT('',(-35.5211256406645,-39.9780406912965,38.));
#5055=CARTESIAN_POINT('',(-22.4137151401256,-47.4269264757571,38.));
#5056=CARTESIAN_POINT('',(-35.5211256406645,-39.9780406912965,38.));
#5057=CARTESIAN_POINT('Origin',(-31.5369628349942,-37.6414234630696,38.));
#5058=CARTESIAN_POINT('',(-31.5369628349942,-37.6414234630696,38.));
#5059=CARTESIAN_POINT('',(-19.9913978569954,-30.8702227483775,38.));
#5060=CARTESIAN_POINT('',(-31.5369628349942,-37.6414234630696,38.));
#5061=CARTESIAN_POINT('Origin',(-31.5684513107239,-33.0227286464326,38.));
#5062=CARTESIAN_POINT('',(-31.5684513107239,-33.0227286464326,38.));
#5063=CARTESIAN_POINT('',(-31.549047604801,-35.8688427847829,38.));
#5064=CARTESIAN_POINT('',(-31.5684513107239,-33.0227286464326,38.));
#5065=CARTESIAN_POINT('Origin',(-35.5841025921239,-30.7406510580225,38.));
#5066=CARTESIAN_POINT('',(-35.5841025921239,-30.7406510580225,38.));
#5067=CARTESIAN_POINT('',(-20.468866450885,-39.3305756366882,38.));
#5068=CARTESIAN_POINT('',(-35.5841025921239,-30.7406510580225,38.));
#5069=CARTESIAN_POINT('Origin',(-39.5682653977942,-33.0772682862493,38.));
#5070=CARTESIAN_POINT('',(-39.5682653977942,-33.0772682862493,38.));
#5071=CARTESIAN_POINT('',(-26.0306190169603,-25.1377589574438,38.));
#5072=CARTESIAN_POINT('',(-39.5682653977942,-33.0772682862493,38.));
#5073=CARTESIAN_POINT('Origin',(-39.5367769220645,-37.6959631028863,38.));
#5074=CARTESIAN_POINT('',(-39.5331174540065,-38.2327298329181,38.));
#5075=CARTESIAN_POINT('Origin',(-17.5215439447563,-39.8553265017089,38.));
#5076=CARTESIAN_POINT('',(-21.5371952261563,-37.5732489132987,38.));
#5077=CARTESIAN_POINT('',(-21.5371952261563,-37.5732489132987,38.));
#5078=CARTESIAN_POINT('',(-17.5215439447563,-39.8553265017089,38.));
#5079=CARTESIAN_POINT('',(-11.1905449815799,-43.4532063557274,38.));
#5080=CARTESIAN_POINT('',(-17.5215439447563,-39.8553265017089,38.));
#5081=CARTESIAN_POINT('Origin',(-13.537381139086,-37.518709273482,38.));
#5082=CARTESIAN_POINT('',(-13.537381139086,-37.518709273482,38.));
#5083=CARTESIAN_POINT('',(-8.71509089565589,-34.6905501314227,38.));
#5084=CARTESIAN_POINT('',(-13.537381139086,-37.518709273482,38.));
#5085=CARTESIAN_POINT('Origin',(-13.5688696148157,-32.900014456845,38.));
#5086=CARTESIAN_POINT('',(-13.5688696148157,-32.900014456845,38.));
#5087=CARTESIAN_POINT('',(-13.5494659088928,-35.7461285951953,38.));
#5088=CARTESIAN_POINT('',(-13.5688696148157,-32.900014456845,38.));
#5089=CARTESIAN_POINT('Origin',(-17.5845208962157,-30.6179368684349,38.));
#5090=CARTESIAN_POINT('',(-17.5845208962157,-30.6179368684349,38.));
#5091=CARTESIAN_POINT('',(-9.24569629233927,-35.3568555166585,38.));
#5092=CARTESIAN_POINT('',(-17.5845208962157,-30.6179368684349,38.));
#5093=CARTESIAN_POINT('Origin',(-21.568683701886,-32.9545540966617,38.));
#5094=CARTESIAN_POINT('',(-21.568683701886,-32.9545540966617,38.));
#5095=CARTESIAN_POINT('',(-14.7543120556207,-28.958086340489,38.));
#5096=CARTESIAN_POINT('',(-21.568683701886,-32.9545540966617,38.));
#5097=CARTESIAN_POINT('Origin',(-21.5371952261563,-37.5732489132987,38.));
#5098=CARTESIAN_POINT('',(-21.5335357580983,-38.1100156433305,38.));
#5099=CARTESIAN_POINT('Origin',(-39.9678842618477,-47.8027667417683,38.));
#5100=CARTESIAN_POINT('',(-43.9835355432477,-45.5206891533582,38.));
#5101=CARTESIAN_POINT('',(-43.9835355432477,-45.5206891533582,38.));
#5102=CARTESIAN_POINT('',(-39.9678842618477,-47.8027667417683,38.));
#5103=CARTESIAN_POINT('',(-26.8604737613088,-55.251652526229,38.));
#5104=CARTESIAN_POINT('',(-39.9678842618477,-47.8027667417683,38.));
#5105=CARTESIAN_POINT('Origin',(-35.9837214561774,-45.4661495135415,38.));
#5106=CARTESIAN_POINT('',(-35.9837214561774,-45.4661495135415,38.));
#5107=CARTESIAN_POINT('',(-21.0765191108943,-36.7234280125329,38.));
#5108=CARTESIAN_POINT('',(-35.9837214561774,-45.4661495135415,38.));
#5109=CARTESIAN_POINT('Origin',(-36.0152099319071,-40.8474546969045,38.));
#5110=CARTESIAN_POINT('',(-36.0152099319071,-40.8474546969045,38.));
#5111=CARTESIAN_POINT('',(-36.0223746273812,-39.7965450837172,38.));
#5112=CARTESIAN_POINT('',(-36.0152099319071,-40.8474546969045,38.));
#5113=CARTESIAN_POINT('Origin',(-40.0308612133071,-38.5653771084943,38.));
#5114=CARTESIAN_POINT('',(-40.0308612133071,-38.5653771084943,38.));
#5115=CARTESIAN_POINT('',(-24.9156250720682,-47.15530168716,38.));
#5116=CARTESIAN_POINT('',(-40.0308612133071,-38.5653771084943,38.));
#5117=CARTESIAN_POINT('Origin',(-44.0150240189774,-40.9019943367212,38.));
#5118=CARTESIAN_POINT('',(-44.0150240189774,-40.9019943367212,38.));
#5119=CARTESIAN_POINT('',(-27.1157402708592,-30.9909642215992,38.));
#5120=CARTESIAN_POINT('',(-44.0150240189774,-40.9019943367212,38.));
#5121=CARTESIAN_POINT('Origin',(-43.9835355432477,-45.5206891533582,38.));
#5122=CARTESIAN_POINT('',(-44.0064444765867,-42.1604321318525,38.));
#5123=CARTESIAN_POINT('Origin',(-30.861819808306,-63.3295046531244,38.));
#5124=CARTESIAN_POINT('',(-34.8774710897059,-61.0474270647143,38.));
#5125=CARTESIAN_POINT('',(-34.8774710897059,-61.0474270647143,38.));
#5126=CARTESIAN_POINT('',(-30.861819808306,-63.3295046531244,38.));
#5127=CARTESIAN_POINT('',(-24.5308208451296,-66.927384507143,38.));
#5128=CARTESIAN_POINT('',(-30.861819808306,-63.3295046531244,38.));
#5129=CARTESIAN_POINT('Origin',(-26.8776570026356,-60.9928874248976,38.));
#5130=CARTESIAN_POINT('',(-26.8776570026356,-60.9928874248976,38.));
#5131=CARTESIAN_POINT('',(-11.9704546573525,-52.2501659238891,38.));
#5132=CARTESIAN_POINT('',(-26.8776570026356,-60.9928874248976,38.));
#5133=CARTESIAN_POINT('Origin',(-26.9091454783653,-56.3741926082606,38.));
#5134=CARTESIAN_POINT('',(-26.9091454783653,-56.3741926082606,38.));
#5135=CARTESIAN_POINT('',(-26.9694469766332,-47.5292354919984,38.));
#5136=CARTESIAN_POINT('',(-26.9091454783653,-56.3741926082606,38.));
#5137=CARTESIAN_POINT('Origin',(-30.9247967597653,-54.0921150198504,38.));
#5138=CARTESIAN_POINT('',(-30.9247967597653,-54.0921150198504,38.));
#5139=CARTESIAN_POINT('',(-22.5859721558889,-58.831033668074,38.));
#5140=CARTESIAN_POINT('',(-30.9247967597653,-54.0921150198504,38.));
#5141=CARTESIAN_POINT('Origin',(-34.9089595654356,-56.4287322480773,38.));
#5142=CARTESIAN_POINT('',(-34.9089595654356,-56.4287322480773,38.));
#5143=CARTESIAN_POINT('',(-18.0096758173174,-46.5177021329553,38.));
#5144=CARTESIAN_POINT('',(-34.9089595654356,-56.4287322480773,38.));
#5145=CARTESIAN_POINT('Origin',(-34.8774710897059,-61.0474270647143,38.));
#5146=CARTESIAN_POINT('',(-34.9535168258387,-49.8931225401336,38.));
#5147=CARTESIAN_POINT('Origin',(-3.96872087003131,-47.5573383625931,38.));
#5148=CARTESIAN_POINT('',(-7.98437215143131,-45.275260774183,38.));
#5149=CARTESIAN_POINT('',(-7.98437215143131,-45.275260774183,38.));
#5150=CARTESIAN_POINT('',(-3.96872087003131,-47.5573383625931,38.));
#5151=CARTESIAN_POINT('',(-4.41413344421741,-47.3042122861696,38.));
#5152=CARTESIAN_POINT('',(-3.96872087003131,-47.5573383625931,38.));
#5153=CARTESIAN_POINT('Origin',(0.015441935639009,-45.2207211343663,38.));
#5154=CARTESIAN_POINT('',(0.015441935639009,-45.2207211343663,38.));
#5155=CARTESIAN_POINT('',(1.47609481178478,-44.3640827786234,38.));
#5156=CARTESIAN_POINT('',(0.015441935639009,-45.2207211343663,38.));
#5157=CARTESIAN_POINT('Origin',(-0.0160465400906706,-40.6020263177293,38.));
#5158=CARTESIAN_POINT('',(-0.0160465400906706,-40.6020263177293,38.));
#5159=CARTESIAN_POINT('',(-0.0232112355647542,-39.5511167045421,38.));
#5160=CARTESIAN_POINT('',(-0.0160465400906706,-40.6020263177293,38.));
#5161=CARTESIAN_POINT('Origin',(-4.03169782149067,-38.3199487293191,38.));
#5162=CARTESIAN_POINT('',(-4.03169782149067,-38.3199487293191,38.));
#5163=CARTESIAN_POINT('',(-2.46928475497677,-39.2078614471006,38.));
#5164=CARTESIAN_POINT('',(-4.03169782149067,-38.3199487293191,38.));
#5165=CARTESIAN_POINT('Origin',(-8.01586062716099,-40.656565957546,38.));
#5166=CARTESIAN_POINT('',(-8.01586062716099,-40.656565957546,38.));
#5167=CARTESIAN_POINT('',(-4.56312634818006,-38.6316189876897,38.));
#5168=CARTESIAN_POINT('',(-8.01586062716099,-40.656565957546,38.));
#5169=CARTESIAN_POINT('Origin',(-7.98437215143131,-45.275260774183,38.));
#5170=CARTESIAN_POINT('',(-8.00728108477023,-41.9150037526773,38.));
#5171=CARTESIAN_POINT('Origin',(-4.07499447561899,-31.9692433564433,38.));
#5172=CARTESIAN_POINT('',(-8.09064575701899,-29.6871657680331,38.));
#5173=CARTESIAN_POINT('',(-8.09064575701899,-29.6871657680331,38.));
#5174=CARTESIAN_POINT('',(-4.07499447561899,-31.9692433564433,38.));
#5175=CARTESIAN_POINT('',(-1.13220128112384,-33.6416202452407,38.));
#5176=CARTESIAN_POINT('',(-4.07499447561899,-31.9692433564433,38.));
#5177=CARTESIAN_POINT('Origin',(-0.0908316699486678,-29.6326261282164,38.));
#5178=CARTESIAN_POINT('',(-0.0908316699486678,-29.6326261282164,38.));
#5179=CARTESIAN_POINT('',(-1.99181616108723,-30.7475085587899,38.));
#5180=CARTESIAN_POINT('',(-0.0908316699486678,-29.6326261282164,38.));
#5181=CARTESIAN_POINT('Origin',(-0.122320145678347,-25.0139313115794,38.));
#5182=CARTESIAN_POINT('',(-0.122320145678347,-25.0139313115794,38.));
#5183=CARTESIAN_POINT('',(-0.0763480383585966,-31.7570692014671,38.));
#5184=CARTESIAN_POINT('',(-0.122320145678347,-25.0139313115794,38.));
#5185=CARTESIAN_POINT('Origin',(-4.13797142707835,-22.7318537231692,38.));
#5186=CARTESIAN_POINT('',(-4.13797142707835,-22.7318537231692,38.));
#5187=CARTESIAN_POINT('',(0.812647408116801,-25.5452694061718,38.));
#5188=CARTESIAN_POINT('',(-4.13797142707835,-22.7318537231692,38.));
#5189=CARTESIAN_POINT('Origin',(-8.12213423274867,-25.0684709513961,38.));
#5190=CARTESIAN_POINT('',(-8.12213423274867,-25.0684709513961,38.));
#5191=CARTESIAN_POINT('',(-8.03103732105207,-25.0150447678562,38.));
#5192=CARTESIAN_POINT('',(-8.12213423274867,-25.0684709513961,38.));
#5193=CARTESIAN_POINT('Origin',(-8.09064575701899,-29.6871657680331,38.));
#5194=CARTESIAN_POINT('',(-8.06041788756407,-34.1209562496023,38.));
#5195=CARTESIAN_POINT('Origin',(37.3897028194991,16.0000002086163,38.));
#5196=CARTESIAN_POINT('',(37.3897028194991,16.0000002086163,38.));
#5197=CARTESIAN_POINT('',(33.7500004768372,16.0000002086163,28.));
#5198=CARTESIAN_POINT('',(32.0207828458795,16.0000002086163,23.2490136056209));
#5199=CARTESIAN_POINT('',(37.3897028194991,-10.9999997913837,38.));
#5200=CARTESIAN_POINT('',(37.3897028194991,-11.2499998956919,38.));
#5201=CARTESIAN_POINT('',(33.7500004768372,-10.9999997913837,28.));
#5202=CARTESIAN_POINT('',(33.7500004768372,-10.9999997913837,28.));
#5203=CARTESIAN_POINT('',(33.7500004768372,16.0000002086163,28.));
#5204=CARTESIAN_POINT('Origin',(48.5000004768372,16.0000002086163,28.));
#5205=CARTESIAN_POINT('',(48.5000004768372,16.0000002086163,28.));
#5206=CARTESIAN_POINT('',(44.8602978666285,16.0000002086163,38.));
#5207=CARTESIAN_POINT('',(53.0872473589195,16.0000002086163,15.3966437004608));
#5208=CARTESIAN_POINT('',(48.5000004768372,-10.9999997913837,28.));
#5209=CARTESIAN_POINT('',(48.5000004768372,16.0000002086163,28.));
#5210=CARTESIAN_POINT('',(44.8602978666285,-10.9999997913837,38.));
#5211=CARTESIAN_POINT('',(48.5000004768372,-10.9999997913837,28.));
#5212=CARTESIAN_POINT('',(44.8602978666285,-11.2499998956919,38.));
#5213=CARTESIAN_POINT('Origin',(33.7500004768372,16.0000002086163,28.));
#5214=CARTESIAN_POINT('',(41.8750006109476,16.0000002086163,28.));
#5215=CARTESIAN_POINT('',(48.5000004768372,-10.9999997913837,28.));
#5216=CARTESIAN_POINT('Origin',(41.1250004768372,-10.9999997913837,33.));
#5217=CARTESIAN_POINT('',(20.5625002384186,-10.9999997913837,38.));
#5218=CARTESIAN_POINT('Origin',(-44.8602981341752,16.0000002086163,38.));
#5219=CARTESIAN_POINT('',(-44.8602981341752,16.0000002086163,38.));
#5220=CARTESIAN_POINT('',(-48.5000004768372,16.0000002086163,28.));
#5221=CARTESIAN_POINT('',(-45.4185069136496,16.0000002086163,36.4663339830527));
#5222=CARTESIAN_POINT('',(-44.8602981341752,-10.9999997913837,38.));
#5223=CARTESIAN_POINT('',(-44.8602981341752,-11.2499998956919,38.));
#5224=CARTESIAN_POINT('',(-48.5000004768372,-10.9999997913837,28.));
#5225=CARTESIAN_POINT('',(-48.5000004768372,-10.9999997913837,28.));
#5226=CARTESIAN_POINT('',(-48.5000004768372,16.0000002086163,28.));
#5227=CARTESIAN_POINT('Origin',(-33.7500004768372,16.0000002086163,28.));
#5228=CARTESIAN_POINT('',(-33.7500004768372,16.0000002086163,28.));
#5229=CARTESIAN_POINT('',(-37.3897030870458,16.0000002086163,38.));
#5230=CARTESIAN_POINT('',(-24.352041776092,16.0000002086163,2.17932257875792));
#5231=CARTESIAN_POINT('',(-33.7500004768372,-10.9999997913837,28.));
#5232=CARTESIAN_POINT('',(-33.7500004768372,16.0000002086163,28.));
#5233=CARTESIAN_POINT('',(-37.3897030870458,-10.9999997913837,38.));
#5234=CARTESIAN_POINT('',(-33.7500004768372,-10.9999997913837,28.));
#5235=CARTESIAN_POINT('',(-37.3897030870458,-11.2499998956919,38.));
#5236=CARTESIAN_POINT('Origin',(-48.5000004768372,16.0000002086163,28.));
#5237=CARTESIAN_POINT('',(0.750000134110449,16.0000002086163,28.));
#5238=CARTESIAN_POINT('',(-33.7500004768372,-10.9999997913837,28.));
#5239=CARTESIAN_POINT('Origin',(-41.1250004768372,-10.9999997913837,33.));
#5240=CARTESIAN_POINT('',(-20.5625002384186,-10.9999997913837,38.));
#5241=CARTESIAN_POINT('Origin',(0.,-38.5,38.));
#5242=CARTESIAN_POINT('',(32.0000004768372,16.0000002384186,38.));
#5243=CARTESIAN_POINT('',(25.000000372529,16.0000002086163,38.));
#5244=CARTESIAN_POINT('',(32.0000004768372,-8.99999976158142,38.));
#5245=CARTESIAN_POINT('',(32.0000004768372,-11.2499998807907,38.));
#5246=CARTESIAN_POINT('',(16.0000002384186,-8.99999976158142,38.));
#5247=CARTESIAN_POINT('',(25.000000372529,16.0000002086163,38.));
#5248=CARTESIAN_POINT('',(-52.0000007450581,16.0000002086163,38.));
#5249=CARTESIAN_POINT('',(25.000000372529,16.0000002086163,38.));
#5250=CARTESIAN_POINT('',(-52.0000007450581,-14.0000001912316,38.));
#5251=CARTESIAN_POINT('',(-52.0000007450581,-14.0000002086163,38.));
#5252=CARTESIAN_POINT('',(-51.0000007301569,-17.0000002110998,38.));
#5253=CARTESIAN_POINT('Origin',(-47.0000007450581,-14.0000001912316,38.));
#5254=CARTESIAN_POINT('',(-50.0000007152557,-20.000000230968,38.));
#5255=CARTESIAN_POINT('Origin',(-55.0000007152557,-20.000000230968,38.));
#5256=CARTESIAN_POINT('',(-50.0000007152558,-81.0000002086163,38.));
#5257=CARTESIAN_POINT('',(-50.0000007152558,-81.0000002086163,38.));
#5258=CARTESIAN_POINT('',(-38.0000007152557,-93.0000002086162,38.));
#5259=CARTESIAN_POINT('Origin',(-38.0000007152558,-81.0000002086163,38.));
#5260=CARTESIAN_POINT('',(37.9999992847443,-93.0000002086162,38.));
#5261=CARTESIAN_POINT('',(37.9999992847443,-93.0000002086162,38.));
#5262=CARTESIAN_POINT('',(49.9999992847443,-81.0000002086163,38.));
#5263=CARTESIAN_POINT('Origin',(37.9999992847443,-81.0000002086163,38.));
#5264=CARTESIAN_POINT('',(49.9999992847443,-20.000000230968,38.));
#5265=CARTESIAN_POINT('',(49.9999992847443,-71.0000002086163,38.));
#5266=CARTESIAN_POINT('',(51.0000007301569,-17.0000002110998,38.));
#5267=CARTESIAN_POINT('Origin',(55.0000007152557,-20.000000230968,38.));
#5268=CARTESIAN_POINT('',(52.0000007450581,-14.0000001912316,38.));
#5269=CARTESIAN_POINT('Origin',(47.0000007450581,-14.0000001912316,38.));
#5270=CARTESIAN_POINT('',(52.0000007450581,16.0000002086163,38.));
#5271=CARTESIAN_POINT('',(52.0000007450581,14.0000002086163,38.));
#5272=CARTESIAN_POINT('',(25.000000372529,16.0000002086163,38.));
#5273=CARTESIAN_POINT('',(41.4235029883044,-34.0044268258918,38.));
#5274=CARTESIAN_POINT('Origin',(44.0235029883044,-34.0044268258918,38.));
#5275=CARTESIAN_POINT('',(36.4221954968556,-82.0244378481002,38.));
#5276=CARTESIAN_POINT('Origin',(39.0221954968556,-82.0244378481002,38.));
#5277=CARTESIAN_POINT('',(-41.6262850703234,-82.0262845636839,38.));
#5278=CARTESIAN_POINT('Origin',(-39.0262850703234,-82.0262845636839,38.));
#5279=CARTESIAN_POINT('',(-45.1018091050348,-19.5189878564313,38.));
#5280=CARTESIAN_POINT('Origin',(-42.5018091050348,-19.5189878564313,38.));
#5281=CARTESIAN_POINT('Origin',(-34.0000007450581,-12.9999997615814,38.));
#5282=CARTESIAN_POINT('',(-49.7500007450581,-12.9999997615814,26.5));
#5283=CARTESIAN_POINT('',(-34.0000007450581,-12.9999997615814,26.5));
#5284=CARTESIAN_POINT('',(-38.0000007450581,-12.9999997615814,26.5));
#5285=CARTESIAN_POINT('',(-34.0000004768372,-12.9999997615814,19.));
#5286=CARTESIAN_POINT('',(-49.7500007450581,-12.9999997615814,19.));
#5287=CARTESIAN_POINT('Origin',(50.0000007450581,-12.9999997615814,38.));
#5288=CARTESIAN_POINT('',(34.0000007450581,-12.9999997615814,26.5));
#5289=CARTESIAN_POINT('',(49.7500007450581,-12.9999997615814,26.5));
#5290=CARTESIAN_POINT('',(46.0000007450581,-12.9999997615814,26.5));
#5291=CARTESIAN_POINT('',(49.7500007450581,-12.9999997615814,19.));
#5292=CARTESIAN_POINT('',(34.0000004768372,-12.9999997615814,19.));
#5293=CARTESIAN_POINT('Origin',(-42.0000007450581,3.50000023841858,26.5));
#5294=CARTESIAN_POINT('',(-49.7500007450581,14.0000002086163,26.5));
#5295=CARTESIAN_POINT('',(-49.7500007450581,8.75000022351742,26.5));
#5296=CARTESIAN_POINT('',(-34.0000007450581,14.0000002086163,26.5));
#5297=CARTESIAN_POINT('',(-37.0000006109476,14.0000002086163,26.5));
#5298=CARTESIAN_POINT('',(-34.0000004768372,-5.24999998509884,26.5));
#5299=CARTESIAN_POINT('Origin',(42.0000007450581,3.50000023841858,26.5));
#5300=CARTESIAN_POINT('',(49.7500007450581,14.0000002086163,26.5));
#5301=CARTESIAN_POINT('',(49.7500007450581,-5.24999998509884,26.5));
#5302=CARTESIAN_POINT('',(34.0000007450581,14.0000002086163,26.5));
#5303=CARTESIAN_POINT('',(34.0000004768372,2.50000022351742,26.5));
#5304=CARTESIAN_POINT('',(46.0000007450581,14.0000002086163,26.5));
#5305=CARTESIAN_POINT('Origin',(-49.7500007450581,14.0000002086163,0.));
#5306=CARTESIAN_POINT('',(-49.7500007450581,14.0000002086163,2.2));
#5307=CARTESIAN_POINT('',(-49.7500007450581,14.0000002086163,2.25));
#5308=CARTESIAN_POINT('',(-49.7500007450581,16.0000002086163,2.2));
#5309=CARTESIAN_POINT('',(-49.7500007450581,16.0000002086163,18.));
#5310=CARTESIAN_POINT('',(-49.7500007450581,7.00000010430813,2.2));
#5311=CARTESIAN_POINT('Origin',(49.7500007450581,-14.0000002086163,0.));
#5312=CARTESIAN_POINT('',(49.7500007450581,14.0000002086163,2.2));
#5313=CARTESIAN_POINT('',(49.7500007450581,14.0000002086163,10.));
#5314=CARTESIAN_POINT('',(49.7500007450581,16.0000002086163,2.2));
#5315=CARTESIAN_POINT('',(49.7500007450581,-7.00000010430813,2.19999995529652));
#5316=CARTESIAN_POINT('',(49.7500007450581,16.0000002086163,2.25));
#5317=CARTESIAN_POINT('Origin',(-41.0000006109476,0.,2.2));
#5318=CARTESIAN_POINT('',(4.50000006705523,16.0000002086163,2.2));
#5319=CARTESIAN_POINT('',(-34.0000004768372,-14.0000002086163,2.2));
#5320=CARTESIAN_POINT('',(-45.5000006780028,-14.0000002086163,2.2));
#5321=CARTESIAN_POINT('',(-34.0000004768372,14.0000002086163,2.2));
#5322=CARTESIAN_POINT('',(-34.0000004768372,-7.00000010430813,2.2));
#5323=CARTESIAN_POINT('',(-36.5000005438924,14.0000002086163,2.2));
#5324=CARTESIAN_POINT('Origin',(41.0000006109476,0.,2.19999995529652));
#5325=CARTESIAN_POINT('',(32.0000004768372,-9.60000021010637,2.19999995529652));
#5326=CARTESIAN_POINT('',(34.0000004768372,-9.60000021010637,2.19999995529652));
#5327=CARTESIAN_POINT('',(36.5000005438924,-9.60000021010637,2.19999995529652));
#5328=CARTESIAN_POINT('',(34.0000004768372,-14.0000002086163,2.2));
#5329=CARTESIAN_POINT('',(34.0000004768372,7.00000010430813,2.19999995529652));
#5330=CARTESIAN_POINT('',(32.0000004768372,-14.0000002086163,2.2));
#5331=CARTESIAN_POINT('',(36.5000005438924,-14.0000002086163,2.19999995529652));
#5332=CARTESIAN_POINT('',(32.0000004768372,7.00000010430813,2.19999995529652));
#5333=CARTESIAN_POINT('Origin',(41.0000006109476,0.,2.2));
#5334=CARTESIAN_POINT('',(34.0000004768372,14.0000002086163,2.2));
#5335=CARTESIAN_POINT('',(45.5000006780028,14.0000002086163,2.19999995529652));
#5336=CARTESIAN_POINT('',(34.0000004768372,9.39999978989363,2.19999995529652));
#5337=CARTESIAN_POINT('',(34.0000004768372,7.00000010430813,2.19999995529652));
#5338=CARTESIAN_POINT('',(32.0000004768372,9.39999978989363,2.19999995529652));
#5339=CARTESIAN_POINT('',(36.5000005438924,9.39999978989363,2.19999995529652));
#5340=CARTESIAN_POINT('',(32.0000004768372,16.0000002086163,2.2));
#5341=CARTESIAN_POINT('',(32.0000004768372,7.00000010430813,2.19999995529652));
#5342=CARTESIAN_POINT('',(45.5000006780028,16.0000002086163,2.19999995529652));
#5343=CARTESIAN_POINT('Origin',(32.0000004768372,-8.99999976158142,38.));
#5344=CARTESIAN_POINT('',(32.0000004768372,-8.99999976158142,38.));
#5345=CARTESIAN_POINT('Origin',(50.0000007450581,16.0000002086163,0.));
#5346=CARTESIAN_POINT('',(-52.0000007450581,16.0000002086163,36.));
#5347=CARTESIAN_POINT('Origin',(50.0000007450581,16.0000002086163,0.));
#5348=CARTESIAN_POINT('',(52.0000007450581,16.0000002086163,36.));
#5349=CARTESIAN_POINT('',(32.0000004768372,16.0000002086163,0.));
#5350=CARTESIAN_POINT('Origin',(-32.0000004768372,14.0000002086163,0.));
#5351=CARTESIAN_POINT('',(-34.0000007450581,14.0000002086163,20.));
#5352=CARTESIAN_POINT('Origin',(32.0000004768372,-14.0000002086163,0.));
#5353=CARTESIAN_POINT('',(34.0000004768372,-14.0000002086163,36.));
#5354=CARTESIAN_POINT('',(32.0000004768372,-14.0000002086163,2.25));
#5355=CARTESIAN_POINT('Origin',(32.0000004768372,14.0000002086163,0.));
#5356=CARTESIAN_POINT('',(32.0000004768372,9.39999978989363,12.9999999552965));
#5357=CARTESIAN_POINT('',(32.0000004768372,9.39999978989363,0.999999977648258));
#5358=CARTESIAN_POINT('',(32.0000004768372,-9.60000021010637,12.9999999552965));
#5359=CARTESIAN_POINT('',(32.0000004768372,11.6999999992549,12.9999999552965));
#5360=CARTESIAN_POINT('',(32.0000004768372,-9.60000021010637,6.49999997764826));
#5361=CARTESIAN_POINT('Origin',(32.0000004768372,9.39999978989363,1.99999995529652));
#5362=CARTESIAN_POINT('',(34.0000004768372,9.39999978989363,12.9999999552965));
#5363=CARTESIAN_POINT('',(34.0000004768372,9.39999978989363,2.24999995529652));
#5364=CARTESIAN_POINT('',(32.0000004768372,9.39999978989363,12.9999999552965));
#5365=CARTESIAN_POINT('Origin',(-34.0000004768372,-14.0000002086163,0.));
#5366=CARTESIAN_POINT('',(-34.0000004768372,-14.0000002086163,36.));
#5367=CARTESIAN_POINT('Origin',(-50.0000007450581,-14.0000002086163,0.));
#5368=CARTESIAN_POINT('Origin',(39.0000005811453,-82.0000012218952,34.7));
#5369=CARTESIAN_POINT('',(42.1000005811453,-82.0000012218952,34.7));
#5370=CARTESIAN_POINT('Origin',(39.0000005811453,-82.0000012218952,34.7));
#5371=CARTESIAN_POINT('',(37.6721954968556,-82.0244378481002,34.7));
#5372=CARTESIAN_POINT('Origin',(39.0221954968556,-82.0244378481002,34.7));
#5373=CARTESIAN_POINT('Origin',(-42.5000006332994,-19.5000002905726,34.7));
#5374=CARTESIAN_POINT('',(-39.4000006332993,-19.5000002905726,34.7));
#5375=CARTESIAN_POINT('Origin',(-42.5000006332994,-19.5000002905726,34.7));
#5376=CARTESIAN_POINT('',(-43.8518091050348,-19.5189878564313,34.7));
#5377=CARTESIAN_POINT('Origin',(-42.5018091050348,-19.5189878564313,34.7));
#5378=CARTESIAN_POINT('Origin',(-39.0000005811453,-82.0000012218952,34.7));
#5379=CARTESIAN_POINT('',(-35.9000005811453,-82.0000012218952,34.7));
#5380=CARTESIAN_POINT('Origin',(-39.0000005811453,-82.0000012218952,34.7));
#5381=CARTESIAN_POINT('',(-40.3762850703234,-82.0262845636839,34.7));
#5382=CARTESIAN_POINT('Origin',(-39.0262850703234,-82.0262845636839,34.7));
#5383=CARTESIAN_POINT('Origin',(44.0000006556511,-34.0000005066395,34.7));
#5384=CARTESIAN_POINT('',(47.1000006556511,-34.0000005066395,34.7));
#5385=CARTESIAN_POINT('Origin',(44.0000006556511,-34.0000005066395,34.7));
#5386=CARTESIAN_POINT('',(42.6735029883044,-34.0044268258918,34.7));
#5387=CARTESIAN_POINT('Origin',(44.0235029883044,-34.0044268258918,34.7));
#5388=CARTESIAN_POINT('Origin',(50.0000007450581,14.0000002086163,0.));
#5389=CARTESIAN_POINT('',(34.0000004768372,14.0000002086163,2.25));
#5390=CARTESIAN_POINT('Origin',(34.0000004768372,14.0000002086163,0.));
#5391=CARTESIAN_POINT('',(34.0000004768372,-9.60000021010637,12.9999999552965));
#5392=CARTESIAN_POINT('',(34.0000004768372,-9.60000021010637,6.49999997764826));
#5393=CARTESIAN_POINT('',(34.0000004768372,11.6999999992549,12.9999999552965));
#5394=CARTESIAN_POINT('Origin',(-42.5018091050348,-19.5189878564313,35.3000000000001));
#5395=CARTESIAN_POINT('',(-45.1018091050348,-19.5189878564313,35.3000000000001));
#5396=CARTESIAN_POINT('Origin',(-42.5018091050348,-19.5189878564313,35.3000000000001));
#5397=CARTESIAN_POINT('',(-43.8518091050348,-19.5189878564313,35.3000000000001));
#5398=CARTESIAN_POINT('Origin',(-42.5018091050348,-19.5189878564313,35.3000000000001));
#5399=CARTESIAN_POINT('Origin',(-42.5018091050348,-19.5189878564313,36.6500000000001));
#5400=CARTESIAN_POINT('',(-45.1018091050348,-19.5189878564313,36.6500000000001));
#5401=CARTESIAN_POINT('Origin',(-42.5018091050348,-19.5189878564313,34.0000000000001));
#5402=CARTESIAN_POINT('',(-43.8518091050348,-19.5189878564313,34.0000000000001));
#5403=CARTESIAN_POINT('Origin',(-39.0262850703234,-82.0262845636839,35.3));
#5404=CARTESIAN_POINT('',(-41.6262850703234,-82.0262845636839,35.3));
#5405=CARTESIAN_POINT('Origin',(-39.0262850703234,-82.0262845636839,35.3));
#5406=CARTESIAN_POINT('',(-40.3762850703234,-82.0262845636839,35.3));
#5407=CARTESIAN_POINT('Origin',(-39.0262850703234,-82.0262845636839,35.3));
#5408=CARTESIAN_POINT('Origin',(-39.0262850703234,-82.0262845636839,36.65));
#5409=CARTESIAN_POINT('',(-41.6262850703234,-82.0262845636839,36.65));
#5410=CARTESIAN_POINT('Origin',(-39.0262850703234,-82.0262845636839,34.));
#5411=CARTESIAN_POINT('',(-40.3762850703234,-82.0262845636839,34.));
#5412=CARTESIAN_POINT('Origin',(39.0221954968556,-82.0244378481002,35.2999999999996));
#5413=CARTESIAN_POINT('',(36.4221954968556,-82.0244378481002,35.2999999999996));
#5414=CARTESIAN_POINT('Origin',(39.0221954968556,-82.0244378481002,35.2999999999996));
#5415=CARTESIAN_POINT('',(37.6721954968556,-82.0244378481002,35.2999999999996));
#5416=CARTESIAN_POINT('Origin',(39.0221954968556,-82.0244378481002,35.2999999999996));
#5417=CARTESIAN_POINT('Origin',(39.0221954968556,-82.0244378481002,36.6499999999996));
#5418=CARTESIAN_POINT('',(36.4221954968556,-82.0244378481002,36.6499999999996));
#5419=CARTESIAN_POINT('Origin',(39.0221954968556,-82.0244378481002,33.9999999999996));
#5420=CARTESIAN_POINT('',(37.6721954968556,-82.0244378481002,33.9999999999996));
#5421=CARTESIAN_POINT('Origin',(44.0235029883044,-34.0044268258918,35.3));
#5422=CARTESIAN_POINT('',(41.4235029883044,-34.0044268258918,35.3));
#5423=CARTESIAN_POINT('Origin',(44.0235029883044,-34.0044268258918,35.3));
#5424=CARTESIAN_POINT('',(42.6735029883044,-34.0044268258918,35.3));
#5425=CARTESIAN_POINT('Origin',(44.0235029883044,-34.0044268258918,35.3));
#5426=CARTESIAN_POINT('Origin',(44.0235029883044,-34.0044268258918,36.65));
#5427=CARTESIAN_POINT('',(41.4235029883044,-34.0044268258918,36.65));
#5428=CARTESIAN_POINT('Origin',(44.0235029883044,-34.0044268258918,34.));
#5429=CARTESIAN_POINT('',(42.6735029883044,-34.0044268258918,34.));
#5430=CARTESIAN_POINT('Origin',(39.0000005811453,-82.0000012218952,38.));
#5431=CARTESIAN_POINT('',(42.1000005811453,-82.0000012218952,38.));
#5432=CARTESIAN_POINT('Origin',(44.0000006556511,-34.0000005066395,38.));
#5433=CARTESIAN_POINT('',(47.1000006556511,-34.0000005066395,38.));
#5434=CARTESIAN_POINT('Origin',(-39.0000005811453,-82.0000012218952,38.));
#5435=CARTESIAN_POINT('',(-35.9000005811453,-82.0000012218952,38.));
#5436=CARTESIAN_POINT('Origin',(-42.5000006332994,-19.5000002905726,38.));
#5437=CARTESIAN_POINT('',(-39.4000006332993,-19.5000002905726,38.));
#5438=CARTESIAN_POINT('Origin',(-47.0000007450581,-14.0000001912316,36.));
#5439=CARTESIAN_POINT('',(-51.0000007301569,-17.0000002110998,36.));
#5440=CARTESIAN_POINT('',(-52.0000007450581,-14.0000001912316,36.));
#5441=CARTESIAN_POINT('Origin',(-52.0000007450581,14.0000002086163,36.));
#5442=CARTESIAN_POINT('Origin',(-55.0000007152557,-20.000000230968,36.));
#5443=CARTESIAN_POINT('',(-50.0000007152558,-20.000000230968,36.));
#5444=CARTESIAN_POINT('Origin',(47.0000007450581,-14.0000001912316,36.));
#5445=CARTESIAN_POINT('',(52.0000007450581,-14.0000001912316,36.));
#5446=CARTESIAN_POINT('',(51.0000007301569,-17.0000002110998,36.));
#5447=CARTESIAN_POINT('Origin',(52.0000007450581,-14.0000002086163,36.));
#5448=CARTESIAN_POINT('Origin',(55.0000007152557,-20.000000230968,36.));
#5449=CARTESIAN_POINT('',(50.0000007152557,-20.000000230968,36.));
#5450=CARTESIAN_POINT('Origin',(50.0000007152557,-81.0000002086163,36.));
#5451=CARTESIAN_POINT('',(49.9999992847443,-81.0000002086163,36.));
#5452=CARTESIAN_POINT('Origin',(-38.0000007152557,-93.0000002086162,36.));
#5453=CARTESIAN_POINT('',(37.9999992847443,-93.0000002086162,36.));
#5454=CARTESIAN_POINT('',(-38.0000007152557,-93.0000002086162,36.));
#5455=CARTESIAN_POINT('Origin',(-50.0000007152557,-14.0000002086163,36.));
#5456=CARTESIAN_POINT('',(-50.0000007152558,-81.0000002086163,36.));
#5457=CARTESIAN_POINT('Origin',(37.9999992847443,-81.0000002086163,36.));
#5458=CARTESIAN_POINT('Origin',(-38.0000007152558,-81.0000002086163,36.));
#5459=CARTESIAN_POINT('Origin',(32.0000004768372,-9.60000021010637,12.9999999552965));
#5460=CARTESIAN_POINT('',(32.0000004768372,-9.60000021010637,12.9999999552965));
#5461=CARTESIAN_POINT('Origin',(32.0000004768372,9.39999978989363,12.9999999552965));
#5462=UNCERTAINTY_MEASURE_WITH_UNIT(LENGTH_MEASURE(0.01),#5466,
'DISTANCE_ACCURACY_VALUE',
'Maximum model space distance between geometric entities at asserted c
onnectivities');
#5463=UNCERTAINTY_MEASURE_WITH_UNIT(LENGTH_MEASURE(0.01),#5466,
'DISTANCE_ACCURACY_VALUE',
'Maximum model space distance between geometric entities at asserted c
onnectivities');
#5464=(
GEOMETRIC_REPRESENTATION_CONTEXT(3)
GLOBAL_UNCERTAINTY_ASSIGNED_CONTEXT((#5462))
GLOBAL_UNIT_ASSIGNED_CONTEXT((#5466,#5468,#5469))
REPRESENTATION_CONTEXT('','3D')
);
#5465=(
GEOMETRIC_REPRESENTATION_CONTEXT(3)
GLOBAL_UNCERTAINTY_ASSIGNED_CONTEXT((#5463))
GLOBAL_UNIT_ASSIGNED_CONTEXT((#5466,#5468,#5469))
REPRESENTATION_CONTEXT('','3D')
);
#5466=(
LENGTH_UNIT()
NAMED_UNIT(*)
SI_UNIT(.MILLI.,.METRE.)
);
#5467=(
LENGTH_UNIT()
NAMED_UNIT(*)
SI_UNIT($,.METRE.)
);
#5468=(
NAMED_UNIT(*)
PLANE_ANGLE_UNIT()
SI_UNIT($,.RADIAN.)
);
#5469=(
NAMED_UNIT(*)
SI_UNIT($,.STERADIAN.)
SOLID_ANGLE_UNIT()
);
#5470=SHAPE_DEFINITION_REPRESENTATION(#5471,#5472);
#5471=PRODUCT_DEFINITION_SHAPE('',$,#5474);
#5472=SHAPE_REPRESENTATION('',(#3450),#5464);
#5473=PRODUCT_DEFINITION_CONTEXT('part definition',#5478,'design');
#5474=PRODUCT_DEFINITION('ModularBrain Cover','ModularBrain Cover v1',#5475,
#5473);
#5475=PRODUCT_DEFINITION_FORMATION('',$,#5480);
#5476=PRODUCT_RELATED_PRODUCT_CATEGORY('ModularBrain Cover v1',
'ModularBrain Cover v1',(#5480));
#5477=APPLICATION_PROTOCOL_DEFINITION('international standard',
'automotive_design',2009,#5478);
#5478=APPLICATION_CONTEXT(
'Core Data for Automotive Mechanical Design Process');
#5479=PRODUCT_CONTEXT('part definition',#5478,'mechanical');
#5480=PRODUCT('ModularBrain Cover','ModularBrain Cover v1',$,(#5479));
#5481=PRESENTATION_STYLE_ASSIGNMENT((#5482));
#5482=SURFACE_STYLE_USAGE(.BOTH.,#5483);
#5483=SURFACE_SIDE_STYLE('',(#5484));
#5484=SURFACE_STYLE_FILL_AREA(#5485);
#5485=FILL_AREA_STYLE('Steel - Satin',(#5486));
#5486=FILL_AREA_STYLE_COLOUR('Steel - Satin',#5487);
#5487=COLOUR_RGB('Steel - Satin',0.627450980392157,0.627450980392157,0.627450980392157);
ENDSEC;
END-ISO-10303-21;
